total_records,earliest,latest,span_days,unique_dates,unique_mandis,missing_pct,continuity,recent_30,recent_60,recent_90,invalid_price,missing_modal,suitable_7d,suitable_14d,Commodity,Market,Farmer_Importance_Score,Score_Out_Of_75
244,2025-11-01,2026-07-01,243,238,1,2.0576131687242816,97.94238683127571,37,67,97,0,0,True,True,Onion,Pune(Pimpri) APMC,REQUIRES MANUAL REVIEW,71.25
240,2025-11-01,2026-07-01,243,236,1,2.8806584362139898,97.11934156378601,32,62,92,0,0,True,True,Tomato,Pune(Pimpri) APMC,REQUIRES MANUAL REVIEW,71.08
233,2025-11-01,2026-07-01,243,233,1,4.115226337448563,95.88477366255144,31,60,89,0,0,True,True,Rajgir,Pune(Manjri) APMC,REQUIRES MANUAL REVIEW,70.83
229,2025-11-07,2026-07-01,237,229,1,3.3755274261603407,96.62447257383965,31,60,89,0,0,True,True,Methi(Leaves),Pune(Manjri) APMC,REQUIRES MANUAL REVIEW,70.82
232,2025-11-01,2026-07-01,243,232,1,4.526748971193417,95.47325102880659,31,59,88,0,0,True,True,Cabbage,Pune(Pimpri) APMC,REQUIRES MANUAL REVIEW,70.75
231,2025-11-01,2026-07-01,243,231,1,4.938271604938271,95.06172839506173,31,60,88,0,0,True,True,Onion,Pune(Manjri) APMC,REQUIRES MANUAL REVIEW,70.67
231,2025-11-01,2026-07-01,243,231,1,4.938271604938271,95.06172839506173,31,60,88,0,0,True,True,Ridgeguard(Tori),Pune(Manjri) APMC,REQUIRES MANUAL REVIEW,70.67
231,2025-11-01,2026-07-01,243,231,1,4.938271604938271,95.06172839506173,30,59,87,0,0,True,True,Raddish,Pune(Manjri) APMC,REQUIRES MANUAL REVIEW,70.67
231,2025-11-01,2026-07-01,243,231,1,4.938271604938271,95.06172839506173,31,60,88,0,0,True,True,Bhindi(Ladies Finger),Pune(Manjri) APMC,REQUIRES MANUAL REVIEW,70.67
231,2025-11-01,2026-07-01,243,231,1,4.938271604938271,95.06172839506173,31,60,88,0,0,True,True,Tomato,Pune(Manjri) APMC,REQUIRES MANUAL REVIEW,70.67
227,2025-11-07,2026-07-01,237,227,1,4.2194092827004255,95.78059071729957,31,60,89,0,0,True,True,Coriander(Leaves),Pune(Manjri) APMC,REQUIRES MANUAL REVIEW,70.65
230,2025-11-01,2026-07-01,243,230,1,5.349794238683126,94.65020576131687,30,59,87,0,0,True,True,Potato,Pune(Manjri) APMC,REQUIRES MANUAL REVIEW,70.59
230,2025-11-01,2026-07-01,243,230,1,5.349794238683126,94.65020576131687,31,60,88,0,0,True,True,Cauliflower,Pune(Manjri) APMC,REQUIRES MANUAL REVIEW,70.59
229,2025-11-01,2026-07-01,243,229,1,5.7613168724279795,94.23868312757202,31,60,87,0,0,True,True,Cabbage,Pune(Manjri) APMC,REQUIRES MANUAL REVIEW,70.51
228,2025-11-02,2026-07-01,242,228,1,5.785123966942152,94.21487603305785,31,59,88,0,0,True,True,Onion Green,Pune(Manjri) APMC,REQUIRES MANUAL REVIEW,70.47
228,2025-11-01,2026-07-01,243,228,1,6.172839506172845,93.82716049382715,31,59,87,0,0,True,True,Papaya,Pune(Manjri) APMC,REQUIRES MANUAL REVIEW,70.42
228,2025-11-01,2026-07-01,243,228,1,6.172839506172845,93.82716049382715,31,60,87,0,0,True,True,Bitter gourd,Pune(Manjri) APMC,REQUIRES MANUAL REVIEW,70.42
228,2025-11-01,2026-07-01,243,228,1,6.172839506172845,93.82716049382715,31,60,85,0,0,True,True,Brinjal,Pune(Manjri) APMC,REQUIRES MANUAL REVIEW,70.42
227,2025-11-01,2026-07-01,243,227,1,6.584362139917699,93.4156378600823,31,60,87,0,0,True,True,Cucumbar(Kheera),Pune(Manjri) APMC,REQUIRES MANUAL REVIEW,70.34
227,2025-11-01,2026-07-01,243,227,1,6.584362139917699,93.4156378600823,30,58,86,0,0,True,True,Chilly Capsicum,Pune(Manjri) APMC,REQUIRES MANUAL REVIEW,70.34
226,2025-11-02,2026-07-01,242,226,1,6.6115702479338845,93.38842975206612,31,59,88,0,0,True,True,Spinach,Pune(Manjri) APMC,REQUIRES MANUAL REVIEW,70.31
224,2025-11-01,2026-07-01,243,224,1,7.818930041152261,92.18106995884774,31,60,88,0,0,True,True,Green Chilli,Pune(Manjri) APMC,REQUIRES MANUAL REVIEW,70.09
222,2025-11-01,2026-07-01,243,222,1,8.64197530864198,91.35802469135803,31,58,86,0,0,True,True,Bottle gourd,Pune(Manjri) APMC,REQUIRES MANUAL REVIEW,69.93
216,2025-11-01,2026-07-01,243,216,1,11.111111111111116,88.88888888888889,31,60,88,0,0,True,True,Guar,Pune(Manjri) APMC,REQUIRES MANUAL REVIEW,69.44
219,2025-11-01,2026-07-01,243,214,1,11.934156378600825,88.06584362139918,35,65,89,0,0,True,True,Bottle gourd,Pune(Pimpri) APMC,REQUIRES MANUAL REVIEW,69.27
213,2025-11-01,2026-07-01,243,213,1,12.345679012345679,87.65432098765432,29,57,86,0,0,True,True,Spinach,Pune(Pimpri) APMC,REQUIRES MANUAL REVIEW,69.19
209,2025-11-01,2026-07-01,243,209,1,13.991769547325106,86.0082304526749,19,41,70,0,0,True,True,Cauliflower,Pune(Pimpri) APMC,REQUIRES MANUAL REVIEW,68.86
208,2025-11-02,2026-07-01,242,208,1,14.049586776859503,85.9504132231405,30,54,83,0,0,True,True,Brinjal,Pune(Pimpri) APMC,REQUIRES MANUAL REVIEW,68.82
199,2025-11-01,2026-06-30,242,199,1,17.76859504132231,82.23140495867769,26,52,77,0,0,True,True,Cucumbar(Kheera),Pune(Moshi) APMC,REQUIRES MANUAL REVIEW,68.03
199,2025-11-01,2026-06-30,242,199,1,17.76859504132231,82.23140495867769,26,52,77,0,0,True,True,Guar,Pune(Moshi) APMC,REQUIRES MANUAL REVIEW,68.03
198,2025-11-01,2026-06-30,242,198,1,18.181818181818176,81.81818181818183,26,52,77,0,0,True,True,Bhindi(Ladies Finger),Pune(Moshi) APMC,REQUIRES MANUAL REVIEW,67.89
198,2025-11-01,2026-06-30,242,198,1,18.181818181818176,81.81818181818183,26,52,77,0,0,True,True,Bitter gourd,Pune(Moshi) APMC,REQUIRES MANUAL REVIEW,67.89
197,2025-11-01,2026-06-30,242,197,1,18.595041322314053,81.40495867768594,26,51,75,0,0,True,True,Ginger(Green),Pune(Moshi) APMC,REQUIRES MANUAL REVIEW,67.76
197,2025-11-01,2026-06-30,242,197,1,18.595041322314053,81.40495867768594,26,51,75,0,0,True,True,Peas Wet,Pune(Moshi) APMC,REQUIRES MANUAL REVIEW,67.76
197,2025-11-01,2026-06-30,242,197,1,18.595041322314053,81.40495867768594,26,50,74,0,0,True,True,Onion,Pune(Moshi) APMC,REQUIRES MANUAL REVIEW,67.76
197,2025-11-01,2026-06-30,242,197,1,18.595041322314053,81.40495867768594,26,51,75,0,0,True,True,Bottle gourd,Pune(Moshi) APMC,REQUIRES MANUAL REVIEW,67.76
197,2025-11-01,2026-07-01,243,197,1,18.930041152263378,81.06995884773663,27,52,76,0,0,True,True,Green Gram(Moong)(Whole),Pune APMC,REQUIRES MANUAL REVIEW,67.72
197,2025-11-01,2026-07-01,243,197,1,18.930041152263378,81.06995884773663,27,52,76,0,0,True,True,Green Peas,Pune APMC,REQUIRES MANUAL REVIEW,67.72
197,2025-11-01,2026-07-01,243,197,1,18.930041152263378,81.06995884773663,27,52,76,0,0,True,True,Jowar(Sorghum),Pune APMC,REQUIRES MANUAL REVIEW,67.72
197,2025-11-01,2026-07-01,243,197,1,18.930041152263378,81.06995884773663,27,52,76,0,0,True,True,Ragi(Finger Millet),Pune APMC,REQUIRES MANUAL REVIEW,67.72
197,2025-11-01,2026-07-01,243,197,1,18.930041152263378,81.06995884773663,27,52,76,0,0,True,True,Corriander seed,Pune APMC,REQUIRES MANUAL REVIEW,67.72
197,2025-11-01,2026-07-01,243,197,1,18.930041152263378,81.06995884773663,27,52,76,0,0,True,True,Maize,Pune APMC,REQUIRES MANUAL REVIEW,67.72
197,2025-11-01,2026-07-01,243,197,1,18.930041152263378,81.06995884773663,27,52,76,0,0,True,True,Black Gram(Urd Beans)(Whole),Pune APMC,REQUIRES MANUAL REVIEW,67.72
197,2025-11-01,2026-07-01,243,197,1,18.930041152263378,81.06995884773663,27,52,76,0,0,True,True,Bengal Gram(Gram)(Whole),Pune APMC,REQUIRES MANUAL REVIEW,67.72
196,2025-11-01,2026-07-01,243,196,1,19.34156378600823,80.65843621399176,27,52,76,0,0,True,True,Lentil(Masur)(Whole),Pune APMC,REQUIRES MANUAL REVIEW,67.59
196,2025-11-01,2026-07-01,243,196,1,19.34156378600823,80.65843621399176,27,52,76,0,0,True,True,Bajra(Pearl Millet/Cumbu),Pune APMC,REQUIRES MANUAL REVIEW,67.59
195,2025-11-01,2026-06-30,242,195,1,19.42148760330579,80.57851239669421,26,52,77,0,0,True,True,Carrot,Pune(Moshi) APMC,REQUIRES MANUAL REVIEW,67.5
195,2025-11-01,2026-06-30,242,195,1,19.42148760330579,80.57851239669421,26,52,76,0,0,True,True,Apple,Pune(Moshi) APMC,REQUIRES MANUAL REVIEW,67.5
195,2025-11-01,2026-06-30,242,195,1,19.42148760330579,80.57851239669421,25,50,74,0,0,True,True,Methi(Leaves),Pune(Moshi) APMC,REQUIRES MANUAL REVIEW,67.5
195,2025-11-01,2026-06-30,242,195,1,19.42148760330579,80.57851239669421,26,51,74,0,0,True,True,Potato,Pune(Moshi) APMC,REQUIRES MANUAL REVIEW,67.5
195,2025-11-01,2026-06-30,242,195,1,19.42148760330579,80.57851239669421,25,50,75,0,0,True,True,Green Chilli,Pune(Moshi) APMC,REQUIRES MANUAL REVIEW,67.5
195,2025-11-01,2026-06-30,242,195,1,19.42148760330579,80.57851239669421,26,51,75,0,0,True,True,Ridgeguard(Tori),Pune(Moshi) APMC,REQUIRES MANUAL REVIEW,67.5
195,2025-11-01,2026-06-30,242,195,1,19.42148760330579,80.57851239669421,26,50,73,0,0,True,True,Tomato,Pune(Moshi) APMC,REQUIRES MANUAL REVIEW,67.5
234,2025-11-05,2026-07-01,239,194,1,18.828451882845187,81.17154811715481,34,63,92,0,0,True,True,Gur(Jaggery),Pune APMC,REQUIRES MANUAL REVIEW,67.48
195,2025-11-01,2026-07-01,243,195,1,19.753086419753085,80.24691358024691,26,52,77,0,0,True,True,Cabbage,Junnar(Otur) APMC,REQUIRES MANUAL REVIEW,67.46
195,2025-11-01,2026-07-01,243,195,1,19.753086419753085,80.24691358024691,26,52,77,0,0,True,True,Beans,Junnar(Otur) APMC,REQUIRES MANUAL REVIEW,67.46
195,2025-11-01,2026-07-01,243,195,1,19.753086419753085,80.24691358024691,26,52,76,0,0,True,True,Brinjal,Junnar(Otur) APMC,REQUIRES MANUAL REVIEW,67.46
194,2025-11-01,2026-06-30,242,194,1,19.834710743801654,80.16528925619835,24,49,74,0,0,True,True,Cauliflower,Pune(Moshi) APMC,REQUIRES MANUAL REVIEW,67.36
194,2025-11-01,2026-07-01,243,194,1,20.16460905349794,79.83539094650206,26,52,76,0,0,True,True,Beetroot,Junnar(Otur) APMC,REQUIRES MANUAL REVIEW,67.32
193,2025-11-01,2026-06-29,241,193,1,19.917012448132777,80.08298755186722,25,51,74,0,0,True,True,Orange,Pune(Moshi) APMC,REQUIRES MANUAL REVIEW,67.27
193,2025-11-01,2026-06-30,242,193,1,20.24793388429752,79.75206611570248,25,51,76,0,0,True,True,Chilly Capsicum,Pune(Moshi) APMC,REQUIRES MANUAL REVIEW,67.23
193,2025-11-01,2026-07-01,243,193,1,20.576131687242793,79.42386831275721,26,52,76,0,0,True,True,Green Chilli,Junnar(Otur) APMC,REQUIRES MANUAL REVIEW,67.19
193,2025-11-01,2026-07-01,243,193,1,20.576131687242793,79.42386831275721,26,51,75,0,0,True,True,Cauliflower,Junnar(Otur) APMC,REQUIRES MANUAL REVIEW,67.19
192,2025-11-01,2026-06-30,242,192,1,20.661157024793386,79.33884297520662,26,52,77,0,0,True,True,Cabbage,Pune(Moshi) APMC,REQUIRES MANUAL REVIEW,67.1
192,2025-11-01,2026-07-01,243,192,1,20.98765432098766,79.01234567901234,25,51,76,0,0,True,True,Guar,Junnar(Otur) APMC,REQUIRES MANUAL REVIEW,67.06
192,2025-11-01,2026-07-01,243,192,1,20.98765432098766,79.01234567901234,26,52,77,0,0,True,True,Cucumbar(Kheera),Junnar(Otur) APMC,REQUIRES MANUAL REVIEW,67.06
191,2025-11-01,2026-06-30,242,191,1,21.074380165289252,78.92561983471074,24,49,73,0,0,True,True,Mint(Pudina),Pune(Moshi) APMC,REQUIRES MANUAL REVIEW,66.97
191,2025-11-01,2026-06-30,242,191,1,21.074380165289252,78.92561983471074,22,46,70,0,0,True,True,Onion Green,Pune(Moshi) APMC,REQUIRES MANUAL REVIEW,66.97
191,2025-11-01,2026-06-30,242,191,1,21.074380165289252,78.92561983471074,25,51,72,0,0,True,True,Brinjal,Pune(Moshi) APMC,REQUIRES MANUAL REVIEW,66.97
191,2025-11-01,2026-06-30,242,191,1,21.074380165289252,78.92561983471074,25,51,75,0,0,True,True,Drumstick,Pune(Moshi) APMC,REQUIRES MANUAL REVIEW,66.97
189,2025-11-07,2026-06-30,236,189,1,19.91525423728814,80.08474576271186,25,49,73,0,0,True,True,Coriander(Leaves),Pune(Moshi) APMC,REQUIRES MANUAL REVIEW,66.93
191,2025-11-01,2026-07-01,243,191,1,21.399176954732514,78.60082304526749,25,49,74,0,0,True,True,Bhindi(Ladies Finger),Junnar(Otur) APMC,REQUIRES MANUAL REVIEW,66.93
190,2025-11-01,2026-06-30,242,190,1,21.487603305785118,78.51239669421489,25,51,74,0,0,True,True,Pomegranate,Pune(Moshi) APMC,REQUIRES MANUAL REVIEW,66.83
190,2025-11-01,2026-06-30,242,190,1,21.487603305785118,78.51239669421489,25,49,72,0,0,True,True,Spinach,Pune(Moshi) APMC,REQUIRES MANUAL REVIEW,66.83
190,2025-11-01,2026-06-30,242,190,1,21.487603305785118,78.51239669421489,25,51,72,0,0,True,True,Papaya,Pune(Moshi) APMC,REQUIRES MANUAL REVIEW,66.83
188,2025-11-01,2026-06-30,242,188,1,22.314049586776864,77.68595041322314,24,50,73,0,0,True,True,Beetroot,Pune(Moshi) APMC,REQUIRES MANUAL REVIEW,66.57
220,2025-11-05,2026-07-01,239,187,1,21.75732217573222,78.24267782426779,24,53,80,0,0,True,True,Rice,Pune APMC,REQUIRES MANUAL REVIEW,66.55
187,2025-11-02,2026-07-01,242,187,1,22.72727272727273,77.27272727272727,26,48,72,0,0,True,True,Beans,Pune APMC,REQUIRES MANUAL REVIEW,66.43
187,2025-11-02,2026-07-01,242,187,1,22.72727272727273,77.27272727272727,26,48,72,0,0,True,True,Guar,Pune APMC,REQUIRES MANUAL REVIEW,66.43
187,2025-11-02,2026-07-01,242,187,1,22.72727272727273,77.27272727272727,26,48,72,0,0,True,True,Bhindi(Ladies Finger),Pune APMC,REQUIRES MANUAL REVIEW,66.43
187,2025-11-01,2026-06-30,242,187,1,22.72727272727273,77.27272727272727,25,41,66,0,0,True,True,Beans,Pune(Moshi) APMC,REQUIRES MANUAL REVIEW,66.43
186,2025-11-02,2026-07-01,242,186,1,23.140495867768596,76.85950413223141,26,48,71,0,0,True,True,Tomato,Pune APMC,REQUIRES MANUAL REVIEW,66.3
186,2025-11-02,2026-07-01,242,186,1,23.140495867768596,76.85950413223141,26,48,72,0,0,True,True,Peas Wet,Pune APMC,REQUIRES MANUAL REVIEW,66.3
185,2025-11-02,2026-07-01,242,185,1,23.553719008264462,76.44628099173553,26,48,72,0,0,True,True,Cucumbar(Kheera),Pune APMC,REQUIRES MANUAL REVIEW,66.17
185,2025-11-02,2026-07-01,242,185,1,23.553719008264462,76.44628099173553,25,47,71,0,0,True,True,Green Chilli,Pune APMC,REQUIRES MANUAL REVIEW,66.17
185,2025-11-02,2026-07-01,242,185,1,23.553719008264462,76.44628099173553,25,47,71,0,0,True,True,Ridgeguard(Tori),Pune APMC,REQUIRES MANUAL REVIEW,66.17
185,2025-11-02,2026-07-01,242,185,1,23.553719008264462,76.44628099173553,26,48,72,0,0,True,True,Bitter gourd,Pune APMC,REQUIRES MANUAL REVIEW,66.17
185,2025-11-01,2026-06-30,242,185,1,23.553719008264462,76.44628099173553,25,48,72,0,0,True,True,Garlic,Pune(Moshi) APMC,REQUIRES MANUAL REVIEW,66.17
185,2025-11-01,2026-07-01,243,185,1,23.86831275720165,76.13168724279835,27,47,68,0,0,True,True,Guava,Pune(Manjri) APMC,REQUIRES MANUAL REVIEW,66.13
184,2025-11-02,2026-07-01,242,184,1,23.966942148760328,76.03305785123968,26,48,72,0,0,True,True,Cabbage,Pune APMC,REQUIRES MANUAL REVIEW,66.04
184,2025-11-02,2026-07-01,242,184,1,23.966942148760328,76.03305785123968,26,48,72,0,0,True,True,Cauliflower,Pune APMC,REQUIRES MANUAL REVIEW,66.04
184,2025-11-01,2026-06-30,242,184,1,23.966942148760328,76.03305785123968,23,49,70,0,0,True,True,Banana,Pune(Moshi) APMC,REQUIRES MANUAL REVIEW,66.04
183,2025-11-02,2026-07-01,242,183,1,24.380165289256194,75.6198347107438,26,48,72,0,0,True,True,Carrot,Pune APMC,REQUIRES MANUAL REVIEW,65.9
183,2025-11-02,2026-07-01,242,183,1,24.380165289256194,75.6198347107438,26,48,72,0,0,True,True,Chilly Capsicum,Pune APMC,REQUIRES MANUAL REVIEW,65.9
183,2025-11-02,2026-07-01,242,183,1,24.380165289256194,75.6198347107438,26,48,72,0,0,True,True,Bottle gourd,Pune APMC,REQUIRES MANUAL REVIEW,65.9
183,2025-11-02,2026-07-01,242,183,1,24.380165289256194,75.6198347107438,26,48,72,0,0,True,True,Sweet Pumpkin,Pune APMC,REQUIRES MANUAL REVIEW,65.9
182,2025-11-02,2026-07-01,242,182,1,24.79338842975206,75.20661157024794,25,47,71,0,0,True,True,Brinjal,Pune APMC,REQUIRES MANUAL REVIEW,65.77
181,2025-11-02,2026-07-01,242,181,1,25.20661157024794,74.79338842975206,25,47,70,0,0,True,True,Little gourd(Kundru),Pune APMC,REQUIRES MANUAL REVIEW,65.64
181,2025-11-02,2026-07-01,242,181,1,25.20661157024794,74.79338842975206,26,47,69,0,0,True,True,Onion,Pune APMC,REQUIRES MANUAL REVIEW,65.64
181,2025-11-02,2026-07-01,242,181,1,25.20661157024794,74.79338842975206,26,47,69,0,0,True,True,Garlic,Pune APMC,REQUIRES MANUAL REVIEW,65.64
180,2025-11-02,2026-07-01,242,180,1,25.619834710743806,74.3801652892562,25,46,70,0,0,True,True,Beetroot,Pune APMC,REQUIRES MANUAL REVIEW,65.51
180,2025-11-02,2026-07-01,242,180,1,25.619834710743806,74.3801652892562,26,47,69,0,0,True,True,Ginger(Green),Pune APMC,REQUIRES MANUAL REVIEW,65.51
180,2025-11-02,2026-07-01,242,180,1,25.619834710743806,74.3801652892562,26,47,69,0,0,True,True,Potato,Pune APMC,REQUIRES MANUAL REVIEW,65.51
179,2025-11-02,2026-07-01,242,179,1,26.033057851239672,73.96694214876032,25,47,69,0,0,True,True,Pumpkin,Pune APMC,REQUIRES MANUAL REVIEW,65.37
179,2025-11-02,2026-07-01,242,179,1,26.033057851239672,73.96694214876032,25,47,70,0,0,True,True,Apple,Pune APMC,REQUIRES MANUAL REVIEW,65.37
179,2025-11-02,2026-07-01,242,179,1,26.033057851239672,73.96694214876032,25,47,70,0,0,True,True,Tender Coconut,Pune APMC,REQUIRES MANUAL REVIEW,65.37
178,2025-11-02,2026-07-01,242,178,1,26.446280991735538,73.55371900826447,25,46,69,0,0,True,True,Water Melon,Pune APMC,REQUIRES MANUAL REVIEW,65.24
178,2025-11-02,2026-07-01,242,178,1,26.446280991735538,73.55371900826447,25,47,70,0,0,True,True,Guava,Pune APMC,REQUIRES MANUAL REVIEW,65.24
178,2025-11-02,2026-07-01,242,178,1,26.446280991735538,73.55371900826447,25,46,69,0,0,True,True,Papaya,Pune APMC,REQUIRES MANUAL REVIEW,65.24
177,2025-11-02,2026-07-01,242,177,1,26.859504132231404,73.14049586776859,25,46,69,0,0,True,True,Orange,Pune APMC,REQUIRES MANUAL REVIEW,65.11
176,2025-11-02,2026-07-01,242,176,1,27.27272727272727,72.72727272727273,25,46,69,0,0,True,True,Sweet Potato,Pune APMC,REQUIRES MANUAL REVIEW,64.98
175,2025-11-02,2026-07-01,242,175,1,27.685950413223136,72.31404958677686,25,47,71,0,0,True,True,Drumstick,Pune APMC,REQUIRES MANUAL REVIEW,64.84
174,2025-11-02,2026-07-01,242,174,1,28.099173553719005,71.900826446281,24,45,68,0,0,True,True,Pomegranate,Pune APMC,REQUIRES MANUAL REVIEW,64.71
174,2025-11-02,2026-07-01,242,174,1,28.099173553719005,71.900826446281,23,45,68,0,0,True,True,Pear(Marasebu),Pune APMC,REQUIRES MANUAL REVIEW,64.71
174,2025-11-02,2026-07-01,242,174,1,28.099173553719005,71.900826446281,24,41,65,0,0,True,True,Rajgir,Pune APMC,REQUIRES MANUAL REVIEW,64.71
173,2025-11-02,2026-07-01,242,173,1,28.512396694214882,71.48760330578511,24,41,65,0,0,True,True,Onion Green,Pune APMC,REQUIRES MANUAL REVIEW,64.58
173,2025-11-02,2026-07-01,242,173,1,28.512396694214882,71.48760330578511,25,47,71,0,0,True,True,Mango(Raw-Ripe),Pune APMC,REQUIRES MANUAL REVIEW,64.58
173,2025-11-01,2026-06-30,242,173,1,28.512396694214882,71.48760330578511,25,49,73,0,0,True,True,Lime,Pune(Moshi) APMC,REQUIRES MANUAL REVIEW,64.58
173,2025-11-02,2026-07-01,242,173,1,28.512396694214882,71.48760330578511,24,41,65,0,0,True,True,Spinach,Pune APMC,REQUIRES MANUAL REVIEW,64.58
172,2025-11-02,2026-07-01,242,172,1,28.925619834710748,71.07438016528926,25,46,68,0,0,True,True,Lime,Pune APMC,REQUIRES MANUAL REVIEW,64.45
170,2025-11-07,2026-07-01,237,170,1,28.270042194092827,71.72995780590718,24,41,65,0,0,True,True,Methi(Leaves),Pune APMC,REQUIRES MANUAL REVIEW,64.34
170,2025-11-02,2026-06-30,241,170,1,29.460580912863065,70.53941908713693,17,39,62,0,0,True,True,Chikoos(Sapota),Pune APMC,REQUIRES MANUAL REVIEW,64.21
169,2025-11-07,2026-07-01,237,169,1,28.691983122362874,71.30801687763713,23,40,63,0,0,True,True,Coriander(Leaves),Pune APMC,REQUIRES MANUAL REVIEW,64.2
170,2025-11-02,2026-07-01,242,170,1,29.75206611570248,70.24793388429752,24,46,67,0,0,True,True,Pineapple,Pune APMC,REQUIRES MANUAL REVIEW,64.18
170,2025-11-02,2026-07-01,242,170,1,29.75206611570248,70.24793388429752,24,38,61,0,0,True,True,Raddish,Pune APMC,REQUIRES MANUAL REVIEW,64.18
169,2025-11-02,2026-06-30,241,169,1,29.875518672199174,70.12448132780082,19,44,67,0,0,True,True,Water Melon,Pune(Moshi) APMC,REQUIRES MANUAL REVIEW,64.08
169,2025-11-02,2026-07-01,242,169,1,30.165289256198346,69.83471074380165,21,40,63,0,0,True,True,Elephant Yam(Suran)/Amorphophallus,Pune APMC,REQUIRES MANUAL REVIEW,64.05
169,2025-11-02,2026-07-01,242,169,1,30.165289256198346,69.83471074380165,17,38,61,0,0,True,True,Banana,Pune APMC,REQUIRES MANUAL REVIEW,64.05
167,2025-11-07,2026-07-01,237,167,1,29.53586497890295,70.46413502109705,24,41,65,0,0,True,True,Mint(Pudina),Pune APMC,REQUIRES MANUAL REVIEW,63.94
167,2025-11-01,2026-07-01,243,167,1,31.275720164609055,68.72427983539094,24,45,69,0,0,True,True,Tomato,Khed(Chakan) APMC,REQUIRES MANUAL REVIEW,63.75
167,2025-11-01,2026-07-01,243,167,1,31.275720164609055,68.72427983539094,21,45,63,0,0,True,True,Bottle gourd,Junnar(Otur) APMC,REQUIRES MANUAL REVIEW,63.75
166,2025-11-02,2026-07-01,242,166,1,31.404958677685947,68.59504132231406,21,41,62,0,0,True,True,Grapes,Pune APMC,REQUIRES MANUAL REVIEW,63.65
166,2025-11-01,2026-07-01,243,166,1,31.68724279835391,68.3127572016461,24,45,69,0,0,True,True,Ridgeguard(Tori),Khed(Chakan) APMC,REQUIRES MANUAL REVIEW,63.62
166,2025-11-01,2026-07-01,243,166,1,31.68724279835391,68.3127572016461,24,45,69,0,0,True,True,Bitter gourd,Khed(Chakan) APMC,REQUIRES MANUAL REVIEW,63.62
165,2025-11-02,2026-07-01,242,165,1,31.818181818181824,68.18181818181817,18,39,58,0,0,True,True,Amla(Nelli Kai),Pune APMC,REQUIRES MANUAL REVIEW,63.52
165,2025-11-01,2026-07-01,243,165,1,32.098765432098766,67.90123456790124,24,45,69,0,0,True,True,Bhindi(Ladies Finger),Khed(Chakan) APMC,REQUIRES MANUAL REVIEW,63.49
165,2025-11-01,2026-07-01,243,165,1,32.098765432098766,67.90123456790124,24,45,69,0,0,True,True,Guar,Khed(Chakan) APMC,REQUIRES MANUAL REVIEW,63.49
165,2025-11-01,2026-07-01,243,165,1,32.098765432098766,67.90123456790124,24,45,69,0,0,True,True,Cauliflower,Khed(Chakan) APMC,REQUIRES MANUAL REVIEW,63.49
165,2025-11-01,2026-07-01,243,165,1,32.098765432098766,67.90123456790124,24,45,69,0,0,True,True,Cabbage,Khed(Chakan) APMC,REQUIRES MANUAL REVIEW,63.49
164,2025-11-01,2026-07-01,243,164,1,32.51028806584362,67.48971193415639,23,44,68,0,0,True,True,Chilly Capsicum,Khed(Chakan) APMC,REQUIRES MANUAL REVIEW,63.36
163,2025-11-01,2026-07-01,243,163,1,32.92181069958847,67.07818930041152,23,44,68,0,0,True,True,Green Chilli,Khed(Chakan) APMC,REQUIRES MANUAL REVIEW,63.22
163,2025-11-01,2026-07-01,243,163,1,32.92181069958847,67.07818930041152,23,44,68,0,0,True,True,Bottle gourd,Khed(Chakan) APMC,REQUIRES MANUAL REVIEW,63.22
163,2025-11-01,2026-07-01,243,163,1,32.92181069958847,67.07818930041152,23,44,68,0,0,True,True,Cucumbar(Kheera),Khed(Chakan) APMC,REQUIRES MANUAL REVIEW,63.22
162,2025-11-01,2026-07-01,243,162,1,33.333333333333336,66.66666666666666,22,43,67,0,0,True,True,Brinjal,Khed(Chakan) APMC,REQUIRES MANUAL REVIEW,63.09
162,2025-11-01,2026-07-01,243,162,1,33.333333333333336,66.66666666666666,26,51,74,0,0,True,True,Chilly Capsicum,Junnar(Otur) APMC,REQUIRES MANUAL REVIEW,63.09
161,2025-11-01,2026-07-01,243,161,1,33.744855967078195,66.2551440329218,23,44,68,0,0,True,True,Spinach,Khed(Chakan) APMC,REQUIRES MANUAL REVIEW,62.96
161,2025-11-01,2026-07-01,243,161,1,33.744855967078195,66.2551440329218,22,43,66,0,0,True,True,Peas Wet,Khed(Chakan) APMC,REQUIRES MANUAL REVIEW,62.96
161,2025-11-01,2026-07-01,243,161,1,33.744855967078195,66.2551440329218,23,44,67,0,0,True,True,Ginger(Green),Khed(Chakan) APMC,REQUIRES MANUAL REVIEW,62.96
161,2025-11-01,2026-07-01,243,161,1,33.744855967078195,66.2551440329218,23,44,68,0,0,True,True,Carrot,Khed(Chakan) APMC,REQUIRES MANUAL REVIEW,62.96
161,2025-11-02,2026-07-01,242,160,1,33.88429752066116,66.11570247933885,24,49,71,0,0,True,True,Cucumbar(Kheera),Khed APMC,REQUIRES MANUAL REVIEW,62.85
129,2026-02-03,2026-07-01,149,129,1,13.422818791946312,86.57718120805369,30,59,86,0,0,True,False,Drumstick,Pune(Manjri) APMC,REQUIRES MANUAL REVIEW,62.85
159,2025-11-04,2026-07-01,240,159,1,33.75,66.25,23,44,67,0,0,True,True,Methi(Leaves),Khed(Chakan) APMC,REQUIRES MANUAL REVIEW,62.78
159,2025-11-01,2026-07-01,243,159,1,34.5679012345679,65.4320987654321,23,42,66,0,0,True,True,Potato,Khed(Chakan) APMC,REQUIRES MANUAL REVIEW,62.69
159,2025-11-01,2026-07-01,243,159,1,34.5679012345679,65.4320987654321,22,44,72,0,0,True,True,Cucumbar(Kheera),Pune(Pimpri) APMC,REQUIRES MANUAL REVIEW,62.69
158,2025-11-02,2026-07-01,242,158,1,34.71074380165289,65.28925619834712,23,48,69,0,0,True,True,Cauliflower,Khed APMC,REQUIRES MANUAL REVIEW,62.59
157,2025-11-02,2026-07-01,242,157,1,35.12396694214877,64.87603305785123,23,48,69,0,0,True,True,Cabbage,Khed APMC,REQUIRES MANUAL REVIEW,62.46
157,2025-11-01,2026-06-30,242,157,1,35.12396694214877,64.87603305785123,26,52,75,0,0,True,True,Mango(Raw-Ripe),Pune(Moshi) APMC,REQUIRES MANUAL REVIEW,62.46
157,2025-11-01,2026-07-01,243,157,1,35.390946502057616,64.60905349794238,23,41,64,0,0,True,True,Onion,Khed(Chakan) APMC,REQUIRES MANUAL REVIEW,62.43
152,2025-11-01,2026-06-30,242,152,1,37.1900826446281,62.8099173553719,22,37,60,0,0,True,True,Onion,Pune(Khadiki) APMC,REQUIRES MANUAL REVIEW,61.79
152,2025-11-01,2026-06-30,242,152,1,37.1900826446281,62.8099173553719,21,36,59,0,0,True,True,Potato,Pune(Khadiki) APMC,REQUIRES MANUAL REVIEW,61.79
151,2025-11-01,2026-07-01,243,151,1,37.860082304526756,62.139917695473244,20,37,58,0,0,True,True,Beetroot,Junnar(Narayangaon) APMC,REQUIRES MANUAL REVIEW,61.64
151,2025-11-01,2026-07-01,243,151,1,37.860082304526756,62.139917695473244,20,37,58,0,0,True,True,Cabbage,Junnar(Narayangaon) APMC,REQUIRES MANUAL REVIEW,61.64
151,2025-11-01,2026-07-01,243,151,1,37.860082304526756,62.139917695473244,20,37,58,0,0,True,True,Cucumbar(Kheera),Junnar(Narayangaon) APMC,REQUIRES MANUAL REVIEW,61.64
151,2025-11-01,2026-07-01,243,151,1,37.860082304526756,62.139917695473244,20,37,58,0,0,True,True,Green Chilli,Junnar(Narayangaon) APMC,REQUIRES MANUAL REVIEW,61.64
151,2025-11-01,2026-07-01,243,151,1,37.860082304526756,62.139917695473244,20,37,58,0,0,True,True,Onion,Junnar(Narayangaon) APMC,REQUIRES MANUAL REVIEW,61.64
150,2025-11-01,2026-06-30,242,150,1,38.01652892561983,61.98347107438017,24,45,66,0,0,True,True,Tomato,Junnar(Narayangaon) APMC,REQUIRES MANUAL REVIEW,61.53
150,2025-11-01,2026-06-30,242,150,1,38.01652892561983,61.98347107438017,21,36,59,0,0,True,True,Bhindi(Ladies Finger),Pune(Khadiki) APMC,REQUIRES MANUAL REVIEW,61.53
150,2025-11-01,2026-07-01,243,150,1,38.27160493827161,61.72839506172839,20,37,58,0,0,True,True,Chilly Capsicum,Junnar(Narayangaon) APMC,REQUIRES MANUAL REVIEW,61.5
142,2025-12-03,2026-06-30,210,142,1,32.38095238095238,67.61904761904762,24,45,66,0,0,True,True,Methi(Leaves),Junnar(Narayangaon) APMC,REQUIRES MANUAL REVIEW,61.38
149,2025-11-01,2026-07-01,243,149,1,38.68312757201646,61.31687242798354,19,36,57,0,0,True,True,Bottle gourd,Junnar(Narayangaon) APMC,REQUIRES MANUAL REVIEW,61.37
149,2025-11-01,2026-07-01,243,149,1,38.68312757201646,61.31687242798354,20,37,58,0,0,True,True,Bhindi(Ladies Finger),Junnar(Narayangaon) APMC,REQUIRES MANUAL REVIEW,61.37
149,2025-11-01,2026-07-01,243,149,1,38.68312757201646,61.31687242798354,19,36,56,0,0,True,True,Cauliflower,Junnar(Narayangaon) APMC,REQUIRES MANUAL REVIEW,61.37
149,2025-11-01,2026-07-01,243,149,1,38.68312757201646,61.31687242798354,20,36,57,0,0,True,True,Brinjal,Junnar(Narayangaon) APMC,REQUIRES MANUAL REVIEW,61.37
147,2025-11-07,2026-07-01,237,147,1,37.9746835443038,62.0253164556962,23,44,66,0,0,True,True,Coriander(Leaves),Khed(Chakan) APMC,REQUIRES MANUAL REVIEW,61.25
148,2025-11-01,2026-07-01,243,148,1,39.09465020576132,60.90534979423868,17,34,55,0,0,True,True,Potato,Junnar(Narayangaon) APMC,REQUIRES MANUAL REVIEW,61.24
141,2025-12-03,2026-06-30,210,141,1,32.85714285714286,67.14285714285714,24,45,66,0,0,True,True,Coriander(Leaves),Junnar(Narayangaon) APMC,REQUIRES MANUAL REVIEW,61.23
146,2025-11-01,2026-06-30,242,146,1,39.66942148760331,60.33057851239669,19,33,56,0,0,True,True,Brinjal,Pune(Khadiki) APMC,REQUIRES MANUAL REVIEW,61.0
146,2025-11-01,2026-06-30,242,146,1,39.66942148760331,60.33057851239669,19,33,56,0,0,True,True,Green Chilli,Pune(Khadiki) APMC,REQUIRES MANUAL REVIEW,61.0
146,2025-11-01,2026-06-30,242,146,1,39.66942148760331,60.33057851239669,18,32,55,0,0,True,True,Beans,Pune(Khadiki) APMC,REQUIRES MANUAL REVIEW,61.0
146,2025-11-01,2026-06-30,242,146,1,39.66942148760331,60.33057851239669,19,33,56,0,0,True,True,Cauliflower,Pune(Khadiki) APMC,REQUIRES MANUAL REVIEW,61.0
146,2025-11-01,2026-06-30,242,146,1,39.66942148760331,60.33057851239669,19,32,55,0,0,True,True,Carrot,Pune(Khadiki) APMC,REQUIRES MANUAL REVIEW,61.0
145,2025-11-01,2026-06-30,242,145,1,40.082644628099175,59.917355371900825,20,34,57,0,0,True,True,Tomato,Pune(Khadiki) APMC,REQUIRES MANUAL REVIEW,60.86
145,2025-11-01,2026-06-30,242,145,1,40.082644628099175,59.917355371900825,19,33,56,0,0,True,True,Cabbage,Pune(Khadiki) APMC,REQUIRES MANUAL REVIEW,60.86
145,2025-11-01,2026-07-01,243,145,1,40.32921810699589,59.67078189300411,18,33,54,0,0,True,True,Beans,Junnar(Narayangaon) APMC,REQUIRES MANUAL REVIEW,60.84
144,2025-11-01,2026-06-30,242,144,1,40.49586776859504,59.50413223140496,19,33,56,0,0,True,True,Coriander(Leaves),Pune(Khadiki) APMC,REQUIRES MANUAL REVIEW,60.73
144,2025-11-01,2026-07-01,243,144,1,40.74074074074075,59.25925925925925,18,33,54,0,0,True,True,Carrot,Junnar(Narayangaon) APMC,REQUIRES MANUAL REVIEW,60.71
143,2025-11-01,2026-06-30,242,143,1,40.90909090909091,59.09090909090909,18,32,54,0,0,True,True,Bottle gourd,Pune(Khadiki) APMC,REQUIRES MANUAL REVIEW,60.6
143,2025-11-01,2026-07-01,243,143,1,41.1522633744856,58.8477366255144,23,44,68,0,0,True,True,Drumstick,Khed(Chakan) APMC,REQUIRES MANUAL REVIEW,60.58
141,2025-11-01,2026-07-01,243,141,1,41.9753086419753,58.0246913580247,17,33,51,0,0,True,True,Ginger(Green),Junnar(Narayangaon) APMC,REQUIRES MANUAL REVIEW,60.31
141,2025-11-01,2026-07-01,243,141,1,41.9753086419753,58.0246913580247,20,37,58,0,0,True,True,Little gourd(Kundru),Junnar(Narayangaon) APMC,REQUIRES MANUAL REVIEW,60.31
172,2025-11-01,2026-06-18,230,172,1,25.217391304347824,74.78260869565217,8,33,56,0,0,True,True,Chikoos(Sapota),Pune(Moshi) APMC,REQUIRES MANUAL REVIEW,60.19
139,2025-11-01,2026-06-30,242,139,1,42.561983471074385,57.438016528925615,24,45,63,0,0,True,True,Little gourd(Kundru),Pune(Moshi) APMC,REQUIRES MANUAL REVIEW,60.07
137,2025-11-02,2026-06-30,241,137,1,43.15352697095436,56.84647302904564,17,32,47,0,0,True,True,Pineapple,Pune(Moshi) APMC,REQUIRES MANUAL REVIEW,59.82
137,2025-11-01,2026-07-01,243,137,1,43.62139917695473,56.37860082304527,20,37,58,0,0,True,True,Bitter gourd,Junnar(Narayangaon) APMC,REQUIRES MANUAL REVIEW,59.78
136,2025-11-01,2026-06-30,242,136,1,43.80165289256198,56.19834710743802,19,33,54,0,0,True,True,Cucumbar(Kheera),Pune(Khadiki) APMC,REQUIRES MANUAL REVIEW,59.67
124,2025-12-27,2026-07-01,187,124,1,33.68983957219251,66.31016042780749,23,45,60,0,0,True,True,Drumstick,Junnar(Otur) APMC,REQUIRES MANUAL REVIEW,59.59
135,2025-11-01,2026-06-30,242,135,1,44.21487603305785,55.78512396694215,19,31,54,0,0,True,True,Spinach,Pune(Khadiki) APMC,REQUIRES MANUAL REVIEW,59.54
93,2026-03-13,2026-07-01,111,93,1,16.216216216216218,83.78378378378379,27,52,76,0,0,True,False,Ground Nut Seed,Pune APMC,REQUIRES MANUAL REVIEW,59.45
133,2025-11-01,2026-07-01,243,133,1,45.26748971193416,54.73251028806584,31,61,90,0,0,True,True,Bhindi(Ladies Finger),Pune(Pimpri) APMC,REQUIRES MANUAL REVIEW,59.25
185,2025-11-01,2026-06-09,221,185,1,16.289592760180994,83.710407239819,3,18,46,0,0,True,True,Beans,Pune(Manjri) APMC,REQUIRES MANUAL REVIEW,59.05
131,2025-11-03,2026-07-01,241,131,1,45.643153526970956,54.356846473029044,23,48,69,0,0,True,True,Coriander(Leaves),Khed APMC,REQUIRES MANUAL REVIEW,59.02
131,2025-11-01,2026-06-30,242,131,1,45.867768595041326,54.132231404958674,19,32,54,0,0,True,True,Chilly Capsicum,Pune(Khadiki) APMC,REQUIRES MANUAL REVIEW,59.01
129,2025-11-01,2026-07-01,243,129,1,46.913580246913575,53.086419753086425,20,37,58,0,0,True,True,Guar,Junnar(Narayangaon) APMC,REQUIRES MANUAL REVIEW,58.72
128,2025-11-02,2026-07-01,242,128,1,47.107438016528924,52.892561983471076,19,33,47,0,0,True,True,Snakeguard,Pune APMC,REQUIRES MANUAL REVIEW,58.61
89,2026-03-09,2026-07-01,115,89,1,22.608695652173914,77.39130434782608,24,45,68,0,0,True,False,Mousambi(Sweet Lime),Pune APMC,REQUIRES MANUAL REVIEW,58.08
112,2026-01-01,2026-07-01,182,112,1,38.46153846153846,61.53846153846154,23,43,65,0,0,True,True,Jack Fruit(Ripe),Pune APMC,REQUIRES MANUAL REVIEW,57.89
86,2026-03-09,2026-06-30,114,86,1,24.561403508771928,75.43859649122807,22,47,69,0,0,True,False,Mousambi(Sweet Lime),Pune(Moshi) APMC,REQUIRES MANUAL REVIEW,57.51
118,2025-11-02,2026-06-29,240,118,1,50.83333333333333,49.166666666666664,22,45,58,0,0,False,False,Pointed gourd(Parval),Pune(Moshi) APMC,REQUIRES MANUAL REVIEW,57.31
116,2025-11-02,2026-06-30,241,116,1,51.86721991701244,48.13278008298755,23,38,59,0,0,False,False,Pointed gourd(Parval),Pune APMC,REQUIRES MANUAL REVIEW,57.03
115,2025-11-01,2026-07-01,243,115,1,52.674897119341566,47.325102880658434,26,50,74,0,0,False,False,Bitter gourd,Junnar(Otur) APMC,REQUIRES MANUAL REVIEW,56.87
114,2025-11-01,2026-06-30,242,114,1,52.892561983471076,47.107438016528924,19,33,55,0,0,False,False,Bitter gourd,Pune(Khadiki) APMC,REQUIRES MANUAL REVIEW,56.75
124,2025-11-01,2026-06-30,242,124,1,48.7603305785124,51.2396694214876,21,34,40,0,0,True,True,Sweet Potato,Pune(Moshi) APMC,REQUIRES MANUAL REVIEW,56.41
109,2025-11-20,2026-07-01,224,109,1,51.33928571428572,48.660714285714285,19,35,53,0,0,False,False,Drumstick,Junnar(Narayangaon) APMC,REQUIRES MANUAL REVIEW,56.32
106,2025-12-09,2026-06-30,204,106,1,48.0392156862745,51.9607843137255,20,40,55,0,0,True,True,Chilly Capsicum,Manchar APMC,REQUIRES MANUAL REVIEW,56.28
110,2025-11-03,2026-06-30,240,110,1,54.16666666666667,45.83333333333333,20,39,54,0,0,False,False,Cucumbar(Kheera),Manchar APMC,REQUIRES MANUAL REVIEW,56.24
110,2025-11-03,2026-07-01,241,110,1,54.35684647302905,45.643153526970956,23,48,66,0,0,False,False,Methi(Leaves),Khed APMC,REQUIRES MANUAL REVIEW,56.23
109,2025-11-03,2026-06-30,240,109,1,54.58333333333334,45.416666666666664,19,38,53,0,0,False,False,Ginger(Green),Manchar APMC,REQUIRES MANUAL REVIEW,56.11
109,2025-11-01,2026-06-30,242,109,1,54.95867768595042,45.04132231404959,19,33,56,0,0,False,False,Ridgeguard(Tori),Pune(Khadiki) APMC,REQUIRES MANUAL REVIEW,56.09
104,2025-12-07,2026-06-30,206,104,1,49.51456310679612,50.48543689320388,26,51,74,0,0,True,True,Mango,Pune(Moshi) APMC,REQUIRES MANUAL REVIEW,55.94
103,2025-12-09,2026-06-30,204,103,1,49.50980392156863,50.49019607843137,20,40,55,0,0,True,True,Bottle gourd,Manchar APMC,REQUIRES MANUAL REVIEW,55.84
107,2025-11-03,2026-06-30,240,107,1,55.41666666666667,44.583333333333336,19,39,55,0,0,False,False,Cabbage,Manchar APMC,REQUIRES MANUAL REVIEW,55.84
106,2025-11-03,2026-06-30,240,106,1,55.833333333333336,44.166666666666664,16,36,51,0,0,False,False,Beans,Manchar APMC,REQUIRES MANUAL REVIEW,55.71
100,2025-12-09,2026-06-30,204,100,1,50.98039215686274,49.01960784313725,19,39,54,0,0,False,False,Beetroot,Manchar APMC,REQUIRES MANUAL REVIEW,55.39
98,2025-12-10,2026-06-30,203,98,1,51.72413793103448,48.275862068965516,20,40,55,0,0,False,False,Little gourd(Kundru),Manchar APMC,REQUIRES MANUAL REVIEW,55.12
70,2026-03-13,2026-06-23,103,70,1,32.03883495145631,67.96116504854369,17,43,66,0,0,True,False,Mango(Raw-Ripe),Junnar(Otur) APMC,REQUIRES MANUAL REVIEW,54.91
96,2025-12-09,2026-06-30,204,96,1,52.94117647058824,47.05882352941176,20,38,53,0,0,False,False,Cauliflower,Manchar APMC,REQUIRES MANUAL REVIEW,54.8
164,2025-11-01,2026-06-03,215,164,1,23.720930232558135,76.27906976744187,1,19,44,0,0,True,True,Chikoos(Sapota),Pune(Manjri) APMC,REQUIRES MANUAL REVIEW,54.68
180,2025-11-01,2026-05-06,187,180,1,3.7433155080213942,96.2566844919786,0,5,33,0,0,False,False,Coriander(Leaves),Pune(Pimpri) APMC,REQUIRES MANUAL REVIEW,54.37
93,2025-12-09,2026-06-30,204,93,1,54.41176470588236,45.588235294117645,19,38,50,0,0,False,False,Green Chilli,Manchar APMC,REQUIRES MANUAL REVIEW,54.36
106,2025-12-03,2026-06-30,210,106,1,49.523809523809526,50.476190476190474,24,39,39,0,0,True,True,Coriander(Leaves),Manchar APMC,REQUIRES MANUAL REVIEW,54.15
94,2025-11-03,2026-06-30,240,94,1,60.83333333333334,39.166666666666664,18,37,52,0,0,False,False,Bitter gourd,Manchar APMC,REQUIRES MANUAL REVIEW,54.11
91,2025-12-09,2026-06-30,204,91,1,55.392156862745104,44.6078431372549,19,39,54,0,0,False,False,Bhindi(Ladies Finger),Manchar APMC,REQUIRES MANUAL REVIEW,54.06
87,2026-01-03,2026-07-01,180,87,1,51.66666666666666,48.333333333333336,28,57,74,0,0,False,False,Carrot,Pune(Manjri) APMC,REQUIRES MANUAL REVIEW,53.95
91,2025-11-01,2026-07-01,243,91,1,62.55144032921811,37.4485596707819,16,33,54,0,0,False,False,Ridgeguard(Tori),Junnar(Narayangaon) APMC,REQUIRES MANUAL REVIEW,53.7
88,2025-12-09,2026-06-30,204,88,1,56.86274509803921,43.13725490196079,18,37,48,0,0,False,False,Brinjal,Manchar APMC,REQUIRES MANUAL REVIEW,53.62
50,2026-04-22,2026-07-01,71,50,1,29.5774647887324,70.4225352112676,23,42,50,0,0,False,False,Garlic,Khed(Chakan) APMC,REQUIRES MANUAL REVIEW,53.53
88,2025-12-09,2026-06-30,204,88,1,56.86274509803921,43.13725490196079,15,32,44,0,0,False,False,Potato,Manchar APMC,REQUIRES MANUAL REVIEW,53.28
87,2025-11-17,2026-06-29,225,87,1,61.33333333333333,38.666666666666664,22,46,60,0,0,False,False,Ridgeguard(Tori),Pune(Pimpri) APMC,REQUIRES MANUAL REVIEW,53.25
50,2026-04-19,2026-07-01,74,50,1,32.432432432432435,67.56756756756756,25,46,50,0,0,False,False,Jamun(Narale Hannu),Pune APMC,REQUIRES MANUAL REVIEW,53.04
62,2026-04-04,2026-06-19,77,62,1,19.480519480519476,80.51948051948052,10,37,62,0,0,False,False,Mango(Raw-Ripe),Pune(Manjri) APMC,REQUIRES MANUAL REVIEW,52.98
85,2025-11-01,2026-06-30,242,85,1,64.87603305785123,35.12396694214876,20,35,50,0,0,False,False,Guar,Pune(Khadiki) APMC,REQUIRES MANUAL REVIEW,52.9
39,2026-05-04,2026-06-19,47,39,1,17.021276595744684,82.97872340425532,18,39,39,0,0,False,False,Mango,Pune(Manjri) APMC,REQUIRES MANUAL REVIEW,52.83
77,2026-01-18,2026-06-30,164,77,1,53.04878048780488,46.95121951219512,17,36,48,0,0,False,False,Drumstick,Manchar APMC,REQUIRES MANUAL REVIEW,52.73
118,2025-11-01,2026-06-24,236,118,1,50.0,50.0,8,30,53,0,0,True,True,Carrot,Junnar(Otur) APMC,REQUIRES MANUAL REVIEW,52.7
81,2025-12-09,2026-06-30,204,81,1,60.29411764705883,39.705882352941174,19,39,54,0,0,False,False,Ridgeguard(Tori),Manchar APMC,REQUIRES MANUAL REVIEW,52.58
123,2025-11-04,2026-06-30,239,107,1,55.23012552301255,44.76987447698745,14,25,37,0,0,False,False,Gur(Jaggery),Baramati APMC,REQUIRES MANUAL REVIEW,52.52
89,2025-11-01,2026-06-24,236,89,1,62.28813559322034,37.71186440677966,15,31,42,0,0,False,False,Little gourd(Kundru),Junnar(Otur) APMC,REQUIRES MANUAL REVIEW,52.46
80,2025-11-03,2026-06-30,240,80,1,66.66666666666667,33.33333333333333,20,40,56,0,0,False,False,Guar,Manchar APMC,REQUIRES MANUAL REVIEW,52.24
78,2025-11-03,2026-06-29,239,78,1,67.36401673640167,32.63598326359833,23,45,47,0,0,False,False,Methi(Leaves),Manchar APMC,REQUIRES MANUAL REVIEW,51.98
56,2026-03-23,2026-06-30,100,56,1,43.99999999999999,56.00000000000001,19,39,55,0,0,True,False,Mango(Raw-Ripe),Manchar APMC,REQUIRES MANUAL REVIEW,51.74
76,2025-11-01,2026-06-30,242,76,1,68.59504132231405,31.40495867768595,18,31,47,0,0,False,False,Mint(Pudina),Pune(Khadiki) APMC,REQUIRES MANUAL REVIEW,51.71
89,2025-11-01,2026-07-01,243,89,1,63.37448559670782,36.62551440329218,17,29,36,0,0,False,False,Lime,Junnar(Narayangaon) APMC,REQUIRES MANUAL REVIEW,50.43
86,2025-11-01,2026-06-28,240,86,1,64.16666666666666,35.833333333333336,11,24,46,0,0,False,False,Green Chilli,Pune(Pimpri) APMC,REQUIRES MANUAL REVIEW,50.38
50,2026-03-18,2026-07-01,106,50,1,52.83018867924528,47.16981132075472,24,48,49,0,0,False,False,Mint(Pudina),Pune(Pimpri) APMC,REQUIRES MANUAL REVIEW,49.84
71,2026-03-03,2026-06-06,96,71,1,26.041666666666664,73.95833333333334,5,26,50,0,0,True,False,Water Melon,Khed(Chakan) APMC,REQUIRES MANUAL REVIEW,49.31
35,2026-05-14,2026-07-01,49,35,1,28.57142857142857,71.42857142857143,25,35,35,0,0,False,False,Jamun(Narale Hannu),Pune(Manjri) APMC,REQUIRES MANUAL REVIEW,49.04
468,2024-07-02,2025-11-04,491,467,1,4.887983706720977,95.11201629327903,0,0,0,0,0,False,False,Coriander(Leaves),Pune(Pimpri),REQUIRES MANUAL REVIEW,49.02
466,2024-07-02,2025-11-04,491,465,1,5.295315682281054,94.70468431771894,0,0,0,0,0,False,False,Tomato,Pune(Pimpri),REQUIRES MANUAL REVIEW,48.94
458,2024-07-02,2025-11-04,491,457,1,6.924643584521384,93.07535641547861,0,0,0,0,0,False,False,Onion,Pune(Pimpri),REQUIRES MANUAL REVIEW,48.62
53,2025-11-02,2026-06-29,240,52,1,78.33333333333333,21.666666666666668,16,23,45,0,0,False,False,Guar,Pune(Pimpri) APMC,REQUIRES MANUAL REVIEW,48.51
453,2024-07-01,2025-11-03,491,453,1,7.739307535641549,92.26069246435846,0,0,0,0,0,False,False,Methi(Leaves),Pune(Manjri),REQUIRES MANUAL REVIEW,48.45
453,2024-07-01,2025-11-03,491,453,1,7.739307535641549,92.26069246435846,0,0,0,0,0,False,False,Onion Green,Pune(Manjri),REQUIRES MANUAL REVIEW,48.45
96,2025-11-03,2026-06-22,232,96,1,58.62068965517242,41.37931034482759,7,27,43,0,0,False,False,Carrot,Manchar APMC,REQUIRES MANUAL REVIEW,48.43
452,2024-07-01,2025-11-03,491,452,1,7.942973523421593,92.05702647657841,0,0,0,0,0,False,False,Bhindi(Ladies Finger),Pune(Manjri),REQUIRES MANUAL REVIEW,48.41
452,2024-07-01,2025-11-03,491,452,1,7.942973523421593,92.05702647657841,0,0,0,0,0,False,False,Spinach,Pune(Manjri),REQUIRES MANUAL REVIEW,48.41
452,2024-07-01,2025-11-03,491,452,1,7.942973523421593,92.05702647657841,0,0,0,0,0,False,False,Tomato,Pune(Manjri),REQUIRES MANUAL REVIEW,48.41
452,2024-07-01,2025-11-03,491,452,1,7.942973523421593,92.05702647657841,0,0,0,0,0,False,False,Coriander(Leaves),Pune(Manjri),REQUIRES MANUAL REVIEW,48.41
451,2024-07-01,2025-11-03,491,451,1,8.146639511201625,91.85336048879837,0,0,0,0,0,False,False,Ridgeguard(Tori),Pune(Manjri),REQUIRES MANUAL REVIEW,48.37
451,2024-07-01,2025-11-03,491,451,1,8.146639511201625,91.85336048879837,0,0,0,0,0,False,False,Cauliflower,Pune(Manjri),REQUIRES MANUAL REVIEW,48.37
450,2024-07-01,2025-11-03,491,450,1,8.350305498981669,91.64969450101833,0,0,0,0,0,False,False,Cabbage,Pune(Manjri),REQUIRES MANUAL REVIEW,48.33
54,2026-04-03,2026-06-18,77,49,1,36.36363636363637,63.63636363636363,9,41,54,0,0,False,False,Mango(Raw-Ripe),Pune(Pimpri) APMC,REQUIRES MANUAL REVIEW,48.29
449,2024-07-01,2025-11-03,491,449,1,8.553971486761714,91.44602851323829,0,0,0,0,0,False,False,Bitter gourd,Pune(Manjri),REQUIRES MANUAL REVIEW,48.29
449,2024-07-01,2025-11-03,491,449,1,8.553971486761714,91.44602851323829,0,0,0,0,0,False,False,Cucumbar(Kheera),Pune(Manjri),REQUIRES MANUAL REVIEW,48.29
449,2024-07-01,2025-11-03,491,449,1,8.553971486761714,91.44602851323829,0,0,0,0,0,False,False,Rajgir,Pune(Manjri),REQUIRES MANUAL REVIEW,48.29
449,2024-07-01,2025-11-03,491,449,1,8.553971486761714,91.44602851323829,0,0,0,0,0,False,False,Brinjal,Pune(Manjri),REQUIRES MANUAL REVIEW,48.29
448,2024-07-01,2025-11-03,491,448,1,8.757637474541745,91.24236252545825,0,0,0,0,0,False,False,Raddish,Pune(Manjri),REQUIRES MANUAL REVIEW,48.25
448,2024-07-01,2025-11-03,491,448,1,8.757637474541745,91.24236252545825,0,0,0,0,0,False,False,Guar,Pune(Manjri),REQUIRES MANUAL REVIEW,48.25
447,2024-07-01,2025-11-03,491,447,1,8.96130346232179,91.0386965376782,0,0,0,0,0,False,False,Onion,Pune(Manjri),REQUIRES MANUAL REVIEW,48.21
447,2024-07-01,2025-11-03,491,447,1,8.96130346232179,91.0386965376782,0,0,0,0,0,False,False,Chilly Capsicum,Pune(Manjri),REQUIRES MANUAL REVIEW,48.21
447,2024-07-01,2025-11-03,491,447,1,8.96130346232179,91.0386965376782,0,0,0,0,0,False,False,Potato,Pune(Manjri),REQUIRES MANUAL REVIEW,48.21
446,2024-07-01,2025-11-03,491,446,1,9.164969450101834,90.83503054989816,0,0,0,0,0,False,False,Bottle gourd,Pune(Manjri),REQUIRES MANUAL REVIEW,48.17
446,2024-07-03,2025-11-04,490,445,1,9.183673469387754,90.81632653061224,0,0,0,0,0,False,False,Cabbage,Pune(Pimpri),REQUIRES MANUAL REVIEW,48.16
69,2025-11-10,2026-07-01,234,54,1,76.92307692307692,23.076923076923077,19,31,43,0,0,False,False,Wheat,Shirur APMC,REQUIRES MANUAL REVIEW,48.06
441,2024-07-01,2025-11-03,491,441,1,10.183299389002032,89.81670061099797,0,0,0,0,0,False,False,Green Chilli,Pune(Manjri),REQUIRES MANUAL REVIEW,47.96
90,2025-11-02,2026-07-01,242,90,1,62.8099173553719,37.1900826446281,15,22,28,0,0,False,False,Plum,Pune APMC,REQUIRES MANUAL REVIEW,47.9
382,2024-09-01,2025-11-03,429,381,1,11.188811188811187,88.81118881118881,0,0,0,0,0,False,False,Papaya,Pune(Manjri),REQUIRES MANUAL REVIEW,47.76
430,2024-07-02,2025-11-04,491,429,1,12.627291242362526,87.37270875763747,0,0,0,0,0,False,False,Spinach,Pune(Pimpri),REQUIRES MANUAL REVIEW,47.47
91,2026-01-16,2026-05-24,129,91,1,29.457364341085267,70.54263565891473,0,22,50,0,0,False,False,Water Melon,Pune(Manjri) APMC,REQUIRES MANUAL REVIEW,47.19
129,2025-12-04,2026-06-29,208,44,1,78.84615384615384,21.153846153846153,27,51,69,0,0,False,False,Wheat,Baramati APMC,REQUIRES MANUAL REVIEW,47.13
85,2025-12-08,2026-06-29,204,43,1,78.92156862745098,21.07843137254902,18,34,46,0,0,False,False,Jowar(Sorghum),Baramati APMC,REQUIRES MANUAL REVIEW,46.95
405,2024-07-01,2025-11-02,490,405,1,17.3469387755102,82.6530612244898,0,0,0,0,0,False,False,Tomato,Pune(Khadiki),REQUIRES MANUAL REVIEW,46.53
405,2024-07-01,2025-11-02,490,405,1,17.3469387755102,82.6530612244898,0,0,0,0,0,False,False,Cucumbar(Kheera),Pune(Khadiki),REQUIRES MANUAL REVIEW,46.53
82,2025-12-08,2026-06-29,204,42,1,79.41176470588236,20.588235294117645,17,32,44,0,0,False,False,Bajra(Pearl Millet/Cumbu),Baramati APMC,REQUIRES MANUAL REVIEW,46.47
404,2024-07-02,2025-11-03,490,403,1,17.75510204081633,82.24489795918367,0,0,0,0,0,False,False,Cucumbar(Kheera),Pune(Pimpri),REQUIRES MANUAL REVIEW,46.45
402,2024-07-01,2025-11-02,490,402,1,17.959183673469393,82.0408163265306,0,0,0,0,0,False,False,Potato,Pune(Khadiki),REQUIRES MANUAL REVIEW,46.41
401,2024-07-01,2025-11-02,490,401,1,18.163265306122444,81.83673469387756,0,0,0,0,0,False,False,Bottle gourd,Pune(Khadiki),REQUIRES MANUAL REVIEW,46.37
402,2024-07-01,2025-11-04,492,402,1,18.292682926829272,81.70731707317073,0,0,0,0,0,False,False,Bitter gourd,Pune(Moshi),REQUIRES MANUAL REVIEW,46.34
402,2024-07-01,2025-11-04,492,402,1,18.292682926829272,81.70731707317073,0,0,0,0,0,False,False,Brinjal,Pune(Moshi),REQUIRES MANUAL REVIEW,46.34
403,2024-07-01,2025-11-04,492,402,1,18.292682926829272,81.70731707317073,0,0,0,0,0,False,False,Peas Wet,Pune,REQUIRES MANUAL REVIEW,46.34
402,2024-07-01,2025-11-04,492,402,1,18.292682926829272,81.70731707317073,0,0,0,0,0,False,False,Mint(Pudina),Pune,REQUIRES MANUAL REVIEW,46.34
402,2024-07-01,2025-11-04,492,402,1,18.292682926829272,81.70731707317073,0,0,0,0,0,False,False,Onion Green,Pune,REQUIRES MANUAL REVIEW,46.34
403,2024-07-01,2025-11-04,492,402,1,18.292682926829272,81.70731707317073,0,0,0,0,0,False,False,Tomato,Pune,REQUIRES MANUAL REVIEW,46.34
402,2024-07-01,2025-11-04,492,402,1,18.292682926829272,81.70731707317073,0,0,0,0,0,False,False,Tomato,Pune(Moshi),REQUIRES MANUAL REVIEW,46.34
402,2024-07-01,2025-11-04,492,402,1,18.292682926829272,81.70731707317073,0,0,0,0,0,False,False,Coriander(Leaves),Pune,REQUIRES MANUAL REVIEW,46.34
402,2024-07-01,2025-11-04,492,402,1,18.292682926829272,81.70731707317073,0,0,0,0,0,False,False,Ginger(Green),Pune(Moshi),REQUIRES MANUAL REVIEW,46.34
402,2024-07-01,2025-11-04,492,402,1,18.292682926829272,81.70731707317073,0,0,0,0,0,False,False,Ridgeguard(Tori),Pune,REQUIRES MANUAL REVIEW,46.34
402,2024-07-01,2025-11-04,492,402,1,18.292682926829272,81.70731707317073,0,0,0,0,0,False,False,Beans,Pune,REQUIRES MANUAL REVIEW,46.34
402,2024-07-01,2025-11-04,492,402,1,18.292682926829272,81.70731707317073,0,0,0,0,0,False,False,Beans,Pune(Moshi),REQUIRES MANUAL REVIEW,46.34
402,2024-07-01,2025-11-04,492,402,1,18.292682926829272,81.70731707317073,0,0,0,0,0,False,False,Cucumbar(Kheera),Pune(Moshi),REQUIRES MANUAL REVIEW,46.34
402,2024-07-01,2025-11-04,492,402,1,18.292682926829272,81.70731707317073,0,0,0,0,0,False,False,Spinach,Pune,REQUIRES MANUAL REVIEW,46.34
402,2024-07-01,2025-11-04,492,402,1,18.292682926829272,81.70731707317073,0,0,0,0,0,False,False,Bhindi(Ladies Finger),Pune(Moshi),REQUIRES MANUAL REVIEW,46.34
402,2024-07-01,2025-11-04,492,402,1,18.292682926829272,81.70731707317073,0,0,0,0,0,False,False,Potato,Pune(Moshi),REQUIRES MANUAL REVIEW,46.34
402,2024-07-01,2025-11-04,492,402,1,18.292682926829272,81.70731707317073,0,0,0,0,0,False,False,Chilly Capsicum,Pune(Moshi),REQUIRES MANUAL REVIEW,46.34
402,2024-07-01,2025-11-04,492,402,1,18.292682926829272,81.70731707317073,0,0,0,0,0,False,False,Cucumbar(Kheera),Pune,REQUIRES MANUAL REVIEW,46.34
402,2024-07-01,2025-11-04,492,402,1,18.292682926829272,81.70731707317073,0,0,0,0,0,False,False,Little gourd (Kundru),Pune,REQUIRES MANUAL REVIEW,46.34
400,2024-07-01,2025-11-02,490,400,1,18.36734693877551,81.63265306122449,0,0,0,0,0,False,False,Green Chilli,Pune(Khadiki),REQUIRES MANUAL REVIEW,46.33
400,2024-07-01,2025-11-02,490,400,1,18.36734693877551,81.63265306122449,0,0,0,0,0,False,False,Coriander(Leaves),Pune(Khadiki),REQUIRES MANUAL REVIEW,46.33
399,2024-07-01,2025-11-01,489,399,1,18.404907975460127,81.59509202453987,0,0,0,0,0,False,False,Cabbage,Pune(Khadiki),REQUIRES MANUAL REVIEW,46.32
401,2024-07-01,2025-11-04,492,401,1,18.49593495934959,81.5040650406504,0,0,0,0,0,False,False,Sweet Pumpkin,Pune,REQUIRES MANUAL REVIEW,46.3
401,2024-07-01,2025-11-04,492,401,1,18.49593495934959,81.5040650406504,0,0,0,0,0,False,False,Ridgeguard(Tori),Pune(Moshi),REQUIRES MANUAL REVIEW,46.3
401,2024-07-01,2025-11-04,492,401,1,18.49593495934959,81.5040650406504,0,0,0,0,0,False,False,Methi(Leaves),Pune,REQUIRES MANUAL REVIEW,46.3
401,2024-07-01,2025-11-04,492,401,1,18.49593495934959,81.5040650406504,0,0,0,0,0,False,False,Carrot,Pune(Moshi),REQUIRES MANUAL REVIEW,46.3
401,2024-07-01,2025-11-04,492,401,1,18.49593495934959,81.5040650406504,0,0,0,0,0,False,False,Carrot,Pune,REQUIRES MANUAL REVIEW,46.3
401,2024-07-01,2025-11-04,492,401,1,18.49593495934959,81.5040650406504,0,0,0,0,0,False,False,Cauliflower,Pune,REQUIRES MANUAL REVIEW,46.3
401,2024-07-01,2025-11-04,492,401,1,18.49593495934959,81.5040650406504,0,0,0,0,0,False,False,Cauliflower,Pune(Moshi),REQUIRES MANUAL REVIEW,46.3
401,2024-07-01,2025-11-04,492,401,1,18.49593495934959,81.5040650406504,0,0,0,0,0,False,False,Cabbage,Pune,REQUIRES MANUAL REVIEW,46.3
401,2024-07-01,2025-11-04,492,401,1,18.49593495934959,81.5040650406504,0,0,0,0,0,False,False,Cabbage,Pune(Moshi),REQUIRES MANUAL REVIEW,46.3
401,2024-07-01,2025-11-04,492,401,1,18.49593495934959,81.5040650406504,0,0,0,0,0,False,False,Guar,Pune(Moshi),REQUIRES MANUAL REVIEW,46.3
401,2024-07-01,2025-11-04,492,401,1,18.49593495934959,81.5040650406504,0,0,0,0,0,False,False,Bhindi(Ladies Finger),Pune,REQUIRES MANUAL REVIEW,46.3
401,2024-07-01,2025-11-04,492,401,1,18.49593495934959,81.5040650406504,0,0,0,0,0,False,False,Bitter gourd,Pune,REQUIRES MANUAL REVIEW,46.3
401,2024-07-01,2025-11-04,492,401,1,18.49593495934959,81.5040650406504,0,0,0,0,0,False,False,Pumpkin,Pune,REQUIRES MANUAL REVIEW,46.3
401,2024-07-01,2025-11-04,492,401,1,18.49593495934959,81.5040650406504,0,0,0,0,0,False,False,Coriander(Leaves),Pune(Moshi),REQUIRES MANUAL REVIEW,46.3
401,2024-07-01,2025-11-04,492,401,1,18.49593495934959,81.5040650406504,0,0,0,0,0,False,False,Beetroot,Pune(Moshi),REQUIRES MANUAL REVIEW,46.3
401,2024-07-01,2025-11-04,492,401,1,18.49593495934959,81.5040650406504,0,0,0,0,0,False,False,Rajgir,Pune,REQUIRES MANUAL REVIEW,46.3
399,2024-07-01,2025-11-02,490,399,1,18.571428571428573,81.42857142857143,0,0,0,0,0,False,False,Onion,Pune(Khadiki),REQUIRES MANUAL REVIEW,46.29
350,2024-09-01,2025-11-04,430,350,1,18.6046511627907,81.3953488372093,0,0,0,0,0,False,False,Apple,Pune,REQUIRES MANUAL REVIEW,46.28
349,2024-09-02,2025-11-04,429,349,1,18.64801864801865,81.35198135198135,0,0,0,0,0,False,False,Orange,Pune,REQUIRES MANUAL REVIEW,46.27
400,2024-07-01,2025-11-04,492,400,1,18.699186991869922,81.30081300813008,0,0,0,0,0,False,False,Bottle gourd,Pune(Moshi),REQUIRES MANUAL REVIEW,46.26
400,2024-07-01,2025-11-04,492,400,1,18.699186991869922,81.30081300813008,0,0,0,0,0,False,False,Onion,Pune(Moshi),REQUIRES MANUAL REVIEW,46.26
400,2024-07-01,2025-11-04,492,400,1,18.699186991869922,81.30081300813008,0,0,0,0,0,False,False,Drumstick,Pune,REQUIRES MANUAL REVIEW,46.26
399,2024-07-01,2025-11-04,492,399,1,18.90243902439024,81.09756097560977,0,0,0,0,0,False,False,Brinjal,Pune,REQUIRES MANUAL REVIEW,46.22
348,2024-09-02,2025-11-04,429,348,1,18.881118881118887,81.11888111888112,0,0,0,0,0,False,False,Banana,Pune,REQUIRES MANUAL REVIEW,46.22
399,2024-07-01,2025-11-04,492,399,1,18.90243902439024,81.09756097560977,0,0,0,0,0,False,False,Beetroot,Pune,REQUIRES MANUAL REVIEW,46.22
348,2024-09-02,2025-11-04,429,348,1,18.881118881118887,81.11888111888112,0,0,0,0,0,False,False,Apple,Pune(Moshi),REQUIRES MANUAL REVIEW,46.22
399,2024-07-01,2025-11-04,492,399,1,18.90243902439024,81.09756097560977,0,0,0,0,0,False,False,Methi(Leaves),Pune(Moshi),REQUIRES MANUAL REVIEW,46.22
399,2024-07-01,2025-11-04,492,399,1,18.90243902439024,81.09756097560977,0,0,0,0,0,False,False,Onion Green,Pune(Moshi),REQUIRES MANUAL REVIEW,46.22
348,2024-09-02,2025-11-04,429,348,1,18.881118881118887,81.11888111888112,0,0,0,0,0,False,False,Papaya,Pune,REQUIRES MANUAL REVIEW,46.22
398,2024-07-01,2025-11-04,492,398,1,19.10569105691057,80.89430894308943,0,0,0,0,0,False,False,Guar,Pune,REQUIRES MANUAL REVIEW,46.18
399,2024-07-01,2025-11-04,492,398,1,19.10569105691057,80.89430894308943,0,0,0,0,0,False,False,Corriander seed,Pune,REQUIRES MANUAL REVIEW,46.18
399,2024-07-01,2025-11-04,492,398,1,19.10569105691057,80.89430894308943,0,0,0,0,0,False,False,Chilly Capsicum,Pune,REQUIRES MANUAL REVIEW,46.18
398,2024-07-01,2025-11-04,492,398,1,19.10569105691057,80.89430894308943,0,0,0,0,0,False,False,Green Chilli,Pune(Moshi),REQUIRES MANUAL REVIEW,46.18
398,2024-07-01,2025-11-04,492,398,1,19.10569105691057,80.89430894308943,0,0,0,0,0,False,False,Bottle gourd,Pune,REQUIRES MANUAL REVIEW,46.18
398,2024-07-01,2025-11-04,492,398,1,19.10569105691057,80.89430894308943,0,0,0,0,0,False,False,Mint(Pudina),Pune(Moshi),REQUIRES MANUAL REVIEW,46.18
347,2024-09-02,2025-11-04,429,347,1,19.11421911421911,80.88578088578089,0,0,0,0,0,False,False,Lime,Pune(Moshi),REQUIRES MANUAL REVIEW,46.18
346,2024-09-03,2025-11-04,428,346,1,19.158878504672895,80.8411214953271,0,0,0,0,0,False,False,Guava,Pune,REQUIRES MANUAL REVIEW,46.17
28,2026-05-23,2026-06-30,39,28,1,28.205128205128204,71.7948717948718,24,28,28,0,0,False,False,Jamun(Narale Hannu),Pune(Moshi) APMC,REQUIRES MANUAL REVIEW,46.16
396,2024-07-01,2025-11-02,490,396,1,19.183673469387752,80.81632653061224,0,0,0,0,0,False,False,Cauliflower,Pune(Khadiki),REQUIRES MANUAL REVIEW,46.16
397,2024-07-01,2025-11-04,492,397,1,19.308943089430898,80.6910569105691,0,0,0,0,0,False,False,Green Chilli,Pune,REQUIRES MANUAL REVIEW,46.14
397,2024-07-01,2025-11-04,492,397,1,19.308943089430898,80.6910569105691,0,0,0,0,0,False,False,Spinach,Pune(Moshi),REQUIRES MANUAL REVIEW,46.14
346,2024-09-02,2025-11-04,429,346,1,19.34731934731935,80.65268065268066,0,0,0,0,0,False,False,Lime,Pune,REQUIRES MANUAL REVIEW,46.13
396,2024-07-01,2025-11-04,492,396,1,19.512195121951216,80.48780487804879,0,0,0,0,0,False,False,Green Peas,Pune,REQUIRES MANUAL REVIEW,46.1
394,2024-07-01,2025-11-02,490,394,1,19.591836734693878,80.40816326530611,0,0,0,0,0,False,False,Brinjal,Pune(Khadiki),REQUIRES MANUAL REVIEW,46.08
344,2024-09-02,2025-11-04,429,344,1,19.813519813519807,80.1864801864802,0,0,0,0,0,False,False,Banana,Pune(Moshi),REQUIRES MANUAL REVIEW,46.04
344,2024-09-02,2025-11-04,429,344,1,19.813519813519807,80.1864801864802,0,0,0,0,0,False,False,Water Melon,Pune,REQUIRES MANUAL REVIEW,46.04
344,2024-09-01,2025-11-04,430,344,1,19.999999999999996,80.0,0,0,0,0,0,False,False,Pear(Marasebu),Pune,REQUIRES MANUAL REVIEW,46.0
343,2024-09-02,2025-11-04,429,343,1,20.046620046620045,79.95337995337995,0,0,0,0,0,False,False,Papaya,Pune(Moshi),REQUIRES MANUAL REVIEW,45.99
343,2024-09-02,2025-11-04,429,343,1,20.046620046620045,79.95337995337995,0,0,0,0,0,False,False,Amla(Nelli Kai),Pune,REQUIRES MANUAL REVIEW,45.99
343,2024-09-02,2025-11-04,429,343,1,20.046620046620045,79.95337995337995,0,0,0,0,0,False,False,Chikoos(Sapota),Pune,REQUIRES MANUAL REVIEW,45.99
343,2024-09-02,2025-11-04,429,343,1,20.046620046620045,79.95337995337995,0,0,0,0,0,False,False,Tender Coconut,Pune,REQUIRES MANUAL REVIEW,45.99
392,2024-07-01,2025-11-04,492,392,1,20.32520325203252,79.67479674796748,0,0,0,0,0,False,False,Onion,Pune,REQUIRES MANUAL REVIEW,45.93
391,2024-07-02,2025-11-03,490,390,1,20.408163265306122,79.59183673469387,0,0,0,0,0,False,False,Bhindi(Ladies Finger),Pune(Pimpri),REQUIRES MANUAL REVIEW,45.92
342,2024-09-01,2025-11-04,430,342,1,20.465116279069772,79.53488372093022,0,0,0,0,0,False,False,Grapes,Pune,REQUIRES MANUAL REVIEW,45.91
392,2024-07-01,2025-11-04,492,391,1,20.528455284552848,79.47154471544715,0,0,0,0,0,False,False,Potato,Pune,REQUIRES MANUAL REVIEW,45.89
392,2024-07-01,2025-11-04,492,391,1,20.528455284552848,79.47154471544715,0,0,0,0,0,False,False,Garlic,Pune,REQUIRES MANUAL REVIEW,45.89
390,2024-07-01,2025-11-04,492,390,1,20.731707317073166,79.26829268292683,0,0,0,0,0,False,False,Green Gram (Moong)(Whole),Pune,REQUIRES MANUAL REVIEW,45.85
390,2024-07-01,2025-11-04,492,390,1,20.731707317073166,79.26829268292683,0,0,0,0,0,False,False,Ragi (Finger Millet),Pune,REQUIRES MANUAL REVIEW,45.85
390,2024-07-01,2025-11-04,492,390,1,20.731707317073166,79.26829268292683,0,0,0,0,0,False,False,Maize,Pune,REQUIRES MANUAL REVIEW,45.85
390,2024-07-01,2025-11-04,492,390,1,20.731707317073166,79.26829268292683,0,0,0,0,0,False,False,Black Gram (Urd Beans)(Whole),Pune,REQUIRES MANUAL REVIEW,45.85
390,2024-07-01,2025-11-04,492,390,1,20.731707317073166,79.26829268292683,0,0,0,0,0,False,False,Lentil (Masur)(Whole),Pune,REQUIRES MANUAL REVIEW,45.85
340,2024-09-02,2025-11-04,429,340,1,20.745920745920742,79.25407925407926,0,0,0,0,0,False,False,Pomegranate,Pune,REQUIRES MANUAL REVIEW,45.85
391,2024-07-01,2025-11-04,492,390,1,20.731707317073166,79.26829268292683,0,0,0,0,0,False,False,Bengal Gram(Gram)(Whole),Pune,REQUIRES MANUAL REVIEW,45.85
391,2024-07-01,2025-11-04,492,390,1,20.731707317073166,79.26829268292683,0,0,0,0,0,False,False,Ginger(Green),Pune,REQUIRES MANUAL REVIEW,45.85
389,2024-07-02,2025-11-04,491,389,1,20.77393075356415,79.22606924643586,0,0,0,0,0,False,False,Elephant Yam (Suran),Pune,REQUIRES MANUAL REVIEW,45.85
389,2024-07-01,2025-11-04,492,389,1,20.934959349593495,79.0650406504065,0,0,0,0,0,False,False,Raddish,Pune,REQUIRES MANUAL REVIEW,45.81
389,2024-07-01,2025-11-04,492,389,1,20.934959349593495,79.0650406504065,0,0,0,0,0,False,False,Drumstick,Pune(Moshi),REQUIRES MANUAL REVIEW,45.81
389,2024-07-01,2025-11-04,492,389,1,20.934959349593495,79.0650406504065,0,0,0,0,0,False,False,Bajra(Pearl Millet/Cumbu),Pune,REQUIRES MANUAL REVIEW,45.81
389,2024-07-01,2025-11-04,492,389,1,20.934959349593495,79.0650406504065,0,0,0,0,0,False,False,Jowar(Sorghum),Pune,REQUIRES MANUAL REVIEW,45.81
387,2024-07-01,2025-11-02,490,387,1,21.0204081632653,78.9795918367347,0,0,0,0,0,False,False,Bhindi(Ladies Finger),Pune(Khadiki),REQUIRES MANUAL REVIEW,45.8
388,2024-07-01,2025-11-04,492,388,1,21.138211382113823,78.86178861788618,0,0,0,0,0,False,False,Peas Wet,Pune(Moshi),REQUIRES MANUAL REVIEW,45.77
337,2024-09-03,2025-11-04,428,337,1,21.261682242990652,78.73831775700934,0,0,0,0,0,False,False,Orange,Pune(Moshi),REQUIRES MANUAL REVIEW,45.75
386,2024-07-02,2025-11-04,491,386,1,21.384928716904273,78.61507128309573,0,0,0,0,0,False,False,Bottle gourd,Pune(Pimpri),REQUIRES MANUAL REVIEW,45.72
385,2024-07-02,2025-11-04,491,384,1,21.79226069246436,78.20773930753563,0,0,0,0,0,False,False,Tomato,Khed(Chakan),REQUIRES MANUAL REVIEW,45.64
383,2024-07-02,2025-11-04,491,383,1,21.995926680244406,78.00407331975559,0,0,0,0,0,False,False,Ridgeguard(Tori),Khed(Chakan),REQUIRES MANUAL REVIEW,45.6
385,2024-07-02,2025-11-04,491,383,1,21.995926680244406,78.00407331975559,0,0,0,0,0,False,False,Bitter gourd,Khed(Chakan),REQUIRES MANUAL REVIEW,45.6
302,2024-10-12,2025-11-03,388,302,1,22.164948453608247,77.83505154639175,0,0,0,0,0,False,False,Coriander(Leaves),Manchar,REQUIRES MANUAL REVIEW,45.57
382,2024-07-02,2025-11-04,491,382,1,22.199592668024437,77.80040733197556,0,0,0,0,0,False,False,Guar,Khed(Chakan),REQUIRES MANUAL REVIEW,45.56
381,2024-07-02,2025-11-04,491,381,1,22.403258655804482,77.59674134419552,0,0,0,0,0,False,False,Cauliflower,Khed(Chakan),REQUIRES MANUAL REVIEW,45.52
381,2024-07-02,2025-11-04,491,381,1,22.403258655804482,77.59674134419552,0,0,0,0,0,False,False,Cabbage,Khed(Chakan),REQUIRES MANUAL REVIEW,45.52
380,2024-07-02,2025-11-04,491,380,1,22.606924643584524,77.39307535641548,0,0,0,0,0,False,False,Bhindi(Ladies Finger),Khed(Chakan),REQUIRES MANUAL REVIEW,45.48
379,2024-07-01,2025-11-02,490,379,1,22.6530612244898,77.3469387755102,0,0,0,0,0,False,False,Methi(Leaves),Pune(Khadiki),REQUIRES MANUAL REVIEW,45.47
378,2024-07-02,2025-11-04,491,378,1,23.014256619144604,76.9857433808554,0,0,0,0,0,False,False,Brinjal,Khed(Chakan),REQUIRES MANUAL REVIEW,45.4
71,2025-11-02,2026-06-30,241,71,1,70.53941908713692,29.460580912863072,12,26,34,0,0,False,False,Onion,Manchar APMC,REQUIRES MANUAL REVIEW,45.38
377,2024-07-02,2025-11-04,491,377,1,23.217922606924645,76.78207739307535,0,0,0,0,0,False,False,Cucumbar(Kheera),Khed(Chakan),REQUIRES MANUAL REVIEW,45.36
377,2024-07-02,2025-11-04,491,377,1,23.217922606924645,76.78207739307535,0,0,0,0,0,False,False,Green Chilli,Khed(Chakan),REQUIRES MANUAL REVIEW,45.36
376,2024-07-02,2025-11-04,491,376,1,23.42158859470469,76.57841140529531,0,0,0,0,0,False,False,Chilly Capsicum,Khed(Chakan),REQUIRES MANUAL REVIEW,45.32
375,2024-07-01,2025-11-02,490,375,1,23.469387755102044,76.53061224489795,0,0,0,0,0,False,False,Bitter gourd,Pune(Khadiki),REQUIRES MANUAL REVIEW,45.31
375,2024-07-02,2025-11-04,491,375,1,23.62525458248472,76.37474541751527,0,0,0,0,0,False,False,Drumstick,Khed(Chakan),REQUIRES MANUAL REVIEW,45.27
375,2024-07-02,2025-11-04,491,375,1,23.62525458248472,76.37474541751527,0,0,0,0,0,False,False,Bottle gourd,Khed(Chakan),REQUIRES MANUAL REVIEW,45.27
374,2024-07-02,2025-11-04,491,374,1,23.828920570264767,76.17107942973523,0,0,0,0,0,False,False,Methi(Leaves),Khed(Chakan),REQUIRES MANUAL REVIEW,45.23
375,2024-07-01,2025-11-04,492,374,1,23.983739837398378,76.01626016260163,0,0,0,0,0,False,False,Snakeguard,Pune,REQUIRES MANUAL REVIEW,45.2
372,2024-07-02,2025-11-04,491,372,1,24.236252545824843,75.76374745417516,0,0,0,0,0,False,False,Spinach,Khed(Chakan),REQUIRES MANUAL REVIEW,45.15
294,2024-10-12,2025-11-03,388,294,1,24.226804123711343,75.77319587628865,0,0,0,0,0,False,False,Methi(Leaves),Manchar,REQUIRES MANUAL REVIEW,45.15
372,2024-07-02,2025-11-04,491,372,1,24.236252545824843,75.76374745417516,0,0,0,0,0,False,False,Coriander(Leaves),Khed(Chakan),REQUIRES MANUAL REVIEW,45.15
366,2024-07-07,2025-11-03,485,366,1,24.536082474226806,75.4639175257732,0,0,0,0,0,False,False,Beans,Pune(Manjri),REQUIRES MANUAL REVIEW,45.09
370,2024-07-02,2025-11-04,491,370,1,24.64358452138493,75.35641547861506,0,0,0,0,0,False,False,Potato,Khed(Chakan),REQUIRES MANUAL REVIEW,45.07
370,2024-07-01,2025-11-04,492,370,1,24.79674796747967,75.20325203252033,0,0,0,0,0,False,False,Sweet Potato,Pune,REQUIRES MANUAL REVIEW,45.04
351,2024-07-26,2025-11-04,467,351,1,24.839400428265524,75.16059957173448,0,0,0,0,0,False,False,Ginger(Green),Khed(Chakan),REQUIRES MANUAL REVIEW,45.03
371,2024-07-01,2025-11-03,491,369,1,24.847250509164965,75.15274949083503,0,0,0,0,0,False,False,Cucumbar(Kheera),Junnar(Otur),REQUIRES MANUAL REVIEW,45.03
356,2024-07-19,2025-11-04,474,356,1,24.894514767932485,75.10548523206751,0,0,0,0,0,False,False,Peas Wet,Khed(Chakan),REQUIRES MANUAL REVIEW,45.02
368,2024-07-01,2025-11-03,491,368,1,25.050916496945007,74.949083503055,0,0,0,0,0,False,False,Cucumbar(Kheera),Khed,REQUIRES MANUAL REVIEW,44.99
370,2024-07-01,2025-11-03,491,368,1,25.050916496945007,74.949083503055,0,0,0,0,0,False,False,Green Chilli,Junnar(Otur),REQUIRES MANUAL REVIEW,44.99
368,2024-07-02,2025-11-04,491,368,1,25.050916496945007,74.949083503055,0,0,0,0,0,False,False,Carrot,Khed(Chakan),REQUIRES MANUAL REVIEW,44.99
370,2024-07-01,2025-11-03,491,368,1,25.050916496945007,74.949083503055,0,0,0,0,0,False,False,Brinjal,Junnar(Otur),REQUIRES MANUAL REVIEW,44.99
369,2024-07-01,2025-11-03,491,367,1,25.254582484725052,74.74541751527495,0,0,0,0,0,False,False,Beans,Junnar(Otur),REQUIRES MANUAL REVIEW,44.95
81,2025-11-02,2026-06-30,241,80,1,66.80497925311204,33.19502074688796,11,23,31,0,0,False,False,Onion,Junnar(Alephata) APMC,REQUIRES MANUAL REVIEW,44.91
366,2024-07-01,2025-11-03,491,366,1,25.458248472505097,74.54175152749491,0,0,0,0,0,False,False,Coriander(Leaves),Khed,REQUIRES MANUAL REVIEW,44.91
368,2024-07-01,2025-11-03,491,366,1,25.458248472505097,74.54175152749491,0,0,0,0,0,False,False,Cauliflower,Junnar(Otur),REQUIRES MANUAL REVIEW,44.91
366,2024-07-01,2025-11-03,491,365,1,25.66191446028513,74.33808553971487,0,0,0,0,0,False,False,Bhindi(Ladies Finger),Junnar(Otur),REQUIRES MANUAL REVIEW,44.87
367,2024-07-01,2025-11-03,491,365,1,25.66191446028513,74.33808553971487,0,0,0,0,0,False,False,Beetroot,Junnar(Otur),REQUIRES MANUAL REVIEW,44.87
319,2024-09-02,2025-11-04,429,319,1,25.64102564102564,74.35897435897436,0,0,0,0,0,False,False,Pomegranate,Pune(Moshi),REQUIRES MANUAL REVIEW,44.87
367,2024-07-01,2025-11-03,491,365,1,25.66191446028513,74.33808553971487,0,0,0,0,0,False,False,Guar,Junnar(Otur),REQUIRES MANUAL REVIEW,44.87
364,2024-07-02,2025-11-04,491,364,1,25.865580448065174,74.13441955193483,0,0,0,0,0,False,False,Onion,Khed(Chakan),REQUIRES MANUAL REVIEW,44.83
364,2024-07-01,2025-11-03,491,364,1,25.865580448065174,74.13441955193483,0,0,0,0,0,False,False,Cauliflower,Khed,REQUIRES MANUAL REVIEW,44.83
364,2024-07-01,2025-11-03,491,364,1,25.865580448065174,74.13441955193483,0,0,0,0,0,False,False,Cabbage,Khed,REQUIRES MANUAL REVIEW,44.83
363,2024-07-01,2025-11-04,492,363,1,26.21951219512195,73.78048780487805,0,0,0,0,0,False,False,Mango (Raw-Ripe),Pune,REQUIRES MANUAL REVIEW,44.76
363,2024-07-01,2025-11-03,491,361,1,26.476578411405292,73.5234215885947,0,0,0,0,0,False,False,Cabbage,Junnar(Otur),REQUIRES MANUAL REVIEW,44.7
358,2024-07-03,2025-11-03,489,358,1,26.78936605316974,73.21063394683026,0,0,0,0,0,False,False,Methi(Leaves),Junnar(Narayangaon),REQUIRES MANUAL REVIEW,44.64
357,2024-07-03,2025-11-03,489,357,1,26.993865030674847,73.00613496932516,0,0,0,0,0,False,False,Tomato,Junnar(Narayangaon),REQUIRES MANUAL REVIEW,44.6
357,2024-07-03,2025-11-03,489,357,1,26.993865030674847,73.00613496932516,0,0,0,0,0,False,False,Coriander(Leaves),Junnar(Narayangaon),REQUIRES MANUAL REVIEW,44.6
357,2024-07-01,2025-11-03,491,357,1,27.29124236252546,72.70875763747455,0,0,0,0,0,False,False,Methi(Leaves),Khed,REQUIRES MANUAL REVIEW,44.54
357,2024-07-02,2025-11-04,491,356,1,27.4949083503055,72.50509164969449,0,0,0,0,0,False,False,Brinjal,Pune(Pimpri),REQUIRES MANUAL REVIEW,44.5
308,2024-09-01,2025-11-03,429,308,1,28.205128205128204,71.7948717948718,0,0,0,0,0,False,False,Guava,Pune(Manjri),REQUIRES MANUAL REVIEW,44.36
351,2024-07-01,2025-11-03,491,349,1,28.92057026476579,71.07942973523421,0,0,0,0,0,False,False,Bottle gourd,Junnar(Otur),REQUIRES MANUAL REVIEW,44.22
348,2024-07-01,2025-11-02,490,348,1,28.9795918367347,71.0204081632653,0,0,0,0,0,False,False,Carrot,Pune(Khadiki),REQUIRES MANUAL REVIEW,44.2
86,2026-01-31,2026-05-31,121,86,1,28.925619834710748,71.07438016528926,0,9,37,0,0,False,False,Karbuja(Musk Melon),Pune(Manjri) APMC,REQUIRES MANUAL REVIEW,44.16
301,2024-09-04,2025-11-04,427,301,1,29.508196721311474,70.49180327868852,0,0,0,0,0,False,False,Pineapple,Pune,REQUIRES MANUAL REVIEW,44.1
71,2025-12-09,2026-06-30,204,71,1,65.19607843137256,34.80392156862745,11,25,32,0,0,False,False,Lime,Manchar APMC,REQUIRES MANUAL REVIEW,44.1
346,2024-07-01,2025-11-04,492,346,1,29.67479674796748,70.32520325203252,0,0,0,0,0,False,False,Pointed gourd (Parval),Pune,REQUIRES MANUAL REVIEW,44.07
342,2024-07-01,2025-11-02,490,342,1,30.204081632653057,69.79591836734694,0,0,0,0,0,False,False,Spinach,Pune(Khadiki),REQUIRES MANUAL REVIEW,43.96
100,2025-11-04,2026-06-27,236,100,1,57.6271186440678,42.3728813559322,8,15,26,0,0,False,False,Amla(Nelli Kai),Pune(Moshi) APMC,REQUIRES MANUAL REVIEW,43.94
344,2024-07-01,2025-11-03,491,342,1,30.346232179226075,69.65376782077392,0,0,0,0,0,False,False,Chilly Capsicum,Junnar(Otur),REQUIRES MANUAL REVIEW,43.93
298,2024-09-02,2025-11-04,429,298,1,30.536130536130536,69.46386946386947,0,0,0,0,0,False,False,Chikoos(Sapota),Pune(Moshi),REQUIRES MANUAL REVIEW,43.89
44,2026-01-07,2026-06-30,175,44,1,74.85714285714286,25.142857142857146,14,27,37,0,0,False,False,Chow Chow,Manchar APMC,REQUIRES MANUAL REVIEW,43.69
336,2024-07-01,2025-11-04,492,336,1,31.707317073170728,68.29268292682927,0,0,0,0,0,False,False,Garlic,Pune(Moshi),REQUIRES MANUAL REVIEW,43.66
45,2025-11-01,2026-07-01,243,45,1,81.4814814814815,18.51851851851852,22,29,33,0,0,False,False,Ridgeguard(Tori),Junnar(Otur) APMC,REQUIRES MANUAL REVIEW,43.61
90,2025-11-02,2026-07-01,242,90,1,62.8099173553719,37.1900826446281,15,15,15,0,0,False,False,Seetapal,Pune APMC,REQUIRES MANUAL REVIEW,43.57
330,2024-07-01,2025-11-03,491,330,1,32.79022403258656,67.20977596741345,0,0,0,0,0,False,False,Bitter gourd,Junnar(Otur),REQUIRES MANUAL REVIEW,43.44
324,2024-07-01,2025-11-02,490,324,1,33.877551020408156,66.12244897959184,0,0,0,0,0,False,False,Ridgeguard(Tori),Pune(Khadiki),REQUIRES MANUAL REVIEW,43.22
57,2025-12-01,2026-06-29,211,42,1,80.09478672985782,19.90521327014218,15,28,34,0,0,False,False,Bengal Gram(Gram)(Whole),Baramati APMC,REQUIRES MANUAL REVIEW,43.2
324,2024-07-01,2025-11-03,491,323,1,34.21588594704684,65.78411405295316,0,0,0,0,0,False,False,Cucumbar(Kheera),Manchar,REQUIRES MANUAL REVIEW,43.16
324,2024-07-01,2025-11-03,491,322,1,34.419551934826885,65.58044806517312,0,0,0,0,0,False,False,Ginger(Green),Manchar,REQUIRES MANUAL REVIEW,43.12
321,2024-07-01,2025-11-03,491,320,1,34.82688391038696,65.17311608961303,0,0,0,0,0,False,False,Cabbage,Manchar,REQUIRES MANUAL REVIEW,43.03
318,2024-07-03,2025-11-04,490,317,1,35.30612244897959,64.6938775510204,0,0,0,0,0,False,False,Cauliflower,Pune(Pimpri),REQUIRES MANUAL REVIEW,42.94
277,2024-09-01,2025-11-04,430,277,1,35.581395348837205,64.4186046511628,0,0,0,0,0,False,False,Plum,Pune,REQUIRES MANUAL REVIEW,42.88
308,2024-07-06,2025-11-02,485,308,1,36.49484536082475,63.50515463917525,0,0,0,0,0,False,False,Guar,Pune(Khadiki),REQUIRES MANUAL REVIEW,42.7
307,2024-07-01,2025-11-03,491,306,1,37.67820773930753,62.32179226069247,0,0,0,0,0,False,False,Beans,Manchar,REQUIRES MANUAL REVIEW,42.46
100,2025-11-05,2026-07-01,239,99,1,58.57740585774059,41.42259414225941,9,14,20,0,0,False,False,Beetroot,Pune(Pimpri) APMC,REQUIRES MANUAL REVIEW,42.45
304,2024-07-03,2025-11-03,489,303,1,38.036809815950924,61.963190184049076,0,0,0,0,0,False,False,Cabbage,Junnar(Narayangaon),REQUIRES MANUAL REVIEW,42.39
303,2024-07-03,2025-11-03,489,302,1,38.24130879345603,61.75869120654397,0,0,0,0,0,False,False,Brinjal,Junnar(Narayangaon),REQUIRES MANUAL REVIEW,42.35
303,2024-07-03,2025-11-03,489,302,1,38.24130879345603,61.75869120654397,0,0,0,0,0,False,False,Green Chilli,Junnar(Narayangaon),REQUIRES MANUAL REVIEW,42.35
303,2024-07-03,2025-11-03,489,302,1,38.24130879345603,61.75869120654397,0,0,0,0,0,False,False,Cauliflower,Junnar(Narayangaon),REQUIRES MANUAL REVIEW,42.35
300,2024-07-03,2025-11-03,489,299,1,38.854805725971374,61.145194274028626,0,0,0,0,0,False,False,Bottle gourd,Junnar(Narayangaon),REQUIRES MANUAL REVIEW,42.23
300,2024-07-03,2025-11-03,489,299,1,38.854805725971374,61.145194274028626,0,0,0,0,0,False,False,Beetroot,Junnar(Narayangaon),REQUIRES MANUAL REVIEW,42.23
302,2024-07-01,2025-11-03,491,300,1,38.900203665987775,61.099796334012225,0,0,0,0,0,False,False,Bitter gourd,Manchar,REQUIRES MANUAL REVIEW,42.22
297,2024-07-02,2025-10-31,487,297,1,39.01437371663244,60.98562628336756,0,0,0,0,0,False,False,Cauliflower,Manchar,REQUIRES MANUAL REVIEW,42.2
298,2024-07-02,2025-10-31,487,297,1,39.01437371663244,60.98562628336756,0,0,0,0,0,False,False,Brinjal,Manchar,REQUIRES MANUAL REVIEW,42.2
299,2024-07-03,2025-11-03,489,298,1,39.059304703476485,60.940695296523515,0,0,0,0,0,False,False,Bhindi(Ladies Finger),Junnar(Narayangaon),REQUIRES MANUAL REVIEW,42.19
297,2024-07-01,2025-10-31,488,297,1,39.13934426229508,60.86065573770492,0,0,0,0,0,False,False,Chilly Capsicum,Manchar,REQUIRES MANUAL REVIEW,42.17
297,2024-07-03,2025-11-03,489,297,1,39.26380368098159,60.73619631901841,0,0,0,0,0,False,False,Onion,Junnar(Narayangaon),REQUIRES MANUAL REVIEW,42.15
260,2024-09-02,2025-11-04,429,260,1,39.39393939393939,60.60606060606061,0,0,0,0,0,False,False,Seetapal,Pune,REQUIRES MANUAL REVIEW,42.12
297,2024-07-03,2025-11-03,489,296,1,39.46830265848671,60.53169734151329,0,0,0,0,0,False,False,Cucumbar(Kheera),Junnar(Narayangaon),REQUIRES MANUAL REVIEW,42.11
292,2024-07-12,2025-11-03,480,290,1,39.583333333333336,60.416666666666664,0,0,0,0,0,False,False,Green Peas,Junnar(Otur),REQUIRES MANUAL REVIEW,42.08
292,2024-07-03,2025-11-03,489,291,1,40.49079754601227,59.50920245398773,0,0,0,0,0,False,False,Chilly Capsicum,Junnar(Narayangaon),REQUIRES MANUAL REVIEW,41.9
292,2024-07-03,2025-11-03,489,291,1,40.49079754601227,59.50920245398773,0,0,0,0,0,False,False,Little gourd (Kundru),Junnar(Narayangaon),REQUIRES MANUAL REVIEW,41.9
292,2024-07-03,2025-11-03,489,291,1,40.49079754601227,59.50920245398773,0,0,0,0,0,False,False,Guar,Junnar(Narayangaon),REQUIRES MANUAL REVIEW,41.9
291,2024-07-03,2025-11-03,489,290,1,40.69529652351738,59.30470347648262,0,0,0,0,0,False,False,Beans,Junnar(Narayangaon),REQUIRES MANUAL REVIEW,41.86
285,2024-07-11,2025-11-03,481,285,1,40.74844074844075,59.25155925155925,0,0,0,0,0,False,False,Kakada,Pune,REQUIRES MANUAL REVIEW,41.85
286,2024-07-03,2025-11-03,489,286,1,41.51329243353783,58.48670756646217,0,0,0,0,0,False,False,Marigold(Calcutta),Pune,REQUIRES MANUAL REVIEW,41.7
285,2024-07-03,2025-11-03,489,285,1,41.717791411042946,58.282208588957054,0,0,0,0,0,False,False,Bitter gourd,Junnar(Narayangaon),REQUIRES MANUAL REVIEW,41.66
284,2024-07-01,2025-10-31,488,283,1,42.00819672131148,57.99180327868852,0,0,0,0,0,False,False,Beetroot,Manchar,REQUIRES MANUAL REVIEW,41.6
273,2024-07-01,2025-10-15,472,273,1,42.16101694915254,57.83898305084746,0,0,0,0,0,False,False,Drumstick,Pune(Manjri),REQUIRES MANUAL REVIEW,41.57
283,2024-07-01,2025-11-04,492,283,1,42.47967479674797,57.52032520325203,0,0,0,0,0,False,False,Little gourd (Kundru),Pune(Moshi),REQUIRES MANUAL REVIEW,41.5
63,2025-12-08,2026-06-29,204,42,1,79.41176470588236,20.588235294117645,13,25,33,0,0,False,False,Maize,Baramati APMC,REQUIRES MANUAL REVIEW,41.47
276,2024-07-01,2025-11-02,490,275,1,43.87755102040817,56.12244897959183,0,0,0,0,0,False,False,Little gourd (Kundru),Junnar(Otur),REQUIRES MANUAL REVIEW,41.22
276,2024-07-01,2025-11-03,491,275,1,43.9918533604888,56.0081466395112,0,0,0,0,0,False,False,Guar,Manchar,REQUIRES MANUAL REVIEW,41.2
273,2024-07-02,2025-10-31,487,272,1,44.14784394250514,55.85215605749486,0,0,0,0,0,False,False,Bhindi(Ladies Finger),Manchar,REQUIRES MANUAL REVIEW,41.17
93,2025-12-25,2026-05-08,135,93,1,31.11111111111111,68.88888888888889,0,6,27,0,0,False,False,Grapes,Pune(Moshi) APMC,REQUIRES MANUAL REVIEW,41.13
115,2025-11-29,2026-04-20,143,115,1,19.580419580419584,80.41958041958041,0,0,16,0,0,False,False,Green Peas,Pune(Manjri) APMC,REQUIRES MANUAL REVIEW,41.09
272,2024-07-01,2025-10-31,488,270,1,44.67213114754098,55.32786885245902,0,0,0,0,0,False,False,Green Chilli,Manchar,REQUIRES MANUAL REVIEW,41.07
271,2024-07-01,2025-10-31,488,269,1,44.877049180327866,55.122950819672134,0,0,0,0,0,False,False,Bottle gourd,Manchar,REQUIRES MANUAL REVIEW,41.02
133,2025-11-01,2026-05-16,197,133,1,32.48730964467005,67.51269035532995,0,2,16,0,0,False,False,Green Peas,Junnar(Otur) APMC,REQUIRES MANUAL REVIEW,40.88
230,2024-09-03,2025-11-04,428,230,1,46.26168224299065,53.73831775700935,0,0,0,0,0,False,False,Water Melon,Pune(Moshi),REQUIRES MANUAL REVIEW,40.75
259,2024-07-01,2025-11-03,491,258,1,47.45417515274949,52.54582484725051,0,0,0,0,0,False,False,Carrot,Manchar,REQUIRES MANUAL REVIEW,40.51
243,2024-07-01,2025-10-31,488,241,1,50.61475409836065,49.385245901639344,0,0,0,0,0,False,False,Little gourd (Kundru),Manchar,REQUIRES MANUAL REVIEW,39.88
242,2024-07-03,2025-11-03,489,241,1,50.715746421267895,49.284253578732105,0,0,0,0,0,False,False,Ginger(Green),Junnar(Narayangaon),REQUIRES MANUAL REVIEW,39.86
234,2024-07-03,2025-11-03,489,233,1,52.35173824130879,47.648261758691206,0,0,0,0,0,False,False,Ridgeguard(Tori),Junnar(Narayangaon),REQUIRES MANUAL REVIEW,39.53
230,2024-07-02,2025-11-04,491,230,1,53.15682281059063,46.84317718940937,0,0,0,0,0,False,False,Pointed gourd (Parval),Pune(Moshi),REQUIRES MANUAL REVIEW,39.37
223,2024-07-01,2025-10-31,488,223,1,54.30327868852459,45.69672131147541,0,0,0,0,0,False,False,Ridgeguard(Tori),Manchar,REQUIRES MANUAL REVIEW,39.14
222,2024-07-03,2025-11-03,489,221,1,54.805725971370144,45.194274028629856,0,0,0,0,0,False,False,Carrot,Junnar(Narayangaon),REQUIRES MANUAL REVIEW,39.04
163,2025-02-17,2025-09-30,226,163,1,27.876106194690266,72.12389380530973,0,0,0,0,0,False,False,Chrysanthemum(Loose),Pune,REQUIRES MANUAL REVIEW,38.77
216,2024-07-01,2025-10-31,488,214,1,56.14754098360656,43.85245901639344,0,0,0,0,0,False,False,Drumstick,Manchar,REQUIRES MANUAL REVIEW,38.77
54,2025-11-03,2026-06-28,238,54,1,77.31092436974791,22.689075630252102,6,21,33,0,0,False,False,Tomato,Manchar APMC,REQUIRES MANUAL REVIEW,38.76
215,2024-07-01,2025-11-04,492,215,1,56.30081300813008,43.69918699186992,0,0,0,0,0,False,False,Mango (Raw-Ripe),Pune(Moshi),REQUIRES MANUAL REVIEW,38.74
207,2024-07-13,2025-11-04,480,207,1,56.875,43.125,0,0,0,0,0,False,False,Raddish,Pune(Moshi),REQUIRES MANUAL REVIEW,38.62
188,2024-07-01,2025-08-27,423,187,1,55.79196217494089,44.2080378250591,0,0,0,0,0,False,False,Drumstick,Junnar(Otur),REQUIRES MANUAL REVIEW,38.19
196,2024-07-03,2025-11-03,489,195,1,60.12269938650307,39.87730061349693,0,0,0,0,0,False,False,Potato,Junnar(Narayangaon),REQUIRES MANUAL REVIEW,37.73
192,2024-07-20,2025-11-03,472,191,1,59.533898305084755,40.46610169491525,0,0,0,0,0,False,False,Peas Wet,Junnar(Narayangaon),REQUIRES MANUAL REVIEW,37.64
39,2026-02-03,2026-06-30,148,39,1,73.64864864864865,26.351351351351347,8,23,33,0,0,False,False,Sweet Pumpkin,Manchar APMC,REQUIRES MANUAL REVIEW,37.61
179,2024-09-01,2025-11-03,429,179,1,58.27505827505828,41.72494172494173,0,0,0,0,0,False,False,Seetapal,Pune(Manjri),REQUIRES MANUAL REVIEW,37.29
97,2025-11-01,2026-04-27,178,97,1,45.50561797752809,54.49438202247191,0,0,20,0,0,False,False,Wheat,Pune APMC,REQUIRES MANUAL REVIEW,37.29
42,2025-11-10,2026-07-01,234,42,1,82.05128205128204,17.94871794871795,10,19,25,0,0,False,False,Maize,Shirur APMC,REQUIRES MANUAL REVIEW,37.1
58,2025-11-02,2026-06-28,239,58,1,75.73221757322176,24.267782426778243,7,15,24,0,0,False,False,Onion,Junnar(Otur) APMC,REQUIRES MANUAL REVIEW,36.97
175,2024-09-05,2025-11-04,426,175,1,58.920187793427225,41.07981220657277,0,0,0,0,0,False,False,Pineapple,Pune(Moshi),REQUIRES MANUAL REVIEW,36.97
186,2024-07-03,2025-10-26,481,185,1,61.53846153846154,38.46153846153847,0,0,0,0,0,False,False,Drumstick,Junnar(Narayangaon),REQUIRES MANUAL REVIEW,36.94
160,2024-10-24,2025-08-14,295,160,1,45.76271186440678,54.23728813559322,0,0,0,0,0,False,False,Jack Fruit,Pune,REQUIRES MANUAL REVIEW,36.93
186,2024-07-02,2025-11-04,491,186,1,62.11812627291242,37.88187372708758,0,0,0,0,0,False,False,Green Chilli,Pune(Pimpri),REQUIRES MANUAL REVIEW,36.88
185,2024-07-05,2025-11-03,487,185,1,62.01232032854209,37.98767967145791,0,0,0,0,0,False,False,Tomato,Manchar,REQUIRES MANUAL REVIEW,36.85
165,2024-09-10,2025-09-30,386,165,1,57.2538860103627,42.74611398963731,0,0,0,0,0,False,False,Astera,Pune,REQUIRES MANUAL REVIEW,36.8
176,2024-08-13,2025-11-02,447,176,1,60.62639821029083,39.37360178970917,0,0,0,0,0,False,False,Beans,Pune(Khadiki),REQUIRES MANUAL REVIEW,36.67
36,2025-12-09,2026-07-01,205,36,1,82.43902439024392,17.560975609756095,9,18,29,0,0,False,False,Bengal Gram(Gram)(Whole),Shirur APMC,REQUIRES MANUAL REVIEW,36.6
41,2025-11-10,2026-07-01,234,39,1,83.33333333333334,16.666666666666664,10,15,23,0,0,False,False,Bajra(Pearl Millet/Cumbu),Shirur APMC,REQUIRES MANUAL REVIEW,36.03
99,2025-11-01,2026-04-25,176,99,1,43.75,56.25,0,0,15,0,0,False,False,Peas Wet,Junnar(Narayangaon) APMC,REQUIRES MANUAL REVIEW,36.02
175,2024-07-02,2025-10-31,487,174,1,64.27104722792608,35.728952772073924,0,0,0,0,0,False,False,Potato,Manchar,REQUIRES MANUAL REVIEW,35.85
168,2024-07-17,2025-10-05,446,167,1,62.55605381165918,37.44394618834081,0,0,0,0,0,False,False,Raddish,Pune(Pimpri),REQUIRES MANUAL REVIEW,35.84
47,2025-11-03,2026-06-25,235,44,1,81.27659574468085,18.72340425531915,8,18,24,0,0,False,False,Black Gram(Urd Beans)(Whole),Baramati APMC,REQUIRES MANUAL REVIEW,35.72
170,2024-07-17,2025-10-19,460,168,1,63.47826086956522,36.52173913043478,0,0,0,0,0,False,False,Peas Wet,Manchar,REQUIRES MANUAL REVIEW,35.7
162,2024-09-02,2025-11-04,429,162,1,62.23776223776224,37.76223776223776,0,0,0,0,0,False,False,Seetapal,Pune(Moshi),REQUIRES MANUAL REVIEW,35.65
172,2024-07-01,2025-11-03,491,171,1,65.17311608961303,34.82688391038696,0,0,0,0,0,False,False,Carrot,Junnar(Otur),REQUIRES MANUAL REVIEW,35.52
170,2024-07-01,2025-11-04,492,170,1,65.44715447154472,34.552845528455286,0,0,0,0,0,False,False,Sweet Potato,Pune(Moshi),REQUIRES MANUAL REVIEW,35.41
161,2024-07-03,2025-09-16,441,161,1,63.49206349206349,36.507936507936506,0,0,0,0,0,False,False,Jasmine,Pune,REQUIRES MANUAL REVIEW,35.35
38,2026-01-04,2026-06-30,178,38,1,78.65168539325843,21.34831460674157,9,18,24,0,0,False,False,Garlic,Manchar APMC,REQUIRES MANUAL REVIEW,35.05
153,2024-08-19,2025-10-30,438,153,1,65.06849315068493,34.93150684931507,0,0,0,0,0,False,False,Beetroot,Pune(Pimpri),REQUIRES MANUAL REVIEW,34.64
155,2024-07-24,2025-11-01,466,155,1,66.7381974248927,33.261802575107296,0,0,0,0,0,False,False,Chilly Capsicum,Pune(Khadiki),REQUIRES MANUAL REVIEW,34.4
137,2024-10-25,2025-08-12,292,137,1,53.082191780821915,46.917808219178085,0,0,0,0,0,False,False,Mango,Pune(Moshi),REQUIRES MANUAL REVIEW,34.23
41,2025-11-13,2026-06-30,230,41,1,82.17391304347827,17.82608695652174,8,14,20,0,0,False,False,Astera,Pune APMC,REQUIRES MANUAL REVIEW,33.92
154,2024-07-02,2025-11-04,491,153,1,68.83910386965377,31.160896130346234,0,0,0,0,0,False,False,Onion,Junnar(Alephata),REQUIRES MANUAL REVIEW,33.88
152,2024-07-04,2025-11-03,488,152,1,68.85245901639344,31.147540983606557,0,0,0,0,0,False,False,Potato,Junnar(Otur),REQUIRES MANUAL REVIEW,33.83
152,2024-07-02,2025-11-02,489,152,1,68.9161554192229,31.083844580777097,0,0,0,0,0,False,False,Onion,Manchar,REQUIRES MANUAL REVIEW,33.82
60,2025-11-01,2026-06-30,242,60,1,75.20661157024793,24.793388429752067,2,13,23,0,0,False,False,Marigold(Calcutta),Pune APMC,REQUIRES MANUAL REVIEW,33.59
130,2024-08-02,2025-06-17,320,130,1,59.375,40.625,0,0,0,0,0,False,False,Onion Green,Pune(Pimpri),REQUIRES MANUAL REVIEW,33.39
138,2024-07-17,2025-09-19,430,138,1,67.90697674418604,32.093023255813954,0,0,0,0,0,False,False,Green Peas,Pune(Manjri),REQUIRES MANUAL REVIEW,33.32
3,2026-06-29,2026-07-01,3,3,1,0.0,100.0,3,3,3,0,0,False,False,Onion,Khed APMC,REQUIRES MANUAL REVIEW,33.23
3,2026-06-29,2026-07-01,3,3,1,0.0,100.0,3,3,3,0,0,False,False,Potato,Khed APMC,REQUIRES MANUAL REVIEW,33.23
122,2024-12-08,2025-08-01,237,122,1,48.52320675105485,51.47679324894515,0,0,0,0,0,False,False,Water Melon,Pune(Manjri),REQUIRES MANUAL REVIEW,32.89
53,2025-11-13,2026-06-30,230,52,1,77.39130434782608,22.608695652173914,5,11,18,0,0,False,False,Rose(Loose)),Pune APMC,REQUIRES MANUAL REVIEW,32.76
62,2025-11-03,2026-06-18,228,61,1,73.24561403508771,26.75438596491228,3,9,18,0,0,False,False,Potato,Junnar(Otur) APMC,REQUIRES MANUAL REVIEW,32.65
127,2024-09-21,2025-11-03,409,127,1,68.94865525672371,31.05134474327628,0,0,0,0,0,False,False,Chikoos(Sapota),Pune(Manjri),REQUIRES MANUAL REVIEW,32.56
2,2026-06-30,2026-07-01,2,2,1,0.0,100.0,2,2,2,0,0,False,False,Bottle gourd,Khed APMC,REQUIRES MANUAL REVIEW,32.15
2,2026-06-30,2026-07-01,2,2,1,0.0,100.0,2,2,2,0,0,False,False,Brinjal,Khed APMC,REQUIRES MANUAL REVIEW,32.15
2,2026-06-30,2026-07-01,2,2,1,0.0,100.0,2,2,2,0,0,False,False,Tomato,Khed APMC,REQUIRES MANUAL REVIEW,32.15
2,2026-06-30,2026-07-01,2,2,1,0.0,100.0,2,2,2,0,0,False,False,Guar,Khed APMC,REQUIRES MANUAL REVIEW,32.15
23,2026-04-02,2026-06-29,89,22,1,75.2808988764045,24.719101123595504,9,17,23,0,0,False,False,Red gram/Arhar/Tur(whole),Baramati APMC,REQUIRES MANUAL REVIEW,32.15
2,2026-06-30,2026-07-01,2,2,1,0.0,100.0,2,2,2,0,0,False,False,Bhindi(Ladies Finger),Khed APMC,REQUIRES MANUAL REVIEW,32.15
2,2026-06-30,2026-07-01,2,2,1,0.0,100.0,2,2,2,0,0,False,False,Green Chilli,Khed APMC,REQUIRES MANUAL REVIEW,32.15
2,2026-06-30,2026-07-01,2,2,1,0.0,100.0,2,2,2,0,0,False,False,Chilly Capsicum,Khed APMC,REQUIRES MANUAL REVIEW,32.15
5,2026-05-10,2026-05-14,5,5,1,0.0,100.0,0,5,5,0,0,False,False,Karbuja(Musk Melon),Pune APMC,REQUIRES MANUAL REVIEW,32.05
91,2025-11-01,2026-06-30,242,91,1,62.396694214876035,37.60330578512397,3,4,4,0,0,False,False,Raddish,Pune(Moshi) APMC,REQUIRES MANUAL REVIEW,32.03
44,2026-02-08,2026-06-17,130,44,1,66.15384615384615,33.84615384615385,1,15,26,0,0,False,False,Chikoos(Sapota),Manchar APMC,REQUIRES MANUAL REVIEW,31.86
28,2026-03-13,2026-06-30,110,28,1,74.54545454545455,25.454545454545453,7,17,23,0,0,False,False,Jasmine,Pune APMC,REQUIRES MANUAL REVIEW,31.84
125,2024-07-18,2025-10-19,459,124,1,72.98474945533768,27.01525054466231,0,0,0,0,0,False,False,French Beans (Frasbean),Manchar,REQUIRES MANUAL REVIEW,31.6
39,2025-11-27,2026-06-28,214,39,1,81.77570093457945,18.22429906542056,7,10,16,0,0,False,False,Onion,Junnar APMC,REQUIRES MANUAL REVIEW,31.46
46,2026-02-04,2026-04-24,80,46,1,42.50000000000001,57.49999999999999,0,0,16,0,0,False,False,Grapes,Pune(Manjri) APMC,REQUIRES MANUAL REVIEW,31.33
1,2026-06-08,2026-06-08,1,1,1,0.0,100.0,1,1,1,0,0,False,False,Tamarind Seed,Shirur APMC,REQUIRES MANUAL REVIEW,31.08
1,2026-06-21,2026-06-21,1,1,1,0.0,100.0,1,1,1,0,0,False,False,Sunflower/Sunflower Seed,Indapur(Bhigwan) APMC,REQUIRES MANUAL REVIEW,31.08
1,2026-06-08,2026-06-08,1,1,1,0.0,100.0,1,1,1,0,0,False,False,Tamarind Fruit,Shirur APMC,REQUIRES MANUAL REVIEW,31.08
1,2026-06-14,2026-06-14,1,1,1,0.0,100.0,1,1,1,0,0,False,False,Coriander(Leaves),Khed(Shel Pimpalgaon) APMC,REQUIRES MANUAL REVIEW,31.08
1,2026-06-21,2026-06-21,1,1,1,0.0,100.0,1,1,1,0,0,False,False,"Sesamum(Sesame,Gingelly,Til)",Indapur(Bhigwan) APMC,REQUIRES MANUAL REVIEW,31.08
34,2025-11-10,2026-06-28,231,34,1,85.28138528138528,14.71861471861472,8,12,14,0,0,False,False,Pumpkin,Pune(Moshi) APMC,REQUIRES MANUAL REVIEW,30.97
47,2026-02-02,2026-05-23,111,47,1,57.65765765765766,42.34234234234234,0,1,21,0,0,False,False,Beetroot,Pune(Khadiki) APMC,REQUIRES MANUAL REVIEW,30.86
120,2024-07-04,2025-11-02,487,119,1,75.564681724846,24.435318275154007,0,0,0,0,0,False,False,Onion,Junnar(Otur),REQUIRES MANUAL REVIEW,30.84
2,2026-05-11,2026-05-11,1,1,1,0.0,100.0,0,2,2,0,0,False,False,Wheat,Indapur APMC,REQUIRES MANUAL REVIEW,30.74
2,2026-05-03,2026-05-03,1,1,1,0.0,100.0,0,2,2,0,0,False,False,Soyabean,Indapur(Bhigwan) APMC,REQUIRES MANUAL REVIEW,30.74
2,2026-05-11,2026-05-11,1,1,1,0.0,100.0,0,2,2,0,0,False,False,Jowar(Sorghum),Indapur APMC,REQUIRES MANUAL REVIEW,30.74
112,2024-08-11,2025-11-02,449,112,1,75.05567928730513,24.94432071269488,0,0,0,0,0,False,False,Ridgeguard(Tori),Junnar(Otur),REQUIRES MANUAL REVIEW,30.59
15,2026-05-21,2026-06-28,39,15,1,61.53846153846154,38.46153846153847,9,15,15,0,0,False,False,Litchi,Pune(Moshi) APMC,REQUIRES MANUAL REVIEW,30.51
30,2025-11-10,2026-07-01,234,30,1,87.17948717948718,12.82051282051282,8,11,14,0,0,False,False,Soyabean,Shirur APMC,REQUIRES MANUAL REVIEW,30.48
105,2025-01-02,2025-09-15,257,105,1,59.143968871595334,40.856031128404666,0,0,0,0,0,False,False,Grapes,Pune(Moshi),REQUIRES MANUAL REVIEW,30.46
1,2026-05-03,2026-05-03,1,1,1,0.0,100.0,0,1,1,0,0,False,False,Arhar(Tur/Red Gram)(Whole),Indapur(Bhigwan) APMC,REQUIRES MANUAL REVIEW,30.41
1,2026-05-11,2026-05-11,1,1,1,0.0,100.0,0,1,1,0,0,False,False,Bengal Gram(Gram)(Whole),Indapur APMC,REQUIRES MANUAL REVIEW,30.41
1,2026-05-06,2026-05-06,1,1,1,0.0,100.0,0,1,1,0,0,False,False,Cowpea(Lobia/Karamani),Shirur APMC,REQUIRES MANUAL REVIEW,30.41
1,2026-05-03,2026-05-03,1,1,1,0.0,100.0,0,1,1,0,0,False,False,Green Gram(Moong)(Whole),Indapur(Bhigwan) APMC,REQUIRES MANUAL REVIEW,30.41
1,2026-05-10,2026-05-10,1,1,1,0.0,100.0,0,1,1,0,0,False,False,Groundnut,Pune APMC,REQUIRES MANUAL REVIEW,30.41
1,2026-05-11,2026-05-11,1,1,1,0.0,100.0,0,1,1,0,0,False,False,Groundnut,Indapur APMC,REQUIRES MANUAL REVIEW,30.41
1,2026-05-11,2026-05-11,1,1,1,0.0,100.0,0,1,1,0,0,False,False,Maize,Indapur APMC,REQUIRES MANUAL REVIEW,30.41
1,2026-05-11,2026-05-11,1,1,1,0.0,100.0,0,1,1,0,0,False,False,Black Gram(Urd Beans)(Whole),Indapur APMC,REQUIRES MANUAL REVIEW,30.41
1,2026-04-21,2026-04-21,1,1,1,0.0,100.0,0,0,1,0,0,False,False,Methi(Leaves),Khed(Shel Pimpalgaon) APMC,REQUIRES MANUAL REVIEW,30.41
1,2026-05-11,2026-05-11,1,1,1,0.0,100.0,0,1,1,0,0,False,False,Bajra(Pearl Millet/Cumbu),Indapur APMC,REQUIRES MANUAL REVIEW,30.41
1,2026-05-03,2026-05-03,1,1,1,0.0,100.0,0,1,1,0,0,False,False,Chili Red,Indapur(Bhigwan) APMC,REQUIRES MANUAL REVIEW,30.41
102,2024-10-21,2025-11-03,379,101,1,73.35092348284961,26.649076517150394,0,0,0,0,0,False,False,Onion Green,Manchar,REQUIRES MANUAL REVIEW,30.38
34,2026-03-12,2026-05-24,74,34,1,54.054054054054056,45.94594594594595,0,9,22,0,0,False,False,Water Melon,Junnar(Narayangaon) APMC,REQUIRES MANUAL REVIEW,30.25
3,2025-11-26,2025-11-28,3,3,1,0.0,100.0,0,0,0,0,0,False,False,Banana - Green,Pune(Manjri) APMC,REQUIRES MANUAL REVIEW,30.23
112,2024-07-03,2025-11-03,489,112,1,77.0961145194274,22.903885480572598,0,0,0,0,0,False,False,Bitter gourd,Pune(Pimpri),REQUIRES MANUAL REVIEW,30.18
144,2024-08-30,2025-10-31,428,105,1,75.46728971962618,24.53271028037383,0,0,0,0,0,False,False,Bajra(Pearl Millet/Cumbu),Shirur,REQUIRES MANUAL REVIEW,30.16
2,2026-02-13,2026-02-14,2,2,1,0.0,100.0,0,0,0,0,0,False,False,Sweet Potato,Pune(Manjri) APMC,REQUIRES MANUAL REVIEW,30.15
1,2025-11-14,2025-11-14,1,1,1,0.0,100.0,0,0,0,0,0,False,False,Onion Green,Khed(Chakan) APMC,REQUIRES MANUAL REVIEW,30.08
1,2025-11-01,2025-11-01,1,1,1,0.0,100.0,0,0,0,0,0,False,False,She Buffalo,Bhor APMC,REQUIRES MANUAL REVIEW,30.08
1,2025-11-01,2025-11-01,1,1,1,0.0,100.0,0,0,0,0,0,False,False,Black Gram(Urd Beans)(Whole),Indapur(Nimgaon Ketki) APMC,REQUIRES MANUAL REVIEW,30.08
1,2026-02-18,2026-02-18,1,1,1,0.0,100.0,0,0,0,0,0,False,False,Black Gram(Urd Beans)(Whole),Shirur APMC,REQUIRES MANUAL REVIEW,30.08
1,2025-05-23,2025-05-23,1,1,1,0.0,100.0,0,0,0,0,0,False,False,Cowpea (Lobia/Karamani),Pune(Pimpri),REQUIRES MANUAL REVIEW,30.08
1,2024-07-11,2024-07-11,1,1,1,0.0,100.0,0,0,0,0,0,False,False,Ginger(Green),Pune(Pimpri),REQUIRES MANUAL REVIEW,30.08
1,2025-03-01,2025-03-01,1,1,1,0.0,100.0,0,0,0,0,0,False,False,Arhar (Tur/Red Gram)(Whole),Indapur(Nimgaon Ketki),REQUIRES MANUAL REVIEW,30.08
1,2025-12-16,2025-12-16,1,1,1,0.0,100.0,0,0,0,0,0,False,False,Onion Green,Khed APMC,REQUIRES MANUAL REVIEW,30.08
1,2025-12-19,2025-12-19,1,1,1,0.0,100.0,0,0,0,0,0,False,False,Mango,Pune APMC,REQUIRES MANUAL REVIEW,30.08
1,2025-06-15,2025-06-15,1,1,1,0.0,100.0,0,0,0,0,0,False,False,Little gourd (Kundru),Pune(Pimpri),REQUIRES MANUAL REVIEW,30.08
1,2025-01-01,2025-01-01,1,1,1,0.0,100.0,0,0,0,0,0,False,False,Soyabean,Nira(Saswad),REQUIRES MANUAL REVIEW,30.08
1,2025-04-23,2025-04-23,1,1,1,0.0,100.0,0,0,0,0,0,False,False,Chikoos(Sapota),Junnar(Narayangaon),REQUIRES MANUAL REVIEW,30.08
1,2026-02-15,2026-02-15,1,1,1,0.0,100.0,0,0,0,0,0,False,False,Snakeguard,Pune(Moshi) APMC,REQUIRES MANUAL REVIEW,30.08
1,2024-12-26,2024-12-26,1,1,1,0.0,100.0,0,0,0,0,0,False,False,Soyabean,Indapur,REQUIRES MANUAL REVIEW,30.08
1,2026-02-15,2026-02-15,1,1,1,0.0,100.0,0,0,0,0,0,False,False,Groundnut,Pune(Moshi) APMC,REQUIRES MANUAL REVIEW,30.08
1,2025-04-21,2025-04-21,1,1,1,0.0,100.0,0,0,0,0,0,False,False,Groundnut,Indapur,REQUIRES MANUAL REVIEW,30.08
1,2025-08-22,2025-08-22,1,1,1,0.0,100.0,0,0,0,0,0,False,False,Safflower,Shirur,REQUIRES MANUAL REVIEW,30.08
1,2025-12-05,2025-12-05,1,1,1,0.0,100.0,0,0,0,0,0,False,False,Sweet Pumpkin,Junnar(Otur) APMC,REQUIRES MANUAL REVIEW,30.08
1,2025-06-25,2025-06-25,1,1,1,0.0,100.0,0,0,0,0,0,False,False,Tender Coconut,Manchar,REQUIRES MANUAL REVIEW,30.08
1,2025-03-18,2025-03-18,1,1,1,0.0,100.0,0,0,0,0,0,False,False,Karbuja(Musk Melon),Pune,REQUIRES MANUAL REVIEW,30.08
1,2025-09-14,2025-09-14,1,1,1,0.0,100.0,0,0,0,0,0,False,False,Corriander seed,Indapur(Bhigwan),REQUIRES MANUAL REVIEW,30.08
1,2025-07-05,2025-07-05,1,1,1,0.0,100.0,0,0,0,0,0,False,False,Sweet Potato,Junnar(Narayangaon),REQUIRES MANUAL REVIEW,30.08
1,2024-08-03,2024-08-03,1,1,1,0.0,100.0,0,0,0,0,0,False,False,He Buffalo,Bhor,REQUIRES MANUAL REVIEW,30.08
1,2025-05-12,2025-05-12,1,1,1,0.0,100.0,0,0,0,0,0,False,False,Papaya,Pune(Pimpri),REQUIRES MANUAL REVIEW,30.08
1,2026-03-10,2026-03-10,1,1,1,0.0,100.0,0,0,0,0,0,False,False,Black Gram(Urd Beans)(Whole),Dound APMC,REQUIRES MANUAL REVIEW,30.08
1,2025-01-05,2025-01-05,1,1,1,0.0,100.0,0,0,0,0,0,False,False,Tamarind Fruit,Manchar,REQUIRES MANUAL REVIEW,30.08
1,2025-05-23,2025-05-23,1,1,1,0.0,100.0,0,0,0,0,0,False,False,Sweet Pumpkin,Pune(Pimpri),REQUIRES MANUAL REVIEW,30.08
1,2025-09-21,2025-09-21,1,1,1,0.0,100.0,0,0,0,0,0,False,False,Mataki,Indapur(Bhigwan),REQUIRES MANUAL REVIEW,30.08
110,2024-07-02,2025-11-04,491,110,1,77.59674134419552,22.403258655804482,0,0,0,0,0,False,False,Elephant Yam (Suran),Pune(Moshi),REQUIRES MANUAL REVIEW,29.98
61,2025-11-02,2026-06-27,238,61,1,74.36974789915966,25.630252100840334,3,7,9,0,0,False,False,Elephant Yam(Suran)/Amorphophallus,Pune(Moshi) APMC,REQUIRES MANUAL REVIEW,29.7
100,2024-09-02,2025-11-03,428,100,1,76.63551401869158,23.364485981308412,0,0,0,0,0,False,False,Pear(Marasebu),Pune(Moshi),REQUIRES MANUAL REVIEW,29.67
102,2024-08-09,2025-11-04,453,102,1,77.48344370860927,22.516556291390728,0,0,0,0,0,False,False,Wheat,Pune,REQUIRES MANUAL REVIEW,29.6
92,2024-07-01,2025-07-09,374,92,1,75.40106951871658,24.598930481283425,0,0,0,0,0,False,False,Mango (Raw-Ripe),Manchar,REQUIRES MANUAL REVIEW,29.52
97,2024-09-03,2025-10-28,421,97,1,76.95961995249407,23.040380047505938,0,0,0,0,0,False,False,Pomegranate,Indapur,REQUIRES MANUAL REVIEW,29.46
104,2024-07-02,2025-11-02,489,104,1,78.7321063394683,21.267893660531698,0,0,0,0,0,False,False,Guar,Pune(Pimpri),REQUIRES MANUAL REVIEW,29.45
97,2024-07-01,2025-03-12,255,97,1,61.96078431372549,38.03921568627451,0,0,0,0,0,False,False,Onion,Baramati,REQUIRES MANUAL REVIEW,29.44
122,2024-07-04,2025-11-02,487,103,1,78.85010266940452,21.149897330595483,0,0,0,0,0,False,False,Wheat,Dound,REQUIRES MANUAL REVIEW,29.38
97,2024-09-01,2025-10-31,426,96,1,77.46478873239437,22.535211267605636,0,0,0,0,0,False,False,Lime,Manchar,REQUIRES MANUAL REVIEW,29.31
58,2025-04-05,2025-06-25,82,58,1,29.268292682926834,70.73170731707317,0,0,0,0,0,False,False,Mango (Raw-Ripe),Pune(Pimpri),REQUIRES MANUAL REVIEW,29.29
95,2025-02-16,2025-10-26,253,95,1,62.450592885375485,37.54940711462451,0,0,0,0,0,False,False,Karbuja(Musk Melon),Pune(Manjri),REQUIRES MANUAL REVIEW,29.19
44,2025-11-28,2026-06-23,208,32,1,84.61538461538461,15.384615384615385,5,8,16,0,0,False,False,Soyabean,Baramati APMC,REQUIRES MANUAL REVIEW,29.04
52,2025-12-31,2026-05-28,149,52,1,65.1006711409396,34.899328859060404,0,7,16,0,0,False,False,Peas Wet,Manchar APMC,REQUIRES MANUAL REVIEW,29.0
65,2025-04-22,2025-07-30,100,65,1,35.0,65.0,0,0,0,0,0,False,False,Jamun(Narale Hannu),Pune,REQUIRES MANUAL REVIEW,28.99
69,2025-12-09,2026-04-02,115,69,1,40.0,60.0,0,0,1,0,0,False,False,Peas Wet,Pune(Khadiki) APMC,REQUIRES MANUAL REVIEW,28.93
108,2024-08-27,2025-10-30,430,92,1,78.6046511627907,21.3953488372093,0,0,0,0,0,False,False,Wheat,Shirur,REQUIRES MANUAL REVIEW,28.88
111,2024-07-04,2025-11-02,487,95,1,80.49281314168377,19.50718685831622,0,0,0,0,0,False,False,Bajra(Pearl Millet/Cumbu),Dound,REQUIRES MANUAL REVIEW,28.65
93,2024-07-05,2025-11-01,485,93,1,80.82474226804123,19.175257731958766,0,0,0,0,0,False,False,Drumstick,Pune(Khadiki),REQUIRES MANUAL REVIEW,28.49
31,2026-03-01,2026-06-24,116,31,1,73.27586206896552,26.72413793103448,3,12,19,0,0,False,False,Water Melon,Manchar APMC,REQUIRES MANUAL REVIEW,28.41
85,2024-09-20,2025-11-04,411,85,1,79.31873479318735,20.68126520681265,0,0,0,0,0,False,False,Amla(Nelli Kai),Pune(Moshi),REQUIRES MANUAL REVIEW,28.39
216,2024-07-01,2025-10-30,487,92,1,81.1088295687885,18.8911704312115,0,0,0,0,0,False,False,Wheat,Baramati,REQUIRES MANUAL REVIEW,28.38
93,2024-07-01,2025-11-03,491,92,1,81.26272912423626,18.73727087576375,0,0,0,0,0,False,False,Black Gram (Urd Beans)(Whole),Baramati,REQUIRES MANUAL REVIEW,28.35
88,2024-07-17,2025-04-09,267,88,1,67.04119850187267,32.958801498127336,0,0,0,0,0,False,False,Guar,Khed,REQUIRES MANUAL REVIEW,28.31
81,2024-07-02,2025-07-17,381,81,1,78.74015748031495,21.25984251968504,0,0,0,0,0,False,False,Mint(Pudina),Pune(Pimpri),REQUIRES MANUAL REVIEW,28.3
87,2024-07-17,2025-04-09,267,87,1,67.41573033707866,32.58426966292135,0,0,0,0,0,False,False,Bitter gourd,Khed,REQUIRES MANUAL REVIEW,28.18
84,2024-08-27,2025-10-31,431,84,1,80.51044083526682,19.489559164733176,0,0,0,0,0,False,False,Soyabean,Shirur,REQUIRES MANUAL REVIEW,28.1
83,2024-07-01,2025-08-26,422,83,1,80.33175355450237,19.66824644549763,0,0,0,0,0,False,False,Mango (Raw-Ripe),Junnar(Otur),REQUIRES MANUAL REVIEW,28.08
14,2025-11-02,2026-06-25,236,14,1,94.0677966101695,5.932203389830509,8,13,13,0,0,False,False,Pomegranate,Pune(Manjri) APMC,REQUIRES MANUAL REVIEW,28.02
43,2025-11-03,2026-07-01,241,43,1,82.15767634854771,17.842323651452283,1,3,15,0,0,False,False,Bitter gourd,Pune(Pimpri) APMC,REQUIRES MANUAL REVIEW,27.99
49,2025-12-26,2026-05-02,128,49,1,61.71875,38.28125,0,1,13,0,0,False,False,Raddish,Pune(Pimpri) APMC,REQUIRES MANUAL REVIEW,27.95
80,2024-09-05,2025-11-02,424,80,1,81.13207547169812,18.867924528301888,0,0,0,0,0,False,False,Pomegranate,Pune(Manjri),REQUIRES MANUAL REVIEW,27.77
83,2024-08-20,2025-04-12,236,83,1,64.83050847457628,35.16949152542373,0,0,0,0,0,False,False,Peas Wet,Pune(Khadiki),REQUIRES MANUAL REVIEW,27.65
22,2025-11-01,2026-07-01,243,22,1,90.94650205761316,9.053497942386832,8,8,8,0,0,False,False,Seetapal,Pune(Manjri) APMC,REQUIRES MANUAL REVIEW,27.57
80,2024-08-27,2025-10-31,431,78,1,81.90255220417633,18.097447795823665,0,0,0,0,0,False,False,Maize,Shirur,REQUIRES MANUAL REVIEW,27.52
83,2024-07-04,2025-10-30,484,82,1,83.05785123966942,16.94214876033058,0,0,0,0,0,False,False,Onion,Junnar,REQUIRES MANUAL REVIEW,27.49
155,2024-07-01,2025-10-30,487,81,1,83.3675564681725,16.632443531827516,0,0,0,0,0,False,False,Maize,Baramati,REQUIRES MANUAL REVIEW,27.38
79,2024-07-15,2025-10-21,464,79,1,82.97413793103449,17.025862068965516,0,0,0,0,0,False,False,Beans,Pune(Pimpri),REQUIRES MANUAL REVIEW,27.36
79,2024-07-17,2025-03-06,233,79,1,66.09442060085837,33.90557939914164,0,0,0,0,0,False,False,Bhindi(Ladies Finger),Khed,REQUIRES MANUAL REVIEW,27.11
27,2025-11-02,2026-06-28,239,24,1,89.9581589958159,10.0418410041841,7,8,8,0,0,False,False,Wheat,Dound APMC,REQUIRES MANUAL REVIEW,27.09
48,2025-03-20,2025-06-04,77,48,1,37.66233766233766,62.33766233766234,0,0,0,0,0,False,False,Water Melon,Khed(Chakan),REQUIRES MANUAL REVIEW,26.98
70,2024-07-01,2025-10-18,475,70,1,85.26315789473684,14.736842105263156,0,0,0,0,0,False,False,Sweet Pumpkin,Pune(Khadiki),REQUIRES MANUAL REVIEW,26.45
69,2024-07-11,2025-10-19,466,69,1,85.1931330472103,14.806866952789699,0,0,0,0,0,False,False,Sweet Pumpkin,Manchar,REQUIRES MANUAL REVIEW,26.41
42,2025-11-13,2026-06-30,230,42,1,81.73913043478261,18.26086956521739,3,4,7,0,0,False,False,Chrysanthemum(Loose),Pune APMC,REQUIRES MANUAL REVIEW,26.39
69,2024-07-04,2025-11-04,489,69,1,85.88957055214725,14.11042944785276,0,0,0,0,0,False,False,Gur(Jaggery),Baramati,REQUIRES MANUAL REVIEW,26.27
63,2024-09-11,2025-11-02,418,63,1,84.92822966507177,15.07177033492823,0,0,0,0,0,False,False,Lime,Junnar(Narayangaon),REQUIRES MANUAL REVIEW,26.16
64,2024-07-23,2025-10-22,457,64,1,85.99562363238512,14.00437636761488,0,0,0,0,0,False,False,Sweet Pumpkin,Junnar(Otur),REQUIRES MANUAL REVIEW,26.0
62,2024-08-21,2025-11-02,439,62,1,85.87699316628702,14.123006833712983,0,0,0,0,0,False,False,Raddish,Pune(Khadiki),REQUIRES MANUAL REVIEW,25.92
60,2024-08-30,2025-10-14,411,60,1,85.40145985401459,14.5985401459854,0,0,0,0,0,False,False,Arhar (Tur/Red Gram)(Whole),Shirur,REQUIRES MANUAL REVIEW,25.92
63,2024-07-17,2025-10-18,459,63,1,86.27450980392157,13.725490196078432,0,0,0,0,0,False,False,Ridgeguard(Tori),Pune(Pimpri),REQUIRES MANUAL REVIEW,25.9
75,2024-07-01,2025-10-30,487,63,1,87.06365503080082,12.93634496919918,0,0,0,0,0,False,False,Green Gram (Moong)(Whole),Baramati,REQUIRES MANUAL REVIEW,25.74
62,2024-07-16,2025-10-31,473,62,1,86.89217758985201,13.107822410147993,0,0,0,0,0,False,False,Soyabean,Baramati,REQUIRES MANUAL REVIEW,25.72
63,2024-07-16,2025-10-31,473,62,1,86.89217758985201,13.107822410147993,0,0,0,0,0,False,False,Sunflower,Baramati,REQUIRES MANUAL REVIEW,25.72
59,2024-08-27,2025-10-30,430,59,1,86.27906976744187,13.72093023255814,0,0,0,0,0,False,False,Jowar(Sorghum),Shirur,REQUIRES MANUAL REVIEW,25.69
34,2025-11-27,2026-06-21,207,34,1,83.57487922705313,16.425120772946862,2,5,11,0,0,False,False,Potato,Junnar APMC,REQUIRES MANUAL REVIEW,25.66
60,2024-07-14,2025-10-31,475,60,1,87.36842105263159,12.631578947368421,0,0,0,0,0,False,False,Garlic,Manchar,REQUIRES MANUAL REVIEW,25.53
67,2024-07-17,2025-03-06,233,67,1,71.24463519313305,28.75536480686695,0,0,0,0,0,False,False,Chilly Capsicum,Khed,REQUIRES MANUAL REVIEW,25.48
59,2024-07-04,2025-11-02,487,59,1,87.88501026694045,12.114989733059549,0,0,0,0,0,False,False,Maize,Dound,REQUIRES MANUAL REVIEW,25.37
27,2025-05-20,2025-06-30,42,27,1,35.71428571428571,64.28571428571429,0,0,0,0,0,False,False,Jamun(Narale Hannu),Pune(Manjri),REQUIRES MANUAL REVIEW,25.36
66,2024-07-17,2025-03-06,233,66,1,71.67381974248927,28.32618025751073,0,0,0,0,0,False,False,Green Chilli,Khed,REQUIRES MANUAL REVIEW,25.35
38,2025-11-01,2026-06-04,216,38,1,82.4074074074074,17.59259259259259,1,6,10,0,0,False,False,Garlic,Junnar(Narayangaon) APMC,REQUIRES MANUAL REVIEW,25.34
10,2025-05-27,2025-06-09,14,10,1,28.57142857142857,71.42857142857143,0,0,0,0,0,False,False,Mango,Pune(Manjri),REQUIRES MANUAL REVIEW,25.17
56,2024-07-13,2025-11-02,478,56,1,88.28451882845188,11.715481171548117,0,0,0,0,0,False,False,Sweet Potato,Khed(Chakan),REQUIRES MANUAL REVIEW,25.14
55,2024-08-27,2025-10-30,430,53,1,87.67441860465117,12.325581395348838,0,0,0,0,0,False,False,Green Gram (Moong)(Whole),Shirur,REQUIRES MANUAL REVIEW,25.12
57,2024-07-01,2025-11-03,491,56,1,88.59470468431772,11.405295315682281,0,0,0,0,0,False,False,Onion,Indapur,REQUIRES MANUAL REVIEW,25.08
48,2024-09-03,2025-09-02,365,48,1,86.84931506849315,13.150684931506849,0,0,0,0,0,False,False,Pomegranate,Junnar(Alephata),REQUIRES MANUAL REVIEW,25.03
54,2024-08-27,2025-10-31,431,52,1,87.93503480278422,12.064965197215777,0,0,0,0,0,False,False,Bengal Gram(Gram)(Whole),Shirur,REQUIRES MANUAL REVIEW,25.01
56,2025-11-03,2026-04-24,173,56,1,67.6300578034682,32.369942196531795,0,0,3,0,0,False,False,Pear(Marasebu),Pune(Moshi) APMC,REQUIRES MANUAL REVIEW,25.01
54,2024-07-16,2025-10-31,473,54,1,88.58350951374207,11.416490486257928,0,0,0,0,0,False,False,Groundnut,Baramati,REQUIRES MANUAL REVIEW,24.98
12,2026-05-21,2026-06-30,41,12,1,70.73170731707317,29.268292682926827,5,12,12,0,0,False,False,Peach,Pune APMC,REQUIRES MANUAL REVIEW,24.91
18,2025-11-02,2026-06-25,236,18,1,92.37288135593221,7.627118644067797,6,6,6,0,0,False,False,Maize,Dound APMC,REQUIRES MANUAL REVIEW,24.89
55,2024-07-04,2025-10-12,466,52,1,88.8412017167382,11.158798283261802,0,0,0,0,0,False,False,Bengal Gram(Gram)(Whole),Dound,REQUIRES MANUAL REVIEW,24.83
59,2024-09-11,2025-06-24,287,58,1,79.79094076655052,20.209059233449477,0,0,0,0,0,False,False,Water Melon,Manchar,REQUIRES MANUAL REVIEW,24.8
48,2024-09-29,2025-10-30,397,47,1,88.16120906801007,11.838790931989925,0,0,0,0,0,False,False,Potato,Junnar,REQUIRES MANUAL REVIEW,24.72
51,2024-07-04,2025-10-30,484,51,1,89.46280991735537,10.537190082644628,0,0,0,0,0,False,False,Cow,Junnar(Alephata),REQUIRES MANUAL REVIEW,24.66
58,2024-08-16,2025-01-19,157,58,1,63.05732484076434,36.94267515923567,0,0,0,0,0,False,False,Onion,Shirur,REQUIRES MANUAL REVIEW,24.59
47,2024-09-06,2025-11-01,422,47,1,88.86255924170617,11.137440758293838,0,0,0,0,0,False,False,Lime,Junnar(Otur),REQUIRES MANUAL REVIEW,24.58
55,2025-11-02,2026-03-18,137,55,1,59.85401459854014,40.14598540145985,0,0,0,0,0,False,False,Kakada,Pune APMC,REQUIRES MANUAL REVIEW,24.53
46,2024-09-01,2025-10-19,414,46,1,88.88888888888889,11.11111111111111,0,0,0,0,0,False,False,Seetapal,Manchar,REQUIRES MANUAL REVIEW,24.52
46,2024-08-23,2025-11-01,436,46,1,89.44954128440367,10.550458715596331,0,0,0,0,0,False,False,Onion Green,Pune(Khadiki),REQUIRES MANUAL REVIEW,24.41
58,2024-07-17,2025-03-06,233,58,1,75.10729613733905,24.892703862660944,0,0,0,0,0,False,False,Brinjal,Khed,REQUIRES MANUAL REVIEW,24.26
20,2025-11-13,2026-06-18,218,20,1,90.82568807339449,9.174311926605505,3,7,10,0,0,False,False,Cow,Junnar(Alephata) APMC,REQUIRES MANUAL REVIEW,24.14
27,2026-02-03,2026-05-17,104,27,1,74.03846153846155,25.961538461538463,0,5,14,0,0,False,False,French Beans(Frasbean),Manchar APMC,REQUIRES MANUAL REVIEW,24.06
42,2024-07-22,2025-10-30,466,40,1,91.41630901287554,8.583690987124463,0,0,0,0,0,False,False,Bengal Gram(Gram)(Whole),Baramati,REQUIRES MANUAL REVIEW,23.72
20,2025-11-02,2026-06-21,232,17,1,92.67241379310344,7.327586206896551,5,5,5,0,0,False,False,Bajra(Pearl Millet/Cumbu),Dound APMC,REQUIRES MANUAL REVIEW,23.67
2,2024-10-03,2024-10-05,3,2,1,33.333333333333336,66.66666666666666,0,0,0,0,0,False,False,Rajgir,Khed(Chakan),REQUIRES MANUAL REVIEW,23.52
2,2025-11-01,2025-11-03,3,2,1,33.333333333333336,66.66666666666666,0,0,0,0,0,False,False,Onion Green,Manchar APMC,REQUIRES MANUAL REVIEW,23.52
37,2024-07-16,2025-10-06,448,37,1,91.74107142857143,8.258928571428571,0,0,0,0,0,False,False,Rajgir,Pune(Khadiki),REQUIRES MANUAL REVIEW,23.5
37,2024-07-06,2025-11-01,484,37,1,92.35537190082644,7.644628099173553,0,0,0,0,0,False,False,Ox,Bhor,REQUIRES MANUAL REVIEW,23.38
37,2024-07-06,2025-11-01,484,37,1,92.35537190082644,7.644628099173553,0,0,0,0,0,False,False,Cow,Bhor,REQUIRES MANUAL REVIEW,23.38
43,2025-01-15,2025-04-28,104,43,1,58.65384615384615,41.34615384615385,0,0,0,0,0,False,False,Grapes,Pune(Manjri),REQUIRES MANUAL REVIEW,23.27
35,2024-07-04,2025-10-12,466,35,1,92.4892703862661,7.510729613733906,0,0,0,0,0,False,False,Jowar(Sorghum),Dound,REQUIRES MANUAL REVIEW,23.25
34,2024-07-06,2025-11-01,484,34,1,92.97520661157024,7.024793388429752,0,0,0,0,0,False,False,She Buffalo,Bhor,REQUIRES MANUAL REVIEW,23.1
33,2024-07-01,2025-09-29,456,33,1,92.76315789473684,7.236842105263158,0,0,0,0,0,False,False,Rice,Baramati,REQUIRES MANUAL REVIEW,23.1
54,2025-01-27,2025-10-30,277,45,1,83.75451263537906,16.24548736462094,0,0,0,0,0,False,False,Bajra(Pearl Millet/Cumbu),Baramati,REQUIRES MANUAL REVIEW,23.09
34,2025-11-01,2026-01-12,73,34,1,53.42465753424658,46.57534246575342,0,0,0,0,0,False,False,Seetapal,Pune(Moshi) APMC,REQUIRES MANUAL REVIEW,23.02
31,2024-07-01,2025-08-31,427,31,1,92.7400468384075,7.259953161592506,0,0,0,0,0,False,False,Chow Chow,Manchar,REQUIRES MANUAL REVIEW,23.0
46,2025-03-05,2025-07-12,130,46,1,64.61538461538461,35.38461538461539,0,0,0,0,0,False,False,Mango (Raw-Ripe),Pune(Khadiki),REQUIRES MANUAL REVIEW,22.94
36,2025-11-01,2026-01-20,81,36,1,55.55555555555556,44.44444444444444,0,0,0,0,0,False,False,Methi(Leaves),Pune(Khadiki) APMC,REQUIRES MANUAL REVIEW,22.91
15,2025-11-03,2026-06-29,239,15,1,93.72384937238493,6.2761506276150625,2,7,9,0,0,False,False,Onion,Indapur APMC,REQUIRES MANUAL REVIEW,22.89
31,2024-07-18,2025-10-26,466,31,1,93.34763948497854,6.652360515021459,0,0,0,0,0,False,False,Snakeguard,Pune(Moshi),REQUIRES MANUAL REVIEW,22.88
30,2024-08-11,2025-11-01,448,30,1,93.30357142857143,6.696428571428571,0,0,0,0,0,False,False,French Beans (Frasbean),Junnar(Otur),REQUIRES MANUAL REVIEW,22.84
20,2025-12-02,2026-06-23,204,19,1,90.68627450980392,9.313725490196079,3,5,7,0,0,False,False,Groundnut,Baramati APMC,REQUIRES MANUAL REVIEW,22.74
27,2024-09-20,2025-10-12,388,27,1,93.04123711340206,6.958762886597938,0,0,0,0,0,False,False,Black Gram (Urd Beans)(Whole),Shirur,REQUIRES MANUAL REVIEW,22.74
30,2024-07-05,2025-11-03,487,30,1,93.83983572895276,6.160164271047227,0,0,0,0,0,False,False,Garlic,Junnar(Narayangaon),REQUIRES MANUAL REVIEW,22.73
43,2025-01-29,2025-11-01,277,42,1,84.8375451263538,15.162454873646208,0,0,0,0,0,False,False,Ginger(Green),Junnar(Otur),REQUIRES MANUAL REVIEW,22.72
24,2024-09-02,2025-09-14,378,24,1,93.65079365079364,6.349206349206349,0,0,0,0,0,False,False,Papaya,Junnar(Narayangaon),REQUIRES MANUAL REVIEW,22.47
33,2025-03-30,2025-06-13,76,33,1,56.57894736842105,43.42105263157895,0,0,0,0,0,False,False,Mango (Raw-Ripe),Pune(Manjri),REQUIRES MANUAL REVIEW,22.42
9,2025-11-13,2026-06-25,225,9,1,96.0,4.0,5,5,5,0,0,False,False,Bengal Gram(Gram)(Whole),Dound APMC,REQUIRES MANUAL REVIEW,22.41
25,2024-07-07,2025-09-29,450,25,1,94.44444444444444,5.555555555555555,0,0,0,0,0,False,False,Tomato,Junnar(Otur),REQUIRES MANUAL REVIEW,22.36
17,2025-12-08,2026-06-25,200,17,1,91.5,8.5,3,7,7,0,0,False,False,Green Gram(Moong)(Whole),Baramati APMC,REQUIRES MANUAL REVIEW,22.36
26,2024-07-01,2025-11-03,491,26,1,94.70468431771894,5.295315682281059,0,0,0,0,0,False,False,Arhar (Tur/Red Gram)(Whole),Baramati,REQUIRES MANUAL REVIEW,22.36
22,2024-09-15,2025-10-02,383,22,1,94.25587467362925,5.7441253263707575,0,0,0,0,0,False,False,Rajgir,Pune(Moshi),REQUIRES MANUAL REVIEW,22.25
10,2025-11-01,2026-06-27,239,10,1,95.81589958158996,4.184100418410042,3,6,7,0,0,False,False,Ox,Bhor APMC,REQUIRES MANUAL REVIEW,22.22
11,2026-03-18,2026-06-18,93,11,1,88.17204301075269,11.827956989247312,5,9,10,0,0,False,False,Guava,Manchar APMC,REQUIRES MANUAL REVIEW,22.13
23,2024-07-14,2025-10-31,475,23,1,95.15789473684211,4.842105263157895,0,0,0,0,0,False,False,Sweet Potato,Manchar,REQUIRES MANUAL REVIEW,22.12
23,2024-07-06,2025-11-01,484,23,1,95.24793388429752,4.75206611570248,0,0,0,0,0,False,False,Maize,Indapur(Nimgaon Ketki),REQUIRES MANUAL REVIEW,22.1
14,2025-12-09,2026-06-30,204,14,1,93.13725490196079,6.862745098039216,3,5,7,0,0,False,False,Jowar(Sorghum),Shirur APMC,REQUIRES MANUAL REVIEW,21.99
30,2025-11-03,2026-05-04,183,29,1,84.15300546448088,15.846994535519126,0,1,7,0,0,False,False,Arhar(Tur/Red Gram)(Whole),Baramati APMC,REQUIRES MANUAL REVIEW,21.97
17,2026-03-05,2026-06-23,111,14,1,87.38738738738738,12.612612612612612,3,6,11,0,0,False,False,Sunflower/Sunflower Seed,Baramati APMC,REQUIRES MANUAL REVIEW,21.93
19,2024-07-06,2025-11-01,484,19,1,96.07438016528926,3.925619834710744,0,0,0,0,0,False,False,Wheat,Indapur(Nimgaon Ketki),REQUIRES MANUAL REVIEW,21.74
38,2025-11-01,2026-04-09,160,38,1,76.25,23.75,0,0,2,0,0,False,False,Raddish,Pune(Khadiki) APMC,REQUIRES MANUAL REVIEW,21.7
32,2024-11-17,2025-08-28,285,32,1,88.7719298245614,11.228070175438596,0,0,0,0,0,False,False,Peach,Pune,REQUIRES MANUAL REVIEW,21.65
18,2024-07-06,2025-11-01,484,18,1,96.28099173553719,3.71900826446281,0,0,0,0,0,False,False,Bengal Gram(Gram)(Whole),Indapur(Nimgaon Ketki),REQUIRES MANUAL REVIEW,21.64
18,2024-07-06,2025-11-01,484,18,1,96.28099173553719,3.71900826446281,0,0,0,0,0,False,False,Jowar(Sorghum),Indapur(Nimgaon Ketki),REQUIRES MANUAL REVIEW,21.64
17,2024-07-06,2025-11-01,484,17,1,96.48760330578511,3.512396694214876,0,0,0,0,0,False,False,Mint(Pudina),Pune(Khadiki),REQUIRES MANUAL REVIEW,21.55
23,2024-10-02,2025-08-22,325,23,1,92.92307692307692,7.076923076923077,0,0,0,0,0,False,False,Chilly Capsicum,Pune(Pimpri),REQUIRES MANUAL REVIEW,21.47
9,2025-11-01,2026-06-27,239,9,1,96.23430962343096,3.765690376569038,2,5,7,0,0,False,False,Cow,Bhor APMC,REQUIRES MANUAL REVIEW,21.42
13,2026-03-20,2026-04-27,39,13,1,66.66666666666667,33.33333333333333,0,0,9,0,0,False,False,Chilly Capsicum,Pune(Pimpri) APMC,REQUIRES MANUAL REVIEW,21.39
14,2024-07-22,2025-09-15,421,14,1,96.67458432304038,3.32541567695962,0,0,0,0,0,False,False,She Buffalo,Junnar(Bhlhe),REQUIRES MANUAL REVIEW,21.37
14,2024-07-22,2025-09-15,421,14,1,96.67458432304038,3.32541567695962,0,0,0,0,0,False,False,Ox,Junnar(Bhlhe),REQUIRES MANUAL REVIEW,21.37
14,2024-07-22,2025-09-15,421,14,1,96.67458432304038,3.32541567695962,0,0,0,0,0,False,False,Goat,Junnar(Bhlhe),REQUIRES MANUAL REVIEW,21.37
28,2025-11-01,2026-05-15,196,28,1,85.71428571428572,14.285714285714285,0,2,5,0,0,False,False,Ginger(Green),Junnar(Otur) APMC,REQUIRES MANUAL REVIEW,21.29
14,2024-07-06,2025-11-01,484,14,1,97.10743801652893,2.8925619834710745,0,0,0,0,0,False,False,Bajra(Pearl Millet/Cumbu),Indapur(Nimgaon Ketki),REQUIRES MANUAL REVIEW,21.28
9,2025-11-10,2026-06-29,232,9,1,96.12068965517241,3.8793103448275863,3,4,5,0,0,False,False,Goat,Junnar(Bhlhe) APMC,REQUIRES MANUAL REVIEW,21.25
9,2025-11-10,2026-06-29,232,9,1,96.12068965517241,3.8793103448275863,3,4,5,0,0,False,False,Ox,Junnar(Bhlhe) APMC,REQUIRES MANUAL REVIEW,21.25
33,2024-10-02,2025-06-12,254,33,1,87.00787401574803,12.992125984251967,0,0,0,0,0,False,False,Carrot,Pune(Manjri),REQUIRES MANUAL REVIEW,21.21
10,2024-08-27,2025-10-10,410,10,1,97.5609756097561,2.4390243902439024,0,0,0,0,0,False,False,Groundnut,Shirur,REQUIRES MANUAL REVIEW,20.99
9,2024-07-28,2025-09-14,414,9,1,97.82608695652173,2.1739130434782608,0,0,0,0,0,False,False,Black Gram (Urd Beans)(Whole),Dound,REQUIRES MANUAL REVIEW,20.88
18,2024-10-25,2025-09-11,322,18,1,94.40993788819875,5.590062111801243,0,0,0,0,0,False,False,Safflower,Baramati,REQUIRES MANUAL REVIEW,20.84
27,2025-04-23,2025-07-03,72,27,1,62.5,37.5,0,0,0,0,0,False,False,Mango (Raw-Ripe),Junnar(Narayangaon),REQUIRES MANUAL REVIEW,20.82
19,2024-12-20,2025-10-30,315,19,1,93.96825396825396,6.031746031746032,0,0,0,0,0,False,False,Pumpkin,Pune(Moshi),REQUIRES MANUAL REVIEW,20.79
8,2024-08-28,2025-10-14,413,8,1,98.06295399515739,1.937046004842615,0,0,0,0,0,False,False,Gur(Jaggery),Nira,REQUIRES MANUAL REVIEW,20.79
8,2024-08-04,2025-09-21,414,8,1,98.06763285024155,1.932367149758454,0,0,0,0,0,False,False,Green Gram (Moong)(Whole),Indapur(Bhigwan),REQUIRES MANUAL REVIEW,20.79
6,2024-08-25,2025-09-30,402,6,1,98.50746268656717,1.4925373134328357,0,0,0,0,0,False,False,Rose(Loose)),Pune,REQUIRES MANUAL REVIEW,20.6
6,2024-08-28,2025-10-15,414,6,1,98.55072463768117,1.4492753623188406,0,0,0,0,0,False,False,Jowar(Sorghum),Nira(Saswad),REQUIRES MANUAL REVIEW,20.59
6,2024-08-28,2025-10-15,414,6,1,98.55072463768117,1.4492753623188406,0,0,0,0,0,False,False,Bajra(Pearl Millet/Cumbu),Nira(Saswad),REQUIRES MANUAL REVIEW,20.59
6,2024-08-28,2025-10-15,414,6,1,98.55072463768117,1.4492753623188406,0,0,0,0,0,False,False,Wheat,Nira(Saswad),REQUIRES MANUAL REVIEW,20.59
5,2024-07-14,2025-08-10,393,5,1,98.72773536895674,1.2722646310432568,0,0,0,0,0,False,False,Cowpea (Lobia/Karamani),Indapur(Bhigwan),REQUIRES MANUAL REVIEW,20.5
3,2024-10-05,2025-11-01,393,3,1,99.23664122137404,0.7633587786259541,0,0,0,0,0,False,False,Black Gram (Urd Beans)(Whole),Indapur(Nimgaon Ketki),REQUIRES MANUAL REVIEW,20.3
3,2024-07-08,2025-08-27,416,3,1,99.27884615384616,0.7211538461538461,0,0,0,0,0,False,False,Raddish,Manchar,REQUIRES MANUAL REVIEW,20.29
28,2025-11-28,2026-04-29,153,28,1,81.69934640522875,18.30065359477124,0,0,3,0,0,False,False,Beans,Pune(Pimpri) APMC,REQUIRES MANUAL REVIEW,20.25
2,2024-11-13,2024-11-16,4,2,1,50.0,50.0,0,0,0,0,0,False,False,Soyabean,Indapur(Nimgaon Ketki),REQUIRES MANUAL REVIEW,20.21
2,2025-05-07,2025-05-10,4,2,1,50.0,50.0,0,0,0,0,0,False,False,Garlic,Pune(Khadiki),REQUIRES MANUAL REVIEW,20.21
2,2024-10-01,2025-10-30,395,2,1,99.49367088607595,0.5063291139240507,0,0,0,0,0,False,False,Castor Seed,Shirur,REQUIRES MANUAL REVIEW,20.2
2,2024-07-13,2025-10-11,456,2,1,99.56140350877193,0.43859649122807015,0,0,0,0,0,False,False,Groundnut,Indapur(Nimgaon Ketki),REQUIRES MANUAL REVIEW,20.19
12,2025-11-01,2026-05-25,206,12,1,94.1747572815534,5.825242718446602,0,5,8,0,0,False,False,Drumstick,Pune(Khadiki) APMC,REQUIRES MANUAL REVIEW,20.08
24,2025-02-20,2025-10-30,253,24,1,90.51383399209486,9.486166007905137,0,0,0,0,0,False,False,Jowar(Sorghum),Baramati,REQUIRES MANUAL REVIEW,20.03
27,2025-12-02,2026-02-25,86,27,1,68.6046511627907,31.3953488372093,0,0,0,0,0,False,False,Jack Fruit,Pune APMC,REQUIRES MANUAL REVIEW,19.99
30,2025-11-28,2026-04-14,138,25,1,81.88405797101449,18.115942028985508,0,0,4,0,0,False,False,Sunflower,Baramati APMC,REQUIRES MANUAL REVIEW,19.99
4,2024-09-22,2025-09-02,346,4,1,98.84393063583815,1.1560693641618496,0,0,0,0,0,False,False,Cowpea (Lobia/Karamani),Shirur,REQUIRES MANUAL REVIEW,19.91
28,2025-02-13,2025-05-18,95,28,1,70.52631578947368,29.47368421052631,0,0,0,0,0,False,False,Chikoos(Sapota),Manchar,REQUIRES MANUAL REVIEW,19.9
3,2024-09-08,2025-08-21,348,3,1,99.13793103448276,0.8620689655172413,0,0,0,0,0,False,False,Green Gram (Moong)(Whole),Dound,REQUIRES MANUAL REVIEW,19.86
5,2026-01-01,2026-06-30,181,5,1,97.23756906077348,2.7624309392265194,4,4,4,0,0,False,False,Sweet Pumpkin,Pune(Khadiki) APMC,REQUIRES MANUAL REVIEW,19.76
16,2025-05-15,2025-06-24,41,16,1,60.97560975609756,39.02439024390244,0,0,0,0,0,False,False,Litchi,Pune(Moshi),REQUIRES MANUAL REVIEW,19.73
20,2025-12-09,2026-04-29,142,20,1,85.91549295774648,14.084507042253522,0,0,6,0,0,False,False,Arhar(Tur/Red Gram)(Whole),Shirur APMC,REQUIRES MANUAL REVIEW,19.71
10,2024-11-27,2025-10-03,311,10,1,96.78456591639872,3.215434083601286,0,0,0,0,0,False,False,Spinach,Manchar,REQUIRES MANUAL REVIEW,19.66
5,2025-09-24,2025-10-04,11,5,1,54.54545454545454,45.45454545454545,0,0,0,0,0,False,False,Sweet Potato,Pune(Khadiki),REQUIRES MANUAL REVIEW,19.64
8,2024-10-26,2025-09-08,318,8,1,97.48427672955975,2.515723270440252,0,0,0,0,0,False,False,Plum,Pune(Moshi),REQUIRES MANUAL REVIEW,19.62
14,2024-11-10,2025-09-21,316,8,1,97.46835443037975,2.5316455696202533,0,0,0,0,0,False,False,Maize,Indapur(Bhigwan),REQUIRES MANUAL REVIEW,19.56
9,2026-04-27,2026-06-29,64,9,1,85.9375,14.0625,2,7,9,0,0,False,False,Guava,Indapur APMC,REQUIRES MANUAL REVIEW,19.35
6,2026-02-04,2026-07-01,148,6,1,95.94594594594594,4.054054054054054,4,4,4,0,0,False,False,Gur(Jaggery),Nira APMC,REQUIRES MANUAL REVIEW,19.17
15,2024-09-19,2025-06-12,267,14,1,94.7565543071161,5.2434456928838955,0,0,0,0,0,False,False,Papaya,Manchar,REQUIRES MANUAL REVIEW,19.06
25,2024-11-16,2025-05-20,186,25,1,86.55913978494624,13.440860215053762,0,0,0,0,0,False,False,Cotton,Baramati,REQUIRES MANUAL REVIEW,19.03
9,2024-11-25,2025-08-27,276,9,1,96.73913043478261,3.260869565217391,0,0,0,0,0,False,False,Guava,Indapur,REQUIRES MANUAL REVIEW,18.66
9,2026-04-05,2026-06-10,67,9,1,86.56716417910448,13.432835820895523,1,3,9,0,0,False,False,Red gram/Arhar/Tur(whole),Shirur APMC,REQUIRES MANUAL REVIEW,18.64
11,2025-04-11,2025-05-12,32,11,1,65.625,34.375,0,0,0,0,0,False,False,Water Melon,Junnar(Narayangaon),REQUIRES MANUAL REVIEW,18.3
7,2025-02-05,2025-10-31,269,7,1,97.39776951672863,2.6022304832713754,0,0,0,0,0,False,False,Rajgir,Pune(Pimpri),REQUIRES MANUAL REVIEW,18.24
7,2025-11-01,2026-06-03,215,7,1,96.74418604651163,3.255813953488372,1,2,2,0,0,False,False,Jowar(Sorghum),Indapur(Nimgaon Ketki) APMC,REQUIRES MANUAL REVIEW,18.22
9,2025-11-01,2026-06-05,217,9,1,95.85253456221197,4.147465437788019,1,1,1,0,0,False,False,Lime,Junnar(Otur) APMC,REQUIRES MANUAL REVIEW,18.22
7,2025-11-01,2026-06-03,215,7,1,96.74418604651163,3.255813953488372,1,2,2,0,0,False,False,Wheat,Indapur(Nimgaon Ketki) APMC,REQUIRES MANUAL REVIEW,18.22
6,2025-11-01,2026-06-03,215,6,1,97.20930232558139,2.7906976744186047,1,2,2,0,0,False,False,Bengal Gram(Gram)(Whole),Indapur(Nimgaon Ketki) APMC,REQUIRES MANUAL REVIEW,18.08
7,2024-09-04,2025-05-22,261,7,1,97.31800766283524,2.681992337164751,0,0,0,0,0,False,False,Guava,Manchar,REQUIRES MANUAL REVIEW,18.04
8,2025-11-01,2026-06-03,215,8,1,96.27906976744185,3.7209302325581395,1,1,1,0,0,False,False,Maize,Indapur(Nimgaon Ketki) APMC,REQUIRES MANUAL REVIEW,18.03
3,2025-12-10,2026-07-01,204,3,1,98.52941176470588,1.4705882352941175,2,2,2,0,0,False,False,Bitter gourd,Khed APMC,REQUIRES MANUAL REVIEW,18.03
12,2025-06-06,2025-07-13,38,12,1,68.42105263157895,31.57894736842105,0,0,0,0,0,False,False,Jamun(Narale Hannu),Pune(Moshi),REQUIRES MANUAL REVIEW,17.96
3,2024-08-11,2025-05-11,274,3,1,98.90510948905109,1.094890510948905,0,0,0,0,0,False,False,Chili Red,Indapur(Bhigwan),REQUIRES MANUAL REVIEW,17.88
17,2024-07-17,2025-01-28,196,16,1,91.83673469387756,8.16326530612245,0,0,0,0,0,False,False,Ginger(Dry),Junnar(Otur),REQUIRES MANUAL REVIEW,17.8
7,2025-11-01,2026-05-16,197,7,1,96.44670050761421,3.5532994923857872,0,2,4,0,0,False,False,French Beans(Frasbean),Junnar(Otur) APMC,REQUIRES MANUAL REVIEW,17.79
14,2025-11-13,2026-04-19,158,14,1,91.13924050632912,8.860759493670885,0,0,2,0,0,False,False,Papaya,Junnar(Narayangaon) APMC,REQUIRES MANUAL REVIEW,17.47
7,2025-11-07,2026-05-22,197,7,1,96.44670050761421,3.5532994923857872,0,3,3,0,0,False,False,Pomegranate,Indapur APMC,REQUIRES MANUAL REVIEW,17.46
7,2025-01-30,2025-09-14,228,7,1,96.9298245614035,3.070175438596491,0,0,0,0,0,False,False,Garlic,Junnar,REQUIRES MANUAL REVIEW,17.21
6,2025-04-22,2025-05-10,19,6,1,68.42105263157895,31.57894736842105,0,0,0,0,0,False,False,Ginger(Green),Pune(Khadiki),REQUIRES MANUAL REVIEW,17.14
12,2024-10-23,2024-12-08,47,12,1,74.46808510638299,25.53191489361702,0,0,0,0,0,False,False,Seetapal,Junnar(Alephata),REQUIRES MANUAL REVIEW,16.99
5,2026-05-06,2026-06-11,37,5,1,86.48648648648648,13.513513513513514,2,5,5,0,0,False,False,Green Gram(Moong)(Whole),Shirur APMC,REQUIRES MANUAL REVIEW,16.97
15,2025-01-25,2025-07-10,167,14,1,91.61676646706587,8.383233532934131,0,0,0,0,0,False,False,Potato,Pune(Pimpri),REQUIRES MANUAL REVIEW,16.95
4,2025-12-26,2026-06-23,180,4,1,97.77777777777777,2.2222222222222223,1,2,2,0,0,False,False,Safflower,Baramati APMC,REQUIRES MANUAL REVIEW,16.91
16,2024-12-20,2025-05-06,138,16,1,88.40579710144928,11.594202898550725,0,0,0,0,0,False,False,Drumstick,Pune(Pimpri),REQUIRES MANUAL REVIEW,16.9
15,2026-01-13,2026-04-13,91,15,1,83.51648351648352,16.483516483516482,0,0,1,0,0,False,False,Potato,Pune(Pimpri) APMC,REQUIRES MANUAL REVIEW,16.87
9,2025-04-02,2025-10-18,200,9,1,95.5,4.5,0,0,0,0,0,False,False,Beetroot,Pune(Khadiki),REQUIRES MANUAL REVIEW,16.83
15,2025-03-14,2025-07-14,123,15,1,87.8048780487805,12.195121951219512,0,0,0,0,0,False,False,Karbuja(Musk Melon),Manchar,REQUIRES MANUAL REVIEW,16.56
3,2025-11-01,2026-05-30,211,3,1,98.5781990521327,1.4218009478672986,0,1,1,0,0,False,False,Bajra(Pearl Millet/Cumbu),Indapur(Nimgaon Ketki) APMC,REQUIRES MANUAL REVIEW,16.55
4,2026-03-02,2026-07-01,122,4,1,96.72131147540983,3.278688524590164,2,2,3,0,0,False,False,Rajgir,Pune(Pimpri) APMC,REQUIRES MANUAL REVIEW,16.53
15,2025-12-01,2026-03-11,101,15,1,85.14851485148515,14.85148514851485,0,0,0,0,0,False,False,Carrot,Pune(Pimpri) APMC,REQUIRES MANUAL REVIEW,16.49
9,2024-07-07,2025-01-07,185,9,1,95.13513513513514,4.864864864864865,0,0,0,0,0,False,False,Mint(Pudina),Pune(Manjri),REQUIRES MANUAL REVIEW,16.49
15,2025-02-03,2025-05-18,105,15,1,85.71428571428572,14.285714285714285,0,0,0,0,0,False,False,Jack Fruit,Pune(Moshi),REQUIRES MANUAL REVIEW,16.48
7,2024-12-20,2025-06-30,193,7,1,96.37305699481865,3.6269430051813467,0,0,0,0,0,False,False,Carrot,Pune(Pimpri),REQUIRES MANUAL REVIEW,16.36
4,2026-05-10,2026-06-01,23,4,1,82.6086956521739,17.391304347826086,1,4,4,0,0,False,False,Sweet Potato,Manchar APMC,REQUIRES MANUAL REVIEW,16.31
8,2024-12-19,2025-06-08,172,8,1,95.34883720930233,4.651162790697675,0,0,0,0,0,False,False,Arhar (Tur/Red Gram)(Whole),Dound,REQUIRES MANUAL REVIEW,16.04
3,2024-07-26,2025-02-14,204,3,1,98.52941176470588,1.4705882352941175,0,0,0,0,0,False,False,Raddish,Junnar(Narayangaon),REQUIRES MANUAL REVIEW,16.03
3,2026-01-15,2026-06-25,162,3,1,98.14814814814815,1.8518518518518516,1,1,1,0,0,False,False,Jowar(Sorghum),Dound APMC,REQUIRES MANUAL REVIEW,15.96
7,2025-11-01,2026-04-10,161,7,1,95.65217391304348,4.3478260869565215,0,0,1,0,0,False,False,Onion Green,Pune(Khadiki) APMC,REQUIRES MANUAL REVIEW,15.96
5,2026-03-30,2026-06-25,88,5,1,94.31818181818183,5.681818181818182,1,2,4,0,0,False,False,Tender Coconut,Pune(Moshi) APMC,REQUIRES MANUAL REVIEW,15.8
8,2026-03-17,2026-05-19,64,8,1,87.5,12.5,0,1,3,0,0,False,False,Karbuja(Musk Melon),Manchar APMC,REQUIRES MANUAL REVIEW,15.65
14,2025-04-13,2025-09-21,162,7,1,95.67901234567901,4.320987654320987,0,0,0,0,0,False,False,Bajra(Pearl Millet/Cumbu),Indapur(Bhigwan),REQUIRES MANUAL REVIEW,15.65
7,2025-04-13,2025-09-21,162,7,1,95.67901234567901,4.320987654320987,0,0,0,0,0,False,False,Groundnut,Indapur(Bhigwan),REQUIRES MANUAL REVIEW,15.65
7,2025-04-13,2025-09-21,162,7,1,95.67901234567901,4.320987654320987,0,0,0,0,0,False,False,Jowar(Sorghum),Indapur(Bhigwan),REQUIRES MANUAL REVIEW,15.65
10,2025-04-13,2025-09-21,162,7,1,95.67901234567901,4.320987654320987,0,0,0,0,0,False,False,Wheat,Indapur(Bhigwan),REQUIRES MANUAL REVIEW,15.65
11,2025-01-31,2025-05-13,103,11,1,89.32038834951457,10.679611650485436,0,0,0,0,0,False,False,Tamarind Fruit,Shirur,REQUIRES MANUAL REVIEW,15.51
2,2026-06-18,2026-07-01,14,2,1,85.71428571428572,14.285714285714285,2,2,2,0,0,False,False,Groundnut,Shirur APMC,REQUIRES MANUAL REVIEW,15.34
4,2026-03-01,2026-06-25,117,4,1,96.58119658119658,3.418803418803419,1,1,1,0,0,False,False,Jack Fruit(Ripe),Pune(Moshi) APMC,REQUIRES MANUAL REVIEW,15.09
8,2025-05-04,2025-09-21,141,6,1,95.74468085106383,4.25531914893617,0,0,0,0,0,False,False,Bengal Gram(Gram)(Whole),Indapur(Bhigwan),REQUIRES MANUAL REVIEW,15.01
6,2025-05-04,2025-09-21,141,6,1,95.74468085106383,4.25531914893617,0,0,0,0,0,False,False,Soyabean,Indapur(Bhigwan),REQUIRES MANUAL REVIEW,15.01
5,2024-08-28,2025-01-22,148,5,1,96.62162162162163,3.3783783783783785,0,0,0,0,0,False,False,Bengal Gram(Gram)(Whole),Nira(Saswad),REQUIRES MANUAL REVIEW,14.98
4,2026-05-03,2026-06-21,50,2,1,96.0,4.0,2,4,4,0,0,False,False,Bajra(Pearl Millet/Cumbu),Indapur(Bhigwan) APMC,REQUIRES MANUAL REVIEW,14.94
4,2026-05-03,2026-06-21,50,2,1,96.0,4.0,2,4,4,0,0,False,False,Wheat,Indapur(Bhigwan) APMC,REQUIRES MANUAL REVIEW,14.94
3,2026-02-26,2026-06-21,116,3,1,97.41379310344827,2.586206896551724,1,1,1,0,0,False,False,Garlic,Junnar APMC,REQUIRES MANUAL REVIEW,14.85
5,2025-04-13,2025-08-31,141,5,1,96.45390070921985,3.546099290780142,0,0,0,0,0,False,False,Black Gram (Urd Beans)(Whole),Indapur(Bhigwan),REQUIRES MANUAL REVIEW,14.82
3,2024-11-25,2025-04-21,148,3,1,97.97297297297297,2.027027027027027,0,0,0,0,0,False,False,Bengal Gram(Gram)(Whole),Indapur,REQUIRES MANUAL REVIEW,14.61
3,2024-11-25,2025-04-21,148,3,1,97.97297297297297,2.027027027027027,0,0,0,0,0,False,False,Black Gram (Urd Beans)(Whole),Indapur,REQUIRES MANUAL REVIEW,14.61
5,2024-11-25,2025-04-21,148,3,1,97.97297297297297,2.027027027027027,0,0,0,0,0,False,False,Bajra(Pearl Millet/Cumbu),Indapur,REQUIRES MANUAL REVIEW,14.61
3,2024-11-25,2025-04-21,148,3,1,97.97297297297297,2.027027027027027,0,0,0,0,0,False,False,Wheat,Indapur,REQUIRES MANUAL REVIEW,14.61
5,2024-11-25,2025-04-21,148,3,1,97.97297297297297,2.027027027027027,0,0,0,0,0,False,False,Maize,Indapur,REQUIRES MANUAL REVIEW,14.61
3,2024-08-28,2025-01-22,148,3,1,97.97297297297297,2.027027027027027,0,0,0,0,0,False,False,Rice,Nira(Saswad),REQUIRES MANUAL REVIEW,14.61
3,2026-05-03,2026-06-21,50,2,1,96.0,4.0,2,3,3,0,0,False,False,Black Gram(Urd Beans)(Whole),Indapur(Bhigwan) APMC,REQUIRES MANUAL REVIEW,14.6
3,2026-05-03,2026-06-21,50,2,1,96.0,4.0,2,3,3,0,0,False,False,Groundnut,Indapur(Bhigwan) APMC,REQUIRES MANUAL REVIEW,14.6
3,2026-03-05,2026-06-17,105,3,1,97.14285714285714,2.857142857142857,1,1,1,0,0,False,False,Seetapal,Manchar APMC,REQUIRES MANUAL REVIEW,14.6
3,2026-01-25,2026-02-08,15,3,1,80.0,20.0,0,0,0,0,0,False,False,Ginger(Green),Pune(Pimpri) APMC,REQUIRES MANUAL REVIEW,14.56
3,2025-05-04,2025-09-21,141,3,1,97.87234042553192,2.127659574468085,0,0,0,0,0,False,False,Arhar (Tur/Red Gram)(Whole),Indapur(Bhigwan),REQUIRES MANUAL REVIEW,14.44
3,2026-04-09,2026-05-01,23,3,1,86.95652173913044,13.043478260869565,0,0,3,0,0,False,False,Onion Green,Pune(Pimpri) APMC,REQUIRES MANUAL REVIEW,14.39
2,2026-03-11,2026-06-24,106,2,1,98.11320754716981,1.8867924528301887,1,1,1,0,0,False,False,Wheat,Nira(Saswad) APMC,REQUIRES MANUAL REVIEW,14.38
2,2026-03-11,2026-06-24,106,2,1,98.11320754716981,1.8867924528301887,1,1,1,0,0,False,False,Jowar(Sorghum),Nira(Saswad) APMC,REQUIRES MANUAL REVIEW,14.38
2,2026-03-11,2026-06-24,106,2,1,98.11320754716981,1.8867924528301887,1,1,1,0,0,False,False,Bajra(Pearl Millet/Cumbu),Nira(Saswad) APMC,REQUIRES MANUAL REVIEW,14.38
6,2025-11-01,2026-02-15,107,6,1,94.39252336448598,5.607476635514018,0,0,0,0,0,False,False,Sweet Potato,Khed(Chakan) APMC,REQUIRES MANUAL REVIEW,14.35
7,2026-01-04,2026-03-10,66,7,1,89.39393939393939,10.606060606060606,0,0,0,0,0,False,False,Arhar(Tur/Red Gram)(Whole),Dound APMC,REQUIRES MANUAL REVIEW,14.28
3,2026-04-18,2026-05-14,27,3,1,88.88888888888889,11.11111111111111,0,1,3,0,0,False,False,Mango(Raw-Ripe),Pune(Khadiki) APMC,REQUIRES MANUAL REVIEW,14.11
2,2025-05-11,2025-09-21,134,2,1,98.50746268656717,1.4925373134328357,0,0,0,0,0,False,False,Sunflower,Indapur(Bhigwan),REQUIRES MANUAL REVIEW,14.07
6,2025-12-02,2026-02-24,85,6,1,92.94117647058823,7.0588235294117645,0,0,0,0,0,False,False,Cotton,Baramati APMC,REQUIRES MANUAL REVIEW,14.04
6,2024-10-20,2025-01-12,85,6,1,92.94117647058823,7.0588235294117645,0,0,0,0,0,False,False,Cow,Manchar,REQUIRES MANUAL REVIEW,14.04
5,2024-10-20,2025-01-12,85,5,1,94.11764705882352,5.88235294117647,0,0,0,0,0,False,False,Ox,Manchar,REQUIRES MANUAL REVIEW,13.76
2,2026-04-21,2026-06-14,55,2,1,96.36363636363636,3.6363636363636362,1,1,2,0,0,False,False,Cabbage,Khed(Shel Pimpalgaon) APMC,REQUIRES MANUAL REVIEW,13.67
2,2026-04-21,2026-06-14,55,2,1,96.36363636363636,3.6363636363636362,1,1,2,0,0,False,False,Cauliflower,Khed(Shel Pimpalgaon) APMC,REQUIRES MANUAL REVIEW,13.67
2,2026-04-21,2026-06-14,55,2,1,96.36363636363636,3.6363636363636362,1,1,2,0,0,False,False,Cucumbar(Kheera),Khed(Shel Pimpalgaon) APMC,REQUIRES MANUAL REVIEW,13.67
2,2026-05-03,2026-06-21,50,2,1,96.0,4.0,1,2,2,0,0,False,False,Cowpea(Lobia/Karamani),Indapur(Bhigwan) APMC,REQUIRES MANUAL REVIEW,13.6
2,2026-05-03,2026-06-21,50,2,1,96.0,4.0,1,2,2,0,0,False,False,Red gram/Arhar/Tur(whole),Indapur(Bhigwan) APMC,REQUIRES MANUAL REVIEW,13.6
2,2026-05-03,2026-06-21,50,2,1,96.0,4.0,1,2,2,0,0,False,False,Jowar(Sorghum),Indapur(Bhigwan) APMC,REQUIRES MANUAL REVIEW,13.6
2,2026-05-03,2026-06-21,50,2,1,96.0,4.0,1,2,2,0,0,False,False,Bengal Gram(Gram)(Whole),Indapur(Bhigwan) APMC,REQUIRES MANUAL REVIEW,13.6
2,2026-05-03,2026-06-21,50,2,1,96.0,4.0,1,2,2,0,0,False,False,Maize,Indapur(Bhigwan) APMC,REQUIRES MANUAL REVIEW,13.6
4,2026-03-05,2026-05-07,64,4,1,93.75,6.25,0,1,1,0,0,False,False,Papaya,Manchar APMC,REQUIRES MANUAL REVIEW,13.54
4,2024-10-20,2024-12-29,71,4,1,94.36619718309859,5.633802816901409,0,0,0,0,0,False,False,She Buffalo,Manchar,REQUIRES MANUAL REVIEW,13.27
3,2024-10-20,2025-01-12,85,3,1,96.47058823529412,3.5294117647058822,0,0,0,0,0,False,False,Sheep,Manchar,REQUIRES MANUAL REVIEW,13.18
4,2024-10-20,2024-12-08,50,4,1,92.0,8.0,0,0,0,0,0,False,False,Goat,Manchar,REQUIRES MANUAL REVIEW,13.17
2,2025-08-16,2025-09-01,17,2,1,88.23529411764706,11.76470588235294,0,0,0,0,0,False,False,Rice,Pune,REQUIRES MANUAL REVIEW,12.92
3,2025-06-14,2025-07-16,33,3,1,90.9090909090909,9.090909090909092,0,0,0,0,0,False,False,Little gourd (Kundru),Pune(Khadiki),REQUIRES MANUAL REVIEW,12.87
2,2025-02-06,2025-02-23,18,2,1,88.88888888888889,11.11111111111111,0,0,0,0,0,False,False,Peas Wet,Pune(Pimpri),REQUIRES MANUAL REVIEW,12.82
2,2025-11-26,2025-12-14,19,2,1,89.47368421052632,10.526315789473683,0,0,0,0,0,False,False,Peas Wet,Pune(Pimpri) APMC,REQUIRES MANUAL REVIEW,12.73
3,2026-01-22,2026-03-07,45,3,1,93.33333333333333,6.666666666666667,0,0,0,0,0,False,False,Drumstick,Pune(Pimpri) APMC,REQUIRES MANUAL REVIEW,12.72
2,2024-09-15,2024-10-06,22,2,1,90.9090909090909,9.090909090909092,0,0,0,0,0,False,False,"Sesamum(Sesame,Gingelly,Til)",Indapur(Bhigwan),REQUIRES MANUAL REVIEW,12.52
2,2024-11-25,2024-12-16,22,2,1,90.9090909090909,9.090909090909092,0,0,0,0,0,False,False,Seetapal,Indapur,REQUIRES MANUAL REVIEW,12.52
2,2025-04-13,2025-05-04,22,2,1,90.9090909090909,9.090909090909092,0,0,0,0,0,False,False,Hippe Seed,Pune(Pimpri),REQUIRES MANUAL REVIEW,12.52
2,2025-03-10,2025-04-21,43,2,1,95.34883720930233,4.651162790697675,0,0,0,0,0,False,False,Arhar (Tur/Red Gram)(Whole),Indapur,REQUIRES MANUAL REVIEW,12.21
4,2025-03-10,2025-04-21,43,2,1,95.34883720930233,4.651162790697675,0,0,0,0,0,False,False,Jowar(Sorghum),Indapur,REQUIRES MANUAL REVIEW,12.21
2,2025-11-10,2025-12-15,36,2,1,94.44444444444444,5.555555555555555,0,0,0,0,0,False,False,She Buffalo,Junnar(Bhlhe) APMC,REQUIRES MANUAL REVIEW,12.2
