Student_ID,Age,Gender,Country,Academic_Level,Relationship_Status,Most_Used_Platform,Daily_Usage_Hours,Usage_Tier,CGPA,Addiction_Score,Sleep_Hours,Mental_Health_Score,Conflicts_Per_Month,Affects_Academic_Performance
STU0001,17,Female,India,Undergraduate,Single,Instagram,3.6,2-4 hrs,7.8,2.8,7.8,6.1,2,No
STU0002,26,Female,USA,Undergraduate,Single,YouTube,2.2,2-4 hrs,8.69,1.0,7.9,8.7,1,No
STU0003,16,Male,Brazil,Postgraduate,In a relationship,Facebook,2.1,2-4 hrs,9.38,1.0,7.6,9.0,0,No
STU0004,19,Female,India,Undergraduate,Single,YouTube,2.1,2-4 hrs,8.31,1.1,8.5,8.5,0,No
STU0005,20,Female,Canada,Undergraduate,Single,Instagram,7.0,6+ hrs,7.57,6.0,6.8,6.0,2,Yes
STU0006,25,Female,USA,Undergraduate,In a relationship,Instagram,4.3,4-6 hrs,8.76,2.0,7.6,7.4,0,Yes
STU0007,22,Female,India,Undergraduate,Single,TikTok,1.7,<2 hrs,8.66,1.0,7.2,9.0,2,No
STU0008,23,Male,UK,Undergraduate,In a relationship,Instagram,3.7,2-4 hrs,7.49,2.1,6.4,9.1,1,No
STU0009,27,Male,UK,High School,Single,Instagram,3.0,2-4 hrs,8.57,2.1,7.0,6.4,0,No
STU0010,16,Female,India,Postgraduate,In a relationship,Instagram,0.5,<2 hrs,9.07,1.0,8.1,8.4,0,No
STU0011,21,Male,India,High School,In a relationship,TikTok,1.0,<2 hrs,8.36,1.0,8.5,7.8,0,No
STU0012,16,Male,Australia,High School,Single,TikTok,3.2,2-4 hrs,8.83,1.9,6.5,7.0,0,No
STU0013,23,Male,Australia,High School,In a relationship,TikTok,6.5,6+ hrs,7.3,4.5,7.7,6.0,1,Yes
STU0014,27,Female,UK,Postgraduate,In a relationship,Snapchat,2.1,2-4 hrs,8.65,1.0,8.1,8.8,0,No
STU0015,16,Male,India,High School,Complicated,Facebook,1.6,<2 hrs,8.02,1.7,8.8,8.4,0,No
STU0016,19,Male,Germany,High School,In a relationship,Instagram,2.7,2-4 hrs,7.55,2.6,7.4,8.7,1,No
STU0017,18,Male,India,High School,In a relationship,TikTok,1.5,<2 hrs,8.89,1.0,8.4,8.5,0,No
STU0018,17,Male,Australia,High School,In a relationship,Twitter/X,2.0,2-4 hrs,8.3,1.6,8.0,7.0,1,No
STU0019,23,Female,India,Undergraduate,In a relationship,Instagram,2.5,2-4 hrs,8.17,1.0,8.3,8.3,0,No
STU0020,21,Female,USA,Postgraduate,In a relationship,Facebook,1.0,<2 hrs,9.66,1.0,8.1,7.5,0,No
STU0021,27,Female,USA,Undergraduate,Single,Facebook,4.5,4-6 hrs,7.91,4.0,7.6,6.2,2,Yes
STU0022,19,Male,India,High School,Single,Instagram,0.8,<2 hrs,9.97,1.0,8.9,8.9,0,No
STU0023,18,Female,India,Postgraduate,Single,Twitter/X,0.7,<2 hrs,8.59,1.0,8.0,8.6,0,No
STU0024,21,Female,USA,Undergraduate,In a relationship,YouTube,2.9,2-4 hrs,7.99,3.9,7.9,7.5,3,No
STU0025,21,Male,Japan,High School,In a relationship,Instagram,4.2,4-6 hrs,8.07,4.4,6.5,6.5,2,Yes
STU0026,20,Male,Australia,Undergraduate,Single,TikTok,2.8,2-4 hrs,8.51,2.3,8.2,8.4,0,No
STU0027,18,Female,Germany,High School,Single,Instagram,2.3,2-4 hrs,9.38,2.5,8.9,7.5,1,No
STU0028,26,Female,Canada,High School,Single,Snapchat,2.0,2-4 hrs,8.85,1.0,7.4,9.3,0,No
STU0029,25,Male,India,Undergraduate,Single,Snapchat,1.7,<2 hrs,9.84,1.0,8.0,8.7,2,No
STU0030,24,Male,Australia,High School,Single,Instagram,5.2,4-6 hrs,7.48,3.3,7.6,7.2,1,Yes
STU0031,21,Male,Canada,High School,In a relationship,Twitter/X,3.2,2-4 hrs,8.7,2.1,7.7,8.1,0,No
STU0032,20,Female,Canada,Undergraduate,In a relationship,Instagram,1.8,<2 hrs,8.5,1.0,8.1,8.5,0,No
STU0033,26,Female,India,Undergraduate,Single,Twitter/X,1.4,<2 hrs,8.88,1.0,8.0,9.6,2,No
STU0034,22,Female,India,Postgraduate,In a relationship,Snapchat,3.9,2-4 hrs,8.29,3.0,7.3,7.7,1,No
STU0035,16,Female,USA,Undergraduate,Single,Instagram,5.1,4-6 hrs,8.17,4.0,7.2,7.0,2,Yes
STU0036,22,Female,USA,High School,Complicated,TikTok,4.8,4-6 hrs,7.78,4.6,7.3,6.5,2,Yes
STU0037,16,Male,India,High School,In a relationship,TikTok,1.2,<2 hrs,8.91,1.0,7.6,9.1,0,No
STU0038,24,Male,Germany,Undergraduate,In a relationship,Facebook,1.9,<2 hrs,9.47,1.0,8.0,9.0,0,No
STU0039,21,Male,USA,Undergraduate,In a relationship,TikTok,1.7,<2 hrs,7.42,1.0,8.9,8.3,0,No
STU0040,22,Female,Australia,Undergraduate,Single,Instagram,2.2,2-4 hrs,7.66,1.3,7.7,7.5,1,No
STU0041,22,Female,India,Postgraduate,In a relationship,YouTube,4.4,4-6 hrs,7.93,3.8,6.8,6.5,2,Yes
STU0042,16,Female,Canada,Postgraduate,Single,Instagram,6.2,6+ hrs,6.72,3.9,6.9,6.9,1,Yes
STU0043,17,Male,India,Undergraduate,In a relationship,YouTube,3.3,2-4 hrs,8.38,4.0,7.3,7.9,3,No
STU0044,25,Female,India,Undergraduate,Single,TikTok,1.4,<2 hrs,8.91,1.0,7.5,8.3,2,No
STU0045,18,Female,USA,Undergraduate,In a relationship,Twitter/X,2.4,2-4 hrs,8.76,1.8,8.0,7.7,0,No
STU0046,23,Non-binary,India,Undergraduate,Single,YouTube,6.9,6+ hrs,5.91,3.7,6.4,5.9,2,Yes
STU0047,24,Male,USA,High School,Single,Instagram,2.7,2-4 hrs,8.63,2.1,7.5,9.0,1,No
STU0048,26,Male,Brazil,Undergraduate,In a relationship,Facebook,2.0,2-4 hrs,9.2,1.0,8.1,8.9,1,No
STU0049,23,Male,India,Undergraduate,Single,TikTok,2.1,2-4 hrs,9.29,2.0,7.2,8.6,0,No
STU0050,27,Female,USA,Postgraduate,Single,Twitter/X,3.3,2-4 hrs,9.22,2.9,6.8,8.2,2,No
STU0051,21,Female,India,High School,In a relationship,YouTube,1.2,<2 hrs,9.11,1.9,8.5,7.9,0,No
STU0052,17,Male,USA,Postgraduate,Single,Snapchat,1.6,<2 hrs,8.94,1.0,7.1,8.6,0,No
STU0053,17,Female,Canada,Undergraduate,In a relationship,TikTok,4.7,4-6 hrs,6.47,3.4,6.8,8.3,1,Yes
STU0054,27,Female,Japan,High School,Complicated,YouTube,3.2,2-4 hrs,7.74,2.7,6.8,7.8,2,No
STU0055,25,Male,Canada,Postgraduate,In a relationship,Instagram,2.7,2-4 hrs,8.17,2.2,7.6,8.3,1,No
STU0056,22,Male,Brazil,High School,In a relationship,Instagram,4.9,4-6 hrs,7.93,2.7,7.5,8.3,2,Yes
STU0057,24,Male,India,Undergraduate,In a relationship,Snapchat,1.4,<2 hrs,8.5,1.0,8.2,9.0,0,No
STU0058,21,Female,India,Undergraduate,Single,Twitter/X,1.9,<2 hrs,9.12,1.6,9.2,8.1,1,No
STU0059,16,Male,Germany,Postgraduate,In a relationship,TikTok,3.1,2-4 hrs,8.1,2.0,8.3,8.0,1,No
STU0060,24,Male,Canada,High School,Single,YouTube,3.0,2-4 hrs,8.04,1.6,7.3,8.7,0,No
STU0061,22,Female,Australia,Postgraduate,Single,Twitter/X,0.6,<2 hrs,9.38,1.0,7.8,9.0,2,No
STU0062,18,Female,India,High School,Complicated,Instagram,1.8,<2 hrs,8.46,1.2,9.4,9.2,1,No
STU0063,17,Male,USA,Undergraduate,Single,Facebook,2.2,2-4 hrs,8.25,1.0,8.5,8.9,0,No
STU0064,18,Male,India,High School,Single,Snapchat,3.4,2-4 hrs,6.95,1.0,7.9,8.9,0,No
STU0065,17,Female,Brazil,High School,Single,YouTube,3.0,2-4 hrs,8.0,1.2,7.8,8.1,1,No
STU0066,26,Female,Japan,Postgraduate,Single,YouTube,2.4,2-4 hrs,8.13,3.6,8.0,6.8,1,No
STU0067,25,Female,Germany,Postgraduate,Single,Snapchat,0.5,<2 hrs,8.97,1.0,7.6,9.0,1,No
STU0068,17,Female,USA,Undergraduate,Single,Twitter/X,2.4,2-4 hrs,8.67,1.8,8.0,7.7,0,No
STU0069,19,Female,USA,Postgraduate,Single,YouTube,2.6,2-4 hrs,8.73,1.7,7.9,8.1,0,No
STU0070,21,Male,USA,Undergraduate,Single,Snapchat,10.9,6+ hrs,4.73,7.4,5.3,6.3,2,Yes
STU0071,18,Female,Canada,Undergraduate,In a relationship,Instagram,2.1,2-4 hrs,9.15,2.4,7.7,8.7,0,No
STU0072,24,Female,USA,High School,Single,Instagram,3.1,2-4 hrs,8.45,1.8,8.5,8.3,0,No
STU0073,20,Male,USA,Undergraduate,Single,Facebook,5.4,4-6 hrs,6.89,4.2,7.1,6.7,1,Yes
STU0074,20,Male,USA,Undergraduate,In a relationship,Instagram,4.3,4-6 hrs,7.29,2.7,8.5,7.6,1,Yes
STU0075,22,Male,Australia,Undergraduate,In a relationship,Instagram,6.3,6+ hrs,6.85,6.0,6.1,6.6,4,Yes
STU0076,24,Female,Australia,Undergraduate,In a relationship,Twitter/X,0.6,<2 hrs,9.57,1.0,8.1,8.5,0,No
STU0077,16,Male,Germany,Postgraduate,Single,TikTok,1.0,<2 hrs,9.89,1.7,7.5,7.8,0,No
STU0078,24,Female,India,Undergraduate,Single,Snapchat,1.6,<2 hrs,9.49,1.0,7.5,9.4,1,No
STU0079,17,Male,India,Undergraduate,Single,TikTok,0.5,<2 hrs,8.95,1.2,8.0,8.5,0,No
STU0080,18,Male,USA,Undergraduate,In a relationship,TikTok,2.6,2-4 hrs,8.27,1.6,8.0,7.8,0,No
STU0081,27,Female,USA,Undergraduate,In a relationship,Facebook,1.1,<2 hrs,9.41,1.0,8.4,8.8,1,No
STU0082,20,Female,Australia,Undergraduate,In a relationship,YouTube,6.9,6+ hrs,7.04,6.1,6.4,6.6,2,Yes
STU0083,25,Female,Australia,Undergraduate,Single,YouTube,1.3,<2 hrs,9.48,1.0,7.1,7.8,0,No
STU0084,27,Male,Japan,Undergraduate,In a relationship,Snapchat,1.9,<2 hrs,8.61,1.5,8.8,8.1,1,No
STU0085,19,Male,USA,Undergraduate,In a relationship,TikTok,4.4,4-6 hrs,6.77,3.4,7.3,7.1,3,Yes
STU0086,20,Male,USA,Postgraduate,In a relationship,Instagram,0.8,<2 hrs,8.54,1.0,7.7,8.8,1,No
STU0087,25,Female,UK,High School,Complicated,YouTube,0.5,<2 hrs,9.44,1.0,8.5,8.9,0,No
STU0088,20,Female,Germany,Undergraduate,Complicated,TikTok,2.9,2-4 hrs,8.4,3.7,7.9,6.8,2,No
STU0089,27,Male,Canada,Undergraduate,Single,Instagram,3.0,2-4 hrs,7.49,1.1,7.6,7.4,0,No
STU0090,20,Male,UK,Postgraduate,In a relationship,Instagram,4.3,4-6 hrs,7.59,4.2,7.5,7.6,3,Yes
STU0091,25,Female,Canada,Undergraduate,Single,YouTube,3.7,2-4 hrs,8.21,3.6,7.0,6.4,1,No
STU0092,25,Female,USA,Postgraduate,Single,Instagram,3.1,2-4 hrs,7.41,3.7,8.1,7.3,1,No
STU0093,25,Male,Australia,Postgraduate,Single,TikTok,1.4,<2 hrs,9.53,1.0,7.7,8.4,1,No
STU0094,20,Female,India,High School,Single,TikTok,3.0,2-4 hrs,7.92,1.4,7.4,8.4,1,No
STU0095,26,Female,UK,Undergraduate,In a relationship,Instagram,3.1,2-4 hrs,8.86,3.4,8.0,8.5,1,No
STU0096,17,Male,Germany,Postgraduate,Single,Snapchat,1.4,<2 hrs,8.55,1.0,8.8,10.0,0,No
STU0097,26,Female,USA,Postgraduate,Single,Twitter/X,8.1,6+ hrs,5.24,4.4,7.3,5.7,1,Yes
STU0098,16,Female,Germany,High School,Single,Twitter/X,3.5,2-4 hrs,7.65,2.1,8.2,8.6,1,No
STU0099,25,Female,Australia,Undergraduate,Single,TikTok,1.0,<2 hrs,8.99,1.0,8.1,8.4,0,No
STU0100,26,Female,UK,High School,In a relationship,YouTube,4.4,4-6 hrs,7.29,4.4,6.6,7.5,1,Yes
STU0101,23,Non-binary,India,Postgraduate,Complicated,Instagram,4.9,4-6 hrs,7.17,3.3,8.0,8.0,2,Yes
STU0102,18,Female,Germany,High School,In a relationship,Instagram,3.4,2-4 hrs,8.17,1.9,8.3,9.0,1,No
STU0103,27,Female,India,High School,Single,TikTok,2.1,2-4 hrs,8.45,1.7,7.6,8.3,0,No
STU0104,22,Female,UK,Undergraduate,In a relationship,TikTok,1.3,<2 hrs,8.88,1.3,8.6,7.7,0,No
STU0105,23,Female,Australia,High School,In a relationship,Instagram,2.4,2-4 hrs,7.39,2.0,7.7,8.6,0,No
STU0106,26,Male,UK,Postgraduate,Single,YouTube,3.2,2-4 hrs,8.3,2.1,8.5,8.0,0,No
STU0107,27,Male,India,High School,Single,Instagram,2.5,2-4 hrs,8.32,1.0,7.6,8.3,1,No
STU0108,21,Male,Germany,Undergraduate,Single,Twitter/X,6.5,6+ hrs,7.54,3.8,7.9,6.8,1,Yes
STU0109,21,Female,Brazil,High School,Single,Instagram,3.9,2-4 hrs,7.18,3.9,7.9,7.8,1,No
STU0110,26,Female,UK,Postgraduate,In a relationship,Snapchat,1.2,<2 hrs,7.88,1.0,9.1,9.6,1,No
STU0111,18,Male,Australia,Undergraduate,In a relationship,Twitter/X,0.9,<2 hrs,9.47,1.0,8.0,7.7,1,No
STU0112,24,Female,Canada,High School,Single,YouTube,3.6,2-4 hrs,8.09,3.4,7.8,7.7,2,No
STU0113,18,Male,UK,High School,Single,Twitter/X,2.1,2-4 hrs,7.95,1.0,7.5,8.2,0,No
STU0114,20,Female,India,Undergraduate,Single,TikTok,4.2,4-6 hrs,6.69,2.8,7.9,6.6,1,Yes
STU0115,21,Male,USA,Postgraduate,In a relationship,Instagram,3.5,2-4 hrs,8.85,2.6,8.1,7.8,2,No
STU0116,16,Female,Canada,Postgraduate,Complicated,Instagram,2.4,2-4 hrs,9.27,1.3,9.1,7.8,0,No
STU0117,26,Female,USA,Postgraduate,In a relationship,YouTube,1.2,<2 hrs,7.47,1.0,8.4,7.4,0,No
STU0118,24,Male,Canada,Undergraduate,In a relationship,TikTok,0.6,<2 hrs,8.96,1.0,8.7,8.0,0,No
STU0119,22,Female,Brazil,Postgraduate,Single,Instagram,2.9,2-4 hrs,9.19,1.0,7.5,7.8,0,No
STU0120,26,Male,USA,Undergraduate,Single,Snapchat,0.8,<2 hrs,8.85,1.0,8.6,8.0,1,No
STU0121,27,Male,Germany,Undergraduate,Single,YouTube,1.1,<2 hrs,8.71,1.0,8.0,7.6,0,No
STU0122,16,Female,India,Undergraduate,Complicated,Facebook,2.8,2-4 hrs,8.07,2.1,7.9,7.7,0,No
STU0123,21,Male,Germany,High School,In a relationship,YouTube,2.6,2-4 hrs,7.66,2.9,7.9,7.1,2,No
STU0124,22,Female,India,High School,Single,Snapchat,0.9,<2 hrs,8.07,1.0,8.1,8.8,0,No
STU0125,20,Male,USA,Postgraduate,Single,Instagram,5.2,4-6 hrs,7.79,2.7,7.2,8.1,1,Yes
STU0126,20,Male,UK,Postgraduate,Single,YouTube,5.1,4-6 hrs,6.1,3.5,7.0,7.4,2,Yes
STU0127,22,Female,Canada,High School,Single,Instagram,3.6,2-4 hrs,8.03,1.9,7.4,7.9,0,No
STU0128,18,Female,Japan,Undergraduate,In a relationship,Instagram,3.6,2-4 hrs,8.41,3.0,8.1,7.3,1,No
STU0129,18,Male,USA,Postgraduate,Complicated,Snapchat,3.6,2-4 hrs,7.01,2.4,7.7,7.2,1,No
STU0130,16,Male,India,High School,In a relationship,TikTok,4.8,4-6 hrs,6.79,4.7,7.5,6.1,1,Yes
STU0131,23,Female,USA,Postgraduate,Single,TikTok,4.0,4-6 hrs,8.43,3.7,6.8,7.6,1,No
STU0132,17,Male,USA,Postgraduate,In a relationship,Instagram,1.3,<2 hrs,9.23,1.0,8.4,7.3,1,No
STU0133,18,Female,Canada,Postgraduate,Single,TikTok,2.1,2-4 hrs,8.18,2.0,8.2,7.9,1,No
STU0134,22,Female,Brazil,Postgraduate,Single,Instagram,10.2,6+ hrs,5.63,6.8,5.8,5.4,3,Yes
STU0135,25,Male,Canada,Postgraduate,Single,YouTube,0.5,<2 hrs,10.0,1.0,9.4,8.9,0,No
STU0136,25,Female,UK,Postgraduate,In a relationship,YouTube,1.7,<2 hrs,8.9,1.0,6.9,7.5,3,No
STU0137,26,Female,India,Postgraduate,Single,YouTube,5.3,4-6 hrs,6.57,4.3,7.6,6.9,2,Yes
STU0138,23,Female,India,Undergraduate,In a relationship,TikTok,1.4,<2 hrs,8.62,2.1,8.5,8.2,0,No
STU0139,24,Female,USA,High School,In a relationship,YouTube,4.1,4-6 hrs,7.83,3.5,7.7,5.9,1,Yes
STU0140,23,Non-binary,Brazil,Undergraduate,In a relationship,Instagram,2.6,2-4 hrs,8.22,2.6,7.9,6.9,1,No
STU0141,22,Female,UK,Postgraduate,Single,Twitter/X,1.4,<2 hrs,9.43,1.7,8.4,8.1,1,No
STU0142,25,Female,UK,Postgraduate,Single,Instagram,0.5,<2 hrs,8.36,1.0,8.8,8.9,0,No
STU0143,16,Male,UK,Undergraduate,Single,Facebook,2.9,2-4 hrs,7.3,1.1,7.4,8.6,2,No
STU0144,16,Male,Germany,Undergraduate,In a relationship,TikTok,1.3,<2 hrs,9.02,2.3,8.3,8.2,1,No
STU0145,26,Female,Canada,Postgraduate,In a relationship,TikTok,2.3,2-4 hrs,8.17,3.1,7.8,6.7,2,No
STU0146,23,Male,Brazil,High School,Single,YouTube,3.6,2-4 hrs,7.5,2.3,7.1,6.7,1,No
STU0147,22,Male,UK,High School,In a relationship,Snapchat,4.6,4-6 hrs,6.37,2.9,7.7,7.6,2,Yes
STU0148,17,Non-binary,India,High School,Single,TikTok,1.7,<2 hrs,8.75,1.7,7.8,7.3,0,No
STU0149,24,Female,India,Postgraduate,In a relationship,Instagram,1.4,<2 hrs,8.84,1.4,7.4,7.7,2,No
STU0150,25,Female,USA,High School,In a relationship,TikTok,0.8,<2 hrs,9.53,1.0,8.0,9.2,0,No
STU0151,22,Male,India,High School,Single,Instagram,4.7,4-6 hrs,7.43,2.3,6.9,8.0,0,Yes
STU0152,24,Female,USA,High School,Complicated,Instagram,9.3,6+ hrs,5.24,6.8,6.7,5.2,2,Yes
STU0153,26,Male,India,Undergraduate,In a relationship,Instagram,5.1,4-6 hrs,7.91,4.0,7.3,6.5,1,Yes
STU0154,16,Male,USA,Undergraduate,Complicated,TikTok,5.8,4-6 hrs,6.1,4.6,7.7,7.1,1,Yes
STU0155,26,Male,USA,Undergraduate,In a relationship,Instagram,1.4,<2 hrs,9.19,1.3,7.8,8.5,1,No
STU0156,18,Male,India,High School,Single,Facebook,3.5,2-4 hrs,6.92,2.2,8.1,7.0,1,No
STU0157,25,Female,Canada,Undergraduate,Single,Twitter/X,4.3,4-6 hrs,7.06,3.8,8.8,5.7,1,Yes
STU0158,17,Male,USA,Undergraduate,Single,TikTok,1.0,<2 hrs,8.32,1.0,8.4,9.8,0,No
STU0159,21,Male,Brazil,Undergraduate,Complicated,Twitter/X,7.2,6+ hrs,6.73,4.7,7.1,5.8,2,Yes
STU0160,25,Male,India,Postgraduate,Single,TikTok,0.6,<2 hrs,9.19,1.0,8.7,8.9,0,No
STU0161,19,Female,USA,Undergraduate,Single,YouTube,6.5,6+ hrs,6.57,3.2,6.2,8.5,1,Yes
STU0162,17,Female,Australia,Undergraduate,Single,Twitter/X,0.6,<2 hrs,8.57,1.0,8.6,8.6,0,No
STU0163,17,Female,UK,High School,In a relationship,YouTube,1.0,<2 hrs,8.87,1.3,8.4,7.9,2,No
STU0164,21,Female,Japan,Undergraduate,In a relationship,Instagram,3.5,2-4 hrs,7.47,2.7,7.5,6.7,1,No
STU0165,24,Female,India,High School,In a relationship,Instagram,2.6,2-4 hrs,8.56,3.0,7.4,6.5,1,No
STU0166,21,Male,USA,Undergraduate,Single,YouTube,1.8,<2 hrs,8.1,1.0,8.4,8.8,0,No
STU0167,19,Male,India,Undergraduate,In a relationship,Instagram,7.0,6+ hrs,7.15,5.3,6.3,7.4,2,Yes
STU0168,27,Female,India,High School,Complicated,Facebook,0.8,<2 hrs,8.13,1.2,9.4,8.1,0,No
STU0169,24,Female,Canada,Postgraduate,Single,Instagram,2.2,2-4 hrs,8.03,3.4,8.0,6.9,1,No
STU0170,17,Male,UK,Undergraduate,In a relationship,Twitter/X,3.8,2-4 hrs,8.8,2.8,6.9,8.1,1,No
STU0171,21,Female,India,Postgraduate,Single,Instagram,3.1,2-4 hrs,7.84,1.3,7.5,7.9,0,No
STU0172,22,Female,USA,Undergraduate,Single,YouTube,1.5,<2 hrs,8.04,1.7,8.0,8.3,0,No
STU0173,18,Female,Germany,High School,In a relationship,TikTok,1.5,<2 hrs,8.96,2.5,9.3,7.8,1,No
STU0174,19,Male,USA,Undergraduate,In a relationship,YouTube,4.5,4-6 hrs,7.19,2.9,6.9,7.3,2,Yes
STU0175,22,Female,India,High School,Single,Twitter/X,4.7,4-6 hrs,6.88,4.0,7.3,7.0,1,Yes
STU0176,24,Female,India,Postgraduate,In a relationship,Instagram,3.1,2-4 hrs,7.45,3.2,7.5,8.6,3,No
STU0177,20,Male,USA,Postgraduate,In a relationship,TikTok,1.2,<2 hrs,10.0,1.7,8.4,8.6,0,No
STU0178,26,Female,UK,Undergraduate,In a relationship,Facebook,1.6,<2 hrs,8.63,1.2,7.8,9.2,2,No
STU0179,17,Male,Brazil,Postgraduate,Single,Instagram,2.5,2-4 hrs,7.22,1.2,7.3,7.8,0,No
STU0180,23,Male,Japan,High School,In a relationship,Instagram,2.7,2-4 hrs,9.18,1.8,7.7,8.9,1,No
STU0181,24,Female,Japan,Undergraduate,Complicated,Twitter/X,3.7,2-4 hrs,8.2,3.0,7.4,7.9,2,No
STU0182,26,Female,UK,Undergraduate,In a relationship,Twitter/X,2.1,2-4 hrs,8.1,2.2,7.7,6.9,1,No
STU0183,26,Female,India,High School,Single,TikTok,4.5,4-6 hrs,6.92,3.4,7.1,7.7,1,Yes
STU0184,17,Female,India,Undergraduate,In a relationship,Snapchat,4.4,4-6 hrs,7.92,2.8,8.0,7.2,2,Yes
STU0185,25,Female,USA,Undergraduate,Complicated,YouTube,6.0,6+ hrs,6.65,4.6,6.8,5.6,1,Yes
STU0186,25,Female,Germany,Undergraduate,Single,TikTok,2.5,2-4 hrs,7.22,2.4,7.3,7.9,1,No
STU0187,16,Female,India,Undergraduate,In a relationship,Twitter/X,3.2,2-4 hrs,9.13,2.5,7.5,8.1,1,No
STU0188,19,Male,UK,High School,Single,Instagram,2.3,2-4 hrs,8.2,1.0,8.0,8.6,0,No
STU0189,16,Female,Canada,Postgraduate,Single,Instagram,1.2,<2 hrs,9.86,1.0,7.5,8.4,1,No
STU0190,16,Female,India,Undergraduate,Single,TikTok,9.1,6+ hrs,6.17,7.1,7.0,5.2,3,Yes
STU0191,20,Non-binary,USA,High School,Single,Instagram,5.5,4-6 hrs,6.42,2.7,7.6,9.4,1,Yes
STU0192,22,Female,USA,High School,Single,Facebook,4.4,4-6 hrs,8.14,1.4,8.1,7.5,0,Yes
STU0193,18,Male,India,High School,In a relationship,TikTok,2.5,2-4 hrs,7.98,3.0,8.1,8.1,3,No
STU0194,22,Female,USA,High School,Single,Facebook,1.1,<2 hrs,7.88,1.2,7.2,8.4,1,No
STU0195,20,Female,India,High School,Single,TikTok,4.9,4-6 hrs,7.04,3.9,8.0,6.5,1,Yes
STU0196,25,Male,India,Postgraduate,In a relationship,Snapchat,2.2,2-4 hrs,8.75,1.0,7.5,8.5,1,No
STU0197,26,Male,India,Undergraduate,Single,TikTok,3.4,2-4 hrs,7.69,3.0,7.3,6.5,1,No
STU0198,23,Female,USA,Undergraduate,In a relationship,Twitter/X,1.6,<2 hrs,8.6,1.3,8.2,7.9,1,No
STU0199,22,Male,Australia,High School,In a relationship,Twitter/X,3.0,2-4 hrs,8.84,1.0,8.4,8.5,0,No
STU0200,16,Female,UK,High School,Single,Facebook,1.6,<2 hrs,8.84,2.3,8.6,6.8,0,No
STU0201,16,Male,UK,Undergraduate,Single,YouTube,1.7,<2 hrs,8.23,1.3,8.5,8.7,1,No
STU0202,22,Female,USA,Undergraduate,Single,Instagram,3.0,2-4 hrs,8.57,1.8,7.6,7.4,1,No
STU0203,21,Male,UK,Undergraduate,Complicated,YouTube,0.6,<2 hrs,9.35,1.0,8.2,7.5,1,No
STU0204,24,Male,India,High School,Single,Instagram,0.6,<2 hrs,7.72,1.0,8.5,7.7,1,No
STU0205,23,Male,India,Undergraduate,In a relationship,TikTok,1.4,<2 hrs,9.13,1.5,8.1,9.8,2,No
STU0206,21,Female,Brazil,High School,Single,Twitter/X,2.1,2-4 hrs,8.79,1.7,8.4,6.8,0,No
STU0207,21,Female,USA,Undergraduate,Single,Instagram,4.6,4-6 hrs,7.44,3.1,7.8,7.8,1,Yes
STU0208,24,Female,Germany,Postgraduate,In a relationship,YouTube,2.2,2-4 hrs,9.05,2.6,8.2,7.2,2,No
STU0209,27,Female,Brazil,High School,Single,YouTube,2.5,2-4 hrs,7.97,1.0,6.6,8.3,0,No
STU0210,19,Female,Canada,Postgraduate,Single,Snapchat,2.0,2-4 hrs,8.8,1.0,8.1,8.9,1,No
STU0211,24,Female,India,Undergraduate,Single,Twitter/X,3.2,2-4 hrs,7.12,1.6,7.6,8.6,0,No
STU0212,26,Male,Canada,Undergraduate,Single,TikTok,1.2,<2 hrs,9.2,1.0,8.3,8.0,0,No
STU0213,26,Male,USA,Postgraduate,Single,Twitter/X,2.3,2-4 hrs,9.64,1.7,7.5,7.2,0,No
STU0214,23,Male,Japan,Undergraduate,In a relationship,YouTube,3.4,2-4 hrs,7.37,2.7,7.0,8.1,1,No
STU0215,18,Male,Germany,Undergraduate,In a relationship,YouTube,3.0,2-4 hrs,7.69,1.8,8.0,8.5,0,No
STU0216,26,Male,Germany,High School,Single,Instagram,2.5,2-4 hrs,7.95,1.0,7.7,8.3,1,No
STU0217,19,Male,UK,Undergraduate,Single,YouTube,2.5,2-4 hrs,8.45,3.1,8.2,7.8,1,No
STU0218,22,Female,India,High School,In a relationship,Snapchat,3.6,2-4 hrs,7.24,4.4,7.3,6.5,1,No
STU0219,18,Female,Germany,Undergraduate,In a relationship,TikTok,9.4,6+ hrs,5.52,6.7,6.9,5.1,3,Yes
STU0220,18,Non-binary,India,High School,Single,YouTube,1.3,<2 hrs,9.42,1.0,8.7,8.5,1,No
STU0221,23,Female,India,Undergraduate,Single,Snapchat,9.6,6+ hrs,5.5,7.9,6.2,5.4,3,Yes
STU0222,20,Non-binary,Germany,High School,In a relationship,YouTube,1.2,<2 hrs,7.9,1.0,8.1,8.7,1,No
STU0223,27,Male,India,High School,Single,Instagram,0.5,<2 hrs,9.87,1.0,8.8,8.9,2,No
STU0224,20,Female,Germany,Postgraduate,Single,Instagram,1.6,<2 hrs,9.34,1.0,8.3,8.0,1,No
STU0225,23,Male,India,Undergraduate,Single,Twitter/X,3.2,2-4 hrs,8.56,1.3,7.8,9.5,1,No
STU0226,21,Non-binary,Australia,Undergraduate,In a relationship,Instagram,8.2,6+ hrs,6.03,5.5,7.0,6.0,2,Yes
STU0227,20,Male,UK,Undergraduate,Single,Facebook,1.1,<2 hrs,9.14,1.0,8.9,8.4,0,No
STU0228,16,Male,Canada,Undergraduate,Single,Instagram,3.6,2-4 hrs,8.5,2.5,7.0,6.8,2,No
STU0229,20,Male,Germany,High School,In a relationship,Twitter/X,0.7,<2 hrs,10.0,1.0,7.8,8.4,0,No
STU0230,23,Male,Japan,Undergraduate,Single,Snapchat,8.0,6+ hrs,5.33,5.1,6.1,6.8,2,Yes
STU0231,24,Female,India,Undergraduate,In a relationship,TikTok,5.6,4-6 hrs,7.63,3.6,6.3,7.7,2,Yes
STU0232,21,Female,Canada,Undergraduate,Complicated,YouTube,1.7,<2 hrs,8.68,1.0,8.0,9.6,0,No
STU0233,26,Female,Japan,High School,In a relationship,Facebook,6.1,6+ hrs,6.68,4.9,7.3,6.9,2,Yes
STU0234,25,Female,USA,Undergraduate,In a relationship,Facebook,2.3,2-4 hrs,7.54,1.5,7.9,8.4,0,No
STU0235,18,Female,USA,Postgraduate,In a relationship,Facebook,5.7,4-6 hrs,6.76,4.6,6.8,6.4,1,Yes
STU0236,23,Male,Canada,Undergraduate,Single,Instagram,2.5,2-4 hrs,7.78,2.2,8.4,7.4,0,No
STU0237,20,Female,USA,Undergraduate,In a relationship,Instagram,2.6,2-4 hrs,8.05,2.3,7.9,8.5,0,No
STU0238,17,Male,India,High School,Single,Instagram,1.7,<2 hrs,8.08,2.3,8.2,8.5,0,No
STU0239,16,Male,India,Undergraduate,Complicated,Instagram,3.9,2-4 hrs,7.48,1.8,8.1,7.3,0,No
STU0240,26,Female,India,Undergraduate,In a relationship,YouTube,2.7,2-4 hrs,8.04,1.5,7.8,8.8,1,No
STU0241,23,Female,Australia,Postgraduate,In a relationship,Twitter/X,3.6,2-4 hrs,7.94,3.9,8.6,7.5,1,No
STU0242,17,Male,Brazil,High School,Complicated,Instagram,0.6,<2 hrs,8.26,1.0,8.1,7.7,0,No
STU0243,26,Female,Germany,High School,Complicated,Snapchat,5.9,4-6 hrs,5.98,1.9,8.0,8.4,0,Yes
STU0244,18,Male,USA,Postgraduate,In a relationship,Twitter/X,6.9,6+ hrs,6.61,4.7,6.3,5.9,2,Yes
STU0245,24,Female,UK,Undergraduate,In a relationship,YouTube,2.7,2-4 hrs,7.81,2.0,8.1,6.3,0,No
STU0246,16,Female,Canada,Undergraduate,Single,Facebook,9.0,6+ hrs,6.09,4.2,5.9,6.8,3,Yes
STU0247,23,Female,UK,Postgraduate,In a relationship,Instagram,7.7,6+ hrs,6.17,6.5,7.1,5.9,3,Yes
STU0248,27,Male,Japan,High School,Single,Instagram,4.0,4-6 hrs,8.06,2.2,7.3,7.8,2,No
STU0249,17,Female,Brazil,Undergraduate,Complicated,TikTok,6.2,6+ hrs,7.56,4.6,7.1,8.7,2,Yes
STU0250,23,Male,India,High School,In a relationship,TikTok,5.2,4-6 hrs,6.97,3.5,6.9,7.5,2,Yes
STU0251,17,Male,Germany,Undergraduate,Single,TikTok,0.5,<2 hrs,8.93,1.0,8.8,8.6,0,No
STU0252,22,Male,India,Postgraduate,Single,Twitter/X,2.0,2-4 hrs,9.12,1.0,7.7,8.8,0,No
STU0253,18,Male,Canada,High School,In a relationship,Snapchat,4.2,4-6 hrs,7.92,2.2,8.3,7.6,0,Yes
STU0254,19,Male,India,High School,Single,Facebook,7.2,6+ hrs,6.15,5.9,6.2,6.7,2,Yes
STU0255,27,Male,Australia,Postgraduate,Single,Twitter/X,0.7,<2 hrs,10.0,1.0,7.7,8.8,0,No
STU0256,26,Male,India,High School,Single,YouTube,0.5,<2 hrs,9.15,1.0,8.9,8.7,1,No
STU0257,16,Female,USA,High School,In a relationship,YouTube,2.4,2-4 hrs,8.44,1.0,7.6,8.1,0,No
STU0258,27,Male,India,High School,Single,Instagram,0.5,<2 hrs,9.29,1.3,8.4,7.3,1,No
STU0259,25,Male,Japan,Undergraduate,Single,Instagram,2.3,2-4 hrs,7.9,2.8,7.8,7.2,2,No
STU0260,16,Female,India,Undergraduate,Single,Facebook,3.3,2-4 hrs,8.06,3.3,7.0,7.5,2,No
STU0261,27,Female,India,Undergraduate,Single,Instagram,1.1,<2 hrs,9.84,1.2,8.2,8.1,0,No
STU0262,26,Male,UK,Undergraduate,In a relationship,TikTok,2.4,2-4 hrs,8.69,1.9,8.5,8.3,0,No
STU0263,25,Male,Canada,Postgraduate,Single,TikTok,4.8,4-6 hrs,7.36,2.4,7.8,7.6,2,Yes
STU0264,27,Male,Australia,Undergraduate,Single,YouTube,1.6,<2 hrs,8.68,1.0,8.2,8.8,0,No
STU0265,26,Female,India,Undergraduate,Single,TikTok,1.3,<2 hrs,9.11,1.0,8.7,7.8,2,No
STU0266,23,Male,USA,Undergraduate,Single,YouTube,2.3,2-4 hrs,8.91,1.0,7.4,8.6,1,No
STU0267,23,Male,India,Undergraduate,In a relationship,Facebook,1.0,<2 hrs,9.42,1.5,8.1,7.8,2,No
STU0268,17,Male,India,Undergraduate,In a relationship,Instagram,8.6,6+ hrs,5.43,5.5,6.5,5.2,2,Yes
STU0269,19,Male,Australia,Postgraduate,Single,TikTok,2.6,2-4 hrs,8.52,2.8,7.8,7.5,2,No
STU0270,17,Male,Brazil,Undergraduate,Single,TikTok,1.4,<2 hrs,9.16,1.7,8.0,9.2,2,No
STU0271,23,Male,UK,High School,Single,TikTok,2.9,2-4 hrs,7.59,2.5,7.2,6.7,2,No
STU0272,22,Female,India,High School,In a relationship,Instagram,2.3,2-4 hrs,8.57,2.1,6.9,8.0,3,No
STU0273,22,Female,India,Undergraduate,Single,YouTube,2.1,2-4 hrs,7.26,1.0,8.4,9.1,0,No
STU0274,25,Female,India,Undergraduate,Single,YouTube,1.6,<2 hrs,9.07,2.6,8.2,9.3,1,No
STU0275,18,Female,India,High School,In a relationship,TikTok,1.5,<2 hrs,9.22,1.1,8.6,8.1,0,No
STU0276,27,Female,UK,Postgraduate,Single,Twitter/X,0.6,<2 hrs,9.68,1.0,8.1,8.1,0,No
STU0277,26,Male,Canada,High School,In a relationship,Instagram,6.2,6+ hrs,6.47,3.8,6.6,6.3,2,Yes
STU0278,20,Male,India,Undergraduate,In a relationship,Instagram,3.8,2-4 hrs,7.98,1.9,7.6,8.8,0,No
STU0279,16,Male,USA,High School,Single,TikTok,3.2,2-4 hrs,8.91,2.6,8.1,7.1,1,No
STU0280,25,Male,Canada,Undergraduate,Single,TikTok,2.3,2-4 hrs,9.31,1.8,7.8,7.8,0,No
STU0281,26,Non-binary,India,Undergraduate,Single,Instagram,1.1,<2 hrs,8.99,1.0,8.6,7.2,1,No
STU0282,19,Female,Brazil,Undergraduate,Single,YouTube,1.3,<2 hrs,9.0,1.0,7.7,9.1,0,No
STU0283,19,Male,UK,Undergraduate,In a relationship,TikTok,0.6,<2 hrs,9.9,1.0,8.3,9.3,0,No
STU0284,16,Male,USA,Postgraduate,Single,Instagram,1.4,<2 hrs,7.97,1.9,8.1,8.6,0,No
STU0285,27,Female,India,Undergraduate,In a relationship,Instagram,0.9,<2 hrs,8.9,1.0,8.9,7.4,0,No
STU0286,22,Female,UK,Postgraduate,In a relationship,YouTube,7.4,6+ hrs,6.97,4.9,6.8,7.0,3,Yes
STU0287,20,Male,USA,Undergraduate,Complicated,TikTok,4.6,4-6 hrs,8.02,4.4,8.2,5.6,1,Yes
STU0288,16,Male,Japan,Undergraduate,Single,Instagram,2.7,2-4 hrs,8.51,1.0,7.2,8.5,1,No
STU0289,20,Male,USA,Undergraduate,In a relationship,Facebook,1.2,<2 hrs,8.06,1.0,8.3,8.6,0,No
STU0290,23,Female,Brazil,Undergraduate,In a relationship,Instagram,1.0,<2 hrs,9.02,1.0,8.3,8.7,0,No
STU0291,25,Male,Canada,Undergraduate,Single,Instagram,2.1,2-4 hrs,8.2,2.8,8.3,8.0,3,No
STU0292,23,Female,India,High School,Single,YouTube,4.8,4-6 hrs,7.54,5.0,6.9,6.5,2,Yes
STU0293,17,Female,Brazil,Undergraduate,Single,TikTok,0.7,<2 hrs,8.7,1.1,9.2,7.1,2,No
STU0294,16,Female,India,High School,Single,Twitter/X,3.8,2-4 hrs,7.17,3.3,7.6,7.7,2,No
STU0295,17,Male,USA,Undergraduate,Single,YouTube,1.4,<2 hrs,7.63,1.0,7.6,8.6,0,No
STU0296,21,Female,Brazil,High School,Single,Instagram,1.7,<2 hrs,9.47,2.7,8.1,7.0,1,No
STU0297,20,Female,Germany,Postgraduate,Single,YouTube,2.6,2-4 hrs,8.09,2.0,7.7,6.9,0,No
STU0298,19,Male,UK,High School,In a relationship,Twitter/X,1.2,<2 hrs,9.05,1.5,9.6,9.3,0,No
STU0299,23,Male,India,High School,Single,YouTube,2.1,2-4 hrs,8.55,1.4,8.5,9.2,1,No
STU0300,20,Non-binary,UK,Postgraduate,Single,TikTok,1.1,<2 hrs,8.36,1.0,8.2,9.0,1,No
STU0301,19,Male,UK,Undergraduate,Single,Instagram,1.5,<2 hrs,8.07,2.4,8.1,7.3,0,No
STU0302,26,Female,Japan,Undergraduate,In a relationship,Snapchat,4.3,4-6 hrs,6.96,3.4,7.9,5.5,2,Yes
STU0303,23,Female,Germany,Postgraduate,Single,YouTube,2.7,2-4 hrs,7.85,3.1,8.3,8.0,2,No
STU0304,27,Male,Germany,Undergraduate,Complicated,Instagram,4.3,4-6 hrs,7.78,3.2,6.0,7.7,1,Yes
STU0305,16,Female,Japan,Undergraduate,In a relationship,Snapchat,1.4,<2 hrs,8.39,1.0,8.5,8.2,0,No
STU0306,24,Male,UK,Undergraduate,Single,Instagram,3.8,2-4 hrs,8.84,2.2,7.6,8.7,0,No
STU0307,17,Male,UK,High School,Single,YouTube,0.5,<2 hrs,9.89,1.0,7.7,9.1,0,No
STU0308,23,Female,USA,Undergraduate,In a relationship,YouTube,2.6,2-4 hrs,8.82,1.3,8.3,8.5,0,No
STU0309,24,Female,India,Undergraduate,Single,Snapchat,4.0,4-6 hrs,7.63,1.9,8.6,8.1,0,No
STU0310,25,Female,UK,High School,Single,Instagram,0.5,<2 hrs,10.0,1.3,8.7,8.4,1,No
STU0311,23,Female,UK,High School,Single,YouTube,1.4,<2 hrs,8.74,1.0,8.7,9.0,1,No
STU0312,24,Male,India,Postgraduate,Single,YouTube,2.6,2-4 hrs,8.31,1.9,8.8,7.4,0,No
STU0313,19,Female,Australia,Undergraduate,In a relationship,Instagram,5.0,4-6 hrs,7.35,3.7,6.8,7.4,2,Yes
STU0314,26,Male,India,Postgraduate,Single,YouTube,1.5,<2 hrs,9.25,1.0,7.2,7.9,0,No
STU0315,17,Male,UK,Undergraduate,Single,Instagram,3.7,2-4 hrs,8.22,3.8,7.9,8.0,2,No
STU0316,18,Female,Canada,Postgraduate,In a relationship,TikTok,6.5,6+ hrs,6.29,3.7,6.8,7.5,1,Yes
STU0317,23,Male,India,Undergraduate,Single,Instagram,3.8,2-4 hrs,7.47,2.9,6.9,7.1,2,No
STU0318,20,Male,Germany,Undergraduate,Single,Instagram,2.1,2-4 hrs,8.94,1.7,7.9,8.2,1,No
STU0319,26,Female,USA,High School,In a relationship,Instagram,3.3,2-4 hrs,8.44,2.3,8.0,7.3,2,No
STU0320,19,Female,Australia,High School,Single,Instagram,1.5,<2 hrs,8.59,1.0,8.1,9.6,1,No
STU0321,18,Male,India,Postgraduate,In a relationship,YouTube,2.7,2-4 hrs,7.33,2.6,7.4,8.8,1,No
STU0322,26,Female,Canada,Postgraduate,Single,Instagram,2.2,2-4 hrs,8.39,2.1,7.8,8.4,1,No
STU0323,18,Male,UK,Undergraduate,Single,Snapchat,3.2,2-4 hrs,8.43,1.7,7.7,9.2,0,No
STU0324,25,Female,India,High School,In a relationship,Instagram,1.8,<2 hrs,9.77,1.8,7.1,8.2,1,No
STU0325,25,Male,Canada,Postgraduate,In a relationship,YouTube,3.3,2-4 hrs,7.3,2.6,7.6,8.2,1,No
STU0326,22,Male,Canada,Undergraduate,Single,Instagram,1.8,<2 hrs,8.43,1.0,7.4,9.4,0,No
STU0327,26,Female,UK,High School,Single,Twitter/X,4.6,4-6 hrs,7.2,2.5,7.7,7.7,1,Yes
STU0328,27,Male,UK,High School,In a relationship,Instagram,1.9,<2 hrs,9.46,2.2,7.2,7.9,0,No
STU0329,23,Male,Brazil,High School,In a relationship,Twitter/X,0.5,<2 hrs,9.25,1.0,8.9,9.2,1,No
STU0330,20,Female,Canada,Undergraduate,In a relationship,TikTok,1.0,<2 hrs,8.51,1.0,8.0,9.0,0,No
STU0331,23,Non-binary,Brazil,Undergraduate,Single,TikTok,2.5,2-4 hrs,8.71,1.1,7.6,7.9,1,No
STU0332,24,Female,UK,High School,Single,TikTok,7.4,6+ hrs,5.93,4.8,6.8,5.1,3,Yes
STU0333,19,Female,India,Undergraduate,In a relationship,TikTok,4.5,4-6 hrs,6.74,2.8,6.9,7.5,4,Yes
STU0334,17,Male,India,Postgraduate,Single,Instagram,0.5,<2 hrs,8.74,1.0,8.5,7.0,0,No
STU0335,20,Female,India,Undergraduate,Single,Instagram,0.6,<2 hrs,10.0,1.0,8.0,7.8,0,No
STU0336,17,Female,USA,Postgraduate,Single,Twitter/X,5.4,4-6 hrs,7.3,4.7,6.9,6.0,4,Yes
STU0337,25,Male,USA,Postgraduate,Single,Instagram,3.9,2-4 hrs,7.81,3.5,7.7,6.9,1,No
STU0338,17,Female,India,Postgraduate,In a relationship,YouTube,10.0,6+ hrs,4.85,6.0,5.4,6.6,2,Yes
STU0339,21,Female,USA,High School,Single,YouTube,1.7,<2 hrs,8.91,1.3,7.4,9.1,0,No
STU0340,25,Female,USA,High School,In a relationship,YouTube,1.2,<2 hrs,9.13,1.0,8.3,8.9,1,No
STU0341,26,Female,UK,Undergraduate,Single,YouTube,2.6,2-4 hrs,8.51,1.6,7.8,8.6,0,No
STU0342,25,Female,USA,Undergraduate,Single,YouTube,1.7,<2 hrs,8.8,1.0,8.2,9.0,1,No
STU0343,16,Female,USA,Undergraduate,In a relationship,YouTube,5.1,4-6 hrs,7.73,3.2,7.4,5.7,2,Yes
STU0344,17,Male,UK,High School,In a relationship,Snapchat,1.6,<2 hrs,8.79,2.7,8.1,7.7,2,No
STU0345,20,Non-binary,Japan,High School,Single,YouTube,2.0,2-4 hrs,8.01,1.0,8.3,7.2,0,No
STU0346,25,Female,UK,Undergraduate,Complicated,TikTok,1.0,<2 hrs,8.68,1.0,8.3,8.9,1,No
STU0347,20,Male,Australia,High School,Single,TikTok,4.3,4-6 hrs,6.38,2.4,6.4,6.3,0,Yes
STU0348,25,Male,USA,Postgraduate,Single,Instagram,1.1,<2 hrs,10.0,1.6,7.4,8.1,2,No
STU0349,27,Male,USA,Postgraduate,Complicated,Facebook,3.4,2-4 hrs,8.49,1.1,8.6,8.8,1,No
STU0350,18,Female,Brazil,High School,Single,Snapchat,8.2,6+ hrs,5.31,5.1,6.5,5.7,2,Yes
STU0351,20,Female,Australia,Undergraduate,In a relationship,Instagram,0.5,<2 hrs,9.11,1.5,8.9,8.9,0,No
STU0352,24,Male,UK,High School,Single,Snapchat,6.7,6+ hrs,6.1,4.9,6.7,6.9,1,Yes
STU0353,17,Male,USA,Undergraduate,Single,Instagram,3.1,2-4 hrs,9.03,2.3,7.7,8.1,0,No
STU0354,21,Female,India,Undergraduate,Complicated,Instagram,0.9,<2 hrs,8.24,2.3,8.0,8.3,0,No
STU0355,23,Female,India,High School,Single,YouTube,2.7,2-4 hrs,8.35,2.1,9.1,7.7,0,No
STU0356,18,Male,UK,Undergraduate,Complicated,Twitter/X,4.2,4-6 hrs,7.54,2.4,7.6,7.9,1,Yes
STU0357,17,Female,Germany,Postgraduate,Single,TikTok,1.3,<2 hrs,9.41,1.0,7.9,8.5,0,No
STU0358,26,Female,Brazil,High School,Single,Facebook,3.5,2-4 hrs,7.86,1.5,6.8,8.2,0,No
STU0359,16,Male,Australia,High School,Single,TikTok,7.0,6+ hrs,5.3,5.9,7.7,5.6,3,Yes
STU0360,16,Male,UK,Undergraduate,In a relationship,Instagram,1.6,<2 hrs,8.63,1.6,8.0,7.3,0,No
STU0361,26,Female,India,Undergraduate,In a relationship,Instagram,1.0,<2 hrs,8.47,1.6,8.6,8.0,0,No
STU0362,19,Female,USA,Postgraduate,In a relationship,Snapchat,2.3,2-4 hrs,8.51,2.6,8.4,7.4,2,No
STU0363,27,Male,Canada,Undergraduate,Single,TikTok,2.6,2-4 hrs,9.19,1.5,7.6,7.7,0,No
STU0364,21,Non-binary,UK,Undergraduate,Single,Twitter/X,5.3,4-6 hrs,6.07,3.0,7.5,8.1,2,Yes
STU0365,22,Female,UK,Undergraduate,Complicated,Twitter/X,2.2,2-4 hrs,8.03,1.5,7.6,7.4,0,No
STU0366,23,Female,USA,High School,Single,Instagram,1.8,<2 hrs,8.36,1.0,7.6,8.4,1,No
STU0367,23,Male,Australia,High School,Single,Twitter/X,1.0,<2 hrs,8.82,1.0,8.8,9.3,1,No
STU0368,25,Female,Germany,Undergraduate,Single,TikTok,0.5,<2 hrs,9.72,1.3,8.3,9.0,0,No
STU0369,16,Male,Australia,High School,In a relationship,Snapchat,0.7,<2 hrs,9.08,1.0,8.6,9.4,0,No
STU0370,27,Female,Brazil,Postgraduate,Single,TikTok,0.7,<2 hrs,9.43,1.0,8.5,8.1,1,No
STU0371,23,Female,Australia,Undergraduate,In a relationship,YouTube,2.0,2-4 hrs,8.22,1.3,8.3,8.9,0,No
STU0372,27,Female,USA,Undergraduate,Single,Instagram,0.6,<2 hrs,9.37,1.1,7.6,7.7,2,No
STU0373,25,Female,Canada,High School,In a relationship,TikTok,2.4,2-4 hrs,8.89,1.1,7.6,8.3,0,No
STU0374,16,Female,UK,Undergraduate,Complicated,Facebook,8.1,6+ hrs,5.42,3.9,6.3,6.9,1,Yes
STU0375,18,Female,UK,High School,In a relationship,Snapchat,5.4,4-6 hrs,7.54,4.2,6.7,6.5,1,Yes
STU0376,27,Male,Brazil,High School,Single,Facebook,2.0,2-4 hrs,8.63,2.2,8.2,7.6,2,No
STU0377,20,Male,USA,Undergraduate,In a relationship,TikTok,11.5,6+ hrs,4.95,8.4,6.2,4.5,3,Yes
STU0378,26,Female,India,High School,In a relationship,Twitter/X,2.6,2-4 hrs,8.21,1.3,8.5,7.7,2,No
STU0379,25,Male,Canada,Postgraduate,Single,TikTok,2.9,2-4 hrs,8.42,1.1,7.6,9.0,0,No
STU0380,25,Male,India,Postgraduate,In a relationship,Facebook,2.2,2-4 hrs,8.49,1.9,8.1,7.9,0,No
STU0381,27,Female,India,High School,In a relationship,Facebook,2.4,2-4 hrs,8.36,1.8,8.1,8.2,1,No
STU0382,23,Female,Japan,Undergraduate,In a relationship,Snapchat,1.6,<2 hrs,8.94,1.0,8.4,8.6,1,No
STU0383,23,Female,India,High School,In a relationship,YouTube,2.0,2-4 hrs,8.92,2.9,7.6,7.6,2,No
STU0384,21,Female,India,Undergraduate,Single,Facebook,6.7,6+ hrs,5.74,3.9,7.7,7.1,1,Yes
STU0385,19,Non-binary,India,High School,Complicated,Facebook,5.8,4-6 hrs,7.75,5.5,7.5,6.0,2,Yes
STU0386,19,Female,USA,Postgraduate,In a relationship,TikTok,0.5,<2 hrs,8.16,1.0,8.9,9.5,0,No
STU0387,23,Female,USA,Postgraduate,Single,TikTok,0.6,<2 hrs,8.82,1.0,9.0,9.0,0,No
STU0388,26,Male,Canada,Undergraduate,Single,Instagram,1.3,<2 hrs,8.86,1.0,8.4,8.5,1,No
STU0389,18,Male,India,High School,In a relationship,YouTube,4.8,4-6 hrs,7.59,4.1,6.8,6.6,1,Yes
STU0390,23,Female,Canada,Undergraduate,Single,Instagram,5.9,4-6 hrs,7.79,3.8,7.0,7.0,1,Yes
STU0391,19,Male,USA,Undergraduate,Single,Twitter/X,4.2,4-6 hrs,6.5,1.8,6.6,8.4,0,Yes
STU0392,25,Female,India,Undergraduate,In a relationship,Instagram,0.9,<2 hrs,8.79,1.0,8.5,9.5,0,No
STU0393,24,Non-binary,Australia,Undergraduate,In a relationship,Instagram,1.6,<2 hrs,7.5,1.0,8.0,7.5,0,No
STU0394,27,Male,USA,Undergraduate,Single,TikTok,3.6,2-4 hrs,7.9,2.9,7.6,8.0,1,No
STU0395,17,Male,Australia,High School,Single,Instagram,2.1,2-4 hrs,8.72,2.1,8.6,8.7,0,No
STU0396,25,Female,Brazil,Undergraduate,Single,Instagram,1.8,<2 hrs,9.64,1.0,7.8,7.5,0,No
STU0397,16,Male,USA,Undergraduate,In a relationship,TikTok,1.9,<2 hrs,8.72,1.0,7.9,8.4,0,No
STU0398,19,Female,Brazil,Undergraduate,In a relationship,Snapchat,5.5,4-6 hrs,7.65,4.5,7.1,6.0,1,Yes
STU0399,24,Male,India,Postgraduate,In a relationship,TikTok,3.8,2-4 hrs,8.14,2.0,6.6,8.3,1,No
STU0400,27,Female,India,Undergraduate,In a relationship,Instagram,1.9,<2 hrs,8.38,1.0,7.9,8.2,0,No
STU0401,22,Male,Canada,Undergraduate,Single,TikTok,3.2,2-4 hrs,7.21,1.3,6.5,8.3,1,No
STU0402,24,Male,India,High School,Single,YouTube,0.8,<2 hrs,9.31,1.0,8.0,8.2,0,No
STU0403,24,Male,USA,Undergraduate,In a relationship,Instagram,1.6,<2 hrs,7.88,1.4,8.5,8.8,0,No
STU0404,25,Male,India,High School,In a relationship,Instagram,5.1,4-6 hrs,7.98,3.0,7.4,7.7,2,Yes
STU0405,24,Female,UK,High School,Single,TikTok,0.5,<2 hrs,9.18,1.0,8.1,8.7,2,No
STU0406,24,Male,Germany,Undergraduate,Single,YouTube,3.9,2-4 hrs,8.46,4.0,7.5,7.1,2,No
STU0407,22,Female,India,Postgraduate,Single,YouTube,0.5,<2 hrs,8.99,1.0,7.8,8.9,0,No
STU0408,23,Male,USA,Undergraduate,Single,YouTube,7.4,6+ hrs,6.33,3.6,6.6,7.0,3,Yes
STU0409,27,Female,Australia,Undergraduate,In a relationship,Instagram,1.6,<2 hrs,8.91,1.5,9.6,9.4,0,No
STU0410,17,Female,USA,High School,In a relationship,YouTube,3.4,2-4 hrs,7.94,2.3,8.6,7.0,1,No
STU0411,24,Male,India,Undergraduate,Single,TikTok,2.7,2-4 hrs,8.03,1.3,7.9,7.1,0,No
STU0412,17,Female,UK,High School,Single,Instagram,2.8,2-4 hrs,8.48,2.5,7.9,6.5,2,No
STU0413,23,Female,India,Undergraduate,Single,Instagram,3.1,2-4 hrs,7.55,2.8,7.2,6.1,1,No
STU0414,17,Female,USA,High School,Single,YouTube,0.5,<2 hrs,8.55,1.0,8.0,9.0,1,No
STU0415,26,Non-binary,Japan,High School,Single,Facebook,2.8,2-4 hrs,8.99,1.4,8.0,8.7,4,No
STU0416,27,Female,USA,Undergraduate,In a relationship,Instagram,2.2,2-4 hrs,8.95,3.4,7.7,8.1,1,No
STU0417,23,Male,Germany,Postgraduate,In a relationship,TikTok,1.6,<2 hrs,8.82,1.6,8.6,7.5,1,No
STU0418,18,Female,Germany,High School,Single,Instagram,1.3,<2 hrs,9.91,1.5,9.0,8.8,0,No
STU0419,17,Female,India,High School,Complicated,TikTok,2.9,2-4 hrs,8.03,3.0,7.9,7.5,2,No
STU0420,21,Male,UK,High School,Complicated,Instagram,1.0,<2 hrs,9.84,1.0,8.3,8.6,1,No
STU0421,21,Male,Brazil,Undergraduate,In a relationship,YouTube,5.1,4-6 hrs,7.31,4.2,6.4,7.3,2,Yes
STU0422,16,Female,Canada,Undergraduate,Single,Instagram,3.5,2-4 hrs,7.31,3.0,8.0,7.0,1,No
STU0423,22,Female,Germany,High School,In a relationship,Twitter/X,3.0,2-4 hrs,9.26,2.5,7.2,9.6,1,No
STU0424,27,Female,USA,Undergraduate,Complicated,YouTube,4.9,4-6 hrs,7.89,3.2,7.1,8.3,2,Yes
STU0425,27,Female,Australia,Undergraduate,In a relationship,TikTok,0.5,<2 hrs,9.2,1.0,8.9,8.1,2,No
STU0426,26,Female,India,Undergraduate,Single,Instagram,0.8,<2 hrs,9.58,1.0,8.8,7.7,1,No
STU0427,27,Female,Australia,High School,Single,YouTube,3.6,2-4 hrs,7.64,2.5,7.4,7.7,1,No
STU0428,16,Female,Canada,Undergraduate,Complicated,Facebook,1.3,<2 hrs,9.41,1.0,8.0,8.6,0,No
STU0429,19,Female,USA,Undergraduate,Complicated,YouTube,1.5,<2 hrs,7.39,1.0,7.8,9.2,0,No
STU0430,21,Male,USA,Postgraduate,In a relationship,Instagram,0.6,<2 hrs,8.62,1.0,7.8,7.7,0,No
STU0431,23,Male,USA,Undergraduate,Single,Twitter/X,1.0,<2 hrs,9.64,1.0,7.9,8.7,0,No
STU0432,26,Non-binary,UK,High School,In a relationship,TikTok,5.1,4-6 hrs,7.06,3.2,6.4,6.3,2,Yes
STU0433,26,Female,India,Postgraduate,Complicated,Instagram,3.6,2-4 hrs,8.0,2.4,7.9,8.1,0,No
STU0434,23,Female,Germany,Postgraduate,Single,YouTube,2.9,2-4 hrs,7.39,2.4,8.0,7.7,0,No
STU0435,25,Male,USA,High School,Single,Instagram,1.5,<2 hrs,9.93,1.8,8.4,9.5,0,No
STU0436,22,Female,India,Postgraduate,Single,TikTok,2.7,2-4 hrs,9.0,1.5,7.3,7.2,0,No
STU0437,26,Female,UK,Postgraduate,Single,TikTok,5.5,4-6 hrs,6.9,4.9,6.5,7.5,1,Yes
STU0438,20,Male,Brazil,Undergraduate,In a relationship,Twitter/X,1.4,<2 hrs,8.63,1.7,8.2,7.0,1,No
STU0439,21,Male,India,High School,Single,YouTube,2.4,2-4 hrs,9.04,2.1,7.9,7.0,0,No
STU0440,23,Male,India,Undergraduate,In a relationship,TikTok,7.7,6+ hrs,7.22,5.5,6.5,5.1,2,Yes
STU0441,18,Male,USA,High School,Single,YouTube,4.1,4-6 hrs,8.23,3.1,7.3,7.6,2,Yes
STU0442,21,Female,Australia,Undergraduate,Single,Instagram,1.6,<2 hrs,10.0,2.1,9.0,7.1,2,No
STU0443,19,Female,Canada,Undergraduate,In a relationship,Twitter/X,3.9,2-4 hrs,7.19,3.7,7.7,6.2,1,No
STU0444,18,Female,USA,Undergraduate,Single,Instagram,0.5,<2 hrs,8.78,1.4,9.4,8.4,0,No
STU0445,18,Female,Japan,Undergraduate,Single,YouTube,2.4,2-4 hrs,7.71,1.7,8.5,8.5,1,No
STU0446,19,Female,India,Postgraduate,Single,Instagram,3.9,2-4 hrs,8.01,3.2,8.4,7.4,2,No
STU0447,21,Female,Germany,Postgraduate,In a relationship,TikTok,3.3,2-4 hrs,8.12,3.4,7.1,7.2,1,No
STU0448,26,Female,India,Undergraduate,Single,TikTok,3.9,2-4 hrs,7.65,2.2,7.8,9.2,0,No
STU0449,16,Male,India,High School,Single,TikTok,4.5,4-6 hrs,7.96,2.9,7.2,7.7,2,Yes
STU0450,17,Female,India,High School,Single,Facebook,3.5,2-4 hrs,8.66,2.5,6.8,8.3,2,No
STU0451,19,Male,Germany,Undergraduate,Single,Instagram,3.4,2-4 hrs,7.05,3.1,8.4,7.6,1,No
STU0452,27,Female,USA,Postgraduate,In a relationship,Instagram,2.9,2-4 hrs,7.84,2.8,7.6,6.8,1,No
STU0453,25,Male,USA,Undergraduate,Single,TikTok,0.9,<2 hrs,9.59,1.0,7.7,8.9,0,No
STU0454,24,Female,UK,Undergraduate,Complicated,Facebook,5.1,4-6 hrs,6.92,2.4,7.0,7.3,0,Yes
STU0455,23,Female,Canada,High School,In a relationship,TikTok,2.4,2-4 hrs,7.94,1.9,7.5,8.0,0,No
STU0456,25,Male,USA,Undergraduate,Complicated,Facebook,4.1,4-6 hrs,8.27,2.1,7.1,8.2,0,Yes
STU0457,23,Male,Japan,High School,Single,Instagram,4.8,4-6 hrs,6.57,2.2,7.2,6.5,1,Yes
STU0458,26,Female,India,Postgraduate,Single,Instagram,1.6,<2 hrs,8.6,1.0,9.0,7.4,0,No
STU0459,22,Female,USA,Undergraduate,Single,TikTok,1.7,<2 hrs,8.93,1.5,7.7,8.9,0,No
STU0460,27,Male,USA,High School,In a relationship,YouTube,1.9,<2 hrs,8.3,2.4,8.9,7.3,1,No
STU0461,21,Male,Canada,Undergraduate,Single,YouTube,5.8,4-6 hrs,7.36,4.1,7.5,6.5,1,Yes
STU0462,22,Male,Japan,High School,Single,Instagram,1.1,<2 hrs,8.66,1.0,8.4,8.6,1,No
STU0463,21,Male,India,Undergraduate,In a relationship,YouTube,6.5,6+ hrs,7.42,5.5,7.2,6.0,2,Yes
STU0464,18,Female,Japan,High School,Single,Snapchat,2.9,2-4 hrs,8.12,1.0,7.8,8.8,0,No
STU0465,27,Female,Germany,Postgraduate,In a relationship,YouTube,3.1,2-4 hrs,8.51,2.6,8.4,7.7,1,No
STU0466,21,Male,Germany,High School,Complicated,YouTube,4.6,4-6 hrs,7.88,3.2,7.6,7.5,2,Yes
STU0467,27,Female,India,Undergraduate,In a relationship,TikTok,2.7,2-4 hrs,7.91,2.3,7.0,7.4,0,No
STU0468,22,Male,Brazil,Undergraduate,Complicated,TikTok,5.2,4-6 hrs,5.93,3.3,7.3,7.5,3,Yes
STU0469,21,Male,Germany,Undergraduate,Single,Instagram,1.6,<2 hrs,9.0,1.0,8.5,9.3,1,No
STU0470,26,Male,Canada,High School,Single,TikTok,6.3,6+ hrs,6.71,4.5,6.8,6.4,2,Yes
STU0471,17,Male,India,Undergraduate,Single,Twitter/X,1.7,<2 hrs,9.07,2.5,8.1,8.4,1,No
STU0472,21,Male,USA,Undergraduate,In a relationship,Twitter/X,6.5,6+ hrs,6.44,5.2,6.6,6.4,2,Yes
STU0473,17,Male,Germany,Postgraduate,In a relationship,Facebook,1.8,<2 hrs,8.43,1.0,7.4,9.0,0,No
STU0474,16,Female,USA,Undergraduate,Single,Facebook,2.0,2-4 hrs,9.81,1.0,7.2,8.6,0,No
STU0475,25,Male,USA,High School,Single,Facebook,1.0,<2 hrs,8.17,1.0,7.5,8.5,1,No
STU0476,25,Male,India,High School,Single,Instagram,1.3,<2 hrs,9.36,2.0,8.5,8.2,0,No
STU0477,25,Female,India,High School,Complicated,Instagram,2.4,2-4 hrs,8.08,1.0,6.7,9.3,1,No
STU0478,20,Female,UK,Undergraduate,Single,Snapchat,3.0,2-4 hrs,7.95,1.8,7.4,8.3,3,No
STU0479,19,Female,Australia,High School,Single,TikTok,4.9,4-6 hrs,7.1,4.5,6.9,7.1,2,Yes
STU0480,24,Male,India,High School,In a relationship,TikTok,2.1,2-4 hrs,8.07,1.0,7.8,8.2,1,No
STU0481,24,Male,Brazil,High School,Single,YouTube,3.3,2-4 hrs,8.36,3.5,6.7,8.3,1,No
STU0482,24,Male,UK,Undergraduate,Single,TikTok,2.8,2-4 hrs,9.07,1.8,8.0,8.5,0,No
STU0483,18,Female,Germany,Undergraduate,In a relationship,Instagram,3.6,2-4 hrs,8.16,1.6,7.0,8.3,2,No
STU0484,25,Female,Canada,Undergraduate,Complicated,Snapchat,1.5,<2 hrs,8.89,1.0,8.7,8.4,0,No
STU0485,27,Male,India,High School,In a relationship,Snapchat,1.6,<2 hrs,8.19,1.0,7.8,9.2,0,No
STU0486,27,Female,Brazil,High School,In a relationship,Twitter/X,1.5,<2 hrs,9.14,1.4,8.1,7.9,0,No
STU0487,18,Male,Australia,Postgraduate,Single,Instagram,5.6,4-6 hrs,8.27,3.4,7.1,6.1,3,Yes
STU0488,18,Female,India,High School,In a relationship,Instagram,6.4,6+ hrs,6.39,3.0,7.0,7.6,2,Yes
STU0489,26,Male,UK,High School,In a relationship,TikTok,1.5,<2 hrs,8.6,1.0,8.1,9.3,0,No
STU0490,25,Male,UK,Undergraduate,Single,YouTube,1.6,<2 hrs,8.44,1.0,7.9,9.6,0,No
STU0491,20,Female,Germany,High School,In a relationship,YouTube,3.9,2-4 hrs,7.45,2.9,7.7,7.5,3,No
STU0492,21,Male,India,High School,Single,Instagram,6.9,6+ hrs,4.75,3.9,7.0,7.1,1,Yes
STU0493,21,Male,UK,Undergraduate,Single,Facebook,7.8,6+ hrs,6.23,5.1,6.2,6.8,3,Yes
STU0494,18,Non-binary,USA,High School,Single,TikTok,1.5,<2 hrs,8.32,1.2,8.3,8.2,2,No
STU0495,27,Female,India,Undergraduate,In a relationship,TikTok,1.8,<2 hrs,7.72,1.1,8.6,8.8,0,No
STU0496,17,Female,India,Undergraduate,Single,Instagram,3.1,2-4 hrs,8.56,2.4,8.1,7.7,0,No
STU0497,21,Male,USA,High School,In a relationship,Facebook,3.2,2-4 hrs,7.41,2.8,8.2,8.3,1,No
STU0498,19,Female,USA,High School,In a relationship,TikTok,2.2,2-4 hrs,8.31,1.0,8.0,9.0,1,No
STU0499,24,Male,USA,Undergraduate,Complicated,Instagram,1.3,<2 hrs,9.79,1.0,7.7,9.1,1,No
STU0500,17,Male,Australia,Postgraduate,In a relationship,YouTube,2.4,2-4 hrs,7.57,1.0,7.5,8.4,1,No
STU0501,19,Male,USA,Undergraduate,Single,TikTok,7.8,6+ hrs,5.07,5.7,6.7,7.5,4,Yes
STU0502,26,Female,India,Undergraduate,In a relationship,Twitter/X,1.6,<2 hrs,8.94,1.0,8.6,8.8,0,No
STU0503,26,Female,USA,High School,Complicated,YouTube,3.0,2-4 hrs,8.84,1.3,9.1,8.5,1,No
STU0504,17,Female,India,Undergraduate,Single,Instagram,11.3,6+ hrs,4.0,8.2,6.2,4.4,3,Yes
STU0505,20,Female,Japan,High School,Single,Twitter/X,1.6,<2 hrs,9.02,2.1,7.5,7.9,1,No
STU0506,18,Male,India,Undergraduate,Single,TikTok,4.1,4-6 hrs,8.0,2.5,7.1,7.8,1,Yes
STU0507,19,Female,India,Undergraduate,Single,TikTok,8.1,6+ hrs,4.62,4.9,7.6,6.0,2,Yes
STU0508,24,Female,USA,High School,Single,Twitter/X,3.8,2-4 hrs,8.27,2.8,7.4,7.4,1,No
STU0509,25,Female,Brazil,Undergraduate,In a relationship,Instagram,5.3,4-6 hrs,7.64,2.6,7.2,7.6,1,Yes
STU0510,26,Male,India,Undergraduate,Complicated,Facebook,4.4,4-6 hrs,7.33,2.6,6.9,7.7,2,Yes
STU0511,20,Female,USA,Undergraduate,In a relationship,YouTube,3.6,2-4 hrs,8.63,3.5,8.4,6.0,2,No
STU0512,24,Female,Japan,Undergraduate,In a relationship,Instagram,6.2,6+ hrs,7.39,4.4,7.2,6.7,2,Yes
STU0513,20,Male,Canada,Undergraduate,Complicated,Instagram,4.0,4-6 hrs,7.76,1.3,7.1,8.1,1,No
STU0514,25,Male,Canada,High School,Single,YouTube,2.2,2-4 hrs,8.24,1.0,7.5,8.5,0,No
STU0515,24,Male,Japan,Postgraduate,In a relationship,TikTok,2.8,2-4 hrs,7.66,2.1,8.0,8.7,0,No
STU0516,23,Female,UK,High School,In a relationship,Instagram,3.3,2-4 hrs,7.99,3.0,7.7,8.9,1,No
STU0517,16,Male,India,High School,Single,YouTube,1.8,<2 hrs,9.03,1.0,8.5,9.0,0,No
STU0518,18,Male,India,High School,Single,TikTok,2.9,2-4 hrs,8.0,2.4,8.0,6.9,2,No
STU0519,20,Non-binary,Canada,Postgraduate,In a relationship,TikTok,2.6,2-4 hrs,7.01,2.9,7.7,7.3,1,No
STU0520,27,Female,India,High School,Single,Instagram,4.0,4-6 hrs,8.46,4.3,7.2,7.3,2,No
STU0521,18,Female,USA,Undergraduate,In a relationship,Instagram,9.5,6+ hrs,5.34,6.9,6.0,5.9,2,Yes
STU0522,25,Female,UK,High School,Complicated,Instagram,3.0,2-4 hrs,7.92,2.5,7.5,8.4,1,No
STU0523,16,Female,Canada,Undergraduate,Single,Snapchat,7.0,6+ hrs,6.86,3.2,6.7,7.3,1,Yes
STU0524,26,Female,India,High School,Single,YouTube,3.9,2-4 hrs,8.66,4.4,7.5,6.5,1,No
STU0525,17,Female,Australia,Undergraduate,Complicated,TikTok,2.9,2-4 hrs,6.51,1.6,7.3,9.4,1,No
STU0526,17,Female,Brazil,High School,In a relationship,YouTube,1.7,<2 hrs,9.0,1.0,8.4,8.5,1,No
STU0527,19,Male,India,Undergraduate,Single,TikTok,2.9,2-4 hrs,7.34,1.8,7.6,7.4,0,No
STU0528,21,Male,USA,Undergraduate,In a relationship,Twitter/X,2.8,2-4 hrs,8.54,3.2,7.4,8.4,1,No
STU0529,17,Female,Australia,High School,Single,Instagram,1.4,<2 hrs,8.95,2.7,8.0,6.6,2,No
STU0530,21,Female,India,High School,Single,Twitter/X,1.6,<2 hrs,9.16,1.2,8.2,6.0,0,No
STU0531,26,Female,UK,High School,In a relationship,Instagram,3.3,2-4 hrs,7.72,3.1,7.7,8.0,1,No
STU0532,16,Female,Canada,Undergraduate,In a relationship,Instagram,6.9,6+ hrs,5.27,4.9,7.0,7.2,1,Yes
STU0533,23,Male,Germany,High School,Single,Snapchat,2.4,2-4 hrs,8.15,1.0,8.3,8.8,0,No
STU0534,18,Male,USA,Postgraduate,Single,Instagram,0.6,<2 hrs,9.47,1.6,9.0,7.3,0,No
STU0535,23,Female,UK,Postgraduate,Complicated,Instagram,1.0,<2 hrs,9.66,1.0,8.4,8.5,0,No
STU0536,18,Non-binary,India,High School,Single,Instagram,4.1,4-6 hrs,6.95,4.1,6.9,6.8,2,Yes
STU0537,16,Female,USA,High School,Single,YouTube,0.7,<2 hrs,9.8,1.5,8.2,7.9,1,No
STU0538,19,Male,India,Postgraduate,In a relationship,TikTok,4.6,4-6 hrs,7.04,3.7,6.8,8.1,1,Yes
STU0539,18,Male,India,High School,Single,YouTube,4.0,4-6 hrs,7.92,4.3,8.3,6.1,3,No
STU0540,23,Male,USA,Undergraduate,In a relationship,Instagram,2.3,2-4 hrs,8.16,3.4,8.9,7.5,3,No
STU0541,16,Male,USA,Undergraduate,Single,TikTok,1.4,<2 hrs,8.98,1.0,8.5,9.3,0,No
STU0542,24,Male,Australia,Undergraduate,In a relationship,TikTok,2.1,2-4 hrs,9.09,1.0,8.4,8.8,0,No
STU0543,26,Non-binary,USA,Postgraduate,In a relationship,YouTube,3.2,2-4 hrs,7.32,1.0,7.8,9.4,1,No
STU0544,24,Female,India,Undergraduate,In a relationship,TikTok,0.8,<2 hrs,8.73,2.4,8.5,8.2,1,No
STU0545,21,Female,Australia,Undergraduate,In a relationship,Facebook,6.5,6+ hrs,6.69,4.2,6.1,7.2,2,Yes
STU0546,20,Female,UK,Undergraduate,In a relationship,TikTok,3.2,2-4 hrs,9.5,3.1,7.7,7.7,2,No
STU0547,26,Female,Brazil,High School,Single,YouTube,3.5,2-4 hrs,7.41,1.9,7.2,8.5,1,No
STU0548,27,Female,Canada,Undergraduate,Single,TikTok,4.0,4-6 hrs,8.92,4.0,7.6,6.7,1,No
STU0549,20,Female,UK,Undergraduate,Single,YouTube,6.1,6+ hrs,7.96,3.7,6.9,6.2,3,Yes
STU0550,27,Female,India,High School,In a relationship,Instagram,2.9,2-4 hrs,8.14,1.1,8.7,9.1,2,No
STU0551,21,Female,India,Postgraduate,Single,Instagram,4.1,4-6 hrs,7.48,2.7,7.9,8.5,1,Yes
STU0552,22,Non-binary,India,Undergraduate,Complicated,Facebook,1.4,<2 hrs,8.45,1.0,8.3,8.7,0,No
STU0553,23,Female,USA,High School,In a relationship,YouTube,7.9,6+ hrs,5.9,6.0,6.4,5.6,2,Yes
STU0554,18,Female,India,High School,In a relationship,TikTok,2.8,2-4 hrs,7.4,1.9,8.6,7.0,1,No
STU0555,25,Male,Germany,Undergraduate,Single,YouTube,1.4,<2 hrs,8.82,1.5,8.1,8.3,2,No
STU0556,16,Non-binary,Germany,High School,In a relationship,Instagram,1.7,<2 hrs,9.63,1.0,8.2,7.6,2,No
STU0557,20,Male,Australia,Postgraduate,Complicated,Twitter/X,0.5,<2 hrs,8.91,1.0,8.4,7.5,2,No
STU0558,26,Non-binary,India,Postgraduate,Single,Instagram,1.7,<2 hrs,8.59,1.0,7.9,8.5,1,No
STU0559,16,Female,India,Undergraduate,Single,YouTube,0.5,<2 hrs,8.25,2.0,8.4,7.5,0,No
STU0560,17,Female,Canada,Undergraduate,In a relationship,Instagram,4.4,4-6 hrs,7.74,3.3,6.4,7.6,3,Yes
STU0561,27,Female,Australia,Postgraduate,Complicated,YouTube,3.4,2-4 hrs,8.13,1.0,6.9,8.4,0,No
STU0562,23,Female,India,High School,Single,TikTok,1.1,<2 hrs,9.04,1.0,8.4,8.1,1,No
STU0563,18,Non-binary,India,Undergraduate,Complicated,TikTok,2.4,2-4 hrs,8.29,1.8,8.7,6.9,0,No
STU0564,26,Non-binary,India,High School,Single,TikTok,2.5,2-4 hrs,8.2,3.2,8.0,6.8,1,No
STU0565,25,Female,India,Undergraduate,In a relationship,Instagram,0.9,<2 hrs,9.4,1.5,7.9,7.7,1,No
STU0566,19,Male,UK,Undergraduate,Single,Instagram,2.1,2-4 hrs,8.54,1.0,7.3,7.6,0,No
STU0567,26,Male,India,High School,Single,YouTube,2.6,2-4 hrs,8.52,3.8,8.2,6.9,1,No
STU0568,21,Female,India,Postgraduate,Complicated,YouTube,2.1,2-4 hrs,8.68,1.4,7.7,7.5,1,No
STU0569,23,Female,UK,Undergraduate,Single,YouTube,1.4,<2 hrs,9.54,2.0,8.5,7.9,0,No
STU0570,16,Male,UK,Postgraduate,Single,Instagram,1.0,<2 hrs,9.46,1.0,8.4,8.7,0,No
STU0571,17,Male,Germany,Postgraduate,Single,Facebook,2.0,2-4 hrs,8.72,1.0,8.2,7.9,0,No
STU0572,26,Male,India,Undergraduate,Single,YouTube,1.5,<2 hrs,9.74,1.0,8.1,8.8,0,No
STU0573,21,Female,USA,Postgraduate,Single,Instagram,3.8,2-4 hrs,8.04,1.0,7.7,7.5,0,No
STU0574,23,Female,Brazil,High School,Single,YouTube,6.3,6+ hrs,7.45,6.1,6.9,5.2,2,Yes
STU0575,27,Male,Australia,Undergraduate,Single,Instagram,4.8,4-6 hrs,7.7,3.5,7.0,7.2,1,Yes
STU0576,23,Female,UK,High School,In a relationship,Twitter/X,2.6,2-4 hrs,7.22,1.1,7.4,8.9,1,No
STU0577,18,Female,Australia,Undergraduate,Single,TikTok,1.4,<2 hrs,9.65,1.3,7.0,9.0,2,No
STU0578,19,Male,USA,Undergraduate,In a relationship,TikTok,4.7,4-6 hrs,7.47,3.4,7.2,8.4,1,Yes
STU0579,25,Male,Brazil,Postgraduate,In a relationship,Instagram,3.9,2-4 hrs,7.71,3.2,8.3,7.1,3,No
STU0580,19,Female,UK,Undergraduate,Complicated,YouTube,6.0,6+ hrs,6.97,5.2,7.4,6.3,2,Yes
STU0581,19,Female,Canada,Undergraduate,In a relationship,Twitter/X,2.9,2-4 hrs,7.99,1.8,7.9,7.4,0,No
STU0582,17,Non-binary,Canada,High School,Complicated,TikTok,7.6,6+ hrs,6.22,4.6,6.2,5.8,3,Yes
STU0583,21,Male,Canada,Postgraduate,Single,Instagram,2.9,2-4 hrs,7.84,2.7,8.3,7.8,1,No
STU0584,23,Male,Canada,Undergraduate,Complicated,Twitter/X,1.4,<2 hrs,9.63,1.6,8.1,7.7,0,No
STU0585,24,Male,India,Undergraduate,Single,YouTube,1.7,<2 hrs,8.67,1.3,8.9,9.2,1,No
STU0586,16,Female,Canada,Postgraduate,Single,Twitter/X,3.7,2-4 hrs,7.61,4.3,7.1,5.8,2,No
STU0587,16,Female,Australia,Postgraduate,Single,YouTube,1.5,<2 hrs,8.27,1.0,7.8,8.8,1,No
STU0588,24,Male,India,Undergraduate,In a relationship,TikTok,7.6,6+ hrs,6.24,4.6,6.2,6.0,2,Yes
STU0589,26,Female,Brazil,Postgraduate,Single,Instagram,3.4,2-4 hrs,8.08,2.7,6.9,7.1,2,No
STU0590,19,Female,Japan,Undergraduate,Complicated,Instagram,2.6,2-4 hrs,8.56,1.3,7.4,8.7,1,No
STU0591,26,Male,India,Undergraduate,Single,TikTok,2.7,2-4 hrs,7.67,2.3,7.9,7.4,0,No
STU0592,22,Female,UK,Undergraduate,In a relationship,Snapchat,2.0,2-4 hrs,7.64,1.0,7.6,8.1,0,No
STU0593,17,Male,India,High School,Complicated,Instagram,0.5,<2 hrs,9.65,1.0,6.4,7.9,0,No
STU0594,25,Male,India,Undergraduate,Complicated,Facebook,1.7,<2 hrs,9.63,2.7,8.6,8.9,1,No
STU0595,16,Male,Canada,Undergraduate,In a relationship,Facebook,7.0,6+ hrs,5.73,4.6,5.9,6.3,1,Yes
STU0596,26,Female,USA,Postgraduate,In a relationship,YouTube,3.0,2-4 hrs,9.1,1.5,8.0,8.3,0,No
STU0597,22,Male,USA,Undergraduate,Single,Snapchat,5.1,4-6 hrs,7.38,4.5,7.2,6.6,1,Yes
STU0598,21,Female,Australia,Undergraduate,Single,YouTube,5.2,4-6 hrs,7.16,2.8,8.3,7.8,1,Yes
STU0599,18,Female,UK,Undergraduate,Complicated,TikTok,2.4,2-4 hrs,8.18,1.1,8.4,8.0,0,No
STU0600,25,Female,UK,High School,Single,YouTube,4.0,4-6 hrs,6.87,3.3,7.2,7.2,1,No
STU0601,19,Female,USA,Undergraduate,Single,Snapchat,0.5,<2 hrs,9.87,1.1,8.0,8.7,0,No
STU0602,16,Male,Australia,Undergraduate,Single,Facebook,6.6,6+ hrs,6.06,5.6,7.6,5.6,3,Yes
STU0603,22,Female,USA,Postgraduate,Single,Snapchat,6.2,6+ hrs,6.24,3.7,6.2,7.9,2,Yes
STU0604,24,Female,Brazil,Undergraduate,Single,Instagram,3.6,2-4 hrs,8.48,3.0,7.7,8.3,2,No
STU0605,16,Male,Canada,Undergraduate,Single,YouTube,3.0,2-4 hrs,7.02,1.7,7.7,8.6,1,No
STU0606,17,Female,UK,High School,Single,TikTok,2.5,2-4 hrs,7.46,1.3,7.7,8.4,0,No
STU0607,17,Male,Germany,High School,Complicated,TikTok,5.5,4-6 hrs,7.01,4.8,7.3,4.5,1,Yes
STU0608,21,Male,UK,Undergraduate,Single,TikTok,4.3,4-6 hrs,7.74,2.6,7.5,8.0,1,Yes
STU0609,20,Male,India,Postgraduate,In a relationship,Instagram,1.9,<2 hrs,8.94,1.6,8.3,7.9,0,No
STU0610,21,Female,India,Postgraduate,Single,Snapchat,0.9,<2 hrs,8.91,1.0,8.3,8.3,0,No
STU0611,16,Male,UK,Undergraduate,In a relationship,Facebook,0.7,<2 hrs,10.0,1.0,8.5,7.2,1,No
STU0612,21,Male,USA,Undergraduate,Single,Instagram,5.5,4-6 hrs,6.89,4.6,7.2,7.0,1,Yes
STU0613,26,Female,USA,High School,In a relationship,YouTube,2.4,2-4 hrs,8.28,2.1,7.6,6.9,1,No
STU0614,21,Female,USA,High School,In a relationship,YouTube,3.5,2-4 hrs,7.45,1.0,7.6,8.6,0,No
STU0615,22,Male,Canada,Postgraduate,Single,Snapchat,2.7,2-4 hrs,8.36,2.1,7.5,8.6,1,No
STU0616,27,Female,UK,Postgraduate,In a relationship,YouTube,0.7,<2 hrs,9.55,1.0,7.9,8.2,0,No
STU0617,17,Male,UK,High School,Single,Twitter/X,0.5,<2 hrs,10.0,1.2,8.2,9.3,0,No
STU0618,21,Female,USA,Undergraduate,Single,Facebook,1.8,<2 hrs,7.8,1.0,8.0,8.0,0,No
STU0619,24,Male,Canada,Undergraduate,Single,YouTube,1.9,<2 hrs,8.5,1.0,8.0,8.9,0,No
STU0620,24,Male,USA,High School,Single,TikTok,1.9,<2 hrs,8.91,1.6,8.5,7.3,0,No
STU0621,17,Female,Australia,Postgraduate,Single,Instagram,1.9,<2 hrs,9.0,1.4,7.8,9.0,0,No
STU0622,20,Male,UK,High School,Single,Snapchat,9.1,6+ hrs,5.41,7.0,6.3,6.1,2,Yes
STU0623,22,Male,India,Postgraduate,Single,YouTube,5.1,4-6 hrs,7.53,2.4,7.3,8.1,1,Yes
STU0624,20,Female,India,Postgraduate,Single,YouTube,3.0,2-4 hrs,7.66,3.4,7.4,7.0,2,No
STU0625,18,Non-binary,Canada,Undergraduate,Complicated,TikTok,2.4,2-4 hrs,9.35,2.1,7.9,7.0,2,No
STU0626,16,Male,USA,Postgraduate,Single,TikTok,2.4,2-4 hrs,9.02,2.8,8.4,7.3,1,No
STU0627,22,Male,India,High School,In a relationship,TikTok,4.2,4-6 hrs,6.8,3.6,7.5,8.0,1,Yes
STU0628,23,Female,Brazil,Undergraduate,In a relationship,Instagram,2.3,2-4 hrs,7.82,1.6,8.0,8.3,0,No
STU0629,21,Female,USA,Undergraduate,In a relationship,Twitter/X,4.7,4-6 hrs,6.76,2.3,7.0,6.8,0,Yes
STU0630,27,Female,Australia,Undergraduate,In a relationship,Instagram,3.2,2-4 hrs,8.47,1.8,8.7,7.3,0,No
STU0631,27,Female,USA,Undergraduate,Single,TikTok,9.1,6+ hrs,4.63,7.6,5.9,6.1,4,Yes
STU0632,22,Female,Brazil,Undergraduate,Single,Instagram,2.2,2-4 hrs,8.31,2.6,7.1,8.0,1,No
STU0633,24,Male,India,High School,Single,Twitter/X,5.3,4-6 hrs,7.39,3.2,7.6,6.5,1,Yes
STU0634,17,Female,India,Postgraduate,Single,Instagram,1.0,<2 hrs,9.01,1.0,8.2,7.3,1,No
STU0635,20,Male,UK,Postgraduate,Single,TikTok,1.5,<2 hrs,8.98,1.0,8.0,8.1,0,No
STU0636,18,Male,USA,Undergraduate,In a relationship,TikTok,8.3,6+ hrs,5.13,5.6,6.2,4.9,4,Yes
STU0637,27,Male,Australia,Postgraduate,Single,TikTok,4.6,4-6 hrs,7.79,3.0,8.3,7.4,2,Yes
STU0638,17,Male,Canada,High School,Single,Snapchat,3.6,2-4 hrs,7.51,2.9,7.8,9.3,2,No
STU0639,18,Male,India,High School,Single,Twitter/X,10.6,6+ hrs,4.54,8.1,6.1,3.8,4,Yes
STU0640,19,Female,Canada,Postgraduate,Single,Twitter/X,2.4,2-4 hrs,8.56,2.5,8.0,7.6,1,No
STU0641,17,Female,Germany,Postgraduate,Single,Instagram,5.3,4-6 hrs,7.18,4.1,7.3,7.9,1,Yes
STU0642,17,Female,USA,Undergraduate,Single,Instagram,5.6,4-6 hrs,6.99,2.5,7.8,8.3,1,Yes
STU0643,23,Female,India,Undergraduate,Complicated,Instagram,7.2,6+ hrs,5.81,4.8,6.6,6.5,1,Yes
STU0644,18,Male,Australia,Undergraduate,Complicated,TikTok,0.9,<2 hrs,8.92,2.5,7.5,7.6,1,No
STU0645,18,Female,Brazil,Undergraduate,Single,TikTok,2.4,2-4 hrs,8.42,2.0,8.3,7.2,1,No
STU0646,19,Male,Canada,Undergraduate,In a relationship,Instagram,3.2,2-4 hrs,7.23,2.5,7.9,7.6,1,No
STU0647,26,Male,Germany,High School,In a relationship,TikTok,7.1,6+ hrs,6.03,5.3,6.8,6.5,3,Yes
STU0648,20,Female,Japan,High School,In a relationship,Instagram,3.5,2-4 hrs,8.16,2.8,7.9,8.4,1,No
STU0649,18,Male,UK,Undergraduate,In a relationship,Instagram,5.6,4-6 hrs,6.21,2.0,6.9,7.6,0,Yes
STU0650,21,Female,Brazil,High School,Complicated,Instagram,0.8,<2 hrs,9.83,1.0,8.3,8.4,1,No
STU0651,25,Female,USA,Postgraduate,In a relationship,YouTube,2.0,2-4 hrs,9.36,1.4,7.9,7.6,0,No
STU0652,18,Male,Australia,Postgraduate,Single,TikTok,6.2,6+ hrs,5.96,5.4,6.7,6.5,2,Yes
STU0653,23,Female,Brazil,Undergraduate,Single,YouTube,2.2,2-4 hrs,9.32,1.6,8.5,8.7,1,No
STU0654,19,Female,UK,High School,Single,YouTube,2.5,2-4 hrs,8.29,1.0,7.2,8.9,0,No
STU0655,20,Female,Canada,Undergraduate,In a relationship,Instagram,7.0,6+ hrs,6.6,5.2,7.9,5.6,3,Yes
STU0656,18,Male,Japan,Undergraduate,In a relationship,Twitter/X,1.2,<2 hrs,8.66,1.0,8.6,8.6,0,No
STU0657,20,Non-binary,India,High School,In a relationship,TikTok,1.5,<2 hrs,9.38,1.0,7.2,8.0,0,No
STU0658,26,Male,USA,Undergraduate,Single,TikTok,0.7,<2 hrs,9.43,1.0,8.2,9.2,2,No
STU0659,22,Female,Australia,Undergraduate,Complicated,TikTok,7.2,6+ hrs,5.77,5.5,6.6,6.1,2,Yes
STU0660,18,Male,USA,Postgraduate,Single,Twitter/X,5.0,4-6 hrs,6.55,4.5,7.4,5.7,1,Yes
STU0661,18,Female,UK,Undergraduate,In a relationship,Instagram,4.9,4-6 hrs,6.42,3.8,6.8,6.9,1,Yes
STU0662,16,Male,India,Undergraduate,Single,Facebook,1.9,<2 hrs,8.76,1.8,8.0,8.4,0,No
STU0663,17,Female,UK,Postgraduate,Single,TikTok,0.7,<2 hrs,9.53,1.0,8.3,8.7,1,No
STU0664,19,Female,Canada,Undergraduate,Single,YouTube,0.5,<2 hrs,9.67,1.0,8.0,8.1,1,No
STU0665,27,Male,India,Postgraduate,Single,YouTube,6.3,6+ hrs,6.59,5.0,6.5,6.1,2,Yes
STU0666,24,Male,India,High School,Single,Twitter/X,3.8,2-4 hrs,7.1,1.0,8.0,7.8,1,No
STU0667,18,Male,USA,Undergraduate,In a relationship,YouTube,4.3,4-6 hrs,7.16,3.1,6.6,7.2,2,Yes
STU0668,25,Male,Australia,High School,Single,TikTok,3.1,2-4 hrs,8.8,1.3,8.0,7.8,2,No
STU0669,20,Female,India,Undergraduate,Single,Instagram,1.3,<2 hrs,8.62,1.8,8.6,8.8,0,No
STU0670,24,Female,USA,Postgraduate,Single,TikTok,2.0,2-4 hrs,8.69,1.3,7.9,7.7,0,No
STU0671,19,Male,India,Postgraduate,In a relationship,Instagram,1.0,<2 hrs,8.4,1.0,8.3,8.6,1,No
STU0672,19,Female,UK,Postgraduate,Single,Instagram,0.9,<2 hrs,9.3,1.0,8.9,8.5,0,No
STU0673,21,Male,UK,Undergraduate,Single,YouTube,4.7,4-6 hrs,7.11,4.1,7.0,7.6,3,Yes
STU0674,22,Female,Australia,High School,In a relationship,TikTok,0.5,<2 hrs,9.9,1.0,8.1,9.3,0,No
STU0675,27,Female,India,High School,Single,TikTok,1.0,<2 hrs,9.51,1.1,8.0,8.9,0,No
STU0676,26,Female,Australia,High School,Single,TikTok,2.1,2-4 hrs,8.26,1.0,8.6,8.7,1,No
STU0677,21,Female,Brazil,Undergraduate,Single,Twitter/X,2.7,2-4 hrs,8.21,1.3,8.5,7.6,1,No
STU0678,26,Female,USA,Undergraduate,Complicated,Instagram,0.7,<2 hrs,8.85,1.0,7.6,7.8,0,No
STU0679,19,Female,USA,Undergraduate,Complicated,YouTube,3.5,2-4 hrs,7.07,1.9,8.1,7.5,0,No
STU0680,22,Non-binary,India,Postgraduate,Complicated,Snapchat,3.0,2-4 hrs,7.64,2.4,8.2,8.3,0,No
STU0681,27,Female,USA,Undergraduate,Single,Snapchat,6.2,6+ hrs,6.83,2.6,7.7,7.8,1,Yes
STU0682,26,Male,Canada,High School,Single,Instagram,2.7,2-4 hrs,8.48,1.5,8.0,8.9,0,No
STU0683,25,Female,India,High School,Single,Instagram,3.7,2-4 hrs,7.92,4.0,7.6,7.7,2,No
STU0684,18,Male,Canada,Postgraduate,In a relationship,YouTube,1.4,<2 hrs,8.69,1.3,8.7,7.8,0,No
STU0685,18,Female,USA,Postgraduate,Complicated,Twitter/X,1.4,<2 hrs,9.43,1.1,8.5,8.5,0,No
STU0686,27,Female,Canada,High School,Single,TikTok,0.8,<2 hrs,9.18,2.1,9.4,7.9,0,No
STU0687,22,Female,India,Postgraduate,In a relationship,Instagram,1.4,<2 hrs,9.29,1.0,8.6,8.3,0,No
STU0688,27,Female,Australia,Undergraduate,Single,Instagram,2.0,2-4 hrs,7.54,1.0,8.1,8.1,0,No
STU0689,21,Male,UK,Postgraduate,In a relationship,Twitter/X,5.8,4-6 hrs,4.54,3.7,6.5,8.0,1,Yes
STU0690,17,Male,UK,Undergraduate,In a relationship,Instagram,1.2,<2 hrs,9.13,1.5,7.9,8.3,0,No
STU0691,16,Male,UK,Postgraduate,In a relationship,Facebook,9.4,6+ hrs,4.42,7.3,5.4,5.4,2,Yes
STU0692,21,Female,Germany,Undergraduate,Single,TikTok,3.9,2-4 hrs,7.62,2.0,7.4,7.4,1,No
STU0693,24,Female,UK,High School,Single,TikTok,3.4,2-4 hrs,7.79,3.2,8.1,7.9,1,No
STU0694,18,Female,India,High School,Single,TikTok,2.6,2-4 hrs,9.28,1.5,7.8,7.5,1,No
STU0695,24,Female,Canada,Undergraduate,Single,Instagram,2.2,2-4 hrs,8.75,2.5,8.5,8.1,1,No
STU0696,21,Female,UK,High School,In a relationship,TikTok,1.6,<2 hrs,8.88,1.0,8.3,8.8,0,No
STU0697,19,Male,India,High School,Single,Instagram,0.7,<2 hrs,9.69,1.0,8.1,8.2,1,No
STU0698,25,Male,UK,High School,Single,Twitter/X,1.2,<2 hrs,9.18,1.0,8.2,8.7,0,No
STU0699,25,Male,India,Undergraduate,Single,Facebook,7.2,6+ hrs,5.99,5.9,6.9,6.2,2,Yes
STU0700,25,Male,Australia,Undergraduate,In a relationship,YouTube,3.8,2-4 hrs,8.43,2.2,7.6,7.9,1,No
STU0701,27,Male,Canada,Postgraduate,Single,Twitter/X,7.2,6+ hrs,5.59,5.0,6.8,6.5,2,Yes
STU0702,17,Male,UK,Postgraduate,In a relationship,Instagram,1.5,<2 hrs,9.02,1.5,7.7,8.3,0,No
STU0703,24,Male,Australia,Postgraduate,Single,Instagram,1.0,<2 hrs,8.12,1.1,8.0,8.5,0,No
STU0704,20,Female,India,Undergraduate,Single,YouTube,2.6,2-4 hrs,8.45,2.5,9.0,7.8,1,No
STU0705,20,Male,USA,Postgraduate,In a relationship,Twitter/X,1.3,<2 hrs,9.03,1.1,8.8,7.7,1,No
STU0706,17,Male,India,Undergraduate,In a relationship,Snapchat,3.0,2-4 hrs,9.16,1.8,7.0,8.0,1,No
STU0707,20,Male,Japan,Postgraduate,Single,YouTube,0.5,<2 hrs,8.34,1.0,7.2,8.7,0,No
STU0708,21,Male,India,High School,Complicated,YouTube,0.5,<2 hrs,8.91,1.0,8.4,8.6,0,No
STU0709,17,Female,India,Postgraduate,Complicated,TikTok,3.3,2-4 hrs,8.51,2.5,8.1,8.4,1,No
STU0710,16,Non-binary,UK,High School,In a relationship,Snapchat,7.3,6+ hrs,6.42,5.0,6.4,6.9,2,Yes
STU0711,21,Male,USA,Undergraduate,In a relationship,YouTube,3.4,2-4 hrs,8.08,2.4,8.2,7.2,1,No
STU0712,24,Male,UK,Undergraduate,Single,Instagram,3.7,2-4 hrs,7.26,1.4,7.6,8.2,0,No
STU0713,24,Female,Germany,Undergraduate,In a relationship,Instagram,2.7,2-4 hrs,7.93,2.4,7.7,7.6,1,No
STU0714,24,Male,India,Undergraduate,Single,Instagram,2.8,2-4 hrs,8.99,2.1,8.2,7.9,0,No
STU0715,20,Female,Canada,Undergraduate,In a relationship,TikTok,0.6,<2 hrs,9.2,1.2,8.1,8.4,0,No
STU0716,25,Female,India,Undergraduate,Single,Instagram,1.3,<2 hrs,9.14,1.0,8.0,8.9,0,No
STU0717,16,Male,Australia,Undergraduate,Single,Instagram,5.7,4-6 hrs,6.87,2.6,7.4,7.8,2,Yes
STU0718,18,Male,Germany,High School,Single,Instagram,1.9,<2 hrs,7.94,1.0,8.0,9.4,2,No
STU0719,23,Male,USA,Undergraduate,Single,Instagram,5.7,4-6 hrs,7.5,3.8,8.0,7.3,1,Yes
STU0720,24,Male,India,Undergraduate,Single,Twitter/X,2.8,2-4 hrs,8.54,2.6,8.1,7.1,3,No
STU0721,19,Male,Germany,Undergraduate,Complicated,Facebook,2.9,2-4 hrs,9.58,1.0,8.1,8.2,2,No
STU0722,26,Male,Brazil,High School,Single,Facebook,1.9,<2 hrs,8.04,1.4,8.0,8.7,1,No
STU0723,27,Female,India,Undergraduate,Single,Instagram,4.1,4-6 hrs,8.15,3.3,7.9,6.2,1,Yes
STU0724,18,Male,UK,Postgraduate,In a relationship,YouTube,4.8,4-6 hrs,6.55,2.8,7.1,6.7,1,Yes
STU0725,17,Male,Brazil,Undergraduate,In a relationship,Instagram,1.3,<2 hrs,9.01,1.0,8.3,8.5,0,No
STU0726,20,Female,Canada,Undergraduate,In a relationship,Facebook,0.7,<2 hrs,9.77,1.0,7.9,9.2,1,No
STU0727,17,Female,Germany,High School,Single,Facebook,0.5,<2 hrs,8.03,1.0,8.9,9.4,0,No
STU0728,26,Male,India,Undergraduate,Single,Facebook,3.6,2-4 hrs,7.76,2.2,7.7,7.7,1,No
STU0729,24,Female,India,Undergraduate,Single,Instagram,3.3,2-4 hrs,7.68,1.7,8.7,8.9,0,No
STU0730,25,Female,USA,Postgraduate,Single,Instagram,11.1,6+ hrs,4.08,8.3,6.9,4.9,3,Yes
STU0731,26,Female,USA,High School,Single,YouTube,2.7,2-4 hrs,8.52,1.3,8.2,7.3,0,No
STU0732,24,Male,Australia,Postgraduate,In a relationship,Instagram,2.3,2-4 hrs,9.14,1.0,8.0,8.5,1,No
STU0733,18,Male,USA,Undergraduate,Single,Snapchat,3.1,2-4 hrs,8.03,3.6,7.3,6.8,1,No
STU0734,19,Non-binary,India,Undergraduate,Single,YouTube,3.2,2-4 hrs,8.18,3.0,8.2,8.1,1,No
STU0735,27,Male,Brazil,Postgraduate,Single,Instagram,2.2,2-4 hrs,8.58,1.0,8.1,8.5,0,No
STU0736,27,Female,Australia,High School,Single,Twitter/X,1.3,<2 hrs,8.92,1.0,8.4,7.6,0,No
STU0737,24,Male,Canada,High School,Complicated,TikTok,2.6,2-4 hrs,7.68,2.0,8.7,7.0,0,No
STU0738,16,Female,India,Postgraduate,In a relationship,YouTube,2.5,2-4 hrs,9.04,2.0,7.5,8.0,0,No
STU0739,22,Male,India,Postgraduate,Single,Instagram,2.5,2-4 hrs,8.55,1.0,7.4,6.8,0,No
STU0740,17,Male,UK,Postgraduate,In a relationship,TikTok,4.4,4-6 hrs,7.76,4.0,7.3,6.6,1,Yes
STU0741,24,Female,UK,High School,In a relationship,Twitter/X,2.5,2-4 hrs,7.89,2.4,8.3,8.0,0,No
STU0742,26,Female,India,Undergraduate,Single,TikTok,0.7,<2 hrs,8.91,1.0,8.6,7.8,0,No
STU0743,27,Male,India,Undergraduate,In a relationship,Instagram,1.5,<2 hrs,8.72,2.1,7.7,8.6,1,No
STU0744,27,Male,USA,Postgraduate,In a relationship,YouTube,2.2,2-4 hrs,7.59,1.9,8.3,8.9,0,No
STU0745,18,Male,USA,High School,Single,YouTube,2.6,2-4 hrs,7.32,2.2,7.2,7.2,2,No
STU0746,21,Male,India,Postgraduate,In a relationship,Instagram,3.7,2-4 hrs,7.47,3.8,7.2,6.9,2,No
STU0747,20,Male,UK,Undergraduate,Single,Instagram,2.6,2-4 hrs,8.64,2.7,7.8,8.3,2,No
STU0748,17,Non-binary,India,Undergraduate,Complicated,Instagram,0.5,<2 hrs,8.88,1.0,8.1,8.5,1,No
STU0749,24,Female,India,High School,In a relationship,Instagram,0.8,<2 hrs,8.53,1.1,8.7,7.5,0,No
STU0750,18,Female,India,High School,In a relationship,Instagram,3.9,2-4 hrs,7.26,2.2,7.7,7.8,2,No
STU0751,21,Female,Canada,Undergraduate,Single,Snapchat,2.1,2-4 hrs,8.28,1.9,8.9,7.5,1,No
STU0752,24,Non-binary,UK,High School,In a relationship,Instagram,2.8,2-4 hrs,8.03,2.3,7.7,8.6,1,No
STU0753,23,Female,Germany,Undergraduate,Single,Twitter/X,1.9,<2 hrs,9.94,1.0,8.0,8.9,0,No
STU0754,25,Female,India,Undergraduate,In a relationship,TikTok,1.5,<2 hrs,9.46,1.0,8.7,8.3,0,No
STU0755,20,Male,India,Postgraduate,Single,TikTok,2.0,2-4 hrs,9.21,1.6,8.0,8.3,1,No
STU0756,21,Female,Germany,High School,Single,YouTube,2.8,2-4 hrs,8.94,1.6,8.5,7.3,0,No
STU0757,18,Female,USA,Undergraduate,Single,Twitter/X,2.5,2-4 hrs,7.78,2.0,8.1,7.5,0,No
STU0758,20,Male,India,High School,In a relationship,Twitter/X,4.8,4-6 hrs,6.61,4.0,6.1,8.1,2,Yes
STU0759,21,Female,USA,Undergraduate,In a relationship,Instagram,0.6,<2 hrs,8.57,1.0,8.9,8.5,0,No
STU0760,18,Male,USA,Postgraduate,Single,TikTok,0.7,<2 hrs,9.99,1.0,8.8,9.2,0,No
STU0761,25,Male,UK,Undergraduate,Single,YouTube,2.1,2-4 hrs,8.23,2.6,8.5,7.9,1,No
STU0762,17,Male,India,Postgraduate,Complicated,TikTok,3.7,2-4 hrs,7.08,3.0,6.6,8.4,1,No
STU0763,25,Female,India,Postgraduate,Single,Instagram,4.3,4-6 hrs,7.31,3.2,7.1,6.0,1,Yes
STU0764,24,Female,USA,High School,Single,TikTok,1.5,<2 hrs,8.68,1.0,7.8,8.4,0,No
STU0765,22,Male,UK,High School,Single,Instagram,0.5,<2 hrs,9.44,1.0,8.0,9.7,2,No
STU0766,19,Male,India,Undergraduate,Single,Instagram,1.6,<2 hrs,8.93,1.4,9.0,9.0,1,No
STU0767,18,Female,India,Undergraduate,Single,TikTok,3.3,2-4 hrs,7.52,3.3,7.7,8.3,2,No
STU0768,19,Male,Australia,Undergraduate,Single,TikTok,2.5,2-4 hrs,8.79,1.8,7.9,8.1,0,No
STU0769,24,Female,Australia,Undergraduate,Single,Instagram,3.8,2-4 hrs,7.41,1.2,7.8,8.0,1,No
STU0770,24,Male,India,High School,In a relationship,YouTube,5.6,4-6 hrs,6.89,2.6,7.4,7.0,1,Yes
STU0771,27,Male,Japan,Postgraduate,In a relationship,TikTok,2.2,2-4 hrs,8.92,2.1,6.3,7.2,0,No
STU0772,21,Male,USA,High School,Single,Instagram,1.7,<2 hrs,8.35,1.0,7.8,9.1,1,No
STU0773,26,Female,UK,High School,In a relationship,Twitter/X,1.1,<2 hrs,8.66,1.1,7.5,8.8,0,No
STU0774,27,Male,UK,Undergraduate,Single,Instagram,0.7,<2 hrs,9.54,1.0,8.5,8.5,2,No
STU0775,24,Female,USA,Undergraduate,In a relationship,TikTok,0.5,<2 hrs,8.76,1.0,8.2,8.9,0,No
STU0776,24,Female,UK,Undergraduate,Single,TikTok,1.4,<2 hrs,8.64,1.0,8.2,8.6,1,No
STU0777,21,Male,UK,Postgraduate,Complicated,YouTube,5.1,4-6 hrs,7.54,2.9,6.2,8.2,2,Yes
STU0778,20,Female,Australia,Undergraduate,In a relationship,TikTok,4.1,4-6 hrs,8.89,2.9,7.3,8.2,1,Yes
STU0779,26,Female,Canada,High School,Single,TikTok,1.7,<2 hrs,9.1,1.0,8.6,7.8,0,No
STU0780,18,Male,USA,High School,Single,Snapchat,9.4,6+ hrs,5.55,6.3,6.9,6.0,2,Yes
STU0781,16,Female,India,High School,Single,Instagram,1.5,<2 hrs,9.14,1.0,8.5,7.3,1,No
STU0782,19,Male,India,High School,In a relationship,Instagram,6.0,6+ hrs,6.16,4.0,6.3,7.1,1,Yes
STU0783,16,Female,Canada,Postgraduate,Complicated,Twitter/X,6.9,6+ hrs,6.46,5.6,7.4,6.6,2,Yes
STU0784,27,Female,USA,Postgraduate,Single,Twitter/X,3.5,2-4 hrs,7.91,2.3,8.0,6.9,0,No
STU0785,16,Female,Japan,Undergraduate,Complicated,Snapchat,1.4,<2 hrs,9.06,1.8,8.1,7.8,0,No
STU0786,21,Male,India,Undergraduate,Single,Facebook,1.9,<2 hrs,8.71,2.6,7.0,7.7,1,No
STU0787,26,Male,India,Undergraduate,In a relationship,TikTok,2.9,2-4 hrs,8.42,2.7,8.3,7.8,2,No
STU0788,20,Female,India,High School,In a relationship,TikTok,0.7,<2 hrs,9.0,1.0,8.0,8.3,0,No
STU0789,22,Female,USA,High School,Single,Snapchat,1.1,<2 hrs,9.04,1.0,8.4,7.7,1,No
STU0790,16,Female,India,Undergraduate,Single,Snapchat,1.0,<2 hrs,8.31,1.4,8.3,8.3,1,No
STU0791,16,Female,USA,High School,Complicated,TikTok,3.7,2-4 hrs,7.64,2.7,8.3,6.5,1,No
STU0792,23,Female,USA,Postgraduate,In a relationship,Instagram,5.6,4-6 hrs,7.81,4.7,7.0,6.5,1,Yes
STU0793,21,Female,Japan,Undergraduate,In a relationship,YouTube,4.2,4-6 hrs,7.8,3.4,7.4,7.0,4,Yes
STU0794,23,Female,Japan,High School,In a relationship,Instagram,5.0,4-6 hrs,7.24,3.2,8.0,7.3,3,Yes
STU0795,21,Male,USA,Undergraduate,In a relationship,Snapchat,1.3,<2 hrs,10.0,1.6,7.8,7.8,0,No
STU0796,21,Female,Australia,Undergraduate,Single,Twitter/X,1.9,<2 hrs,7.83,1.4,8.4,7.2,0,No
STU0797,25,Female,India,Undergraduate,In a relationship,Snapchat,2.0,2-4 hrs,7.93,1.3,7.9,8.1,0,No
STU0798,22,Female,India,Postgraduate,Single,Instagram,3.5,2-4 hrs,8.95,2.1,7.1,8.6,0,No
STU0799,27,Female,India,Undergraduate,Single,Snapchat,1.4,<2 hrs,8.9,1.1,8.2,9.3,3,No
STU0800,17,Male,India,Undergraduate,In a relationship,YouTube,4.8,4-6 hrs,7.19,4.2,7.6,8.6,1,Yes
STU0801,18,Female,Australia,Undergraduate,Complicated,Instagram,6.8,6+ hrs,5.72,5.5,7.5,7.4,3,Yes
STU0802,27,Female,USA,Undergraduate,In a relationship,TikTok,3.6,2-4 hrs,8.15,2.8,8.3,6.8,1,No
STU0803,19,Male,Germany,High School,Single,TikTok,1.9,<2 hrs,8.97,1.8,7.9,7.8,1,No
STU0804,16,Female,Germany,High School,Single,YouTube,1.2,<2 hrs,8.3,1.9,7.7,8.0,0,No
STU0805,24,Female,USA,High School,Single,Instagram,1.0,<2 hrs,8.97,1.0,8.1,8.4,0,No
STU0806,24,Male,India,High School,In a relationship,Instagram,0.5,<2 hrs,9.07,1.0,7.8,8.5,1,No
STU0807,19,Female,USA,Postgraduate,Complicated,Snapchat,2.1,2-4 hrs,8.71,2.5,7.9,9.4,1,No
STU0808,16,Female,USA,Postgraduate,In a relationship,Snapchat,2.0,2-4 hrs,7.93,1.0,7.8,7.7,1,No
STU0809,16,Male,India,Undergraduate,Single,Twitter/X,4.6,4-6 hrs,8.18,2.7,7.7,7.2,1,Yes
STU0810,21,Female,India,Undergraduate,Complicated,Twitter/X,1.5,<2 hrs,9.37,1.0,7.0,9.7,0,No
STU0811,17,Male,Australia,Undergraduate,In a relationship,Twitter/X,2.2,2-4 hrs,8.29,2.0,7.6,7.6,0,No
STU0812,16,Male,Germany,Undergraduate,Single,Snapchat,3.1,2-4 hrs,7.98,1.0,7.4,8.8,0,No
STU0813,25,Male,India,Undergraduate,Single,Snapchat,3.6,2-4 hrs,7.8,1.9,8.2,8.8,1,No
STU0814,26,Male,UK,Undergraduate,Single,TikTok,4.2,4-6 hrs,7.14,3.4,6.9,7.6,2,Yes
STU0815,27,Female,India,Undergraduate,Single,TikTok,2.9,2-4 hrs,7.93,2.6,7.9,7.8,1,No
STU0816,17,Female,Australia,Undergraduate,Single,YouTube,0.7,<2 hrs,9.02,1.0,8.3,9.2,0,No
STU0817,22,Female,USA,Undergraduate,In a relationship,TikTok,3.4,2-4 hrs,8.94,2.3,8.2,7.2,0,No
STU0818,19,Male,Germany,Postgraduate,In a relationship,TikTok,1.4,<2 hrs,9.44,1.0,8.4,8.2,0,No
STU0819,22,Female,Brazil,Undergraduate,Complicated,Snapchat,5.7,4-6 hrs,7.5,3.6,7.1,7.6,1,Yes
STU0820,22,Male,UK,High School,In a relationship,Twitter/X,2.5,2-4 hrs,8.6,2.0,7.6,6.6,0,No
STU0821,19,Female,Brazil,Undergraduate,Single,TikTok,3.0,2-4 hrs,7.48,1.7,6.8,9.1,1,No
STU0822,17,Male,India,Undergraduate,Single,Instagram,11.7,6+ hrs,4.21,8.0,5.7,5.2,3,Yes
STU0823,24,Male,USA,High School,Single,Instagram,4.3,4-6 hrs,8.15,1.8,7.7,8.2,1,Yes
STU0824,25,Female,UK,Undergraduate,In a relationship,Instagram,3.3,2-4 hrs,7.26,3.2,6.9,6.3,2,No
STU0825,25,Male,USA,Undergraduate,Complicated,Instagram,2.2,2-4 hrs,8.89,1.9,7.3,7.1,1,No
STU0826,18,Female,USA,Undergraduate,Single,YouTube,0.8,<2 hrs,10.0,1.2,8.4,8.1,1,No
STU0827,16,Male,Australia,Postgraduate,In a relationship,Instagram,2.1,2-4 hrs,9.19,2.5,8.1,8.3,3,No
STU0828,26,Male,UK,Undergraduate,Single,YouTube,1.2,<2 hrs,9.81,1.0,7.7,7.0,1,No
STU0829,23,Male,India,High School,Single,TikTok,7.3,6+ hrs,6.35,4.8,6.4,7.2,1,Yes
STU0830,19,Female,Japan,Undergraduate,Complicated,Snapchat,3.3,2-4 hrs,8.6,1.0,6.8,8.2,0,No
STU0831,24,Female,Brazil,High School,Single,TikTok,5.6,4-6 hrs,6.55,6.4,7.8,5.6,2,Yes
STU0832,23,Male,USA,Undergraduate,In a relationship,YouTube,1.5,<2 hrs,9.3,1.0,7.5,8.7,0,No
STU0833,26,Female,India,High School,In a relationship,TikTok,1.3,<2 hrs,9.31,1.7,8.4,8.3,2,No
STU0834,26,Female,Canada,High School,In a relationship,Snapchat,4.0,4-6 hrs,7.87,1.8,7.5,7.6,1,No
STU0835,22,Male,India,High School,In a relationship,YouTube,1.1,<2 hrs,9.79,1.6,8.9,8.6,0,No
STU0836,24,Male,UK,High School,In a relationship,YouTube,1.7,<2 hrs,8.41,2.7,7.7,6.0,1,No
STU0837,17,Female,Canada,High School,In a relationship,YouTube,7.6,6+ hrs,5.97,5.3,6.6,6.0,2,Yes
STU0838,19,Female,USA,Undergraduate,In a relationship,Facebook,1.8,<2 hrs,8.75,1.0,7.2,8.6,1,No
STU0839,20,Male,Japan,High School,Single,YouTube,0.6,<2 hrs,8.61,1.0,7.4,8.3,0,No
STU0840,20,Female,Australia,High School,Single,Twitter/X,0.5,<2 hrs,9.41,1.0,8.7,7.2,0,No
STU0841,27,Non-binary,Brazil,Postgraduate,In a relationship,Instagram,0.6,<2 hrs,8.2,1.0,7.5,9.0,0,No
STU0842,16,Male,Brazil,Undergraduate,Single,Twitter/X,5.8,4-6 hrs,7.52,4.7,6.9,5.8,1,Yes
STU0843,24,Male,India,Undergraduate,In a relationship,YouTube,1.6,<2 hrs,8.81,1.1,8.6,8.4,0,No
STU0844,24,Female,Canada,High School,Single,TikTok,11.4,6+ hrs,4.06,7.8,6.0,5.2,3,Yes
STU0845,20,Male,UK,High School,Single,YouTube,6.8,6+ hrs,5.94,5.2,6.5,6.4,2,Yes
STU0846,25,Female,India,Undergraduate,In a relationship,YouTube,8.7,6+ hrs,5.44,6.6,5.5,6.5,3,Yes
STU0847,18,Female,USA,Undergraduate,In a relationship,Instagram,5.1,4-6 hrs,7.62,2.2,7.5,7.9,1,Yes
STU0848,23,Male,UK,High School,In a relationship,TikTok,3.8,2-4 hrs,8.12,2.7,8.2,7.9,1,No
STU0849,22,Male,UK,Undergraduate,Single,YouTube,1.2,<2 hrs,8.54,2.8,7.9,7.6,2,No
STU0850,20,Female,Germany,High School,Single,Instagram,2.5,2-4 hrs,7.87,1.0,7.5,8.9,0,No
STU0851,27,Male,UK,Undergraduate,In a relationship,Snapchat,4.1,4-6 hrs,8.05,2.8,7.2,8.6,1,Yes
STU0852,16,Female,USA,High School,Single,Instagram,4.8,4-6 hrs,6.91,4.9,7.6,6.6,2,Yes
STU0853,22,Female,Australia,High School,Single,YouTube,0.9,<2 hrs,9.13,1.5,8.9,8.8,0,No
STU0854,26,Male,UK,Undergraduate,Single,TikTok,2.1,2-4 hrs,8.63,1.1,7.4,9.5,0,No
STU0855,16,Male,Brazil,Undergraduate,Single,Instagram,2.3,2-4 hrs,8.65,1.8,7.2,9.1,0,No
STU0856,16,Female,Brazil,Undergraduate,Single,Twitter/X,2.3,2-4 hrs,8.98,1.6,9.1,7.9,2,No
STU0857,24,Female,Canada,High School,Single,YouTube,1.0,<2 hrs,8.29,1.0,8.2,9.2,0,No
STU0858,21,Female,UK,Undergraduate,Single,YouTube,8.1,6+ hrs,4.71,5.6,6.6,6.4,3,Yes
STU0859,22,Male,Australia,High School,Single,TikTok,2.1,2-4 hrs,8.21,1.2,7.6,9.2,1,No
STU0860,17,Female,Australia,Undergraduate,In a relationship,Snapchat,1.1,<2 hrs,10.0,1.0,8.5,8.9,0,No
STU0861,26,Female,Australia,Undergraduate,Single,Instagram,8.2,6+ hrs,7.02,5.1,6.9,6.6,3,Yes
STU0862,23,Female,Canada,Undergraduate,Complicated,Instagram,6.8,6+ hrs,7.54,3.7,6.9,7.5,2,Yes
STU0863,22,Male,Australia,Undergraduate,Complicated,Twitter/X,2.8,2-4 hrs,8.12,1.9,8.7,8.2,0,No
STU0864,20,Female,India,Undergraduate,Complicated,Facebook,1.7,<2 hrs,7.67,2.6,7.9,7.9,2,No
STU0865,23,Male,Germany,Undergraduate,Single,Snapchat,0.5,<2 hrs,7.87,1.0,8.2,8.4,3,No
STU0866,17,Female,USA,High School,Single,Instagram,3.6,2-4 hrs,7.51,2.3,7.7,7.7,0,No
STU0867,21,Female,Brazil,High School,In a relationship,TikTok,1.6,<2 hrs,8.66,1.7,8.3,9.4,1,No
STU0868,19,Female,India,High School,Single,Twitter/X,2.4,2-4 hrs,9.2,1.6,8.0,8.5,0,No
STU0869,22,Female,India,High School,In a relationship,Facebook,7.7,6+ hrs,6.56,6.9,5.9,5.1,2,Yes
STU0870,21,Female,India,Postgraduate,In a relationship,TikTok,1.5,<2 hrs,8.96,1.0,8.3,8.3,0,No
STU0871,27,Female,India,Postgraduate,In a relationship,TikTok,3.5,2-4 hrs,7.39,3.0,7.4,8.2,1,No
STU0872,21,Male,India,High School,In a relationship,Instagram,4.3,4-6 hrs,6.99,2.4,7.1,7.3,1,Yes
STU0873,20,Male,UK,High School,Single,TikTok,5.7,4-6 hrs,7.09,4.4,7.1,5.8,1,Yes
STU0874,26,Male,USA,High School,Single,Instagram,2.3,2-4 hrs,8.88,1.8,7.4,7.1,0,No
STU0875,20,Female,Canada,Undergraduate,In a relationship,Instagram,2.1,2-4 hrs,8.79,1.4,7.4,7.1,2,No
STU0876,17,Male,India,Postgraduate,In a relationship,Twitter/X,2.1,2-4 hrs,7.93,1.1,6.7,7.5,1,No
STU0877,26,Female,Australia,Undergraduate,In a relationship,TikTok,3.3,2-4 hrs,8.41,1.8,8.5,7.3,0,No
STU0878,22,Male,Canada,Undergraduate,In a relationship,Facebook,6.6,6+ hrs,6.79,4.8,7.1,7.6,2,Yes
STU0879,22,Female,India,Undergraduate,Complicated,YouTube,2.0,2-4 hrs,7.96,1.9,7.9,8.0,0,No
STU0880,23,Female,USA,High School,Complicated,TikTok,0.5,<2 hrs,8.8,1.0,8.0,8.2,0,No
STU0881,19,Female,Australia,High School,In a relationship,YouTube,4.6,4-6 hrs,7.84,3.4,5.9,6.3,1,Yes
STU0882,26,Male,Canada,Undergraduate,Single,Snapchat,2.6,2-4 hrs,8.19,1.8,7.5,8.0,0,No
STU0883,26,Female,UK,Undergraduate,In a relationship,TikTok,3.6,2-4 hrs,8.83,2.6,8.0,6.5,1,No
STU0884,26,Male,Japan,Undergraduate,Single,YouTube,0.5,<2 hrs,9.58,1.0,8.8,8.2,1,No
STU0885,24,Male,India,Postgraduate,Single,Instagram,1.6,<2 hrs,8.49,1.1,8.4,9.9,0,No
STU0886,25,Male,UK,Postgraduate,In a relationship,TikTok,4.4,4-6 hrs,7.51,5.2,7.5,6.9,2,Yes
STU0887,18,Female,Canada,High School,Complicated,YouTube,0.8,<2 hrs,9.18,1.0,9.0,8.4,1,No
STU0888,18,Female,Japan,High School,In a relationship,YouTube,3.5,2-4 hrs,7.49,3.0,7.5,8.0,2,No
STU0889,17,Male,UK,Undergraduate,Single,YouTube,2.4,2-4 hrs,7.87,2.0,8.4,7.6,1,No
STU0890,25,Non-binary,USA,Undergraduate,Single,Facebook,1.3,<2 hrs,9.34,1.0,8.0,7.9,1,No
STU0891,22,Male,Brazil,Undergraduate,Single,Snapchat,1.2,<2 hrs,9.47,1.9,7.8,9.2,1,No
STU0892,27,Male,UK,High School,Single,Snapchat,1.0,<2 hrs,9.41,1.0,7.7,7.7,0,No
STU0893,25,Female,Brazil,Postgraduate,Single,YouTube,2.6,2-4 hrs,9.24,2.7,7.3,7.4,3,No
STU0894,17,Female,Australia,Postgraduate,Single,Instagram,2.9,2-4 hrs,7.87,1.8,8.1,8.3,1,No
STU0895,22,Male,India,High School,In a relationship,YouTube,1.9,<2 hrs,9.65,1.0,7.7,7.8,2,No
STU0896,18,Male,India,Undergraduate,Single,TikTok,0.9,<2 hrs,8.55,1.0,7.8,9.0,0,No
STU0897,16,Male,USA,Postgraduate,Complicated,Instagram,3.4,2-4 hrs,7.36,1.5,8.0,8.0,0,No
STU0898,26,Male,India,High School,Single,Instagram,4.7,4-6 hrs,6.33,3.7,7.5,7.6,1,Yes
STU0899,23,Male,UK,Undergraduate,Single,Twitter/X,3.9,2-4 hrs,7.48,1.8,8.0,8.5,1,No
STU0900,23,Male,Germany,Undergraduate,In a relationship,YouTube,9.0,6+ hrs,5.15,6.0,6.5,5.8,3,Yes
STU0901,25,Male,USA,High School,Complicated,Facebook,2.2,2-4 hrs,8.83,1.0,7.6,9.7,0,No
STU0902,16,Female,Canada,High School,Complicated,Snapchat,6.2,6+ hrs,6.86,6.6,7.0,5.2,2,Yes
STU0903,26,Male,Japan,Undergraduate,Single,YouTube,1.4,<2 hrs,8.15,1.0,8.2,9.4,1,No
STU0904,21,Male,India,Undergraduate,Complicated,Instagram,1.2,<2 hrs,8.72,1.0,7.7,9.3,1,No
STU0905,19,Male,USA,Undergraduate,In a relationship,TikTok,2.7,2-4 hrs,8.06,2.8,7.3,8.8,2,No
STU0906,20,Male,India,High School,Single,Instagram,7.2,6+ hrs,5.19,5.9,6.4,6.2,3,Yes
STU0907,23,Female,India,Undergraduate,Single,TikTok,2.0,2-4 hrs,8.01,2.1,9.0,7.4,1,No
STU0908,23,Male,Australia,Undergraduate,Single,Twitter/X,0.5,<2 hrs,8.81,1.0,8.2,10.0,0,No
STU0909,22,Male,Canada,Undergraduate,Single,Twitter/X,4.6,4-6 hrs,8.29,4.3,8.0,6.6,1,Yes
STU0910,20,Male,Australia,Undergraduate,Single,Instagram,2.4,2-4 hrs,8.53,2.4,7.7,7.2,1,No
STU0911,21,Female,USA,Undergraduate,Single,YouTube,3.1,2-4 hrs,8.5,2.3,8.2,7.7,1,No
STU0912,23,Male,Australia,Undergraduate,Single,YouTube,1.3,<2 hrs,8.02,1.1,8.6,7.8,0,No
STU0913,20,Male,UK,Undergraduate,Single,TikTok,2.7,2-4 hrs,9.0,1.6,8.3,8.6,0,No
STU0914,18,Male,USA,Postgraduate,Single,Snapchat,0.6,<2 hrs,10.0,1.0,8.5,8.1,1,No
STU0915,24,Female,USA,Undergraduate,Single,TikTok,8.2,6+ hrs,4.61,6.7,7.1,5.4,3,Yes
STU0916,24,Male,UK,Undergraduate,Single,TikTok,5.2,4-6 hrs,6.74,4.7,7.4,7.3,2,Yes
STU0917,25,Male,Japan,High School,Single,YouTube,2.6,2-4 hrs,8.63,1.1,8.7,8.9,1,No
STU0918,16,Female,Brazil,Undergraduate,Single,TikTok,4.5,4-6 hrs,7.86,3.0,6.6,7.5,1,Yes
STU0919,22,Female,Japan,Undergraduate,Single,Facebook,1.4,<2 hrs,8.46,1.0,8.3,8.6,0,No
STU0920,19,Female,India,Undergraduate,In a relationship,Twitter/X,5.1,4-6 hrs,7.02,3.5,7.4,7.3,1,Yes
STU0921,21,Female,Australia,High School,Single,Twitter/X,1.9,<2 hrs,8.29,1.4,7.6,8.0,1,No
STU0922,22,Non-binary,Brazil,High School,Complicated,Twitter/X,1.8,<2 hrs,8.76,2.0,8.3,8.0,0,No
STU0923,23,Female,Australia,High School,Single,YouTube,1.1,<2 hrs,9.72,1.0,7.5,8.8,0,No
STU0924,26,Male,USA,Undergraduate,Single,Instagram,3.4,2-4 hrs,7.51,1.7,7.3,8.1,0,No
STU0925,20,Female,Australia,High School,In a relationship,Twitter/X,2.5,2-4 hrs,8.98,2.7,6.9,7.9,1,No
STU0926,20,Female,USA,High School,In a relationship,YouTube,6.4,6+ hrs,6.15,4.1,7.7,6.4,1,Yes
STU0927,27,Male,Australia,Undergraduate,Single,Instagram,1.0,<2 hrs,8.54,1.0,8.1,8.1,0,No
STU0928,21,Male,Australia,High School,In a relationship,Instagram,3.4,2-4 hrs,8.46,2.0,8.7,7.5,0,No
STU0929,22,Male,Germany,High School,Single,TikTok,5.6,4-6 hrs,7.53,3.7,7.5,6.8,1,Yes
STU0930,20,Male,Australia,Undergraduate,Single,Snapchat,2.9,2-4 hrs,8.71,3.3,8.0,8.3,1,No
STU0931,20,Male,India,Undergraduate,Single,YouTube,1.9,<2 hrs,7.86,2.1,7.7,8.5,1,No
STU0932,27,Female,Brazil,High School,Single,Snapchat,2.8,2-4 hrs,7.96,2.9,7.3,6.8,4,No
STU0933,19,Female,India,High School,In a relationship,Twitter/X,6.0,6+ hrs,7.29,4.9,7.3,6.9,1,Yes
STU0934,16,Male,USA,High School,Single,YouTube,6.0,6+ hrs,6.82,5.0,7.0,6.2,3,Yes
STU0935,22,Male,USA,Postgraduate,Single,TikTok,2.3,2-4 hrs,7.82,1.1,7.3,8.0,0,No
STU0936,22,Female,Australia,Undergraduate,Single,Snapchat,5.9,4-6 hrs,7.12,4.0,6.3,6.0,1,Yes
STU0937,21,Male,Australia,Postgraduate,Single,YouTube,2.5,2-4 hrs,7.95,1.0,7.4,9.2,2,No
STU0938,25,Male,Japan,Undergraduate,In a relationship,YouTube,4.5,4-6 hrs,8.55,3.0,8.3,6.5,3,Yes
STU0939,17,Male,India,Postgraduate,Single,TikTok,3.7,2-4 hrs,8.76,3.1,8.7,7.4,3,No
STU0940,17,Male,USA,Postgraduate,Complicated,Instagram,1.8,<2 hrs,9.05,1.4,8.2,7.6,1,No
STU0941,21,Female,India,High School,In a relationship,Instagram,1.1,<2 hrs,9.82,1.8,8.3,8.6,2,No
STU0942,27,Female,Canada,High School,Single,YouTube,5.7,4-6 hrs,6.97,3.1,6.9,7.2,1,Yes
STU0943,24,Female,India,Undergraduate,Single,Snapchat,6.8,6+ hrs,6.9,5.2,6.3,6.3,4,Yes
STU0944,20,Non-binary,Germany,High School,In a relationship,Instagram,3.4,2-4 hrs,8.86,1.4,8.3,8.2,1,No
STU0945,22,Male,Japan,Undergraduate,Single,Facebook,2.5,2-4 hrs,8.52,1.8,8.8,8.3,0,No
STU0946,17,Female,USA,High School,In a relationship,Instagram,0.8,<2 hrs,8.99,1.2,7.9,8.4,1,No
STU0947,21,Male,Australia,Postgraduate,In a relationship,YouTube,5.6,4-6 hrs,5.96,3.7,7.1,7.1,2,Yes
STU0948,26,Male,UK,Undergraduate,In a relationship,Instagram,3.1,2-4 hrs,8.06,2.6,7.5,7.3,1,No
STU0949,21,Male,USA,Undergraduate,In a relationship,Snapchat,2.0,2-4 hrs,9.09,1.0,7.8,7.4,1,No
STU0950,25,Female,India,Undergraduate,Single,Instagram,4.6,4-6 hrs,8.0,1.9,7.9,7.3,0,Yes
STU0951,21,Female,Australia,Undergraduate,Single,Instagram,0.7,<2 hrs,9.49,1.0,7.7,9.0,1,No
STU0952,21,Male,India,Undergraduate,Single,Twitter/X,1.0,<2 hrs,8.73,2.1,8.5,7.7,0,No
STU0953,19,Male,India,Undergraduate,In a relationship,YouTube,1.4,<2 hrs,7.68,1.0,8.5,8.0,0,No
STU0954,20,Female,Brazil,Undergraduate,Single,TikTok,3.6,2-4 hrs,7.58,3.5,7.5,6.3,3,No
STU0955,19,Female,UK,Undergraduate,In a relationship,Snapchat,2.9,2-4 hrs,8.01,2.1,8.2,6.7,0,No
STU0956,21,Female,Germany,Undergraduate,In a relationship,YouTube,3.9,2-4 hrs,7.56,1.7,7.6,7.7,0,No
STU0957,24,Male,Australia,Undergraduate,Single,Instagram,5.3,4-6 hrs,7.49,2.8,7.8,8.2,2,Yes
STU0958,20,Male,USA,Undergraduate,Single,Twitter/X,4.0,4-6 hrs,8.89,2.8,6.7,7.2,2,No
STU0959,20,Male,India,Undergraduate,Single,TikTok,8.3,6+ hrs,5.84,5.5,6.3,6.5,2,Yes
STU0960,18,Male,India,High School,Single,Twitter/X,5.3,4-6 hrs,6.98,2.7,7.1,7.2,2,Yes
STU0961,26,Male,Japan,Undergraduate,Complicated,Twitter/X,2.3,2-4 hrs,8.31,1.0,6.6,8.9,1,No
STU0962,22,Male,USA,Undergraduate,Single,TikTok,1.6,<2 hrs,8.85,1.0,7.6,8.3,0,No
STU0963,20,Female,Canada,High School,Complicated,Instagram,2.3,2-4 hrs,7.97,1.8,7.5,7.2,0,No
STU0964,17,Female,Australia,High School,Single,Twitter/X,4.1,4-6 hrs,7.73,2.9,7.9,7.4,1,Yes
STU0965,24,Female,India,Postgraduate,Complicated,TikTok,1.7,<2 hrs,9.01,1.0,7.7,9.8,0,No
STU0966,20,Female,Canada,Undergraduate,Single,TikTok,4.2,4-6 hrs,7.74,3.1,7.0,8.7,2,Yes
STU0967,22,Male,India,Undergraduate,Single,Instagram,3.9,2-4 hrs,8.02,3.6,7.9,7.5,2,No
STU0968,27,Male,USA,Undergraduate,Single,YouTube,1.1,<2 hrs,9.27,1.1,7.4,8.4,0,No
STU0969,22,Female,USA,Undergraduate,Single,Instagram,5.2,4-6 hrs,6.1,3.5,6.2,7.5,1,Yes
STU0970,25,Male,Brazil,Undergraduate,In a relationship,TikTok,3.3,2-4 hrs,8.4,3.1,7.5,7.7,2,No
STU0971,27,Male,Japan,Postgraduate,In a relationship,Snapchat,8.0,6+ hrs,5.5,4.8,5.8,6.6,1,Yes
STU0972,23,Male,India,Postgraduate,Single,Instagram,2.5,2-4 hrs,7.72,1.6,7.2,8.5,0,No
STU0973,19,Male,Canada,Postgraduate,Single,Instagram,2.0,2-4 hrs,7.94,1.2,8.3,8.5,0,No
STU0974,22,Male,Australia,High School,Complicated,YouTube,1.0,<2 hrs,9.31,1.0,8.7,8.3,0,No
STU0975,18,Male,India,Undergraduate,Single,YouTube,0.9,<2 hrs,8.96,1.0,8.7,7.7,0,No
STU0976,24,Female,Canada,Undergraduate,Single,TikTok,4.8,4-6 hrs,6.33,1.7,7.9,7.8,0,Yes
STU0977,23,Male,India,Undergraduate,Single,TikTok,7.5,6+ hrs,6.41,6.8,7.2,6.2,2,Yes
STU0978,27,Male,India,Undergraduate,In a relationship,TikTok,2.3,2-4 hrs,7.6,1.0,6.9,8.5,2,No
STU0979,25,Male,Germany,Undergraduate,Single,Instagram,2.2,2-4 hrs,8.59,2.8,8.2,7.8,1,No
STU0980,24,Male,UK,Postgraduate,Single,TikTok,2.6,2-4 hrs,8.47,1.9,7.6,7.9,0,No
STU0981,17,Male,India,Undergraduate,Complicated,Twitter/X,5.5,4-6 hrs,7.56,4.3,6.8,6.1,2,Yes
STU0982,19,Male,USA,Undergraduate,In a relationship,TikTok,1.1,<2 hrs,10.0,1.0,8.5,8.3,0,No
STU0983,16,Male,USA,High School,Single,Snapchat,3.0,2-4 hrs,7.33,2.3,6.9,7.1,5,No
STU0984,23,Female,Australia,Undergraduate,Single,Instagram,4.9,4-6 hrs,7.26,4.0,6.4,6.2,1,Yes
STU0985,19,Male,Brazil,Undergraduate,In a relationship,TikTok,3.6,2-4 hrs,7.71,3.1,7.9,8.3,3,No
STU0986,19,Male,USA,Undergraduate,In a relationship,YouTube,0.5,<2 hrs,9.54,1.0,8.6,8.2,0,No
STU0987,22,Female,USA,High School,In a relationship,Instagram,4.1,4-6 hrs,7.78,2.6,7.5,7.2,1,Yes
STU0988,21,Female,Australia,Postgraduate,Single,Instagram,3.6,2-4 hrs,7.67,2.1,7.2,9.1,1,No
STU0989,18,Non-binary,Brazil,High School,Complicated,Instagram,6.2,6+ hrs,6.45,3.1,7.3,8.0,1,Yes
STU0990,23,Male,India,Postgraduate,Single,Snapchat,7.1,6+ hrs,5.64,5.4,7.1,6.0,2,Yes
STU0991,17,Male,Australia,Postgraduate,Single,Instagram,6.0,6+ hrs,7.39,5.1,7.0,6.7,3,Yes
STU0992,16,Male,UK,Postgraduate,In a relationship,Facebook,2.6,2-4 hrs,8.61,3.1,7.3,7.3,1,No
STU0993,27,Female,Germany,Postgraduate,In a relationship,TikTok,0.5,<2 hrs,9.83,1.0,8.2,8.0,0,No
STU0994,27,Male,UK,High School,Complicated,Facebook,2.2,2-4 hrs,8.32,1.0,8.4,8.8,0,No
STU0995,27,Male,Germany,Undergraduate,In a relationship,Instagram,2.6,2-4 hrs,7.94,1.0,8.5,8.3,0,No
STU0996,17,Female,UK,Postgraduate,Single,YouTube,7.4,6+ hrs,5.52,6.0,6.5,6.1,2,Yes
STU0997,24,Female,India,High School,Single,YouTube,1.3,<2 hrs,9.13,1.0,8.1,9.2,0,No
STU0998,20,Female,India,Undergraduate,Single,TikTok,0.7,<2 hrs,8.56,1.0,8.2,9.1,0,No
STU0999,20,Non-binary,Canada,Undergraduate,In a relationship,YouTube,1.8,<2 hrs,9.8,1.1,8.2,8.1,0,No
STU1000,21,Female,UK,Undergraduate,In a relationship,YouTube,1.4,<2 hrs,8.09,1.0,7.9,8.8,0,No
STU1001,18,Male,India,Postgraduate,In a relationship,Instagram,0.6,<2 hrs,9.39,1.0,6.9,7.7,1,No
STU1002,16,Male,Germany,Undergraduate,In a relationship,YouTube,2.3,2-4 hrs,9.41,1.7,8.5,8.5,0,No
STU1003,23,Male,Germany,High School,Single,YouTube,2.7,2-4 hrs,8.64,1.0,8.7,8.6,0,No
STU1004,22,Male,Germany,Undergraduate,Single,TikTok,0.6,<2 hrs,9.34,1.0,8.0,8.8,0,No
STU1005,27,Male,Brazil,Undergraduate,Single,YouTube,1.9,<2 hrs,8.06,1.0,7.5,8.3,0,No
STU1006,23,Male,UK,Undergraduate,In a relationship,TikTok,1.3,<2 hrs,8.09,1.5,8.1,9.7,0,No
STU1007,24,Male,Australia,Postgraduate,Single,Twitter/X,2.7,2-4 hrs,8.75,1.4,7.7,7.7,1,No
STU1008,17,Non-binary,Brazil,Undergraduate,In a relationship,Instagram,2.9,2-4 hrs,9.1,1.0,8.3,9.2,0,No
STU1009,20,Female,USA,Undergraduate,In a relationship,Instagram,1.3,<2 hrs,8.65,1.0,8.2,7.8,1,No
STU1010,17,Female,Canada,Undergraduate,Single,TikTok,5.2,4-6 hrs,6.48,3.2,6.8,7.8,2,Yes
STU1011,23,Male,UK,Postgraduate,Complicated,Facebook,2.5,2-4 hrs,6.9,2.7,7.2,8.1,1,No
STU1012,19,Female,Japan,Undergraduate,In a relationship,TikTok,1.4,<2 hrs,8.28,1.1,8.6,8.5,0,No
STU1013,26,Male,USA,High School,In a relationship,Instagram,0.6,<2 hrs,9.16,1.0,8.6,8.2,0,No
STU1014,19,Female,USA,Postgraduate,Single,TikTok,3.1,2-4 hrs,9.06,3.1,8.3,7.5,2,No
STU1015,25,Female,Canada,Undergraduate,In a relationship,TikTok,3.6,2-4 hrs,8.28,2.4,7.1,8.0,0,No
STU1016,23,Male,India,High School,Single,Snapchat,1.7,<2 hrs,8.92,1.8,9.0,9.4,0,No
STU1017,22,Female,Germany,High School,In a relationship,Instagram,2.8,2-4 hrs,8.0,2.5,6.9,7.1,1,No
STU1018,16,Male,Brazil,High School,Complicated,Snapchat,7.1,6+ hrs,5.96,3.9,7.1,6.7,2,Yes
STU1019,22,Female,USA,Postgraduate,Single,Facebook,4.7,4-6 hrs,8.23,4.5,6.4,6.9,2,Yes
STU1020,25,Male,USA,High School,Single,YouTube,0.5,<2 hrs,9.4,1.0,8.0,8.3,0,No
STU1021,18,Male,India,Undergraduate,Single,Instagram,1.3,<2 hrs,7.65,1.6,9.0,8.1,0,No
STU1022,20,Female,India,Undergraduate,Single,YouTube,2.3,2-4 hrs,8.06,1.0,8.3,9.2,0,No
STU1023,23,Male,India,High School,Complicated,Twitter/X,2.7,2-4 hrs,7.77,2.4,7.6,5.8,0,No
STU1024,21,Male,Australia,Undergraduate,In a relationship,TikTok,2.8,2-4 hrs,7.91,3.4,7.5,6.9,1,No
STU1025,23,Female,India,High School,Single,Snapchat,3.5,2-4 hrs,8.26,2.3,7.7,6.6,1,No
STU1026,20,Female,India,Postgraduate,Complicated,Instagram,2.3,2-4 hrs,8.4,1.4,8.2,7.5,0,No
STU1027,25,Non-binary,India,Undergraduate,Single,TikTok,2.5,2-4 hrs,8.33,2.2,8.5,9.6,0,No
STU1028,24,Male,USA,Undergraduate,Single,Facebook,4.8,4-6 hrs,8.13,3.1,7.1,7.9,1,Yes
STU1029,26,Male,USA,Postgraduate,Complicated,YouTube,3.1,2-4 hrs,7.69,3.6,6.9,7.9,1,No
STU1030,21,Female,Brazil,Undergraduate,In a relationship,YouTube,0.9,<2 hrs,10.0,1.0,8.4,8.4,0,No
STU1031,26,Male,India,Undergraduate,Complicated,Instagram,2.7,2-4 hrs,7.88,1.6,7.6,8.7,0,No
STU1032,24,Male,Australia,Postgraduate,Complicated,Snapchat,2.3,2-4 hrs,8.52,1.2,7.3,7.2,0,No
STU1033,19,Female,Brazil,Undergraduate,Single,TikTok,0.5,<2 hrs,9.11,1.0,8.5,9.2,2,No
STU1034,17,Female,Germany,Undergraduate,In a relationship,Twitter/X,2.8,2-4 hrs,8.31,1.5,7.7,7.7,1,No
STU1035,23,Female,India,Undergraduate,In a relationship,Twitter/X,1.0,<2 hrs,9.32,1.0,8.4,8.1,1,No
STU1036,20,Male,India,High School,Single,Instagram,4.9,4-6 hrs,7.56,3.0,6.8,7.9,3,Yes
STU1037,17,Non-binary,India,High School,Single,TikTok,3.4,2-4 hrs,7.52,1.9,7.9,8.3,1,No
STU1038,21,Female,UK,Undergraduate,Single,TikTok,0.8,<2 hrs,8.47,2.2,7.6,8.0,0,No
STU1039,18,Female,USA,High School,In a relationship,Instagram,4.7,4-6 hrs,8.89,2.5,6.9,6.8,2,Yes
STU1040,16,Female,UK,High School,Single,Instagram,6.3,6+ hrs,6.37,4.5,6.8,6.8,1,Yes
STU1041,27,Male,USA,High School,Single,Instagram,2.0,2-4 hrs,9.02,1.9,8.9,8.7,0,No
STU1042,21,Female,Australia,Undergraduate,Complicated,YouTube,2.2,2-4 hrs,7.55,2.0,8.3,7.6,1,No
STU1043,26,Female,Canada,Undergraduate,In a relationship,Twitter/X,4.4,4-6 hrs,7.35,3.0,7.9,8.4,2,Yes
STU1044,23,Male,USA,Postgraduate,In a relationship,TikTok,6.0,6+ hrs,6.72,4.0,7.7,6.4,1,Yes
STU1045,16,Female,India,Undergraduate,Single,YouTube,0.5,<2 hrs,9.56,1.0,10.0,8.5,0,No
STU1046,18,Non-binary,USA,Undergraduate,Single,Instagram,0.9,<2 hrs,7.46,1.0,8.3,9.6,2,No
STU1047,21,Female,USA,High School,In a relationship,YouTube,1.8,<2 hrs,8.79,1.1,8.8,8.0,0,No
STU1048,25,Male,India,Undergraduate,Single,YouTube,1.9,<2 hrs,7.96,1.0,8.5,9.2,0,No
STU1049,18,Male,USA,Undergraduate,Single,Snapchat,4.3,4-6 hrs,7.76,2.6,7.9,9.1,1,Yes
STU1050,22,Female,Japan,Postgraduate,Single,Twitter/X,6.0,6+ hrs,6.18,3.3,7.9,7.5,1,Yes
STU1051,21,Female,Germany,Postgraduate,Single,Instagram,6.3,6+ hrs,6.15,3.9,6.7,6.7,4,Yes
STU1052,24,Female,Germany,Undergraduate,In a relationship,Twitter/X,0.5,<2 hrs,9.11,1.0,8.1,8.0,0,No
STU1053,21,Male,Germany,Undergraduate,Single,Instagram,1.2,<2 hrs,8.33,1.1,8.4,9.4,0,No
STU1054,22,Male,Germany,Postgraduate,In a relationship,Twitter/X,1.5,<2 hrs,8.54,2.5,8.0,8.6,2,No
STU1055,17,Female,USA,Undergraduate,Single,Facebook,1.2,<2 hrs,8.24,1.0,8.4,9.5,1,No
STU1056,25,Female,USA,Undergraduate,Single,TikTok,3.4,2-4 hrs,6.87,3.0,8.4,7.5,2,No
STU1057,19,Female,USA,Undergraduate,In a relationship,Instagram,3.7,2-4 hrs,8.45,2.8,7.3,8.3,2,No
STU1058,20,Female,Germany,Undergraduate,Single,Instagram,2.5,2-4 hrs,7.6,2.8,7.7,7.6,2,No
STU1059,17,Male,Australia,High School,Single,Instagram,2.3,2-4 hrs,8.36,2.1,8.0,7.3,0,No
STU1060,26,Male,India,Postgraduate,Single,TikTok,1.8,<2 hrs,9.14,1.0,7.9,9.3,0,No
STU1061,25,Female,Brazil,Postgraduate,Single,Twitter/X,2.0,2-4 hrs,8.23,1.0,7.0,9.6,0,No
STU1062,25,Female,India,Undergraduate,In a relationship,Snapchat,7.0,6+ hrs,5.85,5.1,6.5,5.7,3,Yes
STU1063,25,Female,Canada,Undergraduate,Single,YouTube,4.1,4-6 hrs,7.79,2.4,7.8,7.1,1,Yes
STU1064,22,Male,Canada,Undergraduate,Complicated,Instagram,1.9,<2 hrs,9.32,1.0,8.7,8.5,0,No
STU1065,19,Female,India,Undergraduate,In a relationship,Facebook,2.3,2-4 hrs,7.76,1.0,7.3,9.2,0,No
STU1066,24,Female,Canada,High School,In a relationship,Twitter/X,3.5,2-4 hrs,7.83,2.6,7.0,6.9,1,No
STU1067,23,Female,UK,High School,In a relationship,TikTok,0.8,<2 hrs,8.1,1.8,8.3,8.3,1,No
STU1068,25,Male,Canada,Postgraduate,In a relationship,Twitter/X,2.8,2-4 hrs,8.0,1.6,6.8,7.8,1,No
STU1069,24,Male,USA,Postgraduate,In a relationship,YouTube,4.0,4-6 hrs,7.72,3.3,7.3,7.8,1,No
STU1070,23,Male,Germany,High School,Single,YouTube,3.6,2-4 hrs,7.37,2.4,6.7,7.2,0,No
STU1071,20,Female,Canada,High School,Single,Facebook,1.3,<2 hrs,8.64,1.0,8.9,9.0,1,No
STU1072,24,Male,India,Postgraduate,In a relationship,Twitter/X,1.5,<2 hrs,7.98,1.6,7.7,8.1,0,No
STU1073,20,Female,Australia,Undergraduate,Single,Instagram,0.5,<2 hrs,9.32,1.0,9.2,7.8,0,No
STU1074,23,Male,UK,Undergraduate,In a relationship,Instagram,4.2,4-6 hrs,8.24,3.0,8.0,7.5,2,Yes
STU1075,19,Male,India,Undergraduate,In a relationship,Instagram,9.1,6+ hrs,4.75,6.1,5.9,4.6,2,Yes
STU1076,20,Male,USA,Postgraduate,Single,TikTok,1.1,<2 hrs,8.63,1.5,7.7,7.9,1,No
STU1077,26,Male,USA,Undergraduate,Single,TikTok,5.3,4-6 hrs,7.42,2.9,7.1,7.8,1,Yes
STU1078,19,Male,Germany,Undergraduate,Complicated,TikTok,8.5,6+ hrs,6.4,6.3,6.3,4.6,3,Yes
STU1079,17,Male,India,High School,Single,Instagram,1.7,<2 hrs,7.84,1.0,8.2,6.7,1,No
STU1080,19,Non-binary,USA,High School,In a relationship,Instagram,2.3,2-4 hrs,8.36,1.2,7.5,6.8,0,No
STU1081,26,Non-binary,India,Postgraduate,Single,Twitter/X,3.0,2-4 hrs,8.32,1.0,8.1,9.4,2,No
STU1082,20,Female,Brazil,High School,In a relationship,Twitter/X,3.5,2-4 hrs,7.86,4.1,7.8,6.9,1,No
STU1083,21,Male,USA,High School,Single,TikTok,3.1,2-4 hrs,6.62,2.6,7.6,7.3,1,No
STU1084,19,Female,Germany,High School,Single,TikTok,1.8,<2 hrs,8.99,1.0,7.7,9.2,0,No
STU1085,26,Male,Canada,High School,Single,Snapchat,3.9,2-4 hrs,8.66,1.8,7.4,7.8,0,No
STU1086,25,Male,USA,Undergraduate,Single,Instagram,1.9,<2 hrs,8.71,1.0,7.6,8.7,0,No
STU1087,27,Female,Australia,Postgraduate,In a relationship,TikTok,3.3,2-4 hrs,7.4,2.9,7.7,7.6,1,No
STU1088,19,Female,USA,High School,Single,Twitter/X,2.4,2-4 hrs,8.11,1.0,7.9,8.2,1,No
STU1089,21,Male,USA,Undergraduate,In a relationship,YouTube,0.5,<2 hrs,10.0,1.0,8.5,8.7,2,No
STU1090,22,Female,Canada,High School,Single,Instagram,5.8,4-6 hrs,7.44,5.5,7.9,6.8,3,Yes
STU1091,22,Male,Australia,Postgraduate,Single,Instagram,1.5,<2 hrs,9.21,1.0,8.1,8.4,1,No
STU1092,19,Male,Canada,Undergraduate,Single,Instagram,6.2,6+ hrs,6.92,4.4,7.5,6.5,1,Yes
STU1093,20,Female,USA,Postgraduate,Single,YouTube,5.2,4-6 hrs,6.76,5.4,7.3,6.1,4,Yes
STU1094,18,Male,India,High School,In a relationship,YouTube,3.0,2-4 hrs,8.03,2.6,7.6,6.1,2,No
STU1095,20,Female,Germany,Postgraduate,Single,Instagram,3.7,2-4 hrs,7.79,2.7,7.5,7.8,2,No
STU1096,25,Male,USA,High School,Single,Instagram,4.0,4-6 hrs,8.03,3.2,7.5,6.6,2,No
STU1097,20,Male,Canada,High School,Single,YouTube,2.1,2-4 hrs,9.46,1.1,8.1,8.9,0,No
STU1098,19,Female,India,Undergraduate,In a relationship,TikTok,2.2,2-4 hrs,9.18,2.6,7.5,7.6,2,No
STU1099,21,Male,Australia,High School,Complicated,Facebook,3.8,2-4 hrs,6.94,2.3,6.8,7.9,1,No
STU1100,20,Female,Japan,Postgraduate,In a relationship,TikTok,2.5,2-4 hrs,8.51,1.0,8.2,9.0,1,No
STU1101,23,Male,USA,Undergraduate,Single,TikTok,1.8,<2 hrs,9.13,1.0,8.5,7.9,0,No
STU1102,17,Male,UK,Undergraduate,Single,TikTok,1.3,<2 hrs,9.29,1.0,8.5,8.8,0,No
STU1103,21,Male,Brazil,High School,Single,Twitter/X,3.4,2-4 hrs,7.59,2.2,7.7,8.1,1,No
STU1104,17,Female,Australia,High School,Single,YouTube,1.5,<2 hrs,10.0,1.0,8.5,8.4,0,No
STU1105,27,Male,Japan,Undergraduate,Single,Snapchat,4.6,4-6 hrs,6.66,4.2,7.7,6.3,2,Yes
STU1106,21,Male,India,Postgraduate,Single,TikTok,4.8,4-6 hrs,6.69,3.9,7.7,7.5,1,Yes
STU1107,19,Female,USA,Undergraduate,Single,YouTube,3.6,2-4 hrs,8.02,2.7,7.2,8.1,1,No
STU1108,16,Female,USA,Undergraduate,Single,Instagram,4.2,4-6 hrs,8.88,2.9,6.9,7.6,1,Yes
STU1109,21,Male,USA,High School,Single,YouTube,3.6,2-4 hrs,7.38,1.7,7.4,7.4,0,No
STU1110,18,Male,Brazil,Postgraduate,Single,Instagram,4.4,4-6 hrs,7.36,1.3,7.4,8.0,0,Yes
STU1111,22,Non-binary,India,Postgraduate,Single,Instagram,4.3,4-6 hrs,8.21,3.1,7.3,7.4,2,Yes
STU1112,18,Male,Brazil,High School,Complicated,Facebook,3.2,2-4 hrs,8.05,2.9,6.8,8.0,1,No
STU1113,25,Male,UK,Undergraduate,Complicated,YouTube,5.2,4-6 hrs,6.96,3.6,8.1,6.1,1,Yes
STU1114,19,Male,UK,High School,In a relationship,Snapchat,2.2,2-4 hrs,8.85,1.1,7.8,8.1,1,No
STU1115,24,Female,USA,Postgraduate,Complicated,Instagram,1.3,<2 hrs,9.08,1.3,8.3,8.1,0,No
STU1116,22,Male,UK,High School,In a relationship,TikTok,1.3,<2 hrs,9.53,1.0,8.8,8.4,1,No
STU1117,19,Female,Germany,Undergraduate,Single,Snapchat,1.9,<2 hrs,9.42,2.7,6.9,6.7,1,No
STU1118,17,Female,UK,Undergraduate,Single,TikTok,0.5,<2 hrs,9.46,1.3,8.1,8.2,1,No
STU1119,20,Female,Australia,High School,Single,Instagram,2.9,2-4 hrs,8.37,2.8,7.6,7.4,1,No
STU1120,23,Female,USA,High School,Single,TikTok,4.0,4-6 hrs,7.83,3.4,7.3,6.6,1,No
STU1121,17,Male,India,Undergraduate,Single,TikTok,4.8,4-6 hrs,7.63,2.3,7.2,7.8,2,Yes
STU1122,24,Non-binary,USA,High School,Single,Facebook,0.5,<2 hrs,9.31,1.0,9.1,8.1,0,No
STU1123,20,Male,Australia,Undergraduate,Single,TikTok,1.3,<2 hrs,8.91,1.2,8.5,8.7,0,No
STU1124,21,Female,Germany,Undergraduate,Single,Facebook,4.5,4-6 hrs,8.19,3.6,7.9,6.6,2,Yes
STU1125,22,Male,Australia,Undergraduate,Single,Snapchat,2.1,2-4 hrs,9.46,1.9,8.0,8.1,0,No
STU1126,24,Female,USA,High School,Single,TikTok,3.9,2-4 hrs,6.84,3.1,6.8,6.9,2,No
STU1127,22,Male,UK,High School,In a relationship,Facebook,0.8,<2 hrs,9.15,2.7,7.3,7.2,1,No
STU1128,19,Male,USA,Undergraduate,Single,YouTube,6.2,6+ hrs,6.3,4.3,6.2,7.1,3,Yes
STU1129,20,Male,Australia,High School,Single,Snapchat,0.7,<2 hrs,9.0,1.2,8.5,8.6,1,No
STU1130,27,Male,USA,Undergraduate,In a relationship,Snapchat,2.9,2-4 hrs,8.44,1.7,7.8,7.9,0,No
STU1131,18,Female,Australia,Undergraduate,Complicated,Instagram,2.9,2-4 hrs,8.6,2.7,7.7,7.5,1,No
STU1132,16,Female,India,Undergraduate,In a relationship,Snapchat,1.7,<2 hrs,8.67,1.9,7.9,7.0,0,No
STU1133,18,Female,USA,Undergraduate,Single,TikTok,3.5,2-4 hrs,6.78,2.7,8.6,8.6,1,No
STU1134,16,Male,Germany,Undergraduate,Single,YouTube,3.6,2-4 hrs,7.3,3.9,7.2,7.5,1,No
STU1135,20,Male,USA,Postgraduate,Single,TikTok,3.3,2-4 hrs,8.55,1.6,8.1,8.7,0,No
STU1136,22,Female,USA,Postgraduate,In a relationship,YouTube,1.6,<2 hrs,7.14,1.0,8.1,7.4,0,No
STU1137,24,Female,Australia,High School,Single,Instagram,1.4,<2 hrs,9.58,1.1,8.1,8.0,0,No
STU1138,19,Female,India,Undergraduate,In a relationship,TikTok,1.8,<2 hrs,9.0,2.0,8.6,7.8,0,No
STU1139,25,Male,USA,Undergraduate,In a relationship,YouTube,1.2,<2 hrs,9.75,1.0,8.9,7.1,1,No
STU1140,25,Male,Australia,Undergraduate,In a relationship,Instagram,5.4,4-6 hrs,6.95,4.8,7.0,7.2,1,Yes
STU1141,16,Male,Japan,High School,Single,YouTube,1.9,<2 hrs,7.41,1.0,8.4,9.5,2,No
STU1142,22,Male,Australia,High School,In a relationship,Twitter/X,2.8,2-4 hrs,8.5,1.0,8.0,9.9,0,No
STU1143,18,Female,India,Undergraduate,In a relationship,Instagram,4.5,4-6 hrs,8.24,3.4,7.4,6.6,2,Yes
STU1144,16,Female,Germany,High School,Single,YouTube,1.2,<2 hrs,9.51,1.0,8.3,8.6,0,No
STU1145,19,Male,USA,Undergraduate,Single,YouTube,0.7,<2 hrs,8.79,1.0,8.0,9.4,1,No
STU1146,26,Female,Australia,Undergraduate,Single,Twitter/X,1.2,<2 hrs,9.01,1.0,8.0,8.3,0,No
STU1147,24,Female,India,High School,In a relationship,YouTube,3.0,2-4 hrs,7.83,1.8,7.5,7.7,0,No
STU1148,21,Female,USA,Undergraduate,Single,TikTok,2.9,2-4 hrs,7.7,2.0,8.2,6.7,0,No
STU1149,21,Male,Brazil,Undergraduate,In a relationship,TikTok,3.3,2-4 hrs,8.59,2.3,7.6,8.6,1,No
STU1150,22,Male,Brazil,Postgraduate,In a relationship,Facebook,2.3,2-4 hrs,7.75,1.4,7.3,8.3,0,No
STU1151,16,Female,India,Postgraduate,In a relationship,TikTok,0.5,<2 hrs,8.74,1.0,8.0,8.0,1,No
STU1152,20,Male,India,High School,In a relationship,TikTok,2.2,2-4 hrs,7.85,1.2,6.4,8.6,0,No
STU1153,19,Female,Brazil,Undergraduate,Single,Facebook,4.9,4-6 hrs,6.4,4.1,7.0,7.1,1,Yes
STU1154,19,Male,USA,Postgraduate,Complicated,Instagram,5.7,4-6 hrs,7.02,4.1,7.1,7.1,1,Yes
STU1155,22,Female,India,Undergraduate,In a relationship,Instagram,2.7,2-4 hrs,8.98,3.7,7.8,7.0,2,No
STU1156,17,Male,USA,Undergraduate,Complicated,Facebook,2.9,2-4 hrs,8.08,2.2,8.8,9.0,0,No
STU1157,20,Male,India,High School,In a relationship,YouTube,3.9,2-4 hrs,6.84,2.3,7.8,7.8,1,No
STU1158,22,Female,India,Undergraduate,Single,TikTok,5.6,4-6 hrs,7.48,6.1,7.4,7.1,2,Yes
STU1159,18,Female,Japan,Undergraduate,Single,Instagram,2.5,2-4 hrs,9.39,2.1,7.1,8.3,0,No
STU1160,17,Female,India,Undergraduate,Single,TikTok,3.9,2-4 hrs,7.36,3.5,7.3,7.5,1,No
STU1161,27,Male,India,Undergraduate,Single,TikTok,1.6,<2 hrs,8.49,1.6,7.9,8.1,0,No
STU1162,16,Female,USA,High School,Single,TikTok,0.8,<2 hrs,9.45,1.1,7.9,9.1,0,No
STU1163,20,Male,USA,Undergraduate,In a relationship,TikTok,1.7,<2 hrs,9.71,1.6,7.7,8.3,0,No
STU1164,27,Female,USA,Undergraduate,Single,TikTok,6.5,6+ hrs,6.26,3.7,6.0,6.5,1,Yes
STU1165,27,Female,Brazil,Undergraduate,Single,Facebook,3.9,2-4 hrs,6.95,3.0,6.9,6.8,1,No
STU1166,20,Male,India,Undergraduate,Single,Facebook,0.9,<2 hrs,9.47,1.0,8.7,8.8,1,No
STU1167,19,Male,Brazil,Postgraduate,Single,Instagram,4.0,4-6 hrs,8.18,2.7,7.4,7.0,1,No
STU1168,23,Male,Canada,High School,Single,Instagram,0.9,<2 hrs,9.1,1.0,8.0,8.5,2,No
STU1169,17,Female,Canada,Undergraduate,In a relationship,Facebook,3.3,2-4 hrs,7.68,2.6,7.7,8.4,1,No
STU1170,27,Female,India,Undergraduate,Single,TikTok,1.1,<2 hrs,9.6,1.0,8.8,8.7,2,No
STU1171,19,Female,USA,Postgraduate,Single,YouTube,0.8,<2 hrs,9.46,1.0,8.3,8.0,1,No
STU1172,20,Male,India,Undergraduate,In a relationship,Twitter/X,7.2,6+ hrs,5.8,5.3,7.0,7.3,2,Yes
STU1173,24,Male,Canada,High School,Complicated,TikTok,1.9,<2 hrs,8.67,1.0,7.6,8.9,0,No
STU1174,18,Male,USA,High School,Single,Instagram,3.9,2-4 hrs,6.93,2.5,7.2,8.5,1,No
STU1175,16,Female,UK,High School,Complicated,Twitter/X,2.6,2-4 hrs,8.74,2.6,8.0,6.1,1,No
STU1176,19,Female,Australia,Undergraduate,Complicated,Twitter/X,1.0,<2 hrs,8.89,1.6,9.2,8.4,0,No
STU1177,25,Female,UK,High School,Single,Instagram,2.1,2-4 hrs,8.29,1.0,8.7,9.1,0,No
STU1178,21,Female,India,High School,Single,Snapchat,1.0,<2 hrs,9.03,1.0,8.5,9.7,1,No
STU1179,22,Male,India,High School,Single,Snapchat,10.7,6+ hrs,4.71,6.9,5.9,4.5,2,Yes
STU1180,19,Female,Germany,Undergraduate,In a relationship,Instagram,4.3,4-6 hrs,8.1,3.8,8.1,7.9,1,Yes
STU1181,19,Male,India,Undergraduate,In a relationship,Instagram,2.5,2-4 hrs,8.73,2.7,8.3,8.8,1,No
STU1182,21,Female,USA,Postgraduate,In a relationship,TikTok,3.7,2-4 hrs,7.74,1.9,6.4,6.6,1,No
STU1183,16,Male,India,Undergraduate,In a relationship,Snapchat,4.2,4-6 hrs,8.07,3.2,6.9,7.7,2,Yes
STU1184,20,Female,Canada,Undergraduate,Single,TikTok,4.2,4-6 hrs,7.85,4.4,7.6,7.2,1,Yes
STU1185,26,Female,USA,Undergraduate,Single,TikTok,4.0,4-6 hrs,7.44,3.1,6.6,7.2,1,No
STU1186,18,Female,USA,Undergraduate,In a relationship,Instagram,3.8,2-4 hrs,7.72,3.8,7.1,6.8,1,No
STU1187,23,Male,Canada,Undergraduate,Single,TikTok,2.7,2-4 hrs,8.2,2.7,7.5,8.1,2,No
STU1188,20,Female,Canada,Undergraduate,Single,Facebook,6.9,6+ hrs,6.7,4.1,6.6,6.5,1,Yes
STU1189,22,Female,Australia,Postgraduate,Single,Snapchat,2.8,2-4 hrs,8.02,1.8,7.7,7.9,1,No
STU1190,23,Female,Australia,Undergraduate,In a relationship,YouTube,2.6,2-4 hrs,8.1,1.8,7.7,8.7,0,No
STU1191,23,Female,USA,Undergraduate,In a relationship,Twitter/X,2.9,2-4 hrs,9.38,2.1,8.2,9.2,1,No
STU1192,17,Male,India,Postgraduate,Single,TikTok,3.0,2-4 hrs,8.71,2.8,7.6,8.0,3,No
STU1193,17,Male,India,Undergraduate,Single,YouTube,0.5,<2 hrs,8.82,1.0,8.2,8.6,0,No
STU1194,25,Female,Australia,High School,Single,Snapchat,1.2,<2 hrs,9.3,1.0,7.5,8.1,0,No
STU1195,20,Non-binary,India,Postgraduate,In a relationship,TikTok,2.3,2-4 hrs,8.54,1.0,8.4,7.8,0,No
STU1196,18,Female,USA,Undergraduate,In a relationship,Twitter/X,0.5,<2 hrs,9.51,1.0,8.0,9.3,1,No
STU1197,27,Male,India,Undergraduate,Single,YouTube,2.5,2-4 hrs,8.46,1.9,7.3,7.9,0,No
STU1198,27,Female,India,Undergraduate,Single,YouTube,3.0,2-4 hrs,8.86,2.3,7.9,8.7,0,No
STU1199,25,Male,India,Undergraduate,Complicated,Instagram,0.8,<2 hrs,9.35,1.0,7.9,8.3,0,No
STU1200,16,Male,India,Undergraduate,Single,Snapchat,1.5,<2 hrs,8.79,1.0,7.9,8.0,1,No
STU1201,23,Male,India,Undergraduate,Single,Twitter/X,5.9,4-6 hrs,7.47,4.7,7.2,6.9,2,Yes
STU1202,21,Female,UK,Undergraduate,In a relationship,Instagram,3.7,2-4 hrs,7.97,3.2,7.4,7.3,1,No
STU1203,18,Female,Australia,High School,Single,YouTube,3.6,2-4 hrs,7.95,1.5,8.8,7.4,0,No
STU1204,23,Male,India,High School,Single,Twitter/X,5.4,4-6 hrs,7.26,2.6,7.1,9.0,1,Yes
STU1205,26,Female,Canada,High School,Single,Twitter/X,1.2,<2 hrs,8.9,1.0,8.5,8.1,1,No
STU1206,16,Female,USA,Postgraduate,Single,Instagram,0.8,<2 hrs,9.15,2.0,7.3,8.6,2,No
STU1207,18,Male,India,High School,Single,YouTube,4.9,4-6 hrs,6.94,4.8,6.8,7.2,1,Yes
STU1208,24,Male,India,Undergraduate,Single,Instagram,2.4,2-4 hrs,7.97,2.1,7.4,7.1,0,No
STU1209,21,Male,USA,High School,Single,TikTok,1.2,<2 hrs,8.36,1.0,7.7,7.8,0,No
STU1210,16,Male,Australia,Undergraduate,In a relationship,TikTok,0.5,<2 hrs,8.44,1.1,8.6,8.2,0,No
STU1211,24,Female,UK,Postgraduate,Single,Instagram,2.9,2-4 hrs,7.67,1.7,8.3,7.5,2,No
STU1212,22,Male,Australia,High School,Single,TikTok,2.1,2-4 hrs,8.45,1.0,8.1,9.7,0,No
STU1213,16,Male,USA,Undergraduate,Complicated,Twitter/X,1.9,<2 hrs,8.71,1.0,7.9,8.4,0,No
STU1214,16,Male,Germany,High School,In a relationship,Snapchat,0.5,<2 hrs,9.11,1.0,8.1,9.1,1,No
STU1215,20,Female,India,High School,Single,TikTok,6.8,6+ hrs,5.03,4.3,7.4,7.2,3,Yes
STU1216,26,Male,Germany,High School,Single,TikTok,0.6,<2 hrs,10.0,1.0,9.4,8.7,0,No
STU1217,19,Female,USA,Undergraduate,In a relationship,Snapchat,2.0,2-4 hrs,9.25,1.0,8.1,8.5,1,No
STU1218,27,Male,Australia,Undergraduate,In a relationship,Instagram,1.8,<2 hrs,8.96,1.4,8.5,9.2,0,No
STU1219,23,Female,India,Undergraduate,Single,Twitter/X,3.8,2-4 hrs,8.93,1.0,7.7,7.9,0,No
STU1220,17,Male,UK,Undergraduate,Single,TikTok,0.5,<2 hrs,8.69,1.2,8.8,9.6,0,No
STU1221,21,Male,Australia,Postgraduate,Single,Facebook,3.5,2-4 hrs,9.06,2.9,7.0,6.6,2,No
STU1222,23,Male,UK,High School,In a relationship,YouTube,2.9,2-4 hrs,7.62,1.8,7.5,8.6,1,No
STU1223,16,Female,USA,Postgraduate,In a relationship,Instagram,1.4,<2 hrs,9.01,1.4,8.3,7.3,3,No
STU1224,18,Male,Germany,Undergraduate,Single,Instagram,3.4,2-4 hrs,7.21,1.6,8.3,8.0,0,No
STU1225,16,Male,India,Postgraduate,Single,Instagram,2.5,2-4 hrs,8.38,1.8,7.5,8.2,0,No
STU1226,22,Male,USA,Undergraduate,Single,YouTube,7.9,6+ hrs,6.18,6.2,5.5,5.6,2,Yes
STU1227,16,Female,Germany,Undergraduate,Single,TikTok,2.1,2-4 hrs,8.46,1.0,7.7,8.4,0,No
STU1228,27,Male,Germany,Undergraduate,Single,Instagram,1.1,<2 hrs,9.43,1.0,8.7,7.5,1,No
STU1229,24,Male,India,High School,Single,Instagram,3.5,2-4 hrs,7.98,2.4,6.8,7.1,0,No
STU1230,23,Male,Germany,High School,In a relationship,TikTok,1.9,<2 hrs,8.33,1.2,7.4,8.7,0,No
STU1231,26,Female,India,Undergraduate,Single,TikTok,2.5,2-4 hrs,8.03,2.9,8.0,7.6,2,No
STU1232,18,Male,Germany,Undergraduate,In a relationship,Facebook,0.8,<2 hrs,9.63,1.0,8.2,8.0,0,No
STU1233,27,Female,India,Undergraduate,In a relationship,YouTube,3.9,2-4 hrs,7.35,2.2,7.8,8.8,1,No
STU1234,27,Male,UK,High School,Complicated,Snapchat,1.7,<2 hrs,9.28,1.0,7.5,7.6,1,No
STU1235,19,Male,India,Undergraduate,In a relationship,Instagram,3.1,2-4 hrs,8.84,3.4,7.6,7.0,1,No
STU1236,24,Female,Australia,High School,Single,TikTok,9.2,6+ hrs,4.36,6.2,6.8,5.5,2,Yes
STU1237,25,Female,USA,Undergraduate,In a relationship,Snapchat,2.1,2-4 hrs,9.23,1.1,7.4,8.9,1,No
STU1238,21,Female,Germany,High School,In a relationship,TikTok,4.2,4-6 hrs,8.85,2.9,8.2,7.6,1,Yes
STU1239,20,Female,UK,Postgraduate,Single,YouTube,2.2,2-4 hrs,8.66,2.0,7.4,7.9,0,No
STU1240,20,Male,Germany,Undergraduate,Single,YouTube,1.4,<2 hrs,9.23,1.3,8.6,7.1,0,No
STU1241,16,Female,Canada,Postgraduate,Single,YouTube,6.0,6+ hrs,7.42,6.3,6.8,6.5,2,Yes
STU1242,27,Female,Australia,High School,Single,YouTube,0.5,<2 hrs,9.11,1.0,7.8,8.3,2,No
STU1243,16,Male,Australia,High School,Single,YouTube,5.0,4-6 hrs,7.36,3.1,7.0,7.5,1,Yes
STU1244,18,Male,India,High School,Complicated,Instagram,0.5,<2 hrs,8.49,1.0,8.6,8.0,0,No
STU1245,17,Male,UK,Undergraduate,Single,YouTube,4.7,4-6 hrs,7.47,3.0,7.3,6.9,2,Yes
STU1246,25,Non-binary,Germany,Postgraduate,Single,Instagram,2.5,2-4 hrs,8.67,1.0,8.4,9.5,0,No
STU1247,16,Female,Germany,Undergraduate,In a relationship,TikTok,1.1,<2 hrs,9.31,1.0,8.9,7.3,1,No
STU1248,27,Male,USA,Undergraduate,In a relationship,Snapchat,1.8,<2 hrs,9.33,1.9,7.5,7.3,0,No
STU1249,20,Female,USA,High School,In a relationship,YouTube,4.1,4-6 hrs,7.19,2.4,6.8,8.8,0,Yes
STU1250,26,Female,Canada,High School,Single,Facebook,8.6,6+ hrs,5.31,5.4,5.7,6.7,3,Yes
STU1251,18,Female,Australia,Undergraduate,Single,Instagram,0.5,<2 hrs,10.0,1.6,7.9,8.0,1,No
STU1252,22,Female,India,Undergraduate,In a relationship,Snapchat,1.1,<2 hrs,8.91,1.0,8.8,9.4,0,No
STU1253,23,Female,India,Undergraduate,In a relationship,YouTube,0.7,<2 hrs,9.31,1.0,8.6,8.8,2,No
STU1254,25,Female,Australia,Undergraduate,Single,TikTok,2.2,2-4 hrs,8.47,1.0,7.7,8.7,0,No
STU1255,21,Female,USA,Postgraduate,In a relationship,Twitter/X,4.7,4-6 hrs,6.89,2.1,7.3,8.1,1,Yes
STU1256,27,Female,Canada,High School,Single,Facebook,0.6,<2 hrs,10.0,1.0,9.1,8.8,0,No
STU1257,20,Male,Germany,Postgraduate,Single,Twitter/X,2.5,2-4 hrs,8.06,1.5,8.8,8.6,0,No
STU1258,25,Female,Australia,High School,Single,Instagram,4.6,4-6 hrs,6.75,3.0,7.5,9.0,3,Yes
STU1259,27,Female,Germany,Undergraduate,In a relationship,Instagram,1.8,<2 hrs,8.42,2.2,6.7,7.8,1,No
STU1260,20,Male,UK,Undergraduate,Single,Instagram,2.9,2-4 hrs,6.99,1.5,7.9,8.1,0,No
STU1261,16,Female,India,High School,Single,Snapchat,5.7,4-6 hrs,6.54,4.6,7.5,5.8,1,Yes
STU1262,27,Male,USA,Undergraduate,In a relationship,Twitter/X,0.9,<2 hrs,8.51,1.8,8.4,8.1,0,No
STU1263,21,Male,Japan,Undergraduate,Single,YouTube,0.5,<2 hrs,9.65,1.0,8.7,9.8,1,No
STU1264,21,Female,USA,Postgraduate,Single,YouTube,3.2,2-4 hrs,7.66,2.8,7.9,8.3,1,No
STU1265,18,Male,USA,High School,In a relationship,YouTube,3.2,2-4 hrs,8.59,2.0,7.1,7.6,1,No
STU1266,19,Female,Australia,Postgraduate,In a relationship,TikTok,1.7,<2 hrs,9.57,1.9,7.6,8.1,0,No
STU1267,19,Female,India,Undergraduate,In a relationship,YouTube,1.4,<2 hrs,9.34,1.0,8.0,7.6,0,No
STU1268,21,Male,Australia,High School,In a relationship,Facebook,2.6,2-4 hrs,8.2,1.0,8.4,7.8,1,No
STU1269,23,Male,India,Undergraduate,Single,Twitter/X,0.9,<2 hrs,9.18,1.0,7.9,8.6,0,No
STU1270,27,Male,India,High School,Single,Snapchat,0.9,<2 hrs,8.18,1.0,8.5,8.2,0,No
STU1271,24,Female,UK,Undergraduate,Single,Instagram,4.1,4-6 hrs,7.57,2.5,7.6,7.0,3,Yes
STU1272,24,Male,India,Postgraduate,In a relationship,TikTok,0.9,<2 hrs,8.58,1.0,9.1,8.8,2,No
STU1273,20,Male,Canada,High School,In a relationship,TikTok,0.5,<2 hrs,9.69,1.0,8.4,8.4,1,No
STU1274,23,Male,Brazil,High School,In a relationship,TikTok,1.4,<2 hrs,10.0,1.0,7.3,7.4,1,No
STU1275,23,Female,USA,Undergraduate,In a relationship,TikTok,1.7,<2 hrs,9.03,1.0,8.4,7.0,0,No
STU1276,25,Female,Brazil,Undergraduate,Single,YouTube,3.5,2-4 hrs,6.73,2.2,8.7,7.5,0,No
STU1277,19,Male,Brazil,Undergraduate,In a relationship,Snapchat,1.5,<2 hrs,8.61,1.0,8.5,7.4,0,No
STU1278,19,Female,India,Undergraduate,In a relationship,Snapchat,6.4,6+ hrs,6.69,3.7,6.5,5.8,2,Yes
STU1279,18,Male,USA,High School,Single,Instagram,2.7,2-4 hrs,8.34,1.0,7.3,9.3,0,No
STU1280,20,Male,Japan,Undergraduate,Single,Instagram,1.2,<2 hrs,8.52,1.0,7.7,8.4,1,No
STU1281,23,Male,India,Postgraduate,In a relationship,TikTok,3.4,2-4 hrs,8.12,1.9,8.7,7.9,1,No
STU1282,23,Female,USA,Undergraduate,Complicated,Twitter/X,6.3,6+ hrs,5.92,5.2,6.8,6.3,2,Yes
STU1283,24,Female,USA,Undergraduate,Single,Twitter/X,4.0,4-6 hrs,7.13,1.6,7.2,7.4,1,No
STU1284,16,Female,Germany,High School,Single,TikTok,0.6,<2 hrs,9.62,1.0,8.3,8.8,0,No
STU1285,27,Female,India,Undergraduate,In a relationship,TikTok,1.8,<2 hrs,8.08,2.7,7.9,7.6,1,No
STU1286,19,Female,India,Undergraduate,Single,Instagram,3.0,2-4 hrs,8.47,1.3,8.5,7.8,1,No
STU1287,21,Male,India,High School,In a relationship,Instagram,3.9,2-4 hrs,6.92,2.5,7.0,7.3,1,No
STU1288,20,Female,India,Undergraduate,In a relationship,Instagram,2.2,2-4 hrs,9.57,1.0,8.5,7.6,0,No
STU1289,19,Male,India,Undergraduate,Single,TikTok,1.9,<2 hrs,8.18,1.0,8.1,8.2,0,No
STU1290,26,Male,UK,High School,In a relationship,YouTube,7.8,6+ hrs,5.86,6.7,7.2,5.5,3,Yes
STU1291,18,Male,Australia,Undergraduate,Single,Instagram,4.0,4-6 hrs,7.9,2.9,8.3,7.2,1,No
STU1292,17,Male,USA,High School,Single,TikTok,3.4,2-4 hrs,7.63,2.5,7.7,7.8,1,No
STU1293,24,Female,USA,Undergraduate,Single,TikTok,1.6,<2 hrs,8.87,1.0,7.9,8.4,0,No
STU1294,25,Male,Australia,Undergraduate,In a relationship,TikTok,0.9,<2 hrs,9.44,1.0,8.3,8.7,2,No
STU1295,18,Male,UK,Undergraduate,Complicated,TikTok,3.5,2-4 hrs,8.5,3.4,7.6,8.0,1,No
STU1296,19,Male,UK,Undergraduate,In a relationship,TikTok,4.3,4-6 hrs,8.04,3.9,6.6,7.5,1,Yes
STU1297,16,Female,UK,Undergraduate,In a relationship,Twitter/X,2.5,2-4 hrs,8.27,2.3,8.7,8.5,0,No
STU1298,16,Female,Australia,High School,Single,Snapchat,4.0,4-6 hrs,7.61,1.9,7.6,7.5,1,No
STU1299,25,Male,India,Postgraduate,In a relationship,Instagram,4.1,4-6 hrs,9.06,3.1,6.9,7.1,2,Yes
STU1300,24,Female,Japan,High School,Single,TikTok,4.5,4-6 hrs,8.04,3.7,6.3,7.6,1,Yes
STU1301,26,Female,Germany,Undergraduate,In a relationship,YouTube,0.6,<2 hrs,8.68,1.0,7.2,9.0,2,No
STU1302,19,Female,USA,Undergraduate,Single,TikTok,1.9,<2 hrs,8.7,1.0,8.4,8.0,2,No
STU1303,25,Female,USA,High School,Single,Instagram,3.6,2-4 hrs,7.68,3.2,7.3,7.8,2,No
STU1304,19,Male,Germany,Postgraduate,In a relationship,TikTok,2.6,2-4 hrs,8.25,2.5,7.6,7.1,1,No
STU1305,21,Female,USA,Undergraduate,In a relationship,Instagram,4.1,4-6 hrs,6.92,1.6,7.7,8.5,0,Yes
STU1306,17,Female,UK,Undergraduate,In a relationship,TikTok,3.4,2-4 hrs,7.72,3.0,7.4,7.5,2,No
STU1307,21,Female,Australia,Undergraduate,In a relationship,TikTok,0.5,<2 hrs,10.0,1.0,8.6,7.5,0,No
STU1308,22,Female,USA,High School,In a relationship,YouTube,5.3,4-6 hrs,7.46,4.3,7.2,6.5,1,Yes
STU1309,16,Female,USA,Undergraduate,In a relationship,TikTok,1.7,<2 hrs,7.24,1.0,8.0,10.0,0,No
STU1310,23,Female,India,High School,Single,Instagram,1.2,<2 hrs,9.69,1.4,7.4,8.4,1,No
STU1311,21,Female,India,High School,In a relationship,YouTube,5.2,4-6 hrs,7.81,4.3,6.8,8.5,1,Yes
STU1312,24,Male,USA,High School,Complicated,YouTube,3.9,2-4 hrs,7.53,2.4,7.8,6.8,1,No
STU1313,19,Female,India,High School,In a relationship,Instagram,5.7,4-6 hrs,7.37,4.0,6.7,7.5,2,Yes
STU1314,26,Male,USA,Postgraduate,In a relationship,Instagram,3.0,2-4 hrs,7.63,1.6,8.4,6.4,1,No
STU1315,17,Female,USA,Postgraduate,Single,Instagram,1.9,<2 hrs,8.36,2.7,9.2,7.6,1,No
STU1316,24,Male,India,Undergraduate,In a relationship,Instagram,2.8,2-4 hrs,9.14,1.9,8.1,8.5,1,No
STU1317,23,Female,India,Postgraduate,In a relationship,Snapchat,1.0,<2 hrs,8.89,1.0,9.0,9.1,0,No
STU1318,17,Male,India,Undergraduate,In a relationship,Instagram,0.7,<2 hrs,8.06,1.0,8.7,7.9,1,No
STU1319,23,Male,UK,Undergraduate,In a relationship,Snapchat,1.5,<2 hrs,8.79,1.2,7.9,9.1,1,No
STU1320,26,Male,India,Postgraduate,In a relationship,TikTok,6.8,6+ hrs,6.39,5.4,6.9,5.9,3,Yes
STU1321,23,Non-binary,Canada,High School,Single,YouTube,1.6,<2 hrs,9.5,1.0,9.1,8.4,0,No
STU1322,20,Female,UK,High School,Single,TikTok,0.5,<2 hrs,9.28,1.8,8.1,7.8,0,No
STU1323,22,Male,India,High School,Single,YouTube,2.2,2-4 hrs,8.26,1.8,7.4,7.3,0,No
STU1324,22,Male,India,Undergraduate,Single,YouTube,1.6,<2 hrs,9.41,1.5,7.5,9.3,1,No
STU1325,19,Male,Brazil,Postgraduate,Single,TikTok,5.3,4-6 hrs,7.19,3.6,7.1,7.2,1,Yes
STU1326,21,Male,India,Postgraduate,Single,Instagram,6.5,6+ hrs,6.12,4.6,6.4,7.5,1,Yes
STU1327,25,Female,Australia,Undergraduate,Single,Facebook,1.8,<2 hrs,9.38,1.1,8.9,9.2,0,No
STU1328,21,Male,India,Undergraduate,In a relationship,Snapchat,3.0,2-4 hrs,8.27,2.9,7.9,6.9,2,No
STU1329,21,Female,USA,Postgraduate,Single,Instagram,3.2,2-4 hrs,8.06,2.2,8.2,8.8,0,No
STU1330,24,Male,India,High School,Complicated,Instagram,2.4,2-4 hrs,8.53,2.3,7.8,8.2,0,No
STU1331,17,Female,UK,Undergraduate,In a relationship,YouTube,2.1,2-4 hrs,7.91,1.1,7.4,7.7,0,No
STU1332,25,Male,USA,Undergraduate,Single,Facebook,1.1,<2 hrs,8.69,1.0,7.6,8.8,0,No
STU1333,23,Female,Australia,High School,Single,YouTube,0.5,<2 hrs,9.28,1.0,7.9,7.8,0,No
STU1334,23,Female,Brazil,Postgraduate,In a relationship,Twitter/X,1.1,<2 hrs,8.89,1.7,8.4,9.3,0,No
STU1335,16,Male,UK,Undergraduate,Single,TikTok,2.3,2-4 hrs,9.23,1.0,8.2,9.1,0,No
STU1336,26,Male,Japan,Undergraduate,In a relationship,Instagram,0.6,<2 hrs,9.36,1.0,8.7,8.5,0,No
STU1337,17,Male,India,High School,Single,Instagram,2.9,2-4 hrs,8.71,1.8,7.0,9.0,0,No
STU1338,19,Female,USA,Undergraduate,Single,TikTok,2.6,2-4 hrs,8.34,1.5,7.8,7.1,0,No
STU1339,20,Male,Germany,Undergraduate,Single,Snapchat,1.6,<2 hrs,9.41,1.7,7.6,7.6,0,No
STU1340,20,Female,UK,Undergraduate,In a relationship,Instagram,2.0,2-4 hrs,8.84,1.1,8.2,8.3,1,No
STU1341,21,Female,UK,High School,Single,YouTube,0.7,<2 hrs,9.19,1.6,8.6,9.8,1,No
STU1342,22,Female,USA,Undergraduate,Single,Twitter/X,4.5,4-6 hrs,7.47,2.5,6.8,7.0,2,Yes
STU1343,16,Female,India,Undergraduate,In a relationship,TikTok,4.4,4-6 hrs,6.95,3.2,7.9,6.2,1,Yes
STU1344,22,Male,India,Undergraduate,Single,TikTok,0.9,<2 hrs,9.4,1.0,9.4,7.5,0,No
STU1345,21,Female,India,Undergraduate,Single,TikTok,0.9,<2 hrs,9.07,1.0,8.7,9.1,0,No
STU1346,20,Female,India,High School,Single,YouTube,1.1,<2 hrs,8.7,1.0,8.1,8.1,0,No
STU1347,21,Female,India,Postgraduate,In a relationship,Twitter/X,3.7,2-4 hrs,8.5,2.5,7.4,7.6,1,No
STU1348,26,Female,India,Undergraduate,Single,Facebook,3.2,2-4 hrs,7.31,3.2,7.6,7.9,1,No
STU1349,23,Female,Canada,High School,Single,Snapchat,5.1,4-6 hrs,6.95,3.0,6.8,7.4,4,Yes
STU1350,27,Female,India,High School,Single,TikTok,5.5,4-6 hrs,7.64,4.3,7.3,7.0,4,Yes
STU1351,21,Female,USA,High School,Single,Instagram,0.6,<2 hrs,9.42,1.0,7.8,8.9,1,No
STU1352,20,Female,India,High School,In a relationship,Instagram,3.6,2-4 hrs,7.85,2.6,6.7,7.4,1,No
STU1353,21,Female,India,Undergraduate,In a relationship,Instagram,5.4,4-6 hrs,7.22,2.8,7.3,7.5,1,Yes
STU1354,24,Female,Brazil,Undergraduate,Single,TikTok,1.9,<2 hrs,8.75,1.0,8.0,8.7,1,No
STU1355,27,Female,India,High School,Single,TikTok,2.5,2-4 hrs,7.47,1.7,7.6,8.8,0,No
STU1356,16,Female,Germany,Postgraduate,Single,Twitter/X,2.2,2-4 hrs,8.3,3.0,7.3,6.9,2,No
STU1357,18,Male,Australia,Postgraduate,Complicated,Instagram,2.3,2-4 hrs,9.43,1.7,8.1,6.0,2,No
STU1358,18,Female,Brazil,Undergraduate,Single,Instagram,4.5,4-6 hrs,7.08,4.5,6.9,7.2,1,Yes
STU1359,24,Male,Australia,High School,Complicated,TikTok,7.6,6+ hrs,5.89,5.5,6.5,6.9,2,Yes
STU1360,18,Male,Germany,Postgraduate,Single,Snapchat,6.2,6+ hrs,6.39,4.0,7.8,7.1,3,Yes
STU1361,21,Male,India,Undergraduate,Single,Instagram,1.6,<2 hrs,8.73,2.4,8.4,8.0,0,No
STU1362,24,Female,Germany,Undergraduate,Single,Instagram,3.0,2-4 hrs,7.8,2.4,7.1,7.4,0,No
STU1363,25,Male,USA,Undergraduate,Single,YouTube,1.3,<2 hrs,9.21,1.0,7.5,8.9,1,No
STU1364,20,Female,USA,High School,Single,TikTok,1.4,<2 hrs,8.99,1.4,8.2,8.9,0,No
STU1365,25,Male,India,High School,Single,Facebook,2.4,2-4 hrs,8.88,1.4,7.2,8.3,1,No
STU1366,26,Female,India,Undergraduate,Single,TikTok,1.4,<2 hrs,8.24,1.0,7.1,10.0,0,No
STU1367,24,Male,Canada,Postgraduate,Single,Snapchat,1.5,<2 hrs,8.62,1.8,8.4,7.0,1,No
STU1368,24,Female,Australia,Postgraduate,Single,Facebook,3.0,2-4 hrs,8.01,3.0,7.9,7.6,1,No
STU1369,21,Male,USA,Undergraduate,Complicated,Instagram,3.6,2-4 hrs,8.15,4.0,7.8,6.2,2,No
STU1370,23,Male,India,Undergraduate,Single,TikTok,3.5,2-4 hrs,7.45,2.8,7.8,8.2,2,No
STU1371,24,Female,India,Undergraduate,Single,TikTok,3.6,2-4 hrs,8.43,2.3,7.6,6.7,1,No
STU1372,24,Male,India,High School,Single,TikTok,0.8,<2 hrs,9.85,1.2,8.0,7.5,1,No
STU1373,23,Female,India,Undergraduate,In a relationship,Instagram,1.3,<2 hrs,8.32,1.6,8.4,7.8,0,No
STU1374,19,Male,USA,Undergraduate,Single,Twitter/X,2.6,2-4 hrs,8.04,3.1,8.6,7.6,1,No
STU1375,23,Female,Canada,Undergraduate,Single,Instagram,5.2,4-6 hrs,6.84,3.6,6.9,6.8,2,Yes
STU1376,17,Male,USA,Undergraduate,Single,Snapchat,10.4,6+ hrs,6.4,7.1,5.4,5.0,2,Yes
STU1377,18,Male,India,Undergraduate,Single,YouTube,3.1,2-4 hrs,7.85,1.6,7.2,8.1,1,No
STU1378,24,Male,Germany,Undergraduate,Single,TikTok,4.2,4-6 hrs,8.62,3.4,7.0,7.1,2,Yes
STU1379,25,Female,India,Postgraduate,Single,YouTube,0.7,<2 hrs,8.43,1.0,8.4,9.5,0,No
STU1380,19,Female,Canada,Undergraduate,Single,Facebook,4.1,4-6 hrs,7.06,3.5,6.4,7.7,1,Yes
STU1381,17,Female,India,Undergraduate,In a relationship,TikTok,8.7,6+ hrs,5.17,6.6,6.5,5.5,2,Yes
STU1382,18,Female,UK,Undergraduate,In a relationship,Instagram,1.3,<2 hrs,8.41,1.4,8.5,9.8,0,No
STU1383,22,Male,India,High School,Single,TikTok,1.6,<2 hrs,8.62,1.2,7.2,8.7,0,No
STU1384,24,Male,Canada,High School,Single,TikTok,4.6,4-6 hrs,7.0,4.4,6.9,6.1,1,Yes
STU1385,22,Female,UK,High School,Single,Instagram,2.5,2-4 hrs,7.88,2.4,7.9,8.0,1,No
STU1386,23,Male,UK,High School,In a relationship,YouTube,0.5,<2 hrs,9.97,1.0,8.3,8.9,1,No
STU1387,18,Female,India,Undergraduate,In a relationship,TikTok,1.7,<2 hrs,9.47,1.0,8.3,8.0,0,No
STU1388,22,Female,UK,Postgraduate,Single,YouTube,6.5,6+ hrs,7.14,3.8,6.8,6.4,1,Yes
STU1389,16,Male,Brazil,Undergraduate,Single,Instagram,2.0,2-4 hrs,8.91,1.8,8.6,8.2,0,No
STU1390,27,Male,India,Undergraduate,Complicated,Snapchat,2.0,2-4 hrs,8.66,1.0,7.8,8.2,2,No
STU1391,21,Male,Australia,Undergraduate,Single,TikTok,4.4,4-6 hrs,7.22,3.9,6.9,8.1,1,Yes
STU1392,18,Female,India,Undergraduate,Single,YouTube,3.2,2-4 hrs,7.49,3.3,7.2,7.9,3,No
STU1393,17,Male,USA,High School,Single,Instagram,1.9,<2 hrs,8.86,1.0,8.4,8.1,0,No
STU1394,19,Male,Canada,High School,Single,Twitter/X,1.5,<2 hrs,8.12,1.0,8.1,8.8,0,No
STU1395,26,Male,UK,Postgraduate,In a relationship,TikTok,12.0,6+ hrs,4.0,8.4,5.8,5.7,4,Yes
STU1396,24,Male,Canada,Undergraduate,Single,Snapchat,5.8,4-6 hrs,7.58,4.8,7.4,5.6,1,Yes
STU1397,21,Female,Japan,High School,Single,TikTok,3.6,2-4 hrs,9.02,3.8,6.6,6.4,1,No
STU1398,27,Female,Japan,Undergraduate,Single,Instagram,3.7,2-4 hrs,8.07,1.2,7.0,8.4,2,No
STU1399,24,Female,Brazil,Undergraduate,In a relationship,YouTube,2.3,2-4 hrs,9.13,1.4,7.4,8.3,0,No
STU1400,23,Female,UK,Postgraduate,Complicated,YouTube,3.2,2-4 hrs,7.91,2.0,7.3,8.0,0,No
STU1401,20,Female,USA,High School,Single,TikTok,2.1,2-4 hrs,7.75,1.0,7.8,8.3,0,No
STU1402,23,Female,India,Undergraduate,Complicated,Twitter/X,1.2,<2 hrs,9.33,1.0,8.7,8.3,0,No
STU1403,17,Female,UK,Postgraduate,In a relationship,TikTok,3.3,2-4 hrs,8.36,2.7,8.3,7.9,1,No
STU1404,23,Male,USA,Postgraduate,In a relationship,Instagram,1.9,<2 hrs,8.69,1.1,7.9,9.2,2,No
STU1405,16,Male,Japan,Undergraduate,Single,Instagram,3.4,2-4 hrs,7.82,1.1,7.5,8.1,1,No
STU1406,26,Male,UK,Undergraduate,Single,Snapchat,3.9,2-4 hrs,8.32,5.0,7.2,8.2,2,No
STU1407,27,Female,USA,Postgraduate,In a relationship,TikTok,3.5,2-4 hrs,7.33,2.7,7.7,9.0,2,No
STU1408,18,Male,Canada,Undergraduate,Complicated,YouTube,1.1,<2 hrs,8.54,1.0,8.3,9.4,1,No
STU1409,22,Female,India,Postgraduate,In a relationship,Instagram,1.8,<2 hrs,8.09,1.0,8.5,8.9,0,No
STU1410,19,Female,India,Undergraduate,In a relationship,TikTok,2.0,2-4 hrs,8.65,1.6,8.4,9.6,0,No
STU1411,26,Male,Canada,Undergraduate,Single,YouTube,4.9,4-6 hrs,6.64,3.3,6.1,7.1,1,Yes
STU1412,22,Female,India,Postgraduate,In a relationship,TikTok,4.7,4-6 hrs,6.97,1.8,7.2,7.5,0,Yes
STU1413,16,Male,Australia,Undergraduate,In a relationship,Facebook,1.4,<2 hrs,8.45,1.0,8.8,8.1,1,No
STU1414,22,Female,India,High School,In a relationship,YouTube,0.8,<2 hrs,8.98,1.2,8.1,7.7,0,No
STU1415,18,Female,UK,High School,Single,Facebook,10.8,6+ hrs,4.0,9.1,6.4,4.5,3,Yes
STU1416,17,Male,Canada,Postgraduate,Complicated,Instagram,3.4,2-4 hrs,8.02,2.7,7.5,7.9,2,No
STU1417,24,Male,Australia,High School,Single,Snapchat,0.7,<2 hrs,9.93,1.4,8.4,8.4,0,No
STU1418,17,Male,Brazil,Postgraduate,Single,YouTube,1.6,<2 hrs,8.86,1.0,7.5,8.5,2,No
STU1419,18,Female,USA,High School,Single,TikTok,5.0,4-6 hrs,8.17,3.4,6.7,7.4,1,Yes
STU1420,18,Male,Australia,Postgraduate,Single,Twitter/X,9.1,6+ hrs,6.21,7.2,6.6,6.6,2,Yes
STU1421,19,Female,India,Postgraduate,Single,YouTube,8.2,6+ hrs,6.28,7.1,6.9,5.9,5,Yes
STU1422,26,Female,Germany,Postgraduate,Single,YouTube,3.3,2-4 hrs,8.06,3.4,7.7,7.9,2,No
STU1423,22,Male,Brazil,High School,In a relationship,Instagram,2.5,2-4 hrs,8.39,1.0,7.3,8.6,0,No
STU1424,22,Female,Australia,Postgraduate,Complicated,YouTube,1.0,<2 hrs,9.51,1.0,8.3,7.4,0,No
STU1425,24,Male,India,Undergraduate,In a relationship,TikTok,2.7,2-4 hrs,8.05,2.1,8.5,6.7,1,No
STU1426,25,Non-binary,India,High School,Single,TikTok,1.1,<2 hrs,7.88,1.0,9.1,10.0,0,No
STU1427,23,Male,USA,Postgraduate,Single,Snapchat,1.8,<2 hrs,8.99,1.6,7.9,7.8,1,No
STU1428,21,Female,India,High School,In a relationship,Instagram,4.6,4-6 hrs,6.75,3.9,6.5,6.6,1,Yes
STU1429,21,Non-binary,UK,High School,Single,Snapchat,2.1,2-4 hrs,7.98,2.3,8.4,8.0,1,No
STU1430,20,Female,USA,Undergraduate,In a relationship,TikTok,2.0,2-4 hrs,8.6,2.7,7.9,8.0,1,No
STU1431,17,Female,India,Undergraduate,In a relationship,Instagram,2.4,2-4 hrs,8.36,1.4,8.4,8.8,1,No
STU1432,21,Male,Germany,Postgraduate,In a relationship,Twitter/X,11.8,6+ hrs,4.0,7.2,5.7,6.6,4,Yes
STU1433,21,Female,Germany,Undergraduate,In a relationship,YouTube,0.9,<2 hrs,9.19,1.0,7.8,9.6,1,No
STU1434,27,Male,Germany,High School,Complicated,TikTok,3.1,2-4 hrs,8.68,3.7,7.8,6.6,1,No
STU1435,20,Male,India,Postgraduate,Single,TikTok,7.7,6+ hrs,5.36,5.0,7.2,7.2,3,Yes
STU1436,21,Female,USA,Undergraduate,Complicated,TikTok,2.4,2-4 hrs,9.18,2.2,7.8,7.6,0,No
STU1437,20,Female,India,High School,In a relationship,Instagram,5.7,4-6 hrs,6.0,4.5,6.6,6.7,1,Yes
STU1438,26,Male,Canada,Postgraduate,Single,Twitter/X,0.7,<2 hrs,10.0,1.0,7.5,7.7,0,No
STU1439,27,Female,Germany,Undergraduate,In a relationship,Instagram,2.1,2-4 hrs,8.31,1.5,7.6,7.1,2,No
STU1440,19,Male,UK,High School,Single,Twitter/X,1.2,<2 hrs,9.05,1.0,8.0,8.5,0,No
STU1441,18,Male,UK,Postgraduate,In a relationship,Twitter/X,2.4,2-4 hrs,7.28,1.0,8.3,7.8,0,No
STU1442,16,Female,Australia,Postgraduate,Single,Facebook,2.4,2-4 hrs,8.38,1.0,7.3,9.1,0,No
STU1443,26,Male,India,Postgraduate,Single,Instagram,2.6,2-4 hrs,8.47,1.5,8.6,8.1,0,No
STU1444,19,Female,India,High School,In a relationship,TikTok,4.5,4-6 hrs,7.42,4.0,6.7,7.2,1,Yes
STU1445,24,Female,USA,High School,Complicated,YouTube,0.5,<2 hrs,8.94,1.0,9.5,9.5,0,No
STU1446,22,Female,UK,Undergraduate,Single,Snapchat,1.5,<2 hrs,8.26,1.0,9.0,7.5,1,No
STU1447,22,Non-binary,Japan,Undergraduate,Single,Instagram,2.9,2-4 hrs,8.87,1.3,7.8,7.8,1,No
STU1448,22,Male,Germany,Undergraduate,In a relationship,Snapchat,0.5,<2 hrs,9.29,1.0,7.6,8.6,0,No
STU1449,19,Female,India,Undergraduate,Complicated,Instagram,3.9,2-4 hrs,8.67,3.8,7.5,7.3,4,No
STU1450,27,Male,India,High School,Single,TikTok,1.5,<2 hrs,8.51,1.9,7.9,8.8,0,No
STU1451,22,Female,USA,Undergraduate,Complicated,Instagram,2.2,2-4 hrs,8.25,2.0,7.3,8.6,1,No
STU1452,26,Male,Japan,Postgraduate,Complicated,Instagram,4.7,4-6 hrs,7.87,2.1,7.5,8.0,1,Yes
STU1453,17,Male,India,Undergraduate,Complicated,Twitter/X,5.9,4-6 hrs,5.87,3.8,6.6,7.3,1,Yes
STU1454,27,Female,Japan,Undergraduate,In a relationship,Instagram,4.0,4-6 hrs,6.97,4.4,7.1,7.0,1,No
STU1455,23,Male,India,Undergraduate,Single,YouTube,0.9,<2 hrs,9.75,1.5,8.2,7.2,0,No
STU1456,25,Female,Brazil,High School,In a relationship,Instagram,3.8,2-4 hrs,7.09,1.4,7.3,8.2,1,No
STU1457,23,Male,Germany,Undergraduate,In a relationship,Twitter/X,4.0,4-6 hrs,6.61,2.8,8.5,7.8,1,No
STU1458,24,Female,Brazil,High School,Complicated,Twitter/X,3.5,2-4 hrs,9.05,2.7,7.4,8.0,2,No
STU1459,20,Female,Brazil,High School,In a relationship,YouTube,6.5,6+ hrs,5.74,3.9,7.1,6.4,2,Yes
STU1460,25,Male,India,Postgraduate,Single,Twitter/X,2.7,2-4 hrs,8.4,1.0,7.9,7.6,0,No
STU1461,23,Male,Australia,High School,Single,YouTube,6.3,6+ hrs,6.71,4.5,7.1,6.6,2,Yes
STU1462,17,Male,Canada,Undergraduate,Single,TikTok,6.3,6+ hrs,4.98,3.8,7.1,8.5,3,Yes
STU1463,25,Female,Germany,Postgraduate,In a relationship,TikTok,4.1,4-6 hrs,7.49,2.2,7.9,7.3,0,Yes
STU1464,25,Female,UK,High School,Single,YouTube,3.1,2-4 hrs,8.37,1.9,7.9,8.9,0,No
STU1465,23,Female,USA,Undergraduate,Single,TikTok,3.5,2-4 hrs,8.14,2.3,7.7,9.0,2,No
STU1466,25,Female,Australia,Undergraduate,Single,Instagram,7.4,6+ hrs,6.71,5.2,6.7,6.4,2,Yes
STU1467,24,Male,India,Undergraduate,In a relationship,Instagram,5.2,4-6 hrs,6.93,2.9,7.1,7.1,1,Yes
STU1468,21,Non-binary,Germany,High School,Single,YouTube,1.0,<2 hrs,9.48,1.0,7.8,8.9,1,No
STU1469,21,Female,India,High School,Single,TikTok,3.4,2-4 hrs,7.56,1.0,7.6,8.6,2,No
STU1470,19,Male,India,High School,Single,Facebook,1.2,<2 hrs,8.11,1.1,8.3,7.8,0,No
STU1471,23,Female,UK,High School,Complicated,TikTok,1.4,<2 hrs,8.09,1.0,8.4,8.0,1,No
STU1472,22,Female,Germany,Undergraduate,Complicated,Instagram,1.8,<2 hrs,7.81,1.0,8.1,8.8,0,No
STU1473,27,Male,Canada,Postgraduate,In a relationship,TikTok,0.6,<2 hrs,9.84,1.2,8.2,9.1,0,No
STU1474,24,Male,Japan,Undergraduate,In a relationship,YouTube,1.1,<2 hrs,8.1,1.0,8.2,8.3,0,No
STU1475,16,Male,India,High School,Single,TikTok,6.7,6+ hrs,6.65,5.3,6.5,6.3,2,Yes
STU1476,25,Female,USA,Postgraduate,Single,YouTube,1.4,<2 hrs,8.71,1.9,8.3,8.5,3,No
STU1477,23,Male,USA,Undergraduate,Single,Instagram,4.5,4-6 hrs,7.41,1.0,7.3,8.4,0,Yes
STU1478,23,Male,India,Undergraduate,In a relationship,Twitter/X,2.8,2-4 hrs,9.06,1.8,7.9,7.9,0,No
STU1479,24,Female,India,Undergraduate,In a relationship,Snapchat,3.7,2-4 hrs,7.57,1.0,8.1,8.0,0,No
STU1480,22,Male,India,Postgraduate,In a relationship,Instagram,3.8,2-4 hrs,8.16,2.6,7.2,7.2,1,No
STU1481,24,Female,USA,Undergraduate,In a relationship,YouTube,1.1,<2 hrs,9.03,1.0,8.5,10.0,0,No
STU1482,25,Non-binary,Germany,Undergraduate,Single,Instagram,4.5,4-6 hrs,7.38,1.2,7.4,8.3,0,Yes
STU1483,23,Female,Australia,Undergraduate,Single,Instagram,0.8,<2 hrs,10.0,2.1,9.3,8.9,0,No
STU1484,24,Female,USA,Undergraduate,In a relationship,Instagram,1.4,<2 hrs,8.01,1.2,8.0,9.6,0,No
STU1485,24,Female,India,High School,In a relationship,TikTok,3.8,2-4 hrs,8.56,2.0,7.9,7.9,0,No
STU1486,16,Male,India,Postgraduate,In a relationship,Snapchat,1.0,<2 hrs,9.44,1.9,8.3,8.3,0,No
STU1487,18,Female,India,High School,Single,Twitter/X,0.5,<2 hrs,8.99,1.0,7.7,8.6,1,No
STU1488,21,Male,USA,Undergraduate,Complicated,Instagram,3.2,2-4 hrs,9.04,1.3,7.4,7.2,0,No
STU1489,27,Female,USA,Undergraduate,Single,TikTok,0.5,<2 hrs,8.17,1.0,8.8,7.4,0,No
STU1490,26,Female,India,High School,Single,Instagram,4.1,4-6 hrs,7.34,4.3,7.3,6.9,1,Yes
STU1491,22,Female,Japan,Postgraduate,Single,TikTok,2.0,2-4 hrs,7.87,1.7,6.9,7.9,1,No
STU1492,19,Male,USA,Undergraduate,Single,YouTube,3.2,2-4 hrs,8.31,2.8,7.7,8.9,2,No
STU1493,25,Female,India,Undergraduate,Single,Twitter/X,3.2,2-4 hrs,7.39,2.5,7.2,7.6,2,No
STU1494,17,Female,USA,Undergraduate,Single,Snapchat,4.3,4-6 hrs,7.82,3.5,7.5,8.6,2,Yes
STU1495,27,Male,India,Undergraduate,Single,Instagram,3.9,2-4 hrs,7.63,2.8,8.3,7.3,2,No
STU1496,19,Female,USA,High School,Single,YouTube,1.0,<2 hrs,8.76,1.0,8.6,9.8,0,No
STU1497,21,Female,India,High School,Single,TikTok,2.1,2-4 hrs,8.79,1.6,8.7,8.6,2,No
STU1498,19,Female,India,Postgraduate,Single,TikTok,3.2,2-4 hrs,7.9,1.8,7.4,8.5,1,No
STU1499,27,Male,UK,Undergraduate,In a relationship,Instagram,6.4,6+ hrs,5.97,4.4,6.8,6.4,1,Yes
STU1500,25,Male,UK,Undergraduate,Single,Instagram,3.9,2-4 hrs,9.43,2.9,7.0,8.0,2,No
STU1501,17,Female,India,Undergraduate,In a relationship,Snapchat,6.1,6+ hrs,6.46,4.4,6.6,8.0,1,Yes
STU1502,24,Female,Germany,High School,Single,Instagram,3.3,2-4 hrs,6.68,1.1,7.2,8.3,0,No
STU1503,16,Female,India,Postgraduate,Single,Snapchat,5.3,4-6 hrs,6.61,2.6,6.5,7.5,2,Yes
STU1504,25,Male,Australia,Postgraduate,In a relationship,Instagram,3.0,2-4 hrs,7.39,3.0,8.4,7.3,1,No
STU1505,22,Male,India,Postgraduate,In a relationship,TikTok,5.1,4-6 hrs,7.7,3.3,6.2,8.5,1,Yes
STU1506,24,Female,India,Postgraduate,In a relationship,Twitter/X,1.9,<2 hrs,8.84,1.8,8.7,8.7,2,No
STU1507,18,Female,India,Undergraduate,Single,Instagram,6.9,6+ hrs,6.63,4.0,7.4,8.0,2,Yes
STU1508,26,Female,India,Undergraduate,In a relationship,Facebook,3.6,2-4 hrs,7.66,1.3,7.8,8.6,0,No
STU1509,21,Male,Japan,Undergraduate,Complicated,YouTube,0.7,<2 hrs,9.02,1.0,7.8,8.5,0,No
STU1510,24,Male,India,Postgraduate,Single,Instagram,3.3,2-4 hrs,7.79,2.1,6.9,8.2,0,No
STU1511,24,Female,UK,Postgraduate,In a relationship,Twitter/X,3.9,2-4 hrs,7.7,2.2,7.3,8.6,0,No
STU1512,19,Male,Australia,Undergraduate,Single,Facebook,4.6,4-6 hrs,7.93,4.3,7.7,6.7,2,Yes
STU1513,27,Male,USA,Undergraduate,In a relationship,Instagram,8.5,6+ hrs,5.88,6.1,6.4,6.9,2,Yes
STU1514,23,Female,India,Postgraduate,Single,Twitter/X,1.6,<2 hrs,9.08,2.6,7.6,8.0,1,No
STU1515,23,Female,Australia,Undergraduate,In a relationship,Facebook,8.6,6+ hrs,5.93,6.3,6.9,4.2,2,Yes
STU1516,26,Female,India,Postgraduate,Single,Instagram,2.5,2-4 hrs,8.91,1.0,8.7,9.1,0,No
STU1517,22,Male,Germany,Undergraduate,Single,Instagram,1.3,<2 hrs,9.09,1.8,8.1,7.2,1,No
STU1518,21,Female,UK,Undergraduate,Single,YouTube,1.7,<2 hrs,8.95,1.0,8.1,9.1,0,No
STU1519,18,Male,Canada,Undergraduate,Complicated,Facebook,3.8,2-4 hrs,8.5,2.8,6.8,8.2,2,No
STU1520,27,Female,Japan,High School,Single,YouTube,1.2,<2 hrs,8.56,1.0,8.0,8.7,1,No
STU1521,19,Male,Germany,High School,Single,TikTok,1.9,<2 hrs,8.13,3.0,8.3,7.9,2,No
STU1522,27,Female,Australia,High School,In a relationship,Instagram,3.2,2-4 hrs,7.35,3.4,7.9,8.1,2,No
STU1523,24,Female,UK,High School,Single,Snapchat,6.9,6+ hrs,6.5,4.2,6.5,6.6,1,Yes
STU1524,25,Male,India,Undergraduate,Single,Instagram,4.5,4-6 hrs,6.36,3.0,7.2,8.1,2,Yes
STU1525,22,Non-binary,Germany,Undergraduate,Single,Instagram,2.6,2-4 hrs,8.61,2.0,7.6,8.8,0,No
STU1526,26,Male,India,High School,Single,TikTok,3.7,2-4 hrs,7.77,3.3,7.4,8.6,1,No
STU1527,23,Male,Brazil,High School,Single,TikTok,3.0,2-4 hrs,8.83,2.1,8.0,7.2,0,No
STU1528,21,Male,Australia,Undergraduate,Single,Instagram,0.9,<2 hrs,8.69,1.0,7.3,8.8,1,No
STU1529,27,Female,Germany,Undergraduate,Single,Instagram,7.7,6+ hrs,5.91,4.8,6.5,5.9,1,Yes
STU1530,16,Male,USA,High School,Single,Instagram,7.0,6+ hrs,7.02,4.9,6.9,5.8,1,Yes
STU1531,26,Female,India,Undergraduate,Single,Instagram,2.4,2-4 hrs,9.25,2.7,7.6,7.9,2,No
STU1532,27,Male,Australia,High School,Single,Facebook,1.7,<2 hrs,8.33,1.5,7.8,8.3,1,No
STU1533,24,Female,Japan,Undergraduate,In a relationship,Instagram,0.9,<2 hrs,9.2,1.0,8.0,9.3,1,No
STU1534,26,Female,Germany,High School,Single,Snapchat,3.9,2-4 hrs,7.92,3.2,7.3,7.2,1,No
STU1535,18,Male,Germany,High School,Single,Twitter/X,3.9,2-4 hrs,7.97,2.4,7.5,7.7,0,No
STU1536,18,Male,Canada,High School,In a relationship,YouTube,1.2,<2 hrs,8.8,1.6,8.3,8.3,0,No
STU1537,24,Male,India,Undergraduate,Single,YouTube,3.0,2-4 hrs,8.92,4.1,6.7,6.3,1,No
STU1538,19,Female,Germany,Undergraduate,Single,TikTok,4.4,4-6 hrs,6.39,2.8,7.7,7.1,2,Yes
STU1539,23,Female,India,High School,Single,YouTube,1.6,<2 hrs,8.53,1.8,8.0,8.9,0,No
STU1540,27,Male,India,Undergraduate,Single,Snapchat,2.1,2-4 hrs,8.82,1.0,8.9,8.1,1,No
STU1541,26,Female,Australia,Postgraduate,Complicated,Twitter/X,2.1,2-4 hrs,8.83,1.4,7.4,9.1,0,No
STU1542,27,Male,Australia,High School,Complicated,Instagram,1.3,<2 hrs,9.73,1.0,7.7,8.9,0,No
STU1543,19,Male,India,Undergraduate,In a relationship,Instagram,2.2,2-4 hrs,9.23,1.4,7.8,7.2,1,No
STU1544,17,Female,India,Undergraduate,Single,TikTok,0.5,<2 hrs,9.1,2.3,8.6,8.2,0,No
STU1545,20,Female,Germany,High School,Single,Instagram,2.0,2-4 hrs,9.38,1.2,7.0,8.8,0,No
STU1546,26,Male,Brazil,Undergraduate,Single,Facebook,2.1,2-4 hrs,8.13,1.9,7.6,8.3,0,No
STU1547,18,Male,India,Undergraduate,Complicated,TikTok,2.4,2-4 hrs,8.98,1.0,8.2,8.4,0,No
STU1548,19,Female,Australia,Undergraduate,In a relationship,Instagram,3.5,2-4 hrs,9.01,2.8,7.2,6.9,2,No
STU1549,27,Female,UK,Postgraduate,In a relationship,YouTube,0.8,<2 hrs,9.87,1.5,9.0,9.2,1,No
STU1550,18,Male,USA,Undergraduate,Single,TikTok,1.0,<2 hrs,9.11,1.0,8.0,8.4,2,No
STU1551,16,Female,Brazil,Undergraduate,Single,Instagram,1.3,<2 hrs,8.72,1.0,7.7,7.9,0,No
STU1552,19,Male,UK,Undergraduate,Single,Instagram,0.7,<2 hrs,8.27,1.0,8.6,8.8,1,No
STU1553,24,Male,Canada,Postgraduate,Single,Instagram,3.8,2-4 hrs,7.98,2.7,8.4,7.1,1,No
STU1554,22,Male,UK,Undergraduate,In a relationship,YouTube,1.6,<2 hrs,8.11,1.7,8.3,7.5,1,No
STU1555,21,Female,Canada,Undergraduate,Complicated,Twitter/X,2.4,2-4 hrs,7.94,3.3,8.5,7.1,1,No
STU1556,25,Male,UK,Undergraduate,Single,Snapchat,1.2,<2 hrs,8.25,1.0,9.0,8.0,1,No
STU1557,24,Male,UK,Undergraduate,Complicated,YouTube,1.9,<2 hrs,8.37,1.0,7.6,7.9,0,No
STU1558,19,Male,Germany,Undergraduate,In a relationship,YouTube,3.1,2-4 hrs,8.09,1.2,8.2,9.0,0,No
STU1559,21,Male,USA,Postgraduate,In a relationship,Instagram,3.2,2-4 hrs,8.22,2.4,6.9,7.7,0,No
STU1560,18,Male,Australia,Postgraduate,In a relationship,Instagram,1.0,<2 hrs,8.69,1.1,8.5,9.3,2,No
STU1561,18,Male,India,Undergraduate,Complicated,TikTok,2.3,2-4 hrs,9.11,1.2,7.9,7.8,1,No
STU1562,25,Female,India,Postgraduate,Single,Snapchat,1.2,<2 hrs,8.84,1.5,8.8,7.0,1,No
STU1563,25,Male,Brazil,Postgraduate,Single,TikTok,2.3,2-4 hrs,7.99,2.0,8.5,8.1,0,No
STU1564,23,Female,USA,Postgraduate,Single,Instagram,1.5,<2 hrs,8.96,1.1,8.4,9.7,0,No
STU1565,20,Male,Canada,High School,Single,Snapchat,8.0,6+ hrs,7.08,4.9,6.6,6.9,1,Yes
STU1566,23,Male,Australia,High School,Complicated,TikTok,4.4,4-6 hrs,7.72,2.7,7.7,9.9,1,Yes
STU1567,24,Male,Australia,Undergraduate,In a relationship,Instagram,3.3,2-4 hrs,7.8,1.0,7.7,8.7,0,No
STU1568,17,Female,India,Undergraduate,Single,YouTube,2.0,2-4 hrs,7.68,1.6,8.0,8.4,3,No
STU1569,22,Male,Canada,Undergraduate,Complicated,YouTube,4.5,4-6 hrs,7.34,3.2,8.1,5.9,1,Yes
STU1570,27,Female,Australia,Undergraduate,Single,Facebook,2.4,2-4 hrs,8.56,1.8,8.7,8.4,0,No
STU1571,17,Female,India,Undergraduate,Single,Twitter/X,7.5,6+ hrs,5.89,5.7,6.6,6.3,2,Yes
STU1572,22,Non-binary,India,Undergraduate,Single,Instagram,4.8,4-6 hrs,6.34,3.7,7.4,6.9,1,Yes
STU1573,26,Female,USA,Undergraduate,Single,TikTok,1.9,<2 hrs,8.13,1.2,8.1,8.3,0,No
STU1574,18,Female,USA,High School,Single,TikTok,6.9,6+ hrs,7.27,4.9,6.0,6.5,1,Yes
STU1575,23,Male,Australia,Postgraduate,In a relationship,TikTok,2.0,2-4 hrs,9.46,1.0,7.8,8.4,1,No
STU1576,19,Male,Canada,Undergraduate,Single,Instagram,8.3,6+ hrs,5.23,5.3,7.2,7.8,2,Yes
STU1577,24,Male,UK,High School,Complicated,TikTok,7.2,6+ hrs,6.66,5.1,6.3,6.2,3,Yes
STU1578,27,Female,India,Undergraduate,In a relationship,TikTok,3.1,2-4 hrs,7.4,1.6,8.8,8.3,0,No
STU1579,19,Female,India,Undergraduate,Single,Instagram,0.6,<2 hrs,10.0,1.1,8.9,8.2,0,No
STU1580,17,Male,UK,Undergraduate,In a relationship,YouTube,2.9,2-4 hrs,8.34,1.5,8.0,8.8,1,No
STU1581,19,Female,Brazil,Undergraduate,Single,Instagram,0.9,<2 hrs,9.66,1.0,8.6,8.6,0,No
STU1582,20,Male,Australia,High School,Single,Instagram,1.5,<2 hrs,7.8,1.1,7.7,8.3,0,No
STU1583,23,Male,Brazil,Undergraduate,In a relationship,Facebook,1.6,<2 hrs,9.19,1.7,8.0,6.8,0,No
STU1584,18,Female,UK,Undergraduate,In a relationship,YouTube,0.9,<2 hrs,9.09,1.4,9.0,8.5,0,No
STU1585,24,Female,India,High School,Complicated,YouTube,3.0,2-4 hrs,8.66,2.7,7.4,7.4,2,No
STU1586,24,Female,India,Postgraduate,Single,TikTok,1.4,<2 hrs,9.42,1.0,8.7,8.5,1,No
STU1587,26,Female,Brazil,Undergraduate,In a relationship,Instagram,2.1,2-4 hrs,8.59,2.4,7.3,7.0,0,No
STU1588,25,Non-binary,USA,Postgraduate,In a relationship,Instagram,1.6,<2 hrs,8.42,2.3,7.5,8.9,1,No
STU1589,18,Female,Germany,Undergraduate,In a relationship,Instagram,3.6,2-4 hrs,8.35,2.1,8.6,8.5,0,No
STU1590,23,Male,Australia,Undergraduate,Single,YouTube,3.4,2-4 hrs,7.93,2.6,7.6,8.7,1,No
STU1591,21,Male,Germany,Postgraduate,Single,Instagram,2.0,2-4 hrs,8.08,1.0,7.7,9.3,1,No
STU1592,26,Female,India,Undergraduate,Single,TikTok,3.7,2-4 hrs,7.28,1.0,8.3,8.9,0,No
STU1593,21,Female,Canada,Undergraduate,Complicated,Instagram,5.7,4-6 hrs,6.05,3.4,7.7,6.5,1,Yes
STU1594,17,Male,Australia,High School,Single,Instagram,0.5,<2 hrs,8.97,1.0,8.8,9.8,1,No
STU1595,23,Male,UK,High School,Single,TikTok,1.5,<2 hrs,9.49,1.0,7.8,7.9,0,No
STU1596,22,Male,Germany,Undergraduate,Complicated,YouTube,1.1,<2 hrs,9.11,1.0,8.1,8.3,1,No
STU1597,17,Male,Japan,Undergraduate,In a relationship,Facebook,1.4,<2 hrs,8.55,1.0,8.3,9.0,0,No
STU1598,19,Male,India,Undergraduate,Complicated,TikTok,0.5,<2 hrs,9.76,1.0,8.7,9.0,1,No
STU1599,20,Female,USA,Undergraduate,Single,YouTube,0.5,<2 hrs,8.78,1.0,8.1,8.9,1,No
STU1600,24,Male,Australia,Postgraduate,Single,Instagram,1.7,<2 hrs,8.79,1.6,8.2,7.9,0,No
STU1601,25,Female,Australia,High School,In a relationship,YouTube,1.6,<2 hrs,8.67,1.7,8.2,7.7,0,No
STU1602,17,Female,USA,Undergraduate,In a relationship,TikTok,6.3,6+ hrs,7.13,6.3,7.6,7.6,2,Yes
STU1603,27,Female,Germany,Undergraduate,Single,Instagram,2.8,2-4 hrs,7.29,2.9,8.2,7.5,1,No
STU1604,27,Male,Canada,High School,Single,TikTok,3.6,2-4 hrs,7.37,2.7,6.8,7.5,2,No
STU1605,22,Male,UK,Undergraduate,In a relationship,TikTok,12.0,6+ hrs,4.0,7.9,5.4,4.6,4,Yes
STU1606,20,Male,India,Undergraduate,In a relationship,TikTok,7.5,6+ hrs,5.97,5.5,6.2,6.4,3,Yes
STU1607,17,Female,USA,High School,In a relationship,YouTube,2.4,2-4 hrs,9.15,1.9,8.2,8.2,0,No
STU1608,25,Male,Japan,Undergraduate,In a relationship,Instagram,1.8,<2 hrs,8.39,1.0,8.5,8.5,0,No
STU1609,27,Female,Brazil,Undergraduate,Single,Snapchat,1.6,<2 hrs,8.47,1.7,8.2,8.4,0,No
STU1610,18,Female,Canada,Undergraduate,In a relationship,TikTok,3.2,2-4 hrs,8.58,1.1,7.6,9.7,0,No
STU1611,20,Male,Germany,Postgraduate,In a relationship,Instagram,1.8,<2 hrs,9.33,1.1,8.1,8.0,0,No
STU1612,25,Male,India,Undergraduate,Single,Facebook,0.9,<2 hrs,9.04,1.1,8.4,8.5,3,No
STU1613,16,Female,India,Undergraduate,Single,TikTok,1.6,<2 hrs,9.19,1.0,7.8,8.0,1,No
STU1614,22,Female,Brazil,High School,Single,Facebook,3.3,2-4 hrs,7.37,2.1,7.1,8.2,0,No
STU1615,16,Female,USA,High School,Single,Instagram,4.1,4-6 hrs,8.48,2.8,6.4,7.2,1,Yes
STU1616,21,Male,UK,Undergraduate,Single,Instagram,8.1,6+ hrs,7.14,5.0,7.1,6.1,2,Yes
STU1617,27,Female,Brazil,Undergraduate,Single,YouTube,2.7,2-4 hrs,8.6,2.8,8.1,6.6,1,No
STU1618,21,Male,USA,Undergraduate,Single,Facebook,5.9,4-6 hrs,5.59,3.3,7.2,7.4,1,Yes
STU1619,16,Male,UK,Undergraduate,Complicated,Instagram,2.1,2-4 hrs,8.22,1.7,8.6,8.5,0,No
STU1620,27,Male,India,High School,Complicated,Twitter/X,2.4,2-4 hrs,8.79,2.0,7.3,9.3,2,No
STU1621,22,Female,Japan,Undergraduate,Complicated,Instagram,2.3,2-4 hrs,8.21,1.0,7.1,8.8,0,No
STU1622,23,Female,Japan,High School,Single,Twitter/X,2.9,2-4 hrs,8.96,2.1,8.0,7.6,1,No
STU1623,18,Female,India,Undergraduate,Single,YouTube,4.6,4-6 hrs,7.78,2.5,7.5,6.8,3,Yes
STU1624,27,Male,Germany,Postgraduate,In a relationship,Twitter/X,1.7,<2 hrs,8.31,2.3,7.2,7.0,0,No
STU1625,25,Female,Australia,Undergraduate,In a relationship,TikTok,1.1,<2 hrs,9.02,1.0,8.4,7.6,2,No
STU1626,16,Male,India,High School,In a relationship,Snapchat,4.8,4-6 hrs,6.8,2.8,7.1,8.9,1,Yes
STU1627,17,Male,India,Undergraduate,Single,TikTok,4.6,4-6 hrs,7.32,2.2,6.9,8.1,1,Yes
STU1628,16,Non-binary,India,Undergraduate,Single,TikTok,6.6,6+ hrs,6.2,3.5,6.7,6.8,3,Yes
STU1629,24,Male,India,Undergraduate,Single,Facebook,1.5,<2 hrs,9.53,2.3,6.9,7.2,0,No
STU1630,19,Female,Canada,Undergraduate,In a relationship,Instagram,2.1,2-4 hrs,9.82,1.9,7.7,7.5,1,No
STU1631,22,Male,UK,Undergraduate,Complicated,YouTube,5.0,4-6 hrs,6.39,3.6,6.9,6.8,1,Yes
STU1632,20,Male,Japan,High School,In a relationship,YouTube,1.7,<2 hrs,7.58,1.0,8.4,9.4,0,No
STU1633,24,Male,India,High School,In a relationship,Instagram,4.0,4-6 hrs,7.55,3.5,7.4,7.2,1,No
STU1634,24,Female,Australia,High School,In a relationship,TikTok,2.1,2-4 hrs,7.64,1.0,8.3,7.5,2,No
STU1635,21,Male,USA,High School,Single,TikTok,3.2,2-4 hrs,8.09,2.9,6.4,9.2,1,No
STU1636,20,Male,India,Postgraduate,Single,Snapchat,0.9,<2 hrs,9.54,1.0,7.9,7.7,0,No
STU1637,25,Female,Germany,Undergraduate,In a relationship,TikTok,2.7,2-4 hrs,9.18,1.4,8.1,7.9,0,No
STU1638,16,Female,USA,Undergraduate,Complicated,TikTok,5.6,4-6 hrs,7.1,4.5,6.9,7.7,2,Yes
STU1639,19,Male,Brazil,Undergraduate,Single,YouTube,4.3,4-6 hrs,7.45,3.7,7.8,7.4,2,Yes
STU1640,20,Male,Brazil,Undergraduate,Single,TikTok,1.1,<2 hrs,7.82,1.2,7.3,8.1,0,No
STU1641,24,Male,Germany,High School,Single,TikTok,7.6,6+ hrs,6.1,4.5,7.0,5.9,1,Yes
STU1642,17,Female,India,Undergraduate,In a relationship,YouTube,5.4,4-6 hrs,7.11,3.4,6.8,6.6,1,Yes
STU1643,17,Male,Japan,Undergraduate,Single,TikTok,0.9,<2 hrs,9.48,1.0,7.9,7.9,0,No
STU1644,18,Female,India,Undergraduate,In a relationship,Instagram,1.6,<2 hrs,8.35,1.0,8.6,8.5,0,No
STU1645,18,Female,Brazil,Undergraduate,In a relationship,Twitter/X,1.0,<2 hrs,8.79,1.8,8.8,8.2,0,No
STU1646,27,Male,Canada,Undergraduate,In a relationship,Instagram,3.2,2-4 hrs,7.17,1.0,8.2,8.4,1,No
STU1647,22,Female,USA,Postgraduate,Single,Facebook,1.6,<2 hrs,7.41,1.0,9.1,8.5,1,No
STU1648,16,Female,Australia,Undergraduate,Single,YouTube,0.5,<2 hrs,8.61,1.0,9.0,7.8,0,No
STU1649,17,Female,UK,High School,Single,Instagram,2.4,2-4 hrs,7.48,1.0,7.5,8.7,0,No
STU1650,26,Female,Australia,Undergraduate,In a relationship,Instagram,4.7,4-6 hrs,7.59,2.2,7.4,8.8,0,Yes
STU1651,16,Male,UK,Undergraduate,In a relationship,Instagram,2.7,2-4 hrs,7.97,2.4,7.6,7.7,0,No
STU1652,24,Female,USA,Postgraduate,In a relationship,Snapchat,3.7,2-4 hrs,7.51,2.6,8.6,7.6,1,No
STU1653,25,Female,USA,High School,Single,Twitter/X,2.9,2-4 hrs,7.6,3.3,8.3,7.4,1,No
STU1654,24,Female,USA,Undergraduate,In a relationship,Instagram,4.2,4-6 hrs,5.67,4.2,7.4,7.7,2,Yes
STU1655,18,Female,USA,Undergraduate,In a relationship,YouTube,3.1,2-4 hrs,9.01,2.5,8.2,7.1,3,No
STU1656,27,Female,India,Undergraduate,Single,Snapchat,2.3,2-4 hrs,7.86,1.9,7.3,9.1,3,No
STU1657,18,Male,Canada,Undergraduate,Complicated,Twitter/X,2.7,2-4 hrs,8.04,1.9,8.0,8.3,0,No
STU1658,16,Male,USA,High School,In a relationship,YouTube,6.7,6+ hrs,5.61,2.6,6.4,7.7,3,Yes
STU1659,20,Female,UK,Undergraduate,In a relationship,Instagram,3.9,2-4 hrs,8.33,1.6,6.7,9.0,1,No
STU1660,18,Female,UK,Undergraduate,In a relationship,Facebook,1.1,<2 hrs,9.09,1.0,8.6,7.7,0,No
STU1661,17,Female,Germany,Undergraduate,In a relationship,Snapchat,2.7,2-4 hrs,7.79,2.4,8.3,8.2,1,No
STU1662,18,Male,Germany,High School,Single,TikTok,3.2,2-4 hrs,7.82,2.5,7.9,8.1,2,No
STU1663,23,Male,Japan,Postgraduate,Single,TikTok,2.2,2-4 hrs,9.52,1.0,7.9,7.8,0,No
STU1664,23,Female,India,Undergraduate,In a relationship,Instagram,0.5,<2 hrs,9.23,1.1,7.7,8.8,0,No
STU1665,16,Male,India,Undergraduate,Single,YouTube,1.2,<2 hrs,8.85,2.0,7.6,8.2,1,No
STU1666,17,Female,USA,Undergraduate,In a relationship,Instagram,1.8,<2 hrs,8.13,2.0,7.6,7.9,0,No
STU1667,16,Male,Brazil,Undergraduate,Single,Snapchat,8.2,6+ hrs,4.67,6.5,6.3,6.4,3,Yes
STU1668,23,Non-binary,Canada,Undergraduate,Single,Snapchat,3.6,2-4 hrs,7.78,2.1,8.1,7.5,1,No
STU1669,16,Female,USA,Undergraduate,Single,TikTok,0.5,<2 hrs,9.47,1.2,8.9,8.6,0,No
STU1670,21,Male,Australia,Undergraduate,Complicated,Twitter/X,2.3,2-4 hrs,9.12,1.7,7.1,8.1,1,No
STU1671,25,Female,Australia,High School,Single,TikTok,6.0,6+ hrs,5.45,4.6,6.7,6.3,1,Yes
STU1672,26,Female,Australia,High School,Complicated,Snapchat,1.5,<2 hrs,8.15,1.3,7.8,8.7,0,No
STU1673,23,Female,UK,High School,In a relationship,Instagram,5.1,4-6 hrs,6.86,3.5,6.0,7.1,1,Yes
STU1674,23,Female,UK,High School,Single,TikTok,0.6,<2 hrs,9.23,1.0,8.6,7.5,0,No
STU1675,22,Non-binary,UK,High School,Single,TikTok,0.5,<2 hrs,9.19,1.0,8.3,7.2,0,No
STU1676,23,Male,UK,High School,Single,Instagram,5.6,4-6 hrs,6.91,4.7,7.0,7.2,1,Yes
STU1677,23,Female,India,Undergraduate,Single,Instagram,1.7,<2 hrs,8.98,1.0,8.7,7.6,1,No
STU1678,25,Male,India,Undergraduate,Complicated,YouTube,1.8,<2 hrs,8.15,2.0,8.1,8.2,0,No
STU1679,18,Male,USA,Postgraduate,In a relationship,Instagram,2.9,2-4 hrs,8.76,2.6,7.6,7.7,1,No
STU1680,17,Male,Germany,Undergraduate,Single,YouTube,3.5,2-4 hrs,8.19,2.2,7.9,7.6,0,No
STU1681,27,Male,USA,High School,Single,TikTok,0.5,<2 hrs,9.08,1.5,8.9,9.6,2,No
STU1682,19,Male,Brazil,Undergraduate,In a relationship,Instagram,1.4,<2 hrs,9.83,1.0,8.3,8.6,2,No
STU1683,20,Male,Australia,Undergraduate,Single,Twitter/X,2.6,2-4 hrs,9.26,3.0,8.2,8.0,1,No
STU1684,17,Female,Germany,Undergraduate,In a relationship,TikTok,3.5,2-4 hrs,8.48,2.8,7.6,7.8,1,No
STU1685,26,Male,India,Undergraduate,In a relationship,Instagram,1.1,<2 hrs,7.19,1.0,8.2,8.3,0,No
STU1686,23,Male,India,Postgraduate,Single,Snapchat,2.1,2-4 hrs,9.5,1.0,8.0,8.5,1,No
STU1687,23,Female,India,High School,In a relationship,TikTok,1.5,<2 hrs,9.3,1.0,7.7,9.5,1,No
STU1688,27,Female,Canada,Undergraduate,Single,Twitter/X,3.0,2-4 hrs,9.35,1.9,7.5,8.8,0,No
STU1689,19,Male,USA,Postgraduate,Single,YouTube,5.5,4-6 hrs,7.77,2.8,7.8,9.0,1,Yes
STU1690,27,Female,India,Undergraduate,In a relationship,Snapchat,1.9,<2 hrs,9.59,1.2,9.0,8.6,1,No
STU1691,20,Male,Australia,High School,In a relationship,TikTok,0.7,<2 hrs,9.71,1.0,9.1,7.9,2,No
STU1692,26,Male,UK,Postgraduate,Single,Instagram,1.4,<2 hrs,9.68,1.4,7.5,8.0,0,No
STU1693,27,Male,Australia,High School,Single,Instagram,7.6,6+ hrs,7.28,6.4,5.9,5.0,3,Yes
STU1694,20,Male,Brazil,Postgraduate,In a relationship,Twitter/X,1.2,<2 hrs,9.09,1.0,7.6,9.0,0,No
STU1695,20,Female,Brazil,High School,Single,Twitter/X,0.8,<2 hrs,8.2,1.9,8.4,7.6,0,No
STU1696,24,Female,USA,High School,Single,Instagram,1.8,<2 hrs,8.51,1.2,6.6,6.3,0,No
STU1697,24,Female,India,High School,Single,Facebook,2.3,2-4 hrs,8.7,1.0,7.6,10.0,0,No
STU1698,26,Female,USA,Undergraduate,Single,Facebook,1.6,<2 hrs,8.82,1.7,8.8,7.8,1,No
STU1699,19,Male,India,Undergraduate,Single,TikTok,0.6,<2 hrs,8.48,1.0,8.8,8.1,0,No
STU1700,16,Male,India,Undergraduate,In a relationship,Instagram,3.2,2-4 hrs,7.08,2.2,7.4,9.1,0,No
STU1701,23,Male,Japan,Undergraduate,Single,TikTok,3.0,2-4 hrs,7.71,1.8,7.5,7.3,1,No
STU1702,26,Female,Japan,Undergraduate,In a relationship,Snapchat,4.1,4-6 hrs,8.14,2.2,7.8,8.7,0,Yes
STU1703,16,Female,USA,Postgraduate,Single,YouTube,2.9,2-4 hrs,9.14,2.6,8.2,7.3,2,No
STU1704,22,Male,Germany,High School,Single,Snapchat,7.2,6+ hrs,6.81,4.8,6.4,5.7,1,Yes
STU1705,27,Non-binary,India,High School,Single,Instagram,4.3,4-6 hrs,8.2,1.9,7.3,9.2,1,Yes
STU1706,19,Male,USA,Undergraduate,Single,Facebook,3.7,2-4 hrs,7.79,3.0,7.3,8.1,1,No
STU1707,16,Female,Australia,Undergraduate,Single,YouTube,5.6,4-6 hrs,5.93,3.0,6.4,8.1,1,Yes
STU1708,19,Female,UK,High School,Single,Instagram,2.8,2-4 hrs,7.97,1.0,7.7,8.8,0,No
STU1709,22,Male,Germany,Undergraduate,In a relationship,TikTok,2.2,2-4 hrs,8.35,2.5,7.8,8.2,1,No
STU1710,23,Male,Japan,High School,Single,Twitter/X,3.1,2-4 hrs,7.81,1.2,7.1,7.5,1,No
STU1711,17,Male,India,Undergraduate,Single,Instagram,0.5,<2 hrs,9.31,1.0,8.7,8.6,1,No
STU1712,24,Male,Brazil,High School,Single,YouTube,2.8,2-4 hrs,8.5,2.5,8.0,7.1,1,No
STU1713,20,Female,USA,Postgraduate,In a relationship,YouTube,2.3,2-4 hrs,8.98,1.4,8.3,7.3,0,No
STU1714,26,Female,USA,High School,In a relationship,TikTok,3.4,2-4 hrs,7.8,2.2,7.3,8.2,0,No
STU1715,27,Female,India,Undergraduate,Single,YouTube,5.1,4-6 hrs,6.06,3.3,6.2,8.2,1,Yes
STU1716,23,Female,Germany,Postgraduate,Single,Snapchat,3.8,2-4 hrs,7.5,2.8,7.8,7.3,1,No
STU1717,17,Male,Australia,High School,In a relationship,Facebook,1.4,<2 hrs,8.9,1.0,7.8,8.4,0,No
STU1718,17,Female,Brazil,High School,Single,YouTube,4.5,4-6 hrs,8.21,4.3,6.9,6.1,1,Yes
STU1719,19,Male,India,Undergraduate,In a relationship,YouTube,7.2,6+ hrs,5.92,3.9,6.1,7.1,1,Yes
STU1720,19,Female,India,Undergraduate,In a relationship,TikTok,5.2,4-6 hrs,7.47,4.0,7.1,7.5,1,Yes
STU1721,18,Male,USA,Undergraduate,In a relationship,TikTok,0.7,<2 hrs,9.36,1.0,9.1,9.1,1,No
STU1722,20,Male,UK,Undergraduate,Single,Snapchat,3.8,2-4 hrs,7.82,2.1,7.3,8.3,0,No
STU1723,17,Male,USA,Postgraduate,Single,Instagram,0.9,<2 hrs,9.65,1.0,7.7,8.1,0,No
STU1724,16,Male,India,Undergraduate,Single,Instagram,2.0,2-4 hrs,8.2,2.2,8.3,7.4,0,No
STU1725,27,Male,India,High School,In a relationship,Instagram,3.3,2-4 hrs,7.67,1.5,7.8,8.8,1,No
STU1726,19,Male,India,Undergraduate,Single,Instagram,3.0,2-4 hrs,8.14,1.6,6.7,8.8,0,No
STU1727,21,Male,USA,High School,Complicated,YouTube,5.1,4-6 hrs,6.82,4.3,7.6,6.7,1,Yes
STU1728,21,Male,USA,Undergraduate,Complicated,Snapchat,7.3,6+ hrs,6.52,5.1,7.7,6.2,2,Yes
STU1729,17,Male,Australia,High School,In a relationship,Instagram,3.6,2-4 hrs,7.45,1.1,6.3,9.3,0,No
STU1730,21,Female,Germany,Undergraduate,Single,Instagram,1.9,<2 hrs,8.78,2.7,7.4,7.4,1,No
STU1731,19,Female,Australia,Undergraduate,Single,Snapchat,0.5,<2 hrs,9.21,1.0,7.0,9.0,0,No
STU1732,25,Non-binary,Germany,Undergraduate,Single,TikTok,6.0,6+ hrs,6.93,3.9,7.0,7.0,1,Yes
STU1733,16,Male,India,Undergraduate,Single,Snapchat,2.3,2-4 hrs,8.19,1.8,8.4,7.4,1,No
STU1734,16,Female,USA,Postgraduate,Complicated,Facebook,2.4,2-4 hrs,8.22,2.2,8.0,9.0,0,No
STU1735,17,Male,India,Postgraduate,Single,Facebook,2.6,2-4 hrs,8.39,3.4,8.5,7.4,2,No
STU1736,19,Male,India,Undergraduate,Single,TikTok,3.5,2-4 hrs,8.05,1.1,8.0,8.0,1,No
STU1737,23,Female,Australia,Undergraduate,Single,TikTok,3.5,2-4 hrs,7.92,3.1,8.5,6.5,1,No
STU1738,18,Male,Germany,High School,Single,Twitter/X,2.0,2-4 hrs,9.62,2.0,8.6,7.1,0,No
STU1739,26,Male,India,Undergraduate,Single,YouTube,2.3,2-4 hrs,7.87,1.5,7.7,8.0,2,No
STU1740,20,Male,India,High School,Single,YouTube,1.5,<2 hrs,8.79,1.7,8.2,9.5,0,No
STU1741,18,Female,Canada,Undergraduate,In a relationship,YouTube,1.4,<2 hrs,7.93,1.7,7.7,7.7,1,No
STU1742,23,Male,India,Undergraduate,In a relationship,TikTok,1.4,<2 hrs,9.09,1.0,8.0,9.5,1,No
STU1743,19,Male,Australia,High School,Single,TikTok,2.3,2-4 hrs,7.8,3.0,8.0,7.4,2,No
STU1744,26,Non-binary,Germany,High School,Single,YouTube,1.1,<2 hrs,8.84,1.0,8.2,7.7,0,No
STU1745,23,Male,UK,Postgraduate,In a relationship,Instagram,0.5,<2 hrs,9.05,1.0,9.0,8.2,0,No
STU1746,23,Male,Brazil,Undergraduate,Single,TikTok,1.8,<2 hrs,8.86,1.1,7.9,7.6,0,No
STU1747,24,Female,India,Undergraduate,Single,YouTube,0.8,<2 hrs,8.81,2.1,7.8,7.4,0,No
STU1748,17,Male,India,Undergraduate,In a relationship,YouTube,2.7,2-4 hrs,7.93,1.6,7.4,7.6,1,No
STU1749,26,Male,Australia,Undergraduate,In a relationship,YouTube,1.5,<2 hrs,9.69,1.0,8.5,7.2,0,No
STU1750,25,Non-binary,Japan,Postgraduate,Complicated,YouTube,3.5,2-4 hrs,8.1,3.6,6.9,8.3,1,No
STU1751,22,Male,Japan,High School,In a relationship,TikTok,0.9,<2 hrs,8.76,1.0,8.2,8.6,1,No
STU1752,25,Female,India,Postgraduate,In a relationship,YouTube,0.5,<2 hrs,9.12,1.0,9.0,8.0,3,No
STU1753,16,Male,Canada,Undergraduate,Complicated,Instagram,2.3,2-4 hrs,9.45,1.3,8.1,8.5,1,No
STU1754,19,Male,India,Postgraduate,Single,TikTok,1.8,<2 hrs,8.55,2.4,8.0,7.2,0,No
STU1755,19,Male,Australia,Postgraduate,Single,YouTube,0.7,<2 hrs,8.77,1.0,8.3,6.6,0,No
STU1756,19,Female,Australia,Undergraduate,Single,TikTok,4.3,4-6 hrs,7.15,4.6,6.9,8.8,1,Yes
STU1757,22,Female,Germany,Postgraduate,Single,Instagram,1.0,<2 hrs,8.72,1.3,7.8,8.5,0,No
STU1758,20,Male,UK,Undergraduate,In a relationship,YouTube,1.3,<2 hrs,8.56,1.0,8.1,8.1,0,No
STU1759,20,Female,Germany,High School,In a relationship,TikTok,4.9,4-6 hrs,6.53,3.5,7.4,5.9,1,Yes
STU1760,18,Female,Brazil,Postgraduate,Single,Instagram,3.6,2-4 hrs,7.21,1.8,8.1,7.1,0,No
STU1761,25,Female,UK,High School,In a relationship,Facebook,0.9,<2 hrs,8.6,1.0,8.3,9.7,2,No
STU1762,20,Male,UK,Undergraduate,In a relationship,Facebook,1.9,<2 hrs,9.0,4.9,8.7,7.6,1,No
STU1763,20,Male,UK,Undergraduate,Single,Instagram,0.8,<2 hrs,8.91,1.4,9.1,8.8,0,No
STU1764,23,Female,UK,Undergraduate,Single,YouTube,4.7,4-6 hrs,7.26,4.0,7.7,6.2,1,Yes
STU1765,26,Female,Australia,Undergraduate,Single,TikTok,4.7,4-6 hrs,8.15,2.8,7.9,8.7,1,Yes
STU1766,17,Male,India,High School,In a relationship,TikTok,8.0,6+ hrs,6.68,6.9,6.0,5.9,3,Yes
STU1767,23,Female,USA,Undergraduate,In a relationship,YouTube,10.0,6+ hrs,4.83,7.9,5.4,5.5,4,Yes
STU1768,19,Male,UK,Undergraduate,In a relationship,TikTok,1.5,<2 hrs,8.45,2.6,8.4,8.0,1,No
STU1769,24,Male,India,Postgraduate,In a relationship,Snapchat,4.1,4-6 hrs,7.14,4.3,6.8,5.8,2,Yes
STU1770,23,Male,UK,High School,In a relationship,YouTube,0.5,<2 hrs,9.69,1.0,8.2,7.7,0,No
STU1771,20,Female,USA,High School,In a relationship,TikTok,2.9,2-4 hrs,8.07,1.1,8.2,8.1,1,No
STU1772,20,Female,Australia,High School,In a relationship,TikTok,3.4,2-4 hrs,7.74,1.6,8.4,8.7,0,No
STU1773,24,Male,USA,Undergraduate,Single,Instagram,1.1,<2 hrs,8.52,1.0,8.1,7.5,0,No
STU1774,20,Female,Brazil,High School,Complicated,Instagram,1.4,<2 hrs,8.41,1.2,7.8,8.3,1,No
STU1775,24,Female,USA,Undergraduate,Single,Instagram,4.7,4-6 hrs,7.58,2.8,7.5,7.5,2,Yes
STU1776,21,Female,Canada,Undergraduate,In a relationship,Instagram,3.5,2-4 hrs,7.14,4.1,7.1,7.5,2,No
STU1777,26,Male,India,High School,In a relationship,Instagram,7.3,6+ hrs,6.81,6.6,6.6,6.2,2,Yes
STU1778,26,Female,Canada,Postgraduate,Complicated,Instagram,6.8,6+ hrs,6.12,4.8,6.8,5.9,1,Yes
STU1779,16,Female,UK,High School,Single,Twitter/X,0.5,<2 hrs,9.19,1.9,8.4,9.1,1,No
STU1780,26,Male,USA,Undergraduate,Complicated,TikTok,1.6,<2 hrs,7.98,2.3,8.1,7.0,1,No
STU1781,27,Female,USA,Undergraduate,Single,Twitter/X,1.0,<2 hrs,9.04,1.0,7.8,9.3,0,No
STU1782,27,Female,USA,Undergraduate,Single,Instagram,4.3,4-6 hrs,7.37,1.4,7.1,7.9,0,Yes
STU1783,23,Male,USA,Undergraduate,In a relationship,Snapchat,3.1,2-4 hrs,8.07,2.0,7.4,8.1,0,No
STU1784,16,Non-binary,India,Undergraduate,Single,Instagram,1.0,<2 hrs,9.93,1.0,7.4,8.7,1,No
STU1785,17,Male,India,Undergraduate,Single,TikTok,1.2,<2 hrs,9.07,1.0,8.4,8.6,1,No
STU1786,21,Male,Japan,Undergraduate,In a relationship,TikTok,5.8,4-6 hrs,6.41,4.1,7.5,7.4,1,Yes
STU1787,20,Female,USA,Postgraduate,Complicated,Instagram,1.8,<2 hrs,8.26,1.3,8.4,8.6,4,No
STU1788,17,Female,Canada,High School,In a relationship,Instagram,0.5,<2 hrs,9.63,1.0,8.2,9.0,3,No
STU1789,21,Male,USA,Undergraduate,In a relationship,YouTube,0.9,<2 hrs,9.87,1.0,7.9,8.8,1,No
STU1790,22,Male,Germany,High School,Single,Instagram,8.3,6+ hrs,5.93,6.1,6.8,5.1,2,Yes
STU1791,18,Male,Canada,Undergraduate,In a relationship,Twitter/X,5.0,4-6 hrs,7.66,3.1,7.6,7.6,1,Yes
STU1792,26,Male,USA,High School,Complicated,Instagram,0.8,<2 hrs,9.51,1.0,8.4,8.1,1,No
STU1793,23,Male,Australia,Postgraduate,In a relationship,Facebook,2.9,2-4 hrs,9.05,2.8,8.6,6.8,2,No
STU1794,19,Male,Australia,Undergraduate,In a relationship,Snapchat,4.8,4-6 hrs,6.17,2.4,7.3,7.6,0,Yes
STU1795,25,Female,India,Undergraduate,Single,TikTok,0.5,<2 hrs,9.68,1.0,8.2,8.6,0,No
STU1796,24,Male,UK,High School,In a relationship,Instagram,5.2,4-6 hrs,7.75,3.5,7.0,7.4,1,Yes
STU1797,22,Male,Germany,Undergraduate,In a relationship,Snapchat,3.5,2-4 hrs,7.12,2.0,6.8,8.7,1,No
STU1798,18,Male,India,High School,In a relationship,YouTube,1.3,<2 hrs,8.38,1.6,8.5,9.1,0,No
STU1799,20,Non-binary,UK,High School,Single,TikTok,3.9,2-4 hrs,7.23,2.2,7.5,8.1,0,No
STU1800,24,Male,Germany,High School,In a relationship,TikTok,3.1,2-4 hrs,7.67,1.7,8.0,8.5,0,No
STU1801,27,Male,Japan,Postgraduate,Single,YouTube,3.3,2-4 hrs,7.73,1.7,8.6,8.2,1,No
STU1802,24,Male,Canada,Undergraduate,In a relationship,TikTok,2.8,2-4 hrs,8.39,2.8,7.6,8.1,1,No
STU1803,23,Female,USA,Undergraduate,Single,TikTok,1.2,<2 hrs,9.48,1.0,7.0,8.8,0,No
STU1804,23,Male,Canada,Undergraduate,In a relationship,Snapchat,1.4,<2 hrs,9.52,1.3,8.4,8.3,1,No
STU1805,24,Female,India,Undergraduate,In a relationship,Facebook,2.1,2-4 hrs,8.05,3.1,8.1,9.0,1,No
STU1806,20,Female,USA,Undergraduate,Single,Facebook,2.6,2-4 hrs,7.82,1.8,7.5,7.7,2,No
STU1807,26,Male,Australia,Undergraduate,Single,Snapchat,4.0,4-6 hrs,8.49,3.7,7.7,8.2,1,No
STU1808,24,Female,India,High School,In a relationship,Twitter/X,8.5,6+ hrs,6.06,7.3,6.8,4.4,2,Yes
STU1809,21,Male,Canada,Undergraduate,Complicated,TikTok,3.0,2-4 hrs,8.2,2.9,7.3,8.1,2,No
STU1810,21,Male,UK,Postgraduate,Single,Instagram,4.0,4-6 hrs,7.98,2.8,7.3,8.6,1,No
STU1811,26,Male,India,Postgraduate,In a relationship,YouTube,4.6,4-6 hrs,7.41,3.7,8.1,5.8,1,Yes
STU1812,25,Female,UK,Undergraduate,Single,TikTok,4.2,4-6 hrs,7.92,1.9,7.1,8.1,2,Yes
STU1813,27,Male,USA,High School,Complicated,YouTube,1.1,<2 hrs,8.8,1.0,8.3,9.0,0,No
STU1814,21,Female,USA,Undergraduate,In a relationship,Instagram,6.2,6+ hrs,6.87,3.9,5.6,7.2,1,Yes
STU1815,22,Female,USA,High School,In a relationship,Twitter/X,5.5,4-6 hrs,6.12,5.6,6.4,6.5,2,Yes
STU1816,24,Female,Germany,High School,In a relationship,Instagram,2.8,2-4 hrs,7.83,1.3,7.9,8.4,0,No
STU1817,18,Male,USA,High School,In a relationship,Twitter/X,1.2,<2 hrs,8.55,1.0,8.8,7.7,1,No
STU1818,27,Female,Australia,High School,In a relationship,Snapchat,2.6,2-4 hrs,8.11,1.0,7.2,10.0,0,No
STU1819,21,Male,India,High School,In a relationship,Snapchat,0.5,<2 hrs,8.72,1.0,8.4,8.1,1,No
STU1820,25,Female,India,Undergraduate,In a relationship,TikTok,6.7,6+ hrs,6.16,4.8,6.6,6.9,2,Yes
STU1821,20,Male,USA,High School,Single,TikTok,1.5,<2 hrs,7.92,1.9,8.6,7.6,2,No
STU1822,19,Male,USA,High School,Single,Snapchat,2.0,2-4 hrs,8.93,1.9,7.4,6.5,0,No
STU1823,23,Female,USA,High School,In a relationship,YouTube,6.4,6+ hrs,6.57,3.4,7.1,6.7,1,Yes
STU1824,18,Female,Canada,Undergraduate,Single,TikTok,5.9,4-6 hrs,5.82,3.5,6.7,6.2,2,Yes
STU1825,17,Male,UK,Undergraduate,Complicated,Facebook,3.2,2-4 hrs,7.56,3.3,7.8,8.1,2,No
STU1826,19,Female,UK,Undergraduate,In a relationship,TikTok,7.4,6+ hrs,6.37,5.0,6.7,6.1,2,Yes
STU1827,18,Female,Germany,Postgraduate,In a relationship,Instagram,1.1,<2 hrs,8.68,1.7,8.1,7.8,0,No
STU1828,22,Female,India,Postgraduate,In a relationship,YouTube,3.2,2-4 hrs,7.64,2.1,7.9,7.2,0,No
STU1829,27,Non-binary,Germany,Undergraduate,Single,TikTok,1.1,<2 hrs,8.96,1.0,8.2,8.6,2,No
STU1830,19,Female,Germany,Postgraduate,Single,Instagram,5.3,4-6 hrs,7.32,3.5,7.1,6.7,2,Yes
STU1831,25,Female,India,High School,In a relationship,Instagram,5.2,4-6 hrs,6.3,2.9,7.0,8.2,3,Yes
STU1832,27,Male,Canada,High School,Single,TikTok,7.7,6+ hrs,6.37,4.9,6.6,6.8,1,Yes
STU1833,24,Male,India,Undergraduate,Single,Facebook,2.5,2-4 hrs,7.89,1.9,8.0,7.6,2,No
STU1834,27,Male,Brazil,High School,Single,Instagram,9.1,6+ hrs,5.39,6.8,5.7,6.2,4,Yes
STU1835,26,Female,UK,Undergraduate,Complicated,TikTok,1.0,<2 hrs,9.03,1.0,8.1,8.5,1,No
STU1836,20,Female,India,Undergraduate,Single,TikTok,2.4,2-4 hrs,8.1,1.7,7.4,8.2,0,No
STU1837,18,Female,Canada,High School,Single,Facebook,1.0,<2 hrs,8.44,1.0,8.2,7.5,1,No
STU1838,17,Male,Australia,High School,Complicated,TikTok,2.9,2-4 hrs,8.02,1.5,7.5,8.2,0,No
STU1839,21,Male,Canada,Undergraduate,Single,Instagram,1.1,<2 hrs,9.98,1.0,8.6,8.7,1,No
STU1840,21,Male,India,High School,Single,TikTok,5.3,4-6 hrs,6.3,3.3,7.5,8.3,3,Yes
STU1841,16,Female,Australia,Undergraduate,Single,Instagram,3.5,2-4 hrs,8.94,3.6,7.2,6.7,1,No
STU1842,22,Non-binary,Brazil,Postgraduate,Single,TikTok,0.9,<2 hrs,8.94,1.6,8.3,9.8,1,No
STU1843,27,Male,Japan,Undergraduate,Complicated,Twitter/X,4.5,4-6 hrs,7.5,4.1,7.7,7.3,1,Yes
STU1844,20,Female,Canada,Undergraduate,In a relationship,YouTube,7.0,6+ hrs,5.7,4.5,6.7,5.7,2,Yes
STU1845,22,Female,Germany,Undergraduate,Single,Instagram,3.8,2-4 hrs,7.33,1.9,7.2,7.5,0,No
STU1846,27,Male,Japan,Undergraduate,Single,TikTok,0.7,<2 hrs,8.88,1.0,7.8,9.5,1,No
STU1847,19,Female,India,Undergraduate,Single,Twitter/X,2.2,2-4 hrs,7.88,1.4,8.4,9.2,0,No
STU1848,20,Female,USA,Undergraduate,In a relationship,YouTube,4.1,4-6 hrs,7.53,2.4,7.9,7.8,1,Yes
STU1849,22,Female,India,Postgraduate,In a relationship,TikTok,2.1,2-4 hrs,8.31,1.0,7.9,8.6,0,No
STU1850,21,Female,USA,Postgraduate,In a relationship,TikTok,1.0,<2 hrs,10.0,1.0,8.6,7.7,2,No
STU1851,16,Male,Brazil,Undergraduate,Complicated,YouTube,5.7,4-6 hrs,6.24,3.7,5.6,8.1,2,Yes
STU1852,16,Female,Japan,Undergraduate,Complicated,Instagram,2.0,2-4 hrs,8.66,2.0,8.7,7.3,0,No
STU1853,17,Male,Brazil,Undergraduate,Single,Twitter/X,7.0,6+ hrs,6.5,5.4,6.7,6.9,2,Yes
STU1854,26,Male,India,High School,Single,Snapchat,1.6,<2 hrs,8.14,2.0,8.2,8.9,0,No
STU1855,26,Female,Germany,Postgraduate,In a relationship,YouTube,1.9,<2 hrs,9.06,1.0,7.9,8.5,0,No
STU1856,18,Male,Germany,High School,Single,Facebook,1.5,<2 hrs,8.59,1.4,8.8,9.0,1,No
STU1857,16,Female,UK,High School,Single,YouTube,2.2,2-4 hrs,7.01,1.0,7.4,9.8,0,No
STU1858,25,Female,Australia,Undergraduate,Complicated,Instagram,3.5,2-4 hrs,8.32,1.5,8.4,8.4,1,No
STU1859,17,Female,Brazil,Undergraduate,Complicated,TikTok,1.0,<2 hrs,8.38,1.0,8.4,8.4,1,No
STU1860,27,Female,Japan,Undergraduate,Complicated,TikTok,0.9,<2 hrs,8.47,1.5,8.6,8.2,0,No
STU1861,17,Male,India,Undergraduate,Single,Instagram,0.5,<2 hrs,9.69,1.0,8.2,8.0,1,No
STU1862,22,Male,India,Undergraduate,In a relationship,YouTube,0.5,<2 hrs,9.07,1.6,7.7,7.7,0,No
STU1863,26,Male,Brazil,Undergraduate,Single,TikTok,0.7,<2 hrs,9.74,1.0,8.8,8.8,0,No
STU1864,27,Female,USA,Undergraduate,Complicated,Instagram,1.6,<2 hrs,9.51,1.0,8.3,8.4,0,No
STU1865,21,Female,India,Undergraduate,Single,TikTok,2.9,2-4 hrs,7.81,3.0,8.5,7.7,2,No
STU1866,24,Male,USA,Undergraduate,Single,Snapchat,3.4,2-4 hrs,8.45,2.7,7.6,6.6,1,No
STU1867,25,Female,UK,Undergraduate,Single,TikTok,2.8,2-4 hrs,7.79,1.2,7.6,8.3,0,No
STU1868,20,Male,USA,Undergraduate,In a relationship,Instagram,6.5,6+ hrs,7.91,6.0,7.6,6.7,2,Yes
STU1869,18,Female,Australia,High School,Complicated,YouTube,7.9,6+ hrs,5.53,5.7,7.5,5.4,4,Yes
STU1870,16,Male,Canada,Undergraduate,Single,Snapchat,2.0,2-4 hrs,9.22,1.4,8.0,8.3,0,No
STU1871,16,Male,USA,Undergraduate,Single,TikTok,1.1,<2 hrs,9.51,1.0,7.8,7.2,0,No
STU1872,17,Male,Japan,Undergraduate,Single,Instagram,9.5,6+ hrs,5.41,7.6,6.5,4.3,3,Yes
STU1873,26,Male,Brazil,Undergraduate,In a relationship,Snapchat,5.6,4-6 hrs,6.58,4.3,7.0,7.4,1,Yes
STU1874,26,Female,Germany,Postgraduate,Single,YouTube,5.3,4-6 hrs,7.02,4.2,7.5,6.7,1,Yes
STU1875,18,Male,UK,Undergraduate,Single,Facebook,1.6,<2 hrs,7.49,1.0,8.0,9.8,1,No
STU1876,26,Male,Australia,High School,Single,YouTube,4.6,4-6 hrs,7.56,3.9,8.1,7.4,2,Yes
STU1877,25,Non-binary,USA,High School,Single,Instagram,2.8,2-4 hrs,8.45,2.7,7.5,8.0,2,No
STU1878,25,Female,USA,High School,In a relationship,TikTok,2.4,2-4 hrs,8.5,1.1,8.1,7.7,0,No
STU1879,20,Male,Brazil,High School,Single,Instagram,2.4,2-4 hrs,6.64,1.0,7.7,8.2,1,No
STU1880,22,Female,UK,Undergraduate,Single,TikTok,3.6,2-4 hrs,7.12,3.0,7.5,7.0,3,No
STU1881,19,Male,USA,Undergraduate,Single,Twitter/X,6.6,6+ hrs,6.08,3.4,6.6,6.6,2,Yes
STU1882,25,Female,Germany,Postgraduate,Single,YouTube,10.0,6+ hrs,5.17,7.1,6.4,5.9,2,Yes
STU1883,26,Male,USA,Undergraduate,In a relationship,TikTok,1.8,<2 hrs,8.86,1.0,8.5,9.1,0,No
STU1884,21,Non-binary,USA,Undergraduate,In a relationship,Snapchat,2.9,2-4 hrs,8.09,3.0,8.1,7.8,1,No
STU1885,21,Male,India,Undergraduate,Single,Instagram,2.3,2-4 hrs,8.85,1.3,7.9,7.8,1,No
STU1886,26,Female,Canada,Undergraduate,Single,YouTube,3.4,2-4 hrs,7.35,3.3,7.7,7.6,2,No
STU1887,17,Female,UK,High School,In a relationship,YouTube,2.1,2-4 hrs,8.92,1.1,8.4,7.1,1,No
STU1888,21,Female,USA,Postgraduate,Single,Snapchat,1.4,<2 hrs,9.15,1.8,8.6,9.0,0,No
STU1889,20,Male,India,High School,In a relationship,Instagram,1.8,<2 hrs,8.92,2.9,6.7,6.6,3,No
STU1890,26,Female,India,Postgraduate,In a relationship,YouTube,1.6,<2 hrs,8.67,1.0,8.0,7.7,0,No
STU1891,21,Male,India,Undergraduate,Complicated,Instagram,2.2,2-4 hrs,9.61,1.8,7.8,8.2,0,No
STU1892,19,Male,Germany,High School,In a relationship,YouTube,0.7,<2 hrs,9.48,2.7,8.7,7.8,1,No
STU1893,16,Female,UK,Undergraduate,Single,YouTube,1.6,<2 hrs,8.2,1.2,8.1,8.3,0,No
STU1894,24,Male,Canada,Undergraduate,Single,Snapchat,3.4,2-4 hrs,8.12,2.4,8.0,7.0,0,No
STU1895,18,Male,USA,High School,Single,TikTok,3.4,2-4 hrs,8.42,3.0,7.1,8.3,1,No
STU1896,16,Male,USA,Undergraduate,In a relationship,YouTube,3.0,2-4 hrs,7.8,2.1,7.9,6.8,0,No
STU1897,19,Male,Germany,High School,Single,Instagram,6.3,6+ hrs,7.32,3.0,7.4,6.5,2,Yes
STU1898,22,Male,Australia,Undergraduate,In a relationship,Instagram,3.5,2-4 hrs,8.15,3.4,6.9,7.2,1,No
STU1899,19,Non-binary,India,Undergraduate,In a relationship,Twitter/X,6.1,6+ hrs,5.35,2.7,8.2,6.8,1,Yes
STU1900,26,Female,Canada,Undergraduate,In a relationship,Snapchat,10.0,6+ hrs,5.18,6.7,6.6,6.5,2,Yes
STU1901,19,Non-binary,Canada,High School,Single,Instagram,4.6,4-6 hrs,7.19,4.2,7.4,6.1,1,Yes
STU1902,24,Female,USA,Postgraduate,Single,Instagram,0.7,<2 hrs,9.51,1.0,7.9,9.6,1,No
STU1903,26,Male,India,Undergraduate,Single,Instagram,3.1,2-4 hrs,8.67,1.6,7.6,8.9,1,No
STU1904,21,Male,USA,Undergraduate,In a relationship,TikTok,2.8,2-4 hrs,8.36,2.7,7.8,8.5,2,No
STU1905,24,Male,USA,Undergraduate,Complicated,Instagram,7.0,6+ hrs,7.35,4.2,7.0,8.2,2,Yes
STU1906,27,Female,Canada,Postgraduate,Single,Facebook,2.3,2-4 hrs,8.36,1.0,8.7,8.6,0,No
STU1907,27,Female,Germany,Undergraduate,Complicated,TikTok,1.2,<2 hrs,9.33,1.1,8.0,7.7,0,No
STU1908,17,Male,USA,High School,In a relationship,Instagram,1.7,<2 hrs,9.22,1.0,8.4,8.4,0,No
STU1909,22,Non-binary,Canada,Undergraduate,Complicated,Twitter/X,0.8,<2 hrs,9.08,1.0,7.7,8.1,0,No
STU1910,22,Female,Canada,Undergraduate,Single,YouTube,9.0,6+ hrs,5.92,6.8,6.0,5.1,3,Yes
STU1911,23,Female,Canada,High School,Single,Snapchat,2.5,2-4 hrs,8.02,2.1,8.1,8.1,1,No
STU1912,25,Male,UK,Undergraduate,Single,Facebook,0.8,<2 hrs,8.89,1.0,8.6,8.3,1,No
STU1913,26,Male,Canada,Postgraduate,In a relationship,Snapchat,7.4,6+ hrs,5.38,4.9,6.3,6.0,2,Yes
STU1914,24,Female,Germany,Undergraduate,In a relationship,YouTube,8.3,6+ hrs,5.91,6.2,6.2,5.7,2,Yes
STU1915,23,Female,Brazil,Undergraduate,Single,Instagram,2.9,2-4 hrs,8.39,3.0,8.5,7.9,2,No
STU1916,17,Female,India,Undergraduate,Single,TikTok,0.7,<2 hrs,9.89,1.0,8.9,9.2,1,No
STU1917,18,Female,India,High School,Single,TikTok,1.7,<2 hrs,9.21,1.7,8.2,7.0,0,No
STU1918,27,Male,UK,Undergraduate,In a relationship,Facebook,2.1,2-4 hrs,8.38,1.9,6.9,7.8,0,No
STU1919,17,Male,USA,Postgraduate,Single,Instagram,2.6,2-4 hrs,7.62,2.5,9.1,7.7,3,No
STU1920,16,Female,USA,High School,Complicated,TikTok,1.0,<2 hrs,9.31,1.0,8.2,7.7,0,No
STU1921,22,Female,USA,High School,Single,YouTube,4.9,4-6 hrs,7.96,2.7,7.1,7.6,1,Yes
STU1922,23,Male,Brazil,High School,Single,TikTok,0.5,<2 hrs,9.73,1.0,8.1,8.6,0,No
STU1923,20,Female,Canada,Postgraduate,In a relationship,Instagram,5.5,4-6 hrs,7.68,4.1,7.3,7.3,4,Yes
STU1924,25,Female,USA,Undergraduate,Single,Snapchat,6.3,6+ hrs,6.54,5.9,7.1,6.1,2,Yes
STU1925,26,Female,USA,High School,In a relationship,Twitter/X,1.9,<2 hrs,8.37,1.0,8.5,7.9,0,No
STU1926,24,Male,Germany,Undergraduate,Complicated,Instagram,2.4,2-4 hrs,7.98,2.3,7.4,9.3,0,No
STU1927,19,Male,India,Undergraduate,Single,TikTok,6.8,6+ hrs,6.41,4.5,6.6,7.3,1,Yes
STU1928,16,Non-binary,India,Postgraduate,Single,Twitter/X,4.0,4-6 hrs,7.65,2.9,8.5,7.9,2,No
STU1929,19,Female,USA,Undergraduate,Complicated,Facebook,1.9,<2 hrs,8.77,2.5,8.1,8.5,1,No
STU1930,20,Female,Japan,Undergraduate,Single,Instagram,2.1,2-4 hrs,8.48,2.1,7.9,8.1,0,No
STU1931,26,Male,Germany,High School,In a relationship,YouTube,3.6,2-4 hrs,7.8,1.5,7.1,9.2,2,No
STU1932,27,Male,USA,High School,In a relationship,Twitter/X,8.4,6+ hrs,5.25,5.4,6.7,6.3,3,Yes
STU1933,23,Male,India,Undergraduate,Single,Instagram,2.2,2-4 hrs,9.07,2.5,8.5,7.8,1,No
STU1934,20,Male,UK,Undergraduate,Single,Twitter/X,1.9,<2 hrs,8.69,1.4,8.5,8.7,0,No
STU1935,27,Female,Germany,Undergraduate,Single,Twitter/X,2.6,2-4 hrs,8.23,1.0,7.7,9.6,0,No
STU1936,25,Male,Australia,Undergraduate,In a relationship,Snapchat,2.6,2-4 hrs,7.88,1.2,8.0,9.5,0,No
STU1937,24,Male,UK,Postgraduate,Single,Instagram,3.2,2-4 hrs,7.26,2.8,8.5,8.0,2,No
STU1938,21,Male,Australia,Undergraduate,Single,Instagram,2.4,2-4 hrs,9.2,2.5,8.4,8.1,1,No
STU1939,23,Female,Japan,High School,Single,TikTok,5.7,4-6 hrs,7.27,4.0,6.7,7.5,1,Yes
STU1940,18,Female,UK,High School,In a relationship,Snapchat,1.2,<2 hrs,7.99,2.8,6.9,8.3,2,No
STU1941,18,Male,UK,High School,In a relationship,Snapchat,3.4,2-4 hrs,8.43,3.0,7.8,8.4,1,No
STU1942,24,Male,USA,Postgraduate,Single,YouTube,3.5,2-4 hrs,8.48,2.3,8.0,7.7,0,No
STU1943,21,Female,UK,Undergraduate,Single,TikTok,1.3,<2 hrs,8.99,1.0,7.6,9.4,0,No
STU1944,19,Female,Canada,Undergraduate,Single,Instagram,3.4,2-4 hrs,8.93,1.6,7.6,8.4,0,No
STU1945,23,Male,India,High School,Single,TikTok,3.6,2-4 hrs,8.01,2.8,7.5,8.1,1,No
STU1946,19,Male,UK,Undergraduate,In a relationship,Instagram,0.5,<2 hrs,8.42,1.0,8.4,9.5,0,No
STU1947,26,Female,India,Undergraduate,Single,Twitter/X,1.1,<2 hrs,9.22,2.1,8.0,8.5,1,No
STU1948,19,Female,Brazil,High School,In a relationship,TikTok,7.2,6+ hrs,6.41,6.2,7.3,6.5,3,Yes
STU1949,27,Female,India,Undergraduate,In a relationship,YouTube,1.5,<2 hrs,8.46,1.6,8.2,7.9,0,No
STU1950,22,Female,Japan,High School,Single,YouTube,0.8,<2 hrs,9.48,1.0,7.9,9.5,1,No
STU1951,22,Male,Japan,High School,Single,TikTok,0.5,<2 hrs,8.27,1.0,8.8,9.0,1,No
STU1952,27,Male,UK,High School,Single,Twitter/X,1.0,<2 hrs,9.64,1.7,7.6,8.2,0,No
STU1953,23,Male,USA,Postgraduate,Single,Twitter/X,2.3,2-4 hrs,7.94,1.2,8.6,9.2,0,No
STU1954,25,Male,India,High School,In a relationship,Instagram,0.8,<2 hrs,8.55,1.5,8.8,10.0,0,No
STU1955,22,Female,India,Undergraduate,In a relationship,TikTok,4.1,4-6 hrs,7.59,3.2,8.2,6.6,1,Yes
STU1956,23,Female,India,High School,Complicated,Instagram,1.2,<2 hrs,9.22,1.0,8.1,7.9,0,No
STU1957,23,Female,USA,Undergraduate,Single,Instagram,3.2,2-4 hrs,8.16,1.7,7.5,10.0,0,No
STU1958,22,Female,Australia,High School,In a relationship,Twitter/X,6.5,6+ hrs,6.13,4.5,6.9,7.0,2,Yes
STU1959,16,Female,USA,Postgraduate,Complicated,Instagram,6.2,6+ hrs,6.41,4.5,6.9,6.9,1,Yes
STU1960,19,Male,Australia,Undergraduate,In a relationship,Snapchat,3.2,2-4 hrs,7.38,3.1,7.4,7.4,1,No
STU1961,18,Female,UK,Postgraduate,Single,Facebook,0.9,<2 hrs,8.96,1.0,8.0,9.3,0,No
STU1962,27,Female,India,Undergraduate,In a relationship,Instagram,2.4,2-4 hrs,9.07,1.5,7.7,10.0,1,No
STU1963,24,Male,India,Undergraduate,Single,TikTok,3.2,2-4 hrs,8.06,2.3,7.1,7.4,1,No
STU1964,27,Female,UK,Undergraduate,Single,YouTube,11.2,6+ hrs,4.98,8.4,6.0,4.7,3,Yes
STU1965,25,Male,India,High School,In a relationship,Facebook,0.5,<2 hrs,10.0,1.0,8.3,8.3,1,No
STU1966,23,Female,Canada,Postgraduate,Single,Instagram,2.4,2-4 hrs,8.07,1.0,7.7,9.0,0,No
STU1967,24,Male,USA,High School,In a relationship,Snapchat,4.0,4-6 hrs,7.59,3.3,6.9,8.2,1,No
STU1968,20,Female,Canada,High School,Single,Facebook,2.7,2-4 hrs,9.59,1.0,7.2,9.6,0,No
STU1969,20,Male,India,Undergraduate,Single,YouTube,3.0,2-4 hrs,9.02,3.1,8.7,8.0,1,No
STU1970,25,Male,Germany,High School,Single,Instagram,1.3,<2 hrs,7.91,1.0,7.9,10.0,0,No
STU1971,20,Male,USA,High School,Single,TikTok,4.9,4-6 hrs,7.53,2.2,7.6,7.5,0,Yes
STU1972,17,Male,Australia,Undergraduate,Single,Facebook,2.6,2-4 hrs,8.33,1.4,7.9,7.7,2,No
STU1973,22,Male,India,High School,In a relationship,Instagram,3.0,2-4 hrs,8.65,2.4,6.4,8.8,1,No
STU1974,23,Female,USA,High School,Complicated,TikTok,5.2,4-6 hrs,6.71,3.2,8.1,7.5,2,Yes
STU1975,20,Female,India,Undergraduate,In a relationship,Instagram,2.0,2-4 hrs,8.1,1.4,8.3,7.3,0,No
STU1976,23,Male,USA,High School,Complicated,Snapchat,6.0,6+ hrs,6.39,4.8,6.6,6.4,1,Yes
STU1977,21,Male,Brazil,Undergraduate,In a relationship,YouTube,0.8,<2 hrs,8.8,1.0,8.3,8.7,0,No
STU1978,19,Female,India,Undergraduate,Single,Snapchat,3.1,2-4 hrs,8.59,1.4,7.2,7.8,0,No
STU1979,22,Non-binary,India,Undergraduate,Single,Facebook,1.2,<2 hrs,8.25,1.0,9.1,7.8,0,No
STU1980,23,Male,India,Undergraduate,Single,TikTok,1.0,<2 hrs,8.68,1.8,7.8,8.0,0,No
STU1981,24,Male,India,High School,Single,Facebook,8.4,6+ hrs,4.65,7.2,6.1,4.7,5,Yes
STU1982,20,Male,India,Postgraduate,Single,Instagram,0.8,<2 hrs,9.74,1.0,7.9,8.9,3,No
STU1983,24,Female,Canada,Postgraduate,Single,Instagram,2.6,2-4 hrs,9.09,2.7,7.9,6.3,1,No
STU1984,23,Male,India,Undergraduate,Single,Twitter/X,0.7,<2 hrs,8.99,1.0,9.0,8.6,0,No
STU1985,16,Male,India,Undergraduate,Complicated,TikTok,5.8,4-6 hrs,6.71,4.8,7.9,7.0,2,Yes
STU1986,23,Female,Canada,Postgraduate,Single,Facebook,1.8,<2 hrs,8.96,1.0,7.9,8.4,0,No
STU1987,23,Male,USA,Undergraduate,In a relationship,Twitter/X,5.2,4-6 hrs,8.04,2.2,7.4,8.7,0,Yes
STU1988,22,Female,India,Undergraduate,In a relationship,YouTube,3.9,2-4 hrs,7.99,3.2,7.6,6.4,1,No
STU1989,16,Female,Japan,Undergraduate,Single,Snapchat,10.1,6+ hrs,4.54,6.3,5.5,5.4,3,Yes
STU1990,21,Female,UK,High School,In a relationship,TikTok,0.6,<2 hrs,8.26,1.0,9.6,8.3,0,No
STU1991,17,Male,Canada,Undergraduate,In a relationship,Instagram,1.0,<2 hrs,8.38,1.0,8.9,9.0,1,No
STU1992,21,Male,Germany,High School,In a relationship,YouTube,5.0,4-6 hrs,7.29,4.0,7.3,7.2,2,Yes
STU1993,26,Female,Brazil,High School,Complicated,Instagram,3.2,2-4 hrs,7.67,2.4,8.5,9.3,1,No
STU1994,17,Male,India,Postgraduate,Complicated,Instagram,2.1,2-4 hrs,8.67,2.1,8.6,7.4,0,No
STU1995,17,Female,India,Undergraduate,Single,TikTok,8.9,6+ hrs,5.16,6.8,6.3,4.6,2,Yes
STU1996,22,Female,Australia,Undergraduate,Single,YouTube,2.5,2-4 hrs,7.74,1.4,8.0,9.6,1,No
STU1997,26,Female,Canada,High School,Single,Instagram,1.3,<2 hrs,8.21,1.0,8.9,7.5,0,No
STU1998,25,Male,India,High School,Single,Snapchat,5.2,4-6 hrs,8.1,3.2,6.7,7.9,2,Yes
STU1999,16,Female,USA,Undergraduate,Single,YouTube,2.6,2-4 hrs,8.86,1.7,8.7,7.5,0,No
STU2000,20,Male,Canada,Undergraduate,Single,TikTok,2.7,2-4 hrs,9.32,1.1,7.7,7.0,1,No
STU2001,16,Male,Australia,Undergraduate,In a relationship,Instagram,4.1,4-6 hrs,7.98,3.2,8.2,7.1,1,Yes
STU2002,24,Female,Canada,Postgraduate,Single,Twitter/X,4.2,4-6 hrs,7.35,3.8,7.4,7.7,2,Yes
STU2003,20,Female,Australia,Postgraduate,Complicated,TikTok,1.0,<2 hrs,9.84,1.0,8.4,7.6,0,No
STU2004,20,Male,India,Postgraduate,Single,TikTok,2.0,2-4 hrs,8.58,2.4,8.0,8.2,1,No
STU2005,19,Female,USA,Undergraduate,Single,TikTok,0.7,<2 hrs,9.32,1.0,8.1,9.0,1,No
STU2006,18,Male,India,High School,Single,TikTok,3.2,2-4 hrs,8.03,2.4,7.6,6.9,1,No
STU2007,23,Female,Japan,Postgraduate,Single,TikTok,8.3,6+ hrs,4.0,4.5,7.1,6.6,1,Yes
STU2008,22,Female,Germany,Postgraduate,In a relationship,YouTube,1.1,<2 hrs,9.97,1.0,7.1,9.6,1,No
STU2009,24,Female,Australia,Undergraduate,Complicated,TikTok,0.5,<2 hrs,9.57,1.0,7.8,9.0,0,No
STU2010,21,Male,India,High School,Single,Facebook,1.5,<2 hrs,9.02,1.7,7.8,8.0,1,No
STU2011,16,Female,Canada,High School,In a relationship,TikTok,2.1,2-4 hrs,8.52,1.0,7.4,8.8,0,No
STU2012,20,Male,Germany,Undergraduate,In a relationship,Instagram,4.2,4-6 hrs,7.71,4.3,8.2,6.4,1,Yes
STU2013,20,Female,Germany,Undergraduate,Single,Facebook,1.9,<2 hrs,8.29,1.9,8.7,8.8,1,No
STU2014,22,Male,Australia,High School,Single,TikTok,3.3,2-4 hrs,8.38,1.6,8.0,9.0,1,No
STU2015,25,Female,USA,Postgraduate,Single,YouTube,1.7,<2 hrs,7.95,1.2,7.8,8.5,1,No
STU2016,16,Female,Australia,Undergraduate,Single,Twitter/X,2.2,2-4 hrs,8.62,3.5,8.6,7.4,1,No
STU2017,16,Male,UK,Undergraduate,In a relationship,Instagram,1.2,<2 hrs,9.3,1.0,7.4,7.8,0,No
STU2018,21,Female,USA,Undergraduate,Complicated,TikTok,0.9,<2 hrs,8.98,1.1,9.3,7.5,0,No
STU2019,21,Male,Japan,Undergraduate,In a relationship,YouTube,4.3,4-6 hrs,7.79,2.8,7.1,7.3,1,Yes
STU2020,24,Female,India,Postgraduate,In a relationship,TikTok,1.8,<2 hrs,8.1,1.8,7.9,8.0,0,No
STU2021,18,Female,Germany,High School,In a relationship,Instagram,3.5,2-4 hrs,7.35,3.5,7.4,8.0,2,No
STU2022,27,Male,USA,Undergraduate,Single,TikTok,1.2,<2 hrs,9.1,1.0,7.7,9.1,1,No
STU2023,20,Male,UK,Undergraduate,In a relationship,Instagram,2.5,2-4 hrs,8.78,2.6,8.8,7.8,2,No
STU2024,20,Female,USA,High School,Single,Instagram,0.5,<2 hrs,8.15,2.1,8.8,8.8,1,No
STU2025,16,Female,UK,Undergraduate,Single,Twitter/X,1.9,<2 hrs,8.96,1.4,8.6,7.6,1,No
STU2026,21,Female,Germany,High School,Single,Instagram,1.3,<2 hrs,8.59,1.5,7.6,9.0,0,No
STU2027,19,Male,India,Postgraduate,Single,YouTube,5.6,4-6 hrs,6.86,3.4,7.2,6.7,2,Yes
STU2028,27,Female,Australia,Undergraduate,Single,Facebook,0.8,<2 hrs,8.34,1.0,8.6,9.4,0,No
STU2029,21,Female,USA,Postgraduate,Single,Instagram,2.2,2-4 hrs,8.0,1.4,8.1,8.3,0,No
STU2030,23,Male,Brazil,Postgraduate,In a relationship,Instagram,3.2,2-4 hrs,8.64,2.9,7.1,6.2,1,No
STU2031,23,Non-binary,UK,Postgraduate,Single,Facebook,5.1,4-6 hrs,7.22,4.5,7.8,7.3,1,Yes
STU2032,18,Male,India,Undergraduate,Single,YouTube,4.6,4-6 hrs,7.2,3.1,7.4,8.0,2,Yes
STU2033,24,Female,Brazil,Postgraduate,Single,Twitter/X,2.4,2-4 hrs,8.35,2.9,7.4,7.2,2,No
STU2034,26,Female,Brazil,High School,Single,Twitter/X,2.6,2-4 hrs,8.62,3.0,6.9,7.2,1,No
STU2035,19,Female,India,High School,Complicated,YouTube,5.6,4-6 hrs,7.24,4.6,7.4,6.6,2,Yes
STU2036,16,Male,Japan,High School,Single,Facebook,2.3,2-4 hrs,8.42,1.2,9.2,7.1,0,No
STU2037,24,Male,USA,High School,Single,Instagram,2.9,2-4 hrs,8.85,1.5,7.3,6.6,0,No
STU2038,20,Female,Brazil,High School,In a relationship,TikTok,5.7,4-6 hrs,7.52,3.3,7.2,8.3,3,Yes
STU2039,23,Male,USA,Undergraduate,Complicated,YouTube,11.1,6+ hrs,4.75,8.5,6.3,4.2,3,Yes
STU2040,22,Female,India,Undergraduate,Single,YouTube,3.0,2-4 hrs,8.18,1.1,7.1,9.7,0,No
STU2041,20,Non-binary,Australia,Undergraduate,Complicated,Instagram,3.7,2-4 hrs,8.23,3.1,7.3,8.4,1,No
STU2042,23,Male,Brazil,Undergraduate,In a relationship,Snapchat,4.5,4-6 hrs,7.66,2.3,6.9,8.9,1,Yes
STU2043,16,Male,India,Postgraduate,In a relationship,Twitter/X,5.7,4-6 hrs,7.57,4.6,7.6,6.2,1,Yes
STU2044,26,Female,UK,Postgraduate,Single,Instagram,5.2,4-6 hrs,7.7,3.7,7.9,6.0,2,Yes
STU2045,19,Female,Germany,Undergraduate,In a relationship,YouTube,1.5,<2 hrs,8.21,2.1,8.2,7.2,1,No
STU2046,20,Female,USA,High School,In a relationship,TikTok,3.2,2-4 hrs,7.41,3.2,7.3,7.1,2,No
STU2047,19,Male,Australia,Undergraduate,Complicated,TikTok,5.2,4-6 hrs,6.74,4.8,7.0,4.9,1,Yes
STU2048,21,Female,Canada,Undergraduate,Single,YouTube,6.5,6+ hrs,7.16,5.7,6.6,5.8,2,Yes
STU2049,24,Male,Australia,High School,In a relationship,YouTube,2.2,2-4 hrs,7.56,1.7,7.5,8.0,1,No
STU2050,27,Female,Brazil,High School,In a relationship,YouTube,3.1,2-4 hrs,8.34,1.2,7.7,7.5,0,No
STU2051,16,Male,USA,High School,Complicated,YouTube,3.4,2-4 hrs,8.19,1.5,7.9,7.5,1,No
STU2052,25,Female,Australia,Undergraduate,Single,YouTube,2.6,2-4 hrs,9.03,1.0,8.1,8.3,1,No
STU2053,26,Male,Australia,Undergraduate,Single,Instagram,3.1,2-4 hrs,8.21,1.3,7.7,8.6,0,No
STU2054,17,Male,USA,Undergraduate,Single,Instagram,12.0,6+ hrs,4.0,8.5,5.5,4.1,3,Yes
STU2055,16,Female,USA,Undergraduate,In a relationship,TikTok,2.2,2-4 hrs,7.93,1.1,7.9,8.7,0,No
STU2056,22,Female,Brazil,Postgraduate,Single,YouTube,2.3,2-4 hrs,7.76,1.5,7.3,8.3,1,No
STU2057,17,Female,India,Undergraduate,Complicated,TikTok,0.5,<2 hrs,8.95,1.0,8.5,8.5,0,No
STU2058,24,Female,USA,Undergraduate,Single,YouTube,0.5,<2 hrs,9.17,1.0,8.1,8.0,0,No
STU2059,23,Female,Japan,High School,Single,Facebook,3.6,2-4 hrs,7.18,1.6,6.9,7.3,0,No
STU2060,25,Female,India,Undergraduate,In a relationship,Twitter/X,5.2,4-6 hrs,8.04,3.6,7.4,8.4,3,Yes
STU2061,16,Male,Germany,Undergraduate,Single,Facebook,4.6,4-6 hrs,6.63,2.5,7.0,8.2,2,Yes
STU2062,18,Male,USA,High School,Single,Instagram,1.2,<2 hrs,9.77,1.0,8.3,9.2,1,No
STU2063,21,Female,UK,High School,Single,TikTok,4.4,4-6 hrs,8.23,4.2,7.8,6.8,1,Yes
STU2064,26,Male,USA,Postgraduate,Single,TikTok,2.3,2-4 hrs,9.0,1.4,7.4,8.2,2,No
STU2065,18,Male,India,High School,Single,YouTube,1.8,<2 hrs,8.27,2.7,8.1,8.0,2,No
STU2066,24,Female,Canada,Postgraduate,Single,Snapchat,0.7,<2 hrs,9.39,1.6,7.4,6.9,0,No
STU2067,27,Male,Japan,High School,Complicated,Instagram,1.4,<2 hrs,8.1,1.0,8.9,7.7,0,No
STU2068,25,Male,Brazil,Undergraduate,In a relationship,Instagram,3.7,2-4 hrs,8.38,1.7,6.9,7.6,0,No
STU2069,25,Non-binary,Japan,Undergraduate,In a relationship,YouTube,3.2,2-4 hrs,8.02,2.2,7.4,7.6,2,No
STU2070,17,Female,Canada,High School,Single,TikTok,2.8,2-4 hrs,7.99,2.9,8.5,6.9,2,No
STU2071,21,Male,India,Undergraduate,In a relationship,Instagram,0.5,<2 hrs,8.54,1.0,8.3,8.7,0,No
STU2072,17,Female,UK,Undergraduate,In a relationship,Facebook,2.9,2-4 hrs,6.71,2.8,7.2,7.7,1,No
STU2073,18,Male,Canada,Postgraduate,Single,Instagram,1.5,<2 hrs,8.2,2.0,8.5,9.0,0,No
STU2074,27,Male,India,Postgraduate,Single,Instagram,3.2,2-4 hrs,8.73,1.6,8.0,9.9,0,No
STU2075,25,Female,Germany,Undergraduate,Single,TikTok,5.8,4-6 hrs,6.65,3.5,6.7,6.4,2,Yes
STU2076,27,Female,Australia,High School,Single,Twitter/X,1.7,<2 hrs,8.63,1.8,7.8,8.2,0,No
STU2077,24,Male,USA,High School,In a relationship,YouTube,2.7,2-4 hrs,8.68,2.0,7.6,8.1,1,No
STU2078,24,Male,India,High School,In a relationship,TikTok,8.9,6+ hrs,6.58,5.7,6.2,6.1,2,Yes
STU2079,17,Female,India,Postgraduate,In a relationship,Instagram,3.1,2-4 hrs,8.9,1.9,6.8,7.3,0,No
STU2080,23,Female,Japan,Undergraduate,Single,Instagram,2.5,2-4 hrs,7.79,1.7,7.8,7.5,0,No
STU2081,18,Non-binary,Germany,High School,In a relationship,Instagram,1.2,<2 hrs,7.79,1.0,9.1,8.7,1,No
STU2082,17,Female,Canada,Undergraduate,Single,Snapchat,4.5,4-6 hrs,8.89,3.8,6.9,6.4,2,Yes
STU2083,26,Male,Brazil,Postgraduate,In a relationship,Instagram,1.0,<2 hrs,10.0,1.0,8.0,8.6,0,No
STU2084,25,Male,India,Undergraduate,In a relationship,Twitter/X,6.0,6+ hrs,6.91,2.0,6.4,7.8,0,Yes
STU2085,23,Male,Germany,Postgraduate,Single,Instagram,4.0,4-6 hrs,6.94,2.8,7.8,7.7,2,No
STU2086,18,Male,UK,Postgraduate,In a relationship,Snapchat,1.6,<2 hrs,9.36,1.0,8.7,7.8,0,No
STU2087,23,Male,Brazil,Undergraduate,Single,YouTube,1.3,<2 hrs,8.85,2.3,8.8,8.0,1,No
STU2088,21,Male,Canada,Postgraduate,In a relationship,TikTok,1.3,<2 hrs,8.85,1.0,7.6,7.9,0,No
STU2089,16,Male,Australia,Undergraduate,Single,TikTok,0.5,<2 hrs,9.81,1.0,8.6,8.6,0,No
STU2090,17,Female,India,Undergraduate,In a relationship,TikTok,3.5,2-4 hrs,8.13,2.9,8.3,8.5,3,No
STU2091,17,Male,USA,Undergraduate,In a relationship,Instagram,0.5,<2 hrs,8.56,1.0,8.6,8.7,0,No
STU2092,22,Female,USA,High School,Single,Snapchat,2.3,2-4 hrs,8.27,1.0,8.2,8.7,0,No
STU2093,21,Male,Canada,Undergraduate,Single,Instagram,2.2,2-4 hrs,8.91,1.9,7.7,8.6,1,No
STU2094,17,Female,USA,Postgraduate,Complicated,Instagram,1.9,<2 hrs,8.95,1.0,8.1,7.5,0,No
STU2095,16,Male,Germany,Postgraduate,Single,TikTok,3.5,2-4 hrs,8.08,1.3,8.2,9.6,1,No
STU2096,20,Male,India,Postgraduate,In a relationship,Facebook,1.6,<2 hrs,9.34,2.5,8.3,7.0,1,No
STU2097,26,Female,Australia,Postgraduate,In a relationship,TikTok,2.9,2-4 hrs,7.98,2.5,7.2,8.4,3,No
STU2098,17,Male,Germany,Undergraduate,Single,TikTok,6.0,6+ hrs,6.91,4.0,6.8,7.5,1,Yes
STU2099,25,Male,Canada,High School,In a relationship,Facebook,3.8,2-4 hrs,5.76,2.7,8.2,7.0,1,No
STU2100,25,Female,India,Undergraduate,Complicated,Twitter/X,1.8,<2 hrs,8.42,1.7,8.2,8.9,0,No
STU2101,21,Female,USA,High School,In a relationship,Facebook,2.5,2-4 hrs,8.83,2.5,7.9,8.1,3,No
STU2102,17,Female,USA,High School,Single,Instagram,1.9,<2 hrs,8.41,1.0,7.7,9.8,0,No
STU2103,26,Female,USA,High School,Single,Twitter/X,2.2,2-4 hrs,8.23,1.8,8.5,8.2,0,No
STU2104,24,Female,Australia,High School,Single,Snapchat,2.9,2-4 hrs,7.57,1.6,8.6,8.1,0,No
STU2105,27,Female,USA,Undergraduate,Single,TikTok,0.7,<2 hrs,9.79,1.0,9.0,8.1,0,No
STU2106,20,Male,India,Postgraduate,In a relationship,TikTok,0.5,<2 hrs,9.6,1.0,9.1,7.3,0,No
STU2107,22,Male,Germany,Undergraduate,Single,TikTok,1.1,<2 hrs,9.5,1.0,8.0,8.3,0,No
STU2108,19,Male,USA,High School,Complicated,YouTube,3.6,2-4 hrs,6.84,3.1,7.3,7.3,1,No
STU2109,27,Male,India,Postgraduate,In a relationship,Instagram,4.0,4-6 hrs,7.6,3.2,7.4,7.6,1,No
STU2110,17,Female,Germany,Postgraduate,In a relationship,TikTok,4.4,4-6 hrs,7.35,1.9,7.4,7.1,0,Yes
STU2111,18,Female,Germany,High School,In a relationship,YouTube,1.2,<2 hrs,8.79,1.0,8.9,8.3,0,No
STU2112,20,Male,Australia,Undergraduate,In a relationship,YouTube,2.7,2-4 hrs,7.92,1.6,8.4,8.6,0,No
STU2113,16,Male,USA,Undergraduate,Single,YouTube,1.8,<2 hrs,8.48,2.7,8.3,8.1,1,No
STU2114,27,Male,India,Undergraduate,In a relationship,YouTube,2.3,2-4 hrs,8.97,1.0,7.2,7.2,0,No
STU2115,19,Male,Australia,Postgraduate,Single,Instagram,1.8,<2 hrs,7.54,1.1,7.2,8.9,1,No
STU2116,19,Male,India,Undergraduate,In a relationship,Instagram,3.1,2-4 hrs,9.17,1.7,7.8,8.0,2,No
STU2117,17,Male,USA,High School,In a relationship,YouTube,1.4,<2 hrs,9.16,1.0,8.6,8.4,0,No
STU2118,24,Male,Australia,Undergraduate,Single,Facebook,5.5,4-6 hrs,7.0,4.0,7.1,5.3,1,Yes
STU2119,21,Female,UK,Undergraduate,In a relationship,Instagram,5.6,4-6 hrs,7.52,5.0,8.1,7.5,2,Yes
STU2120,24,Male,Australia,Postgraduate,Single,YouTube,3.6,2-4 hrs,7.01,2.9,7.1,7.7,1,No
STU2121,21,Male,UK,Undergraduate,Complicated,TikTok,5.1,4-6 hrs,6.81,2.9,6.6,6.5,2,Yes
STU2122,17,Non-binary,India,Postgraduate,In a relationship,Instagram,0.6,<2 hrs,9.16,2.6,8.0,8.0,3,No
STU2123,16,Female,UK,Undergraduate,Single,Instagram,5.7,4-6 hrs,7.75,4.1,6.7,7.2,1,Yes
STU2124,19,Female,Australia,Undergraduate,In a relationship,YouTube,3.3,2-4 hrs,7.99,1.8,7.9,9.0,0,No
STU2125,16,Female,India,Undergraduate,In a relationship,Instagram,1.5,<2 hrs,9.1,2.2,7.9,7.7,0,No
STU2126,23,Male,Japan,Postgraduate,In a relationship,TikTok,1.4,<2 hrs,8.52,1.0,7.4,8.5,0,No
STU2127,26,Male,India,Undergraduate,Complicated,TikTok,7.1,6+ hrs,6.6,6.3,7.2,5.4,3,Yes
STU2128,16,Male,India,High School,Single,YouTube,4.5,4-6 hrs,8.48,2.5,6.5,8.2,1,Yes
STU2129,20,Female,Australia,High School,Single,TikTok,2.2,2-4 hrs,9.11,2.7,7.4,7.1,2,No
STU2130,24,Male,Brazil,High School,Single,TikTok,0.6,<2 hrs,9.18,1.0,7.5,7.9,0,No
STU2131,16,Male,India,Undergraduate,Single,Twitter/X,5.9,4-6 hrs,7.25,5.2,7.1,6.4,2,Yes
STU2132,19,Female,India,Undergraduate,Single,Instagram,0.9,<2 hrs,9.44,2.2,8.4,7.0,0,No
STU2133,23,Male,India,Postgraduate,Single,Twitter/X,1.9,<2 hrs,8.95,1.0,9.0,9.6,2,No
STU2134,23,Male,Canada,Postgraduate,In a relationship,TikTok,2.2,2-4 hrs,9.18,2.6,8.4,9.0,1,No
STU2135,16,Female,UK,Postgraduate,In a relationship,YouTube,1.3,<2 hrs,9.58,1.0,8.9,8.2,0,No
STU2136,23,Male,Canada,High School,Single,TikTok,2.1,2-4 hrs,8.48,1.0,8.1,7.5,1,No
STU2137,26,Male,India,Postgraduate,In a relationship,Instagram,2.5,2-4 hrs,8.76,1.1,7.4,8.7,0,No
STU2138,27,Male,India,High School,Single,Instagram,2.1,2-4 hrs,8.33,1.9,8.0,7.7,0,No
STU2139,18,Female,India,Undergraduate,In a relationship,TikTok,3.2,2-4 hrs,7.51,2.3,8.0,8.7,1,No
STU2140,26,Female,Canada,High School,In a relationship,YouTube,7.3,6+ hrs,6.05,5.0,7.0,5.9,3,Yes
STU2141,22,Male,Canada,High School,Single,Snapchat,0.7,<2 hrs,9.14,1.0,8.1,8.9,0,No
STU2142,25,Male,Canada,High School,Single,Twitter/X,2.8,2-4 hrs,7.24,2.4,8.0,7.9,1,No
STU2143,26,Male,UK,Undergraduate,Single,Twitter/X,0.9,<2 hrs,9.61,1.2,7.8,7.9,1,No
STU2144,16,Male,Australia,High School,Single,Instagram,0.6,<2 hrs,7.57,1.3,7.8,8.5,0,No
STU2145,20,Male,Brazil,High School,Single,Instagram,4.8,4-6 hrs,8.97,4.8,6.7,7.2,1,Yes
STU2146,19,Female,Canada,Undergraduate,Complicated,Facebook,3.0,2-4 hrs,9.05,2.1,7.8,8.0,1,No
STU2147,19,Male,Australia,Undergraduate,Single,Snapchat,0.6,<2 hrs,9.07,1.0,7.8,8.6,0,No
STU2148,27,Female,Canada,High School,Single,Instagram,2.1,2-4 hrs,8.56,2.0,7.8,7.4,0,No
STU2149,20,Female,Australia,Undergraduate,Single,YouTube,1.1,<2 hrs,9.19,1.0,8.7,9.3,0,No
STU2150,18,Female,Brazil,Undergraduate,Single,TikTok,2.2,2-4 hrs,8.16,1.0,7.4,9.2,1,No
STU2151,22,Female,Canada,High School,Single,Instagram,4.1,4-6 hrs,7.77,3.7,7.2,6.9,3,Yes
STU2152,17,Female,India,Postgraduate,Single,Twitter/X,3.8,2-4 hrs,7.7,2.6,7.6,7.6,2,No
STU2153,16,Female,Australia,Postgraduate,Single,Facebook,1.8,<2 hrs,8.63,1.0,8.2,9.5,0,No
STU2154,21,Female,Canada,High School,Single,Snapchat,5.0,4-6 hrs,7.36,2.3,7.0,7.1,2,Yes
STU2155,27,Female,Brazil,Undergraduate,Complicated,TikTok,6.3,6+ hrs,5.88,4.4,7.3,7.2,4,Yes
STU2156,16,Female,India,Undergraduate,In a relationship,Twitter/X,4.1,4-6 hrs,7.68,3.8,7.8,6.7,3,Yes
STU2157,26,Male,Japan,Undergraduate,Single,TikTok,1.6,<2 hrs,8.88,2.0,8.7,9.2,1,No
STU2158,22,Male,UK,Undergraduate,Single,Facebook,2.3,2-4 hrs,8.54,1.7,7.9,8.2,0,No
STU2159,23,Female,Japan,Undergraduate,Single,Facebook,7.1,6+ hrs,6.18,6.6,6.5,6.6,3,Yes
STU2160,17,Female,Australia,Postgraduate,Complicated,Twitter/X,1.9,<2 hrs,9.33,1.2,7.7,7.9,1,No
STU2161,19,Male,Germany,High School,In a relationship,TikTok,3.8,2-4 hrs,7.58,2.5,7.7,6.9,1,No
STU2162,22,Female,USA,Undergraduate,Single,Snapchat,1.3,<2 hrs,9.05,1.0,8.0,8.3,0,No
STU2163,26,Male,India,Postgraduate,Single,Instagram,5.0,4-6 hrs,8.03,3.1,7.0,7.6,1,Yes
STU2164,21,Female,Canada,Undergraduate,Single,Instagram,1.2,<2 hrs,8.91,1.5,8.0,7.9,1,No
STU2165,17,Female,USA,Undergraduate,Complicated,YouTube,2.3,2-4 hrs,8.59,2.9,7.6,8.1,1,No
STU2166,19,Female,Japan,High School,Complicated,Twitter/X,3.7,2-4 hrs,7.78,1.9,7.7,7.9,0,No
STU2167,18,Female,UK,Undergraduate,Complicated,Instagram,8.1,6+ hrs,6.6,6.0,5.8,4.5,3,Yes
STU2168,24,Male,India,Undergraduate,Single,Twitter/X,3.0,2-4 hrs,8.0,2.9,7.9,7.9,2,No
STU2169,21,Male,UK,Undergraduate,Single,Facebook,2.0,2-4 hrs,9.37,1.4,8.3,7.7,0,No
STU2170,27,Female,UK,High School,Single,YouTube,1.9,<2 hrs,8.58,1.0,7.7,8.2,1,No
STU2171,17,Male,India,Undergraduate,Single,Instagram,4.9,4-6 hrs,6.78,3.6,8.2,8.3,1,Yes
STU2172,17,Female,India,Postgraduate,Single,YouTube,3.5,2-4 hrs,8.33,3.1,7.6,8.7,2,No
STU2173,18,Non-binary,India,Undergraduate,In a relationship,Instagram,4.0,4-6 hrs,7.52,2.0,6.7,7.6,1,No
STU2174,20,Male,UK,Undergraduate,In a relationship,TikTok,6.8,6+ hrs,6.81,4.6,6.7,7.1,1,Yes
STU2175,27,Male,India,Undergraduate,Single,YouTube,2.6,2-4 hrs,6.69,1.0,7.9,8.1,0,No
STU2176,21,Female,India,High School,Single,TikTok,3.3,2-4 hrs,8.02,1.0,7.9,8.3,0,No
STU2177,20,Female,Germany,Undergraduate,In a relationship,TikTok,1.9,<2 hrs,8.37,2.2,7.9,7.5,2,No
STU2178,27,Male,India,Undergraduate,Single,YouTube,1.3,<2 hrs,8.28,1.0,7.7,7.3,0,No
STU2179,16,Male,Canada,High School,Complicated,TikTok,1.5,<2 hrs,8.49,2.3,7.6,7.9,0,No
STU2180,16,Male,UK,Postgraduate,Single,Instagram,0.5,<2 hrs,8.93,1.0,8.0,8.7,1,No
STU2181,22,Female,Australia,High School,Single,TikTok,3.7,2-4 hrs,7.81,2.3,7.3,7.4,3,No
STU2182,25,Female,India,High School,In a relationship,TikTok,3.4,2-4 hrs,7.15,2.3,7.1,8.6,2,No
STU2183,22,Non-binary,Germany,Undergraduate,Single,TikTok,3.6,2-4 hrs,8.07,3.0,7.2,7.2,1,No
STU2184,25,Female,USA,High School,In a relationship,Instagram,1.2,<2 hrs,9.78,1.6,8.5,7.8,2,No
STU2185,21,Female,India,High School,Single,Instagram,1.5,<2 hrs,8.99,1.3,8.9,8.7,0,No
STU2186,24,Male,Canada,Undergraduate,Single,Twitter/X,1.5,<2 hrs,9.31,1.9,8.5,7.0,0,No
STU2187,17,Female,Germany,Postgraduate,Single,YouTube,5.3,4-6 hrs,7.77,3.5,7.8,7.9,3,Yes
STU2188,16,Female,USA,Undergraduate,Single,Facebook,2.9,2-4 hrs,8.94,1.2,8.3,8.1,0,No
STU2189,26,Female,UK,High School,In a relationship,Facebook,2.6,2-4 hrs,9.45,1.8,8.3,8.8,3,No
STU2190,21,Male,USA,Undergraduate,Single,YouTube,4.3,4-6 hrs,7.27,3.2,7.3,8.3,1,Yes
STU2191,21,Male,India,High School,Single,TikTok,1.5,<2 hrs,8.39,1.0,8.2,8.9,1,No
STU2192,24,Female,Australia,Undergraduate,In a relationship,Instagram,3.3,2-4 hrs,8.49,1.2,7.5,7.8,1,No
STU2193,26,Female,Brazil,Undergraduate,In a relationship,TikTok,8.8,6+ hrs,5.96,6.5,6.2,4.9,4,Yes
STU2194,25,Male,USA,High School,In a relationship,Twitter/X,5.9,4-6 hrs,7.31,3.8,7.1,6.1,1,Yes
STU2195,16,Female,India,Undergraduate,Single,Facebook,3.2,2-4 hrs,9.19,2.1,8.1,8.7,0,No
STU2196,26,Male,UK,Postgraduate,In a relationship,YouTube,2.7,2-4 hrs,8.29,1.6,8.0,8.1,3,No
STU2197,16,Female,Brazil,Undergraduate,Single,YouTube,3.6,2-4 hrs,8.14,3.7,7.5,6.7,1,No
STU2198,27,Non-binary,Canada,Postgraduate,In a relationship,Facebook,6.5,6+ hrs,5.99,5.6,6.9,6.1,2,Yes
STU2199,27,Male,India,Undergraduate,In a relationship,Instagram,6.2,6+ hrs,7.99,3.4,7.2,8.1,1,Yes
STU2200,25,Female,UK,Undergraduate,Single,YouTube,7.2,6+ hrs,6.06,4.6,7.0,7.2,3,Yes
STU2201,27,Male,USA,Undergraduate,In a relationship,YouTube,3.0,2-4 hrs,7.97,2.8,7.0,7.9,2,No
STU2202,21,Male,India,Undergraduate,In a relationship,Instagram,0.5,<2 hrs,9.07,1.0,7.8,8.9,0,No
STU2203,20,Female,Brazil,Undergraduate,Single,Twitter/X,8.4,6+ hrs,5.33,5.8,7.0,6.2,2,Yes
STU2204,26,Female,Australia,Postgraduate,Single,Instagram,1.3,<2 hrs,8.48,1.0,8.1,8.7,0,No
STU2205,21,Male,Brazil,Postgraduate,Single,Instagram,4.3,4-6 hrs,7.25,2.5,7.2,7.9,2,Yes
STU2206,21,Male,Canada,Undergraduate,Single,TikTok,0.5,<2 hrs,8.46,1.0,8.2,8.5,0,No
STU2207,19,Female,USA,Undergraduate,Complicated,TikTok,2.6,2-4 hrs,7.86,2.0,7.7,8.5,2,No
STU2208,25,Female,UK,Undergraduate,In a relationship,TikTok,1.9,<2 hrs,9.81,2.7,8.3,7.9,1,No
STU2209,23,Male,India,High School,In a relationship,Instagram,7.2,6+ hrs,6.7,4.5,6.1,6.1,1,Yes
STU2210,20,Female,USA,High School,Single,TikTok,3.3,2-4 hrs,8.57,1.5,7.7,8.6,0,No
STU2211,21,Male,India,Undergraduate,In a relationship,TikTok,2.5,2-4 hrs,9.08,1.7,8.0,8.3,0,No
STU2212,17,Male,USA,Undergraduate,In a relationship,Facebook,3.5,2-4 hrs,9.03,3.3,7.8,7.8,2,No
STU2213,16,Male,Canada,Postgraduate,Single,YouTube,0.5,<2 hrs,8.21,1.0,8.5,8.4,0,No
STU2214,23,Male,India,Undergraduate,In a relationship,Snapchat,1.5,<2 hrs,8.09,2.2,8.4,8.5,1,No
STU2215,21,Male,Brazil,Postgraduate,Single,Twitter/X,1.7,<2 hrs,8.25,1.1,7.8,8.4,0,No
STU2216,24,Male,Canada,Postgraduate,Single,Twitter/X,3.9,2-4 hrs,7.46,2.1,7.1,8.5,0,No
STU2217,20,Male,India,Undergraduate,Single,Snapchat,1.0,<2 hrs,8.87,1.0,9.5,8.2,0,No
STU2218,23,Male,India,Postgraduate,Single,Instagram,2.9,2-4 hrs,7.93,2.6,7.6,7.4,1,No
STU2219,22,Male,India,Undergraduate,Single,TikTok,2.3,2-4 hrs,8.6,1.5,7.8,8.7,0,No
STU2220,26,Male,Japan,Undergraduate,In a relationship,Snapchat,1.5,<2 hrs,8.85,1.2,8.5,8.2,0,No
STU2221,25,Female,India,High School,In a relationship,Instagram,1.6,<2 hrs,8.35,1.0,8.9,10.0,0,No
STU2222,16,Female,India,Undergraduate,Single,Instagram,2.3,2-4 hrs,7.16,1.4,7.7,8.7,0,No
STU2223,22,Female,India,High School,Single,YouTube,0.5,<2 hrs,8.68,1.0,7.9,8.5,0,No
STU2224,19,Male,USA,High School,Single,Snapchat,4.3,4-6 hrs,7.24,2.9,6.8,8.1,2,Yes
STU2225,21,Female,Canada,High School,In a relationship,Twitter/X,1.3,<2 hrs,8.77,1.0,9.0,8.2,1,No
STU2226,24,Male,India,Undergraduate,Single,Twitter/X,2.0,2-4 hrs,7.92,1.0,7.5,9.1,1,No
STU2227,24,Male,India,Undergraduate,Complicated,TikTok,7.0,6+ hrs,6.06,7.1,6.7,6.1,2,Yes
STU2228,24,Female,Japan,Undergraduate,Single,YouTube,4.4,4-6 hrs,6.84,2.0,6.9,8.9,1,Yes
STU2229,20,Female,Canada,Postgraduate,In a relationship,Twitter/X,0.9,<2 hrs,9.02,1.0,7.6,8.2,2,No
STU2230,19,Male,India,Undergraduate,Single,Twitter/X,0.5,<2 hrs,8.63,1.0,8.2,7.6,0,No
STU2231,21,Female,UK,Undergraduate,Single,YouTube,3.6,2-4 hrs,7.37,1.0,7.1,8.1,0,No
STU2232,25,Female,India,Postgraduate,Single,Twitter/X,2.1,2-4 hrs,7.77,1.5,7.6,8.1,0,No
STU2233,20,Female,Japan,Undergraduate,In a relationship,Instagram,2.9,2-4 hrs,8.1,2.2,8.8,9.1,1,No
STU2234,27,Male,USA,Postgraduate,Single,Facebook,4.3,4-6 hrs,7.05,4.0,7.6,8.5,2,Yes
STU2235,25,Female,India,High School,In a relationship,Snapchat,4.8,4-6 hrs,7.88,3.7,7.8,7.4,1,Yes
STU2236,20,Female,Canada,Undergraduate,In a relationship,Instagram,1.8,<2 hrs,8.93,1.1,8.5,8.5,0,No
STU2237,23,Female,India,High School,Single,TikTok,2.3,2-4 hrs,8.42,1.0,7.9,8.3,0,No
STU2238,25,Male,UK,Undergraduate,Complicated,Snapchat,3.3,2-4 hrs,7.54,3.5,7.5,7.8,3,No
STU2239,20,Male,Germany,Undergraduate,In a relationship,TikTok,3.5,2-4 hrs,8.15,3.2,7.7,8.9,2,No
STU2240,16,Male,USA,Undergraduate,Single,Instagram,2.9,2-4 hrs,8.61,1.0,7.9,9.8,1,No
STU2241,20,Female,USA,Undergraduate,Single,Facebook,6.5,6+ hrs,6.66,4.6,6.6,7.5,1,Yes
STU2242,20,Female,India,Undergraduate,In a relationship,TikTok,3.5,2-4 hrs,8.89,2.6,7.7,8.5,1,No
STU2243,20,Female,Canada,High School,Single,TikTok,4.3,4-6 hrs,7.84,2.7,7.1,8.2,1,Yes
STU2244,27,Female,India,Postgraduate,Complicated,YouTube,3.1,2-4 hrs,8.65,2.8,7.6,7.6,1,No
STU2245,18,Female,USA,Undergraduate,Complicated,Snapchat,1.0,<2 hrs,9.13,1.4,8.1,7.8,0,No
STU2246,27,Female,Germany,Postgraduate,Single,Snapchat,1.5,<2 hrs,9.23,1.0,7.5,8.5,1,No
STU2247,27,Male,India,Undergraduate,Single,YouTube,0.8,<2 hrs,8.66,1.0,7.1,8.8,1,No
STU2248,24,Male,Germany,Undergraduate,In a relationship,Facebook,5.1,4-6 hrs,6.93,4.8,6.8,5.6,2,Yes
STU2249,20,Female,Canada,Undergraduate,Complicated,Instagram,0.5,<2 hrs,9.48,1.1,9.3,8.3,0,No
STU2250,27,Female,India,Undergraduate,Single,Snapchat,2.2,2-4 hrs,8.72,1.6,7.8,7.6,0,No
STU2251,17,Female,India,High School,Complicated,Instagram,1.9,<2 hrs,8.95,1.0,8.4,9.2,0,No
STU2252,20,Non-binary,Canada,High School,Single,Snapchat,1.8,<2 hrs,9.35,1.5,7.0,7.9,1,No
STU2253,24,Male,Australia,High School,Single,Instagram,2.0,2-4 hrs,7.75,2.0,7.5,8.2,0,No
STU2254,23,Male,Canada,High School,Single,YouTube,7.4,6+ hrs,5.59,3.0,6.0,7.0,1,Yes
STU2255,21,Male,Australia,High School,In a relationship,Twitter/X,0.5,<2 hrs,9.41,1.0,8.3,9.6,0,No
STU2256,24,Female,USA,Undergraduate,Single,TikTok,6.0,6+ hrs,6.37,3.9,8.2,5.9,3,Yes
STU2257,22,Male,India,Undergraduate,Single,Instagram,2.1,2-4 hrs,10.0,1.3,8.2,8.7,0,No
STU2258,17,Male,UK,Postgraduate,Single,TikTok,4.6,4-6 hrs,7.74,2.5,8.2,6.9,4,Yes
STU2259,16,Female,UK,Undergraduate,Complicated,Instagram,2.7,2-4 hrs,8.24,1.8,7.7,7.7,0,No
STU2260,18,Male,Canada,Undergraduate,Single,YouTube,0.9,<2 hrs,8.79,1.7,9.0,8.3,0,No
STU2261,26,Male,India,High School,In a relationship,YouTube,6.4,6+ hrs,6.33,4.1,7.9,7.1,3,Yes
STU2262,19,Female,India,Postgraduate,Single,Instagram,5.7,4-6 hrs,6.95,4.8,7.0,6.8,1,Yes
STU2263,24,Female,Germany,Postgraduate,Single,YouTube,1.0,<2 hrs,9.12,1.0,8.0,8.6,1,No
STU2264,20,Female,Germany,Undergraduate,In a relationship,Instagram,3.8,2-4 hrs,7.52,3.3,6.9,6.9,2,No
STU2265,17,Male,Japan,Undergraduate,Complicated,Instagram,1.5,<2 hrs,8.66,1.1,8.0,8.3,0,No
STU2266,25,Male,USA,Postgraduate,Single,TikTok,0.6,<2 hrs,10.0,1.0,8.4,8.5,0,No
STU2267,20,Female,India,Undergraduate,Single,TikTok,1.3,<2 hrs,9.75,1.0,9.2,8.6,1,No
STU2268,17,Non-binary,USA,High School,Complicated,Instagram,6.1,6+ hrs,6.91,4.8,6.3,6.6,1,Yes
STU2269,24,Female,USA,Undergraduate,In a relationship,YouTube,4.6,4-6 hrs,6.63,1.2,7.4,8.9,0,Yes
STU2270,21,Female,India,High School,Single,Snapchat,2.0,2-4 hrs,8.92,1.0,7.1,8.6,1,No
STU2271,27,Male,UK,Undergraduate,Complicated,TikTok,6.2,6+ hrs,7.64,4.7,6.7,6.8,1,Yes
STU2272,27,Female,India,Undergraduate,Single,Twitter/X,5.4,4-6 hrs,7.89,2.1,7.3,7.7,1,Yes
STU2273,27,Female,India,Undergraduate,Single,Instagram,1.3,<2 hrs,9.36,1.0,8.4,7.8,1,No
STU2274,20,Female,Canada,High School,In a relationship,TikTok,7.2,6+ hrs,7.11,5.0,7.0,6.6,2,Yes
STU2275,17,Male,India,High School,Single,Twitter/X,1.8,<2 hrs,8.72,1.0,8.2,9.3,0,No
STU2276,22,Male,UK,Postgraduate,Single,YouTube,2.1,2-4 hrs,8.93,1.0,8.3,8.8,2,No
STU2277,22,Male,India,Undergraduate,Single,Twitter/X,0.5,<2 hrs,8.87,1.0,8.4,7.9,0,No
STU2278,17,Male,USA,Undergraduate,In a relationship,YouTube,1.5,<2 hrs,9.0,1.9,7.6,8.6,0,No
STU2279,25,Female,Germany,Undergraduate,In a relationship,Instagram,2.2,2-4 hrs,9.31,1.0,7.0,8.3,0,No
STU2280,21,Female,Canada,Postgraduate,Single,Instagram,3.1,2-4 hrs,7.75,1.7,7.5,8.7,0,No
STU2281,25,Male,Germany,Undergraduate,Single,Facebook,0.9,<2 hrs,8.58,1.0,8.2,8.2,1,No
STU2282,25,Male,Australia,High School,Single,TikTok,1.3,<2 hrs,8.97,1.0,8.8,8.7,1,No
STU2283,18,Male,Australia,Undergraduate,Single,Twitter/X,7.3,6+ hrs,6.08,5.2,6.6,6.0,2,Yes
STU2284,23,Female,Germany,Postgraduate,In a relationship,YouTube,5.2,4-6 hrs,7.55,4.4,7.1,6.5,2,Yes
STU2285,20,Female,India,Postgraduate,In a relationship,Instagram,5.9,4-6 hrs,6.57,4.9,7.2,5.5,1,Yes
STU2286,23,Female,USA,Postgraduate,Single,TikTok,2.4,2-4 hrs,9.45,1.0,7.8,8.9,0,No
STU2287,22,Male,Japan,High School,Single,TikTok,3.2,2-4 hrs,7.29,1.2,8.1,8.7,0,No
STU2288,26,Female,India,Undergraduate,In a relationship,Twitter/X,3.9,2-4 hrs,8.5,2.7,8.5,7.9,1,No
STU2289,23,Male,Canada,High School,In a relationship,Facebook,7.2,6+ hrs,5.8,5.7,7.8,6.3,2,Yes
STU2290,27,Male,Australia,Undergraduate,Single,TikTok,0.6,<2 hrs,8.15,1.0,8.4,8.0,0,No
STU2291,16,Non-binary,Brazil,High School,Single,Instagram,1.6,<2 hrs,8.92,1.4,8.3,9.0,1,No
STU2292,21,Female,Germany,Undergraduate,Single,TikTok,3.0,2-4 hrs,8.0,3.0,8.5,8.2,1,No
STU2293,26,Female,Canada,Undergraduate,In a relationship,Instagram,2.7,2-4 hrs,7.62,1.3,7.8,7.8,2,No
STU2294,27,Male,Australia,Undergraduate,Single,TikTok,1.3,<2 hrs,7.91,1.0,8.5,8.9,0,No
STU2295,18,Female,USA,High School,Complicated,Instagram,3.7,2-4 hrs,7.83,3.9,7.0,7.7,2,No
STU2296,20,Male,India,High School,In a relationship,Instagram,1.7,<2 hrs,9.32,1.0,7.9,8.2,0,No
STU2297,17,Male,Japan,Undergraduate,Single,Instagram,2.5,2-4 hrs,8.73,1.0,8.5,8.3,0,No
STU2298,26,Non-binary,Japan,Undergraduate,Single,Instagram,3.5,2-4 hrs,7.96,1.9,7.3,8.4,1,No
STU2299,19,Male,USA,Undergraduate,In a relationship,TikTok,1.8,<2 hrs,8.98,1.0,8.0,7.4,0,No
STU2300,21,Female,USA,Postgraduate,Single,Snapchat,4.4,4-6 hrs,7.5,3.4,6.6,6.5,1,Yes
STU2301,16,Male,USA,Undergraduate,In a relationship,Instagram,4.9,4-6 hrs,6.44,2.7,8.3,7.0,2,Yes
STU2302,17,Male,USA,High School,In a relationship,Twitter/X,1.4,<2 hrs,8.02,1.2,8.8,7.1,1,No
STU2303,17,Male,Germany,Undergraduate,Single,YouTube,1.7,<2 hrs,8.61,1.0,8.2,9.3,1,No
STU2304,24,Female,USA,Postgraduate,Single,TikTok,1.1,<2 hrs,8.91,1.0,8.5,7.1,0,No
STU2305,26,Male,Brazil,Undergraduate,In a relationship,Snapchat,2.5,2-4 hrs,8.89,2.0,8.1,8.2,3,No
STU2306,27,Female,Canada,Undergraduate,Single,YouTube,3.1,2-4 hrs,8.56,2.3,8.4,8.4,0,No
STU2307,20,Female,Japan,Undergraduate,In a relationship,Instagram,1.9,<2 hrs,9.01,1.7,7.8,7.9,0,No
STU2308,20,Female,Canada,Postgraduate,In a relationship,Instagram,3.1,2-4 hrs,7.94,1.6,8.1,7.7,0,No
STU2309,21,Female,USA,Undergraduate,In a relationship,TikTok,1.6,<2 hrs,7.95,1.0,8.6,8.7,0,No
STU2310,25,Male,Brazil,High School,Single,Facebook,1.7,<2 hrs,8.98,1.5,8.7,8.3,0,No
STU2311,18,Male,India,Undergraduate,Complicated,Instagram,3.3,2-4 hrs,8.33,3.5,6.5,8.0,1,No
STU2312,24,Male,Japan,Postgraduate,In a relationship,TikTok,1.8,<2 hrs,7.26,1.3,7.8,6.5,1,No
STU2313,18,Non-binary,India,Postgraduate,Single,YouTube,2.4,2-4 hrs,7.92,2.0,7.4,7.4,0,No
STU2314,19,Female,Canada,High School,In a relationship,TikTok,3.3,2-4 hrs,7.6,2.1,7.7,8.3,0,No
STU2315,27,Female,India,High School,In a relationship,YouTube,3.0,2-4 hrs,8.22,1.0,6.7,8.5,2,No
STU2316,24,Male,India,Undergraduate,Single,YouTube,1.7,<2 hrs,8.25,2.0,7.1,8.5,3,No
STU2317,25,Female,USA,High School,In a relationship,Instagram,5.3,4-6 hrs,7.09,4.4,8.3,7.0,1,Yes
STU2318,23,Male,India,Undergraduate,Single,TikTok,3.8,2-4 hrs,7.66,3.2,7.9,7.3,1,No
STU2319,21,Male,Japan,High School,In a relationship,Twitter/X,3.0,2-4 hrs,8.05,2.0,7.8,7.8,3,No
STU2320,23,Female,Australia,High School,Single,YouTube,0.9,<2 hrs,8.67,1.1,8.5,10.0,0,No
STU2321,16,Female,Germany,High School,Single,TikTok,2.7,2-4 hrs,7.9,2.6,7.9,8.8,1,No
STU2322,19,Female,Japan,High School,Single,YouTube,1.5,<2 hrs,8.18,2.3,8.6,8.2,0,No
STU2323,25,Male,Canada,High School,In a relationship,YouTube,3.6,2-4 hrs,8.11,3.3,7.3,7.4,1,No
STU2324,26,Male,India,Undergraduate,Complicated,Snapchat,0.5,<2 hrs,9.62,1.0,8.5,8.9,0,No
STU2325,19,Male,Australia,Undergraduate,In a relationship,Instagram,2.0,2-4 hrs,8.14,1.0,8.1,9.1,1,No
STU2326,17,Male,UK,High School,Single,YouTube,1.6,<2 hrs,9.69,1.2,7.6,8.7,2,No
STU2327,17,Male,India,High School,In a relationship,YouTube,4.4,4-6 hrs,7.33,3.3,8.0,6.8,1,Yes
STU2328,26,Female,USA,High School,In a relationship,YouTube,0.5,<2 hrs,10.0,1.0,8.2,9.7,2,No
STU2329,25,Male,Canada,Undergraduate,Single,Snapchat,2.6,2-4 hrs,7.94,2.9,8.4,7.7,1,No
STU2330,24,Female,USA,High School,Single,TikTok,3.7,2-4 hrs,6.62,2.5,7.6,9.2,2,No
STU2331,21,Male,India,High School,In a relationship,Twitter/X,8.1,6+ hrs,6.1,7.4,7.3,5.4,2,Yes
STU2332,22,Male,USA,Undergraduate,Single,Twitter/X,1.7,<2 hrs,8.88,1.0,7.6,8.3,1,No
STU2333,26,Male,India,Postgraduate,In a relationship,Instagram,3.2,2-4 hrs,8.08,2.6,7.2,8.7,1,No
STU2334,26,Female,Germany,High School,Single,Instagram,0.5,<2 hrs,8.89,1.0,7.9,8.7,2,No
STU2335,19,Male,Canada,High School,Single,Facebook,2.5,2-4 hrs,8.35,1.0,7.9,8.6,0,No
STU2336,18,Female,USA,Undergraduate,Single,TikTok,5.5,4-6 hrs,6.72,3.7,7.9,6.3,1,Yes
STU2337,18,Male,Brazil,Undergraduate,Single,TikTok,8.1,6+ hrs,5.67,4.5,7.3,7.2,1,Yes
STU2338,20,Male,USA,Undergraduate,Single,YouTube,3.4,2-4 hrs,8.47,2.3,6.5,7.5,0,No
STU2339,26,Male,UK,Undergraduate,Single,TikTok,0.5,<2 hrs,9.39,1.0,8.5,8.2,3,No
STU2340,21,Male,UK,High School,Single,YouTube,6.2,6+ hrs,7.08,5.2,5.3,6.1,3,Yes
STU2341,17,Female,India,Undergraduate,Single,TikTok,0.5,<2 hrs,9.14,1.0,8.8,8.8,0,No
STU2342,22,Male,USA,Postgraduate,Single,TikTok,0.8,<2 hrs,8.93,1.3,8.9,7.3,0,No
STU2343,22,Male,India,High School,Single,YouTube,6.5,6+ hrs,5.88,4.6,6.9,6.6,1,Yes
STU2344,16,Female,India,Undergraduate,Single,Twitter/X,2.4,2-4 hrs,8.2,2.5,7.9,8.4,1,No
STU2345,27,Female,Australia,Postgraduate,Single,Snapchat,1.5,<2 hrs,6.83,1.0,8.2,7.6,0,No
STU2346,22,Male,USA,Undergraduate,Single,YouTube,4.1,4-6 hrs,7.3,1.8,7.1,8.2,0,Yes
STU2347,19,Female,India,Undergraduate,Single,Instagram,2.8,2-4 hrs,8.19,1.0,8.0,8.1,1,No
STU2348,19,Male,Australia,High School,Single,TikTok,5.2,4-6 hrs,7.5,2.6,7.1,7.4,2,Yes
STU2349,18,Female,Germany,Postgraduate,Single,YouTube,2.9,2-4 hrs,8.03,2.4,8.2,9.0,0,No
STU2350,24,Female,UK,High School,In a relationship,TikTok,3.0,2-4 hrs,8.36,3.3,7.7,6.2,2,No
STU2351,18,Female,Brazil,Undergraduate,Single,Facebook,5.1,4-6 hrs,5.9,3.1,6.8,8.0,1,Yes
STU2352,19,Male,Germany,High School,In a relationship,Instagram,2.3,2-4 hrs,8.43,2.1,7.2,7.6,1,No
STU2353,18,Female,UK,Undergraduate,Single,Snapchat,1.1,<2 hrs,8.0,1.0,7.3,8.1,1,No
STU2354,23,Male,Australia,Postgraduate,In a relationship,TikTok,4.3,4-6 hrs,6.84,3.2,8.1,6.6,1,Yes
STU2355,23,Male,USA,Undergraduate,Single,Facebook,2.0,2-4 hrs,8.49,1.9,7.8,8.6,1,No
STU2356,25,Female,Canada,High School,Single,YouTube,3.1,2-4 hrs,8.87,1.0,7.9,8.4,0,No
STU2357,23,Female,Japan,Postgraduate,In a relationship,YouTube,0.5,<2 hrs,9.5,1.0,9.3,8.3,0,No
STU2358,20,Female,Australia,Undergraduate,Single,Twitter/X,2.3,2-4 hrs,8.48,2.2,7.6,8.0,0,No
STU2359,22,Female,USA,Postgraduate,Single,YouTube,1.6,<2 hrs,8.77,1.0,7.8,8.4,2,No
STU2360,27,Male,Brazil,Undergraduate,In a relationship,Instagram,0.5,<2 hrs,8.85,1.4,8.3,6.9,0,No
STU2361,18,Female,Germany,Undergraduate,Complicated,YouTube,2.3,2-4 hrs,8.14,1.9,7.9,7.7,1,No
STU2362,23,Male,India,Undergraduate,Single,Snapchat,2.4,2-4 hrs,8.68,2.3,8.8,8.5,1,No
STU2363,25,Female,Australia,Undergraduate,In a relationship,Snapchat,3.3,2-4 hrs,7.18,2.0,8.5,6.9,0,No
STU2364,17,Female,Japan,Undergraduate,In a relationship,Snapchat,5.5,4-6 hrs,7.38,2.5,7.4,7.0,4,Yes
STU2365,23,Male,USA,Undergraduate,In a relationship,TikTok,4.9,4-6 hrs,7.06,3.9,8.0,6.8,3,Yes
STU2366,21,Female,India,High School,Complicated,TikTok,1.7,<2 hrs,9.23,1.1,8.0,7.9,0,No
STU2367,17,Female,Canada,Undergraduate,Single,Twitter/X,2.9,2-4 hrs,8.77,2.1,7.9,7.9,1,No
STU2368,27,Female,India,Postgraduate,In a relationship,TikTok,3.6,2-4 hrs,6.88,3.4,7.4,6.5,3,No
STU2369,21,Male,Canada,Undergraduate,Single,Twitter/X,1.8,<2 hrs,8.34,1.9,7.4,7.8,2,No
STU2370,26,Male,India,Postgraduate,Single,TikTok,0.6,<2 hrs,8.72,2.0,9.0,8.0,0,No
STU2371,25,Female,USA,High School,Single,Instagram,2.1,2-4 hrs,7.47,1.6,8.2,8.7,0,No
STU2372,17,Male,Brazil,Postgraduate,In a relationship,YouTube,5.6,4-6 hrs,6.36,3.4,7.1,8.2,2,Yes
STU2373,18,Female,Australia,Postgraduate,Single,TikTok,0.6,<2 hrs,10.0,1.0,8.3,8.3,1,No
STU2374,26,Female,India,Postgraduate,In a relationship,YouTube,1.0,<2 hrs,9.42,1.0,7.5,9.8,0,No
STU2375,20,Male,Australia,Undergraduate,Complicated,YouTube,1.3,<2 hrs,10.0,1.7,7.7,8.0,0,No
STU2376,16,Male,USA,Postgraduate,Single,YouTube,1.0,<2 hrs,9.55,1.0,8.4,9.1,0,No
STU2377,24,Male,Japan,Postgraduate,In a relationship,YouTube,4.1,4-6 hrs,7.21,2.9,7.2,8.9,1,Yes
STU2378,25,Female,India,Postgraduate,Single,Twitter/X,1.5,<2 hrs,8.6,2.3,8.0,7.9,0,No
STU2379,18,Female,USA,Undergraduate,Complicated,Facebook,4.2,4-6 hrs,7.96,2.7,7.4,6.7,2,Yes
STU2380,27,Male,USA,Postgraduate,In a relationship,TikTok,2.6,2-4 hrs,8.59,2.6,7.5,7.8,2,No
STU2381,16,Male,UK,Undergraduate,In a relationship,YouTube,0.5,<2 hrs,8.93,1.0,7.9,8.1,0,No
STU2382,21,Male,India,Undergraduate,In a relationship,Instagram,1.8,<2 hrs,7.78,2.0,7.2,7.8,0,No
STU2383,16,Male,Brazil,Undergraduate,Complicated,Facebook,5.0,4-6 hrs,9.22,2.9,7.2,8.9,2,Yes
STU2384,18,Female,Canada,High School,Single,YouTube,2.8,2-4 hrs,8.16,1.3,8.1,7.5,0,No
STU2385,22,Female,Brazil,Undergraduate,Single,Instagram,1.9,<2 hrs,8.45,1.3,7.2,8.6,2,No
STU2386,19,Male,Canada,Undergraduate,In a relationship,TikTok,5.7,4-6 hrs,7.0,2.8,7.1,7.0,2,Yes
STU2387,24,Female,India,Postgraduate,Single,Instagram,0.9,<2 hrs,8.95,1.0,8.4,8.3,1,No
STU2388,22,Female,India,Undergraduate,In a relationship,TikTok,1.5,<2 hrs,8.9,1.3,7.6,8.9,0,No
STU2389,20,Female,USA,Undergraduate,Single,Instagram,4.7,4-6 hrs,8.16,4.7,8.0,6.9,2,Yes
STU2390,24,Male,Japan,Undergraduate,Single,TikTok,4.1,4-6 hrs,7.58,3.2,7.3,7.2,2,Yes
STU2391,18,Male,Germany,Undergraduate,Single,Instagram,0.9,<2 hrs,8.4,1.1,8.2,8.0,0,No
STU2392,26,Female,Germany,Undergraduate,Complicated,Twitter/X,3.5,2-4 hrs,7.83,3.4,7.5,7.5,2,No
STU2393,23,Female,UK,Postgraduate,Single,Snapchat,1.4,<2 hrs,8.59,1.0,7.3,9.7,0,No
STU2394,23,Male,India,Undergraduate,In a relationship,Instagram,0.5,<2 hrs,10.0,1.0,8.9,7.9,1,No
STU2395,19,Female,India,Undergraduate,In a relationship,Twitter/X,1.9,<2 hrs,9.35,3.3,7.5,8.7,2,No
STU2396,16,Female,Germany,Postgraduate,Single,Instagram,8.5,6+ hrs,5.74,5.9,6.3,6.9,2,Yes
STU2397,19,Male,India,Undergraduate,Complicated,Instagram,5.1,4-6 hrs,6.44,4.5,7.5,7.7,1,Yes
STU2398,24,Male,India,High School,Single,Instagram,2.4,2-4 hrs,7.68,2.5,8.6,8.0,2,No
STU2399,25,Male,Australia,High School,In a relationship,Instagram,0.5,<2 hrs,9.28,1.0,7.8,9.3,0,No
STU2400,16,Female,India,Postgraduate,In a relationship,TikTok,0.5,<2 hrs,9.48,1.0,8.2,7.8,2,No
STU2401,18,Male,Australia,Undergraduate,Single,Facebook,2.6,2-4 hrs,8.11,1.9,8.5,7.6,0,No
STU2402,23,Female,India,High School,In a relationship,Snapchat,3.4,2-4 hrs,7.68,2.6,7.9,8.2,1,No
STU2403,18,Female,USA,High School,In a relationship,TikTok,4.2,4-6 hrs,7.25,2.3,7.8,8.1,1,Yes
STU2404,17,Female,India,Undergraduate,Complicated,Twitter/X,3.8,2-4 hrs,7.78,1.8,7.0,8.0,3,No
STU2405,16,Female,Australia,Postgraduate,Single,Twitter/X,4.1,4-6 hrs,6.23,2.5,7.3,6.0,3,Yes
STU2406,24,Female,UK,High School,In a relationship,Instagram,3.1,2-4 hrs,7.44,2.1,7.6,7.6,1,No
STU2407,26,Female,India,Undergraduate,Complicated,Instagram,5.6,4-6 hrs,6.6,4.9,6.7,5.7,2,Yes
STU2408,25,Male,India,Postgraduate,In a relationship,YouTube,1.6,<2 hrs,9.5,2.6,7.3,8.0,1,No
STU2409,18,Male,Japan,Undergraduate,In a relationship,Instagram,2.6,2-4 hrs,7.84,2.9,7.6,7.4,1,No
STU2410,22,Female,Australia,Undergraduate,Single,Facebook,0.5,<2 hrs,9.38,1.0,9.1,8.1,3,No
STU2411,25,Male,Canada,Undergraduate,Single,Instagram,1.6,<2 hrs,8.92,1.0,8.1,10.0,0,No
STU2412,18,Female,UK,Undergraduate,Complicated,Twitter/X,5.0,4-6 hrs,8.03,3.2,7.9,8.1,2,Yes
STU2413,23,Female,USA,Postgraduate,In a relationship,Twitter/X,4.0,4-6 hrs,8.46,3.0,7.6,8.2,1,No
STU2414,24,Male,Australia,Postgraduate,Single,TikTok,0.5,<2 hrs,9.24,1.0,8.0,10.0,1,No
STU2415,27,Female,Germany,High School,Complicated,Instagram,8.9,6+ hrs,5.21,6.7,6.9,6.2,2,Yes
STU2416,23,Female,India,Undergraduate,In a relationship,Instagram,2.8,2-4 hrs,7.84,2.5,7.9,7.2,1,No
STU2417,20,Female,Germany,Postgraduate,Single,Twitter/X,2.9,2-4 hrs,8.05,2.5,8.3,7.1,4,No
STU2418,26,Male,Australia,Undergraduate,Single,TikTok,1.5,<2 hrs,8.56,1.9,7.6,8.7,0,No
STU2419,25,Female,UK,Undergraduate,In a relationship,TikTok,1.8,<2 hrs,9.02,1.0,8.6,7.1,1,No
STU2420,27,Female,USA,Postgraduate,Complicated,Instagram,2.8,2-4 hrs,8.49,2.7,8.3,7.6,1,No
STU2421,17,Female,Germany,Undergraduate,Single,Instagram,3.8,2-4 hrs,8.15,2.1,7.7,6.4,0,No
STU2422,21,Female,Australia,Undergraduate,Single,TikTok,3.2,2-4 hrs,8.82,1.5,7.3,8.3,2,No
STU2423,23,Male,India,High School,Single,YouTube,1.6,<2 hrs,9.9,1.5,8.1,8.8,0,No
STU2424,17,Male,UK,Undergraduate,In a relationship,Instagram,1.1,<2 hrs,9.08,1.7,8.5,8.3,1,No
STU2425,21,Male,Japan,Undergraduate,Single,Instagram,1.1,<2 hrs,9.66,1.2,8.3,9.1,1,No
STU2426,22,Male,Australia,Postgraduate,Single,Instagram,5.2,4-6 hrs,6.95,3.7,7.5,8.5,1,Yes
STU2427,24,Female,Japan,Undergraduate,In a relationship,TikTok,4.8,4-6 hrs,8.05,3.6,7.8,7.1,1,Yes
STU2428,26,Male,Australia,High School,Single,TikTok,3.6,2-4 hrs,8.52,2.6,7.3,9.7,1,No
STU2429,24,Female,UK,Undergraduate,Single,TikTok,5.2,4-6 hrs,7.77,2.7,6.6,7.8,3,Yes
STU2430,17,Male,Canada,Undergraduate,Single,Instagram,2.3,2-4 hrs,8.52,1.0,7.9,9.2,2,No
STU2431,16,Male,Australia,Undergraduate,Single,YouTube,4.5,4-6 hrs,7.07,3.1,7.2,7.0,1,Yes
STU2432,22,Female,Australia,High School,Single,Instagram,3.7,2-4 hrs,7.0,2.7,8.0,8.8,2,No
STU2433,21,Female,Australia,Undergraduate,Complicated,Snapchat,4.6,4-6 hrs,7.41,3.2,6.8,8.1,1,Yes
STU2434,25,Female,Brazil,Undergraduate,Single,Snapchat,1.0,<2 hrs,9.97,1.2,8.8,9.4,2,No
STU2435,25,Female,USA,Undergraduate,In a relationship,Instagram,3.0,2-4 hrs,7.96,1.9,8.4,8.1,0,No
STU2436,25,Female,Germany,Postgraduate,Single,TikTok,1.9,<2 hrs,9.12,1.8,8.0,7.2,0,No
STU2437,27,Female,UK,Undergraduate,Single,TikTok,0.5,<2 hrs,9.78,1.0,8.4,8.8,0,No
STU2438,19,Male,Brazil,High School,In a relationship,Facebook,5.8,4-6 hrs,6.72,5.5,6.7,5.1,2,Yes
STU2439,26,Non-binary,Canada,Undergraduate,In a relationship,Instagram,4.8,4-6 hrs,8.13,3.4,7.0,7.1,1,Yes
STU2440,26,Male,Brazil,Undergraduate,In a relationship,YouTube,3.2,2-4 hrs,6.31,4.1,7.5,7.1,1,No
STU2441,24,Female,USA,Postgraduate,In a relationship,TikTok,1.2,<2 hrs,8.23,1.1,8.9,10.0,1,No
STU2442,16,Female,India,High School,Single,Twitter/X,0.5,<2 hrs,8.73,1.0,8.3,8.7,0,No
STU2443,22,Female,Canada,High School,Single,Instagram,0.5,<2 hrs,8.78,1.0,7.7,8.6,0,No
STU2444,20,Female,Australia,High School,In a relationship,YouTube,1.6,<2 hrs,8.98,1.0,8.2,8.5,0,No
STU2445,20,Male,Canada,Undergraduate,Single,Instagram,4.1,4-6 hrs,7.83,2.1,7.9,7.0,0,Yes
STU2446,21,Female,Australia,High School,Single,Instagram,1.9,<2 hrs,8.88,1.0,8.0,8.6,0,No
STU2447,17,Male,India,High School,In a relationship,Instagram,3.6,2-4 hrs,8.24,2.8,8.3,7.7,1,No
STU2448,26,Female,Japan,Undergraduate,Single,TikTok,3.7,2-4 hrs,7.26,2.2,8.0,7.2,0,No
STU2449,26,Male,India,Undergraduate,In a relationship,Twitter/X,4.1,4-6 hrs,6.92,3.0,7.0,6.7,2,Yes
STU2450,18,Female,USA,High School,Single,YouTube,0.5,<2 hrs,9.51,1.4,8.1,8.0,0,No
STU2451,26,Female,USA,Undergraduate,Complicated,Instagram,1.3,<2 hrs,8.54,1.0,8.3,8.5,0,No
STU2452,24,Female,Brazil,Undergraduate,Single,YouTube,3.6,2-4 hrs,6.94,4.2,6.8,6.6,3,No
STU2453,19,Female,Australia,Postgraduate,Single,Instagram,6.7,6+ hrs,7.07,3.7,7.0,6.4,1,Yes
STU2454,21,Female,Canada,Undergraduate,Single,Facebook,5.5,4-6 hrs,7.86,3.7,6.2,7.4,1,Yes
STU2455,18,Female,India,Undergraduate,In a relationship,TikTok,3.1,2-4 hrs,9.04,1.7,8.2,8.5,0,No
STU2456,18,Female,USA,High School,Single,TikTok,5.8,4-6 hrs,7.0,4.8,7.5,6.7,1,Yes
STU2457,24,Male,UK,Undergraduate,Complicated,TikTok,3.1,2-4 hrs,8.48,1.0,8.0,8.1,0,No
STU2458,24,Male,India,High School,Single,TikTok,0.5,<2 hrs,10.0,1.0,8.0,8.9,0,No
STU2459,18,Female,UK,Postgraduate,Single,Facebook,4.0,4-6 hrs,7.32,2.7,7.6,7.5,1,No
STU2460,18,Female,India,Undergraduate,Single,Instagram,5.6,4-6 hrs,7.65,5.2,6.8,5.6,2,Yes
STU2461,21,Female,Germany,High School,Single,YouTube,8.1,6+ hrs,6.02,5.9,6.0,6.8,3,Yes
STU2462,16,Non-binary,Germany,Undergraduate,Single,Twitter/X,1.5,<2 hrs,9.37,1.0,8.0,8.7,1,No
STU2463,20,Male,UK,Undergraduate,Single,Instagram,0.9,<2 hrs,9.21,1.0,8.6,8.4,0,No
STU2464,24,Female,USA,High School,Single,YouTube,4.5,4-6 hrs,8.25,4.5,7.4,5.7,2,Yes
STU2465,24,Female,India,High School,Single,YouTube,3.4,2-4 hrs,8.1,1.9,8.4,7.5,0,No
STU2466,23,Female,Canada,High School,Single,TikTok,3.2,2-4 hrs,7.17,1.5,8.1,9.7,0,No
STU2467,21,Female,Australia,High School,Single,TikTok,5.9,4-6 hrs,7.72,5.3,7.4,5.3,2,Yes
STU2468,24,Male,Australia,Undergraduate,In a relationship,YouTube,4.5,4-6 hrs,6.91,4.0,6.6,6.8,1,Yes
STU2469,18,Female,UK,Postgraduate,Single,Snapchat,3.6,2-4 hrs,8.63,3.5,7.5,7.2,1,No
STU2470,24,Female,India,Postgraduate,Complicated,Instagram,1.7,<2 hrs,8.68,1.0,7.5,8.7,0,No
STU2471,23,Male,India,Postgraduate,Single,Facebook,4.3,4-6 hrs,8.27,1.8,7.3,7.1,0,Yes
STU2472,27,Female,India,Undergraduate,Single,Twitter/X,0.8,<2 hrs,9.82,1.0,8.0,8.6,0,No
STU2473,16,Male,India,Undergraduate,Single,YouTube,3.1,2-4 hrs,8.36,2.4,7.5,6.6,0,No
STU2474,24,Female,India,Undergraduate,Complicated,Twitter/X,2.4,2-4 hrs,8.73,2.0,8.4,8.1,1,No
STU2475,23,Female,India,Postgraduate,Complicated,Twitter/X,0.5,<2 hrs,9.53,1.5,8.6,7.8,2,No
STU2476,23,Male,Canada,Undergraduate,Single,TikTok,3.4,2-4 hrs,6.76,1.0,8.2,7.9,0,No
STU2477,21,Female,India,High School,Single,TikTok,1.5,<2 hrs,8.9,1.7,7.3,8.7,0,No
STU2478,24,Female,Canada,Postgraduate,In a relationship,Facebook,3.3,2-4 hrs,7.35,1.4,7.7,8.1,0,No
STU2479,23,Male,USA,Undergraduate,Complicated,Snapchat,1.1,<2 hrs,9.11,1.5,8.7,8.6,1,No
STU2480,17,Male,Australia,Undergraduate,In a relationship,Facebook,4.6,4-6 hrs,6.74,2.8,8.1,8.0,1,Yes
STU2481,21,Male,India,High School,Complicated,Instagram,7.4,6+ hrs,5.46,4.5,5.9,7.6,1,Yes
STU2482,27,Male,India,High School,Complicated,Twitter/X,0.8,<2 hrs,10.0,1.0,8.1,7.7,1,No
STU2483,26,Female,India,High School,In a relationship,Snapchat,1.1,<2 hrs,9.65,1.0,8.7,9.1,2,No
STU2484,23,Male,Japan,Postgraduate,Single,TikTok,0.7,<2 hrs,9.18,1.0,8.2,8.5,0,No
STU2485,21,Male,UK,Postgraduate,Single,Snapchat,2.1,2-4 hrs,8.67,1.0,7.5,8.2,0,No
STU2486,26,Non-binary,Canada,High School,Single,Instagram,3.3,2-4 hrs,7.87,2.9,6.9,6.7,1,No
STU2487,24,Male,Japan,Undergraduate,Single,Instagram,4.1,4-6 hrs,8.0,3.4,7.0,7.7,2,Yes
STU2488,27,Non-binary,Australia,Undergraduate,Single,TikTok,3.1,2-4 hrs,7.7,3.5,6.9,6.6,1,No
STU2489,20,Male,India,Undergraduate,Single,Instagram,4.0,4-6 hrs,8.3,3.1,7.5,7.8,1,No
STU2490,23,Female,USA,Undergraduate,Single,YouTube,2.4,2-4 hrs,8.27,2.1,8.3,9.3,0,No
STU2491,25,Male,Germany,Postgraduate,In a relationship,Snapchat,1.5,<2 hrs,8.57,2.2,7.5,8.6,0,No
STU2492,17,Male,Canada,High School,Single,TikTok,1.1,<2 hrs,9.02,1.0,8.4,9.5,0,No
STU2493,27,Female,India,Postgraduate,In a relationship,YouTube,2.2,2-4 hrs,8.16,1.0,8.4,8.0,0,No
STU2494,20,Male,Germany,Undergraduate,Single,TikTok,1.1,<2 hrs,9.2,1.0,8.2,9.0,0,No
STU2495,16,Male,UK,High School,Complicated,Instagram,3.2,2-4 hrs,7.74,1.1,6.9,7.6,0,No
STU2496,20,Female,Australia,Postgraduate,In a relationship,Snapchat,1.1,<2 hrs,9.29,2.7,8.4,7.5,1,No
STU2497,22,Male,Canada,High School,Single,Facebook,1.7,<2 hrs,9.46,2.4,8.0,9.0,0,No
STU2498,16,Male,USA,Undergraduate,In a relationship,Instagram,5.2,4-6 hrs,6.73,5.4,7.1,5.9,2,Yes
STU2499,25,Male,Australia,High School,Single,Twitter/X,5.6,4-6 hrs,6.9,4.0,6.8,7.8,1,Yes
STU2500,18,Female,Germany,Postgraduate,Single,Instagram,5.4,4-6 hrs,7.35,4.2,7.2,7.6,1,Yes
STU2501,21,Male,USA,Undergraduate,Single,TikTok,2.4,2-4 hrs,8.16,1.3,8.2,9.1,0,No
STU2502,27,Male,India,Undergraduate,In a relationship,TikTok,1.6,<2 hrs,9.06,1.8,9.3,7.2,0,No
STU2503,16,Male,UK,Undergraduate,In a relationship,Instagram,3.6,2-4 hrs,8.21,1.5,7.7,8.6,0,No
STU2504,18,Male,India,High School,In a relationship,YouTube,1.2,<2 hrs,9.61,1.0,9.0,8.4,0,No
STU2505,23,Male,USA,Undergraduate,In a relationship,Snapchat,4.2,4-6 hrs,7.25,2.3,7.6,8.6,0,Yes
STU2506,24,Female,UK,Postgraduate,In a relationship,Twitter/X,1.5,<2 hrs,8.26,1.0,8.1,7.3,0,No
STU2507,22,Female,USA,Postgraduate,Single,YouTube,2.1,2-4 hrs,8.37,2.7,8.0,7.9,1,No
STU2508,19,Male,India,Undergraduate,Single,Instagram,4.3,4-6 hrs,6.98,4.5,6.8,6.9,1,Yes
STU2509,22,Male,India,Postgraduate,Single,Instagram,0.5,<2 hrs,9.61,1.0,8.5,7.1,1,No
STU2510,22,Female,India,Undergraduate,In a relationship,TikTok,1.5,<2 hrs,8.13,2.1,7.1,7.3,0,No
STU2511,26,Male,USA,High School,Complicated,YouTube,3.3,2-4 hrs,9.41,3.1,7.2,6.2,1,No
STU2512,22,Male,India,Undergraduate,Complicated,YouTube,3.8,2-4 hrs,8.57,1.4,7.6,7.8,0,No
STU2513,23,Male,Canada,Undergraduate,Complicated,TikTok,3.4,2-4 hrs,7.98,2.1,8.2,8.3,0,No
STU2514,26,Female,Canada,Undergraduate,Single,Instagram,2.1,2-4 hrs,9.08,1.0,8.7,8.6,0,No
STU2515,19,Female,Australia,High School,Single,Instagram,4.6,4-6 hrs,6.45,3.8,7.2,7.2,1,Yes
STU2516,19,Male,India,Undergraduate,In a relationship,Snapchat,1.1,<2 hrs,10.0,1.0,8.3,7.8,1,No
STU2517,24,Female,Canada,Undergraduate,In a relationship,Instagram,1.0,<2 hrs,8.7,1.0,8.7,9.3,3,No
STU2518,23,Female,USA,Undergraduate,Single,Facebook,3.3,2-4 hrs,7.94,1.8,7.0,8.1,0,No
STU2519,26,Male,USA,Undergraduate,In a relationship,TikTok,0.9,<2 hrs,7.98,1.0,8.5,8.5,0,No
STU2520,19,Female,UK,High School,Single,YouTube,7.5,6+ hrs,6.42,5.1,6.2,7.1,2,Yes
STU2521,21,Male,UK,Undergraduate,In a relationship,Instagram,1.5,<2 hrs,8.16,1.0,8.0,7.8,0,No
STU2522,24,Male,Canada,Postgraduate,Complicated,TikTok,4.5,4-6 hrs,7.54,3.0,7.1,7.7,1,Yes
STU2523,27,Female,UK,High School,Complicated,Snapchat,0.8,<2 hrs,8.81,2.2,8.5,8.2,1,No
STU2524,21,Female,Canada,Undergraduate,In a relationship,Facebook,6.5,6+ hrs,5.93,4.2,7.2,6.5,1,Yes
STU2525,26,Male,Japan,High School,Single,Twitter/X,2.5,2-4 hrs,7.89,1.0,8.3,9.0,1,No
STU2526,20,Male,Germany,Postgraduate,Single,Twitter/X,1.5,<2 hrs,8.96,1.5,8.3,8.6,0,No
STU2527,27,Female,India,High School,Single,Snapchat,2.0,2-4 hrs,7.83,1.3,8.1,8.3,0,No
STU2528,22,Male,UK,High School,In a relationship,Instagram,1.3,<2 hrs,8.47,1.0,9.1,8.4,1,No
STU2529,17,Male,India,Undergraduate,Single,Twitter/X,2.1,2-4 hrs,8.95,3.3,7.2,7.7,2,No
STU2530,23,Male,UK,High School,Single,YouTube,0.8,<2 hrs,10.0,1.0,9.1,9.1,1,No
STU2531,26,Female,Australia,Undergraduate,Single,Instagram,1.6,<2 hrs,9.07,1.0,8.0,8.5,2,No
STU2532,22,Female,India,Undergraduate,Single,Instagram,4.5,4-6 hrs,6.92,3.3,7.7,8.1,1,Yes
STU2533,21,Male,India,Undergraduate,Complicated,Instagram,2.9,2-4 hrs,7.97,3.4,7.6,7.8,1,No
STU2534,18,Male,India,Undergraduate,Single,YouTube,1.0,<2 hrs,9.07,1.0,7.9,7.2,0,No
STU2535,24,Female,USA,Undergraduate,Complicated,YouTube,2.2,2-4 hrs,8.3,1.8,8.2,7.1,1,No
STU2536,17,Male,Australia,Undergraduate,Single,Instagram,5.6,4-6 hrs,7.52,5.6,7.6,7.0,4,Yes
STU2537,19,Male,USA,High School,In a relationship,YouTube,1.7,<2 hrs,8.87,1.3,8.3,8.2,0,No
STU2538,17,Female,UK,High School,In a relationship,TikTok,0.9,<2 hrs,9.64,1.0,8.0,8.6,0,No
STU2539,21,Male,UK,High School,In a relationship,Instagram,3.7,2-4 hrs,7.65,2.1,9.4,8.7,0,No
STU2540,27,Female,India,Postgraduate,Single,Snapchat,0.5,<2 hrs,10.0,1.0,9.0,8.5,0,No
STU2541,22,Female,India,Undergraduate,In a relationship,Instagram,2.0,2-4 hrs,8.5,2.5,8.5,7.8,1,No
STU2542,24,Male,Brazil,Undergraduate,Single,YouTube,5.9,4-6 hrs,6.26,3.9,6.8,6.4,2,Yes
STU2543,21,Male,USA,Undergraduate,Single,YouTube,2.1,2-4 hrs,9.86,2.1,7.7,8.2,0,No
STU2544,21,Male,USA,Undergraduate,Single,TikTok,4.8,4-6 hrs,6.25,2.2,7.2,8.3,0,Yes
STU2545,20,Female,Australia,Postgraduate,Single,Instagram,0.9,<2 hrs,8.65,1.0,8.8,8.1,1,No
STU2546,25,Female,India,Postgraduate,In a relationship,TikTok,2.0,2-4 hrs,8.22,1.0,7.5,7.9,0,No
STU2547,26,Female,Germany,Undergraduate,In a relationship,TikTok,1.9,<2 hrs,10.0,2.5,7.5,9.6,3,No
STU2548,27,Female,Canada,Undergraduate,Single,TikTok,3.6,2-4 hrs,8.96,2.6,7.9,7.6,2,No
STU2549,25,Male,India,High School,Single,Instagram,2.6,2-4 hrs,9.23,2.1,8.0,7.5,1,No
STU2550,19,Female,India,Undergraduate,In a relationship,Instagram,6.5,6+ hrs,6.38,4.8,6.5,7.1,1,Yes
STU2551,25,Female,India,Postgraduate,Single,Instagram,1.6,<2 hrs,10.0,2.0,7.6,8.0,1,No
STU2552,26,Female,India,Undergraduate,Complicated,YouTube,2.6,2-4 hrs,8.55,1.3,8.6,7.6,0,No
STU2553,19,Male,USA,Undergraduate,In a relationship,YouTube,1.9,<2 hrs,9.23,1.9,8.2,8.4,0,No
STU2554,19,Male,India,High School,In a relationship,Snapchat,2.5,2-4 hrs,8.48,1.1,7.2,7.9,0,No
STU2555,20,Female,India,Postgraduate,Single,Instagram,2.3,2-4 hrs,8.44,3.2,7.3,8.5,1,No
STU2556,16,Male,UK,High School,In a relationship,TikTok,1.1,<2 hrs,8.85,1.0,8.0,8.8,0,No
STU2557,17,Female,India,Undergraduate,Single,YouTube,4.3,4-6 hrs,7.44,2.3,7.8,7.7,1,Yes
STU2558,18,Male,India,High School,Single,Facebook,1.4,<2 hrs,9.24,1.4,8.4,8.4,1,No
STU2559,22,Male,UK,Undergraduate,Single,TikTok,1.3,<2 hrs,9.14,1.0,8.7,9.1,0,No
STU2560,16,Female,Australia,Undergraduate,In a relationship,TikTok,0.5,<2 hrs,9.26,1.0,7.6,8.6,1,No
STU2561,18,Female,Brazil,Undergraduate,In a relationship,TikTok,1.6,<2 hrs,9.69,1.3,8.2,9.8,0,No
STU2562,22,Female,UK,Undergraduate,Single,TikTok,1.4,<2 hrs,7.09,1.0,8.9,9.3,0,No
STU2563,21,Female,India,Undergraduate,Single,Instagram,0.5,<2 hrs,9.58,1.6,9.0,8.5,0,No
STU2564,17,Female,UK,Undergraduate,Single,TikTok,2.1,2-4 hrs,8.99,2.2,8.2,7.2,1,No
STU2565,19,Female,Japan,High School,Single,YouTube,6.3,6+ hrs,7.35,5.5,8.1,6.1,2,Yes
STU2566,16,Female,Brazil,High School,In a relationship,Instagram,0.7,<2 hrs,9.15,1.0,8.6,8.8,1,No
STU2567,27,Female,Australia,High School,Complicated,Snapchat,2.4,2-4 hrs,8.54,2.0,8.4,7.4,2,No
STU2568,20,Male,Australia,Undergraduate,In a relationship,Twitter/X,2.0,2-4 hrs,9.19,1.6,8.0,9.1,0,No
STU2569,27,Female,Australia,Postgraduate,Complicated,YouTube,3.9,2-4 hrs,8.64,3.6,7.1,6.5,1,No
STU2570,17,Male,India,Undergraduate,Single,Twitter/X,4.1,4-6 hrs,7.47,3.8,7.0,6.7,2,Yes
STU2571,23,Female,UK,High School,Single,TikTok,9.4,6+ hrs,5.43,6.7,6.2,5.3,3,Yes
STU2572,25,Female,Canada,Postgraduate,In a relationship,Instagram,3.0,2-4 hrs,9.16,1.0,7.6,9.0,0,No
STU2573,21,Male,India,Undergraduate,Single,Snapchat,1.2,<2 hrs,7.69,2.3,7.3,7.3,0,No
STU2574,27,Male,Brazil,Postgraduate,In a relationship,Twitter/X,1.6,<2 hrs,8.37,1.6,7.6,6.9,0,No
STU2575,27,Male,India,High School,Complicated,Twitter/X,1.7,<2 hrs,9.61,1.0,7.9,9.3,0,No
STU2576,16,Female,India,Undergraduate,In a relationship,Instagram,1.5,<2 hrs,9.48,1.4,8.5,8.0,0,No
STU2577,17,Male,India,Postgraduate,Single,TikTok,7.3,6+ hrs,6.53,3.9,6.7,6.3,1,Yes
STU2578,19,Female,USA,Undergraduate,Single,TikTok,4.0,4-6 hrs,7.43,3.6,7.5,6.7,1,No
STU2579,18,Female,UK,Undergraduate,Single,Instagram,3.6,2-4 hrs,7.35,1.3,7.1,9.6,0,No
STU2580,24,Female,India,Undergraduate,In a relationship,Twitter/X,1.0,<2 hrs,8.7,1.0,8.3,8.0,0,No
STU2581,16,Male,Australia,Postgraduate,Complicated,Instagram,4.1,4-6 hrs,8.58,3.1,8.1,7.4,1,Yes
STU2582,22,Female,India,Postgraduate,In a relationship,Instagram,5.3,4-6 hrs,6.74,4.5,7.3,6.4,1,Yes
STU2583,24,Female,UK,High School,Single,Instagram,2.1,2-4 hrs,8.62,1.6,7.2,7.3,1,No
STU2584,24,Female,UK,High School,Single,YouTube,1.5,<2 hrs,8.37,1.6,7.5,7.7,1,No
STU2585,21,Male,Brazil,Undergraduate,In a relationship,Snapchat,6.6,6+ hrs,7.04,4.6,7.1,5.8,2,Yes
STU2586,27,Male,Brazil,High School,Single,TikTok,1.4,<2 hrs,8.55,1.0,8.0,9.2,0,No
STU2587,22,Male,India,High School,Single,Snapchat,1.3,<2 hrs,8.86,1.0,8.1,8.6,0,No
STU2588,23,Male,UK,Postgraduate,In a relationship,Snapchat,1.1,<2 hrs,7.99,1.0,7.9,10.0,0,No
STU2589,18,Female,Japan,Undergraduate,In a relationship,Twitter/X,2.3,2-4 hrs,7.5,1.0,8.2,8.0,0,No
STU2590,20,Male,USA,Undergraduate,Single,Instagram,3.0,2-4 hrs,8.15,1.5,7.6,7.6,1,No
STU2591,19,Male,India,High School,In a relationship,TikTok,4.8,4-6 hrs,6.54,3.6,7.2,8.3,1,Yes
STU2592,24,Male,Australia,Undergraduate,In a relationship,YouTube,3.7,2-4 hrs,9.1,2.4,7.1,8.5,1,No
STU2593,24,Male,UK,High School,In a relationship,TikTok,3.6,2-4 hrs,6.64,2.4,8.1,8.1,0,No
STU2594,19,Female,Brazil,Undergraduate,Complicated,YouTube,5.9,4-6 hrs,6.36,3.9,6.9,6.3,1,Yes
STU2595,27,Female,UK,Undergraduate,Single,TikTok,1.0,<2 hrs,9.06,1.0,8.6,9.7,0,No
STU2596,17,Male,UK,Postgraduate,In a relationship,TikTok,0.6,<2 hrs,9.01,1.0,7.8,8.4,0,No
STU2597,16,Male,Brazil,Undergraduate,In a relationship,Twitter/X,3.8,2-4 hrs,7.13,2.4,8.4,7.5,0,No
STU2598,18,Female,USA,Undergraduate,In a relationship,Instagram,2.3,2-4 hrs,7.89,1.6,8.6,9.0,0,No
STU2599,17,Male,UK,Postgraduate,In a relationship,Twitter/X,4.8,4-6 hrs,6.75,3.7,6.3,7.1,1,Yes
STU2600,20,Female,Germany,Undergraduate,In a relationship,YouTube,2.4,2-4 hrs,8.25,1.5,7.5,7.4,0,No
STU2601,21,Male,UK,Undergraduate,Single,TikTok,1.5,<2 hrs,10.0,1.0,8.4,8.5,2,No
STU2602,24,Male,India,Undergraduate,Single,TikTok,3.8,2-4 hrs,7.84,1.5,6.9,7.7,0,No
STU2603,19,Male,UK,Undergraduate,Complicated,Snapchat,2.7,2-4 hrs,8.99,4.0,7.8,4.9,1,No
STU2604,19,Female,USA,High School,Single,YouTube,2.4,2-4 hrs,8.72,1.0,8.1,7.9,0,No
STU2605,19,Female,Japan,High School,In a relationship,YouTube,10.6,6+ hrs,5.4,7.0,5.8,5.1,2,Yes
STU2606,16,Male,India,High School,In a relationship,Snapchat,5.6,4-6 hrs,5.3,4.3,7.4,6.0,1,Yes
STU2607,18,Female,Australia,Undergraduate,Single,TikTok,4.2,4-6 hrs,7.43,3.2,7.1,7.8,1,Yes
STU2608,19,Male,India,Undergraduate,In a relationship,TikTok,2.7,2-4 hrs,9.07,2.3,6.7,7.3,3,No
STU2609,16,Male,Canada,High School,Single,Instagram,2.6,2-4 hrs,7.99,1.5,8.3,8.6,1,No
STU2610,20,Male,USA,Postgraduate,Single,TikTok,2.0,2-4 hrs,9.66,1.6,8.5,7.3,0,No
STU2611,25,Female,Brazil,High School,Complicated,Facebook,2.9,2-4 hrs,9.09,2.1,9.0,8.6,3,No
STU2612,24,Male,UK,Postgraduate,Single,Snapchat,1.7,<2 hrs,8.45,1.0,7.0,7.6,0,No
STU2613,16,Female,Germany,High School,Single,TikTok,0.8,<2 hrs,8.84,1.0,8.7,6.9,1,No
STU2614,27,Male,Canada,Postgraduate,Single,Instagram,2.4,2-4 hrs,7.81,2.5,6.9,8.6,2,No
STU2615,22,Female,USA,High School,Single,Snapchat,3.1,2-4 hrs,7.73,2.2,8.6,7.3,0,No
STU2616,17,Female,USA,Postgraduate,Single,Snapchat,4.9,4-6 hrs,6.56,3.4,7.5,8.5,1,Yes
STU2617,25,Non-binary,India,Undergraduate,Single,Instagram,1.3,<2 hrs,9.17,1.8,7.7,8.5,1,No
STU2618,27,Female,India,High School,Single,Snapchat,2.6,2-4 hrs,7.46,2.6,8.2,8.3,1,No
STU2619,26,Male,India,High School,Single,TikTok,3.6,2-4 hrs,8.24,3.8,7.3,7.8,2,No
STU2620,24,Male,India,Postgraduate,Single,Instagram,3.6,2-4 hrs,8.26,1.1,7.8,8.5,2,No
STU2621,19,Male,UK,High School,Single,Facebook,7.1,6+ hrs,5.31,5.7,6.8,6.2,2,Yes
STU2622,18,Male,Japan,Undergraduate,In a relationship,Instagram,2.0,2-4 hrs,9.53,1.9,8.9,8.9,1,No
STU2623,27,Female,Australia,High School,Single,Instagram,1.2,<2 hrs,9.27,1.0,9.1,8.6,0,No
STU2624,26,Male,India,High School,In a relationship,Facebook,2.7,2-4 hrs,8.73,2.1,7.5,7.4,0,No
STU2625,22,Male,Canada,High School,Single,Instagram,2.1,2-4 hrs,8.1,2.3,8.5,8.3,0,No
STU2626,21,Female,UK,Undergraduate,Complicated,YouTube,1.8,<2 hrs,9.06,1.0,8.2,7.0,0,No
STU2627,26,Male,Canada,Undergraduate,In a relationship,Facebook,1.6,<2 hrs,9.46,1.5,7.4,9.2,0,No
STU2628,25,Male,Canada,High School,In a relationship,Facebook,3.1,2-4 hrs,8.05,2.9,7.4,8.5,1,No
STU2629,23,Male,India,Undergraduate,Single,Instagram,1.4,<2 hrs,10.0,1.0,9.3,9.3,0,No
STU2630,24,Female,Brazil,Undergraduate,Single,TikTok,4.2,4-6 hrs,7.64,2.8,7.6,8.4,1,Yes
STU2631,27,Male,UK,High School,Single,Instagram,4.0,4-6 hrs,8.38,3.0,8.0,7.4,1,No
STU2632,22,Female,Australia,High School,Complicated,Instagram,3.3,2-4 hrs,8.19,1.7,7.6,8.1,1,No
STU2633,21,Male,USA,Postgraduate,In a relationship,Facebook,1.0,<2 hrs,9.4,1.0,8.0,7.6,1,No
STU2634,27,Male,India,Undergraduate,Single,TikTok,3.0,2-4 hrs,7.15,2.0,7.8,9.2,0,No
STU2635,23,Female,Canada,Postgraduate,Single,Instagram,5.1,4-6 hrs,7.43,4.2,7.1,6.6,2,Yes
STU2636,24,Male,Brazil,High School,Single,YouTube,4.4,4-6 hrs,7.08,3.6,6.7,7.4,1,Yes
STU2637,23,Non-binary,UK,Undergraduate,Single,Instagram,4.0,4-6 hrs,7.19,2.1,7.0,8.1,0,No
STU2638,21,Female,India,High School,In a relationship,Facebook,2.5,2-4 hrs,9.42,2.3,8.2,6.9,0,No
STU2639,23,Male,Canada,Undergraduate,Single,YouTube,2.5,2-4 hrs,8.25,1.1,7.7,7.2,0,No
STU2640,24,Non-binary,USA,High School,Single,TikTok,5.6,4-6 hrs,6.38,2.6,7.1,7.7,1,Yes
STU2641,21,Male,USA,Undergraduate,Single,TikTok,3.1,2-4 hrs,7.89,1.9,7.8,7.7,0,No
STU2642,21,Female,Brazil,Postgraduate,In a relationship,Snapchat,3.1,2-4 hrs,7.32,3.1,7.9,7.4,3,No
STU2643,17,Female,Australia,Undergraduate,Single,Snapchat,12.0,6+ hrs,4.96,8.9,6.1,5.3,4,Yes
STU2644,24,Female,UK,Undergraduate,Single,Facebook,2.0,2-4 hrs,8.18,1.4,7.5,8.5,0,No
STU2645,23,Female,USA,High School,Single,TikTok,0.5,<2 hrs,9.59,1.0,8.7,9.0,1,No
STU2646,20,Female,India,Undergraduate,In a relationship,Snapchat,2.2,2-4 hrs,9.32,1.2,8.3,8.7,0,No
STU2647,25,Male,USA,Undergraduate,Single,TikTok,2.3,2-4 hrs,8.16,1.7,8.4,7.9,0,No
STU2648,18,Male,UK,Undergraduate,In a relationship,YouTube,3.0,2-4 hrs,8.47,1.2,7.0,7.7,0,No
STU2649,24,Male,India,Postgraduate,Single,TikTok,3.6,2-4 hrs,7.26,2.2,7.7,8.1,0,No
STU2650,26,Male,USA,Postgraduate,Single,YouTube,0.5,<2 hrs,10.0,1.0,9.2,8.6,1,No
STU2651,25,Female,UK,Undergraduate,Single,TikTok,3.6,2-4 hrs,8.44,1.4,7.6,8.9,0,No
STU2652,22,Female,Canada,High School,In a relationship,Instagram,2.4,2-4 hrs,8.3,1.0,8.1,8.4,0,No
STU2653,24,Female,Australia,Postgraduate,In a relationship,Instagram,2.0,2-4 hrs,8.14,1.7,8.4,7.9,1,No
STU2654,22,Male,India,Undergraduate,Single,Facebook,0.5,<2 hrs,9.21,1.0,7.9,8.3,0,No
STU2655,27,Female,India,High School,In a relationship,TikTok,6.4,6+ hrs,6.42,4.2,7.8,6.3,2,Yes
STU2656,23,Female,India,High School,In a relationship,Facebook,1.8,<2 hrs,9.86,1.0,8.3,9.5,0,No
STU2657,25,Female,UK,Postgraduate,Single,YouTube,4.0,4-6 hrs,6.96,4.1,7.8,7.7,1,No
STU2658,20,Female,USA,High School,In a relationship,Instagram,1.2,<2 hrs,9.04,1.0,7.4,7.7,0,No
STU2659,25,Male,India,Undergraduate,Single,Instagram,3.1,2-4 hrs,8.09,2.4,8.1,8.4,0,No
STU2660,25,Male,Australia,High School,Complicated,Twitter/X,2.1,2-4 hrs,8.48,1.1,8.2,7.2,0,No
STU2661,21,Male,Canada,High School,In a relationship,Instagram,3.9,2-4 hrs,7.68,2.8,8.3,8.3,1,No
STU2662,27,Female,Germany,Undergraduate,Single,Instagram,2.0,2-4 hrs,8.53,1.8,7.8,7.6,1,No
STU2663,23,Female,India,Undergraduate,In a relationship,Instagram,1.2,<2 hrs,9.48,1.0,7.7,8.8,0,No
STU2664,22,Female,UK,Undergraduate,Single,TikTok,2.5,2-4 hrs,8.74,1.7,7.5,6.8,1,No
STU2665,16,Female,Canada,Undergraduate,Single,Instagram,2.4,2-4 hrs,8.67,2.6,7.6,6.9,1,No
STU2666,25,Male,India,High School,Single,Instagram,3.0,2-4 hrs,6.33,3.5,7.2,7.6,1,No
STU2667,19,Female,Japan,Undergraduate,In a relationship,Twitter/X,4.7,4-6 hrs,7.56,3.2,8.0,6.9,1,Yes
STU2668,23,Female,Australia,Postgraduate,Single,Facebook,1.0,<2 hrs,8.06,1.0,8.9,7.9,0,No
STU2669,26,Female,India,High School,Single,Facebook,4.6,4-6 hrs,7.82,5.0,7.3,7.5,2,Yes
STU2670,24,Female,Canada,High School,In a relationship,Snapchat,0.8,<2 hrs,10.0,1.5,8.1,9.8,1,No
STU2671,21,Female,India,Undergraduate,In a relationship,Instagram,3.8,2-4 hrs,7.23,2.2,6.6,8.6,0,No
STU2672,26,Male,Germany,Undergraduate,Single,Instagram,3.9,2-4 hrs,7.59,2.2,7.9,7.1,0,No
STU2673,19,Female,India,Undergraduate,In a relationship,Instagram,1.7,<2 hrs,8.38,2.0,8.9,9.2,1,No
STU2674,17,Female,Brazil,Undergraduate,Single,YouTube,1.3,<2 hrs,9.66,1.0,7.9,7.4,1,No
STU2675,27,Male,Germany,High School,In a relationship,Snapchat,1.2,<2 hrs,9.02,1.7,8.1,7.9,0,No
STU2676,24,Female,USA,Postgraduate,In a relationship,YouTube,2.6,2-4 hrs,9.37,2.1,8.1,8.0,0,No
STU2677,16,Female,Canada,Postgraduate,In a relationship,TikTok,4.1,4-6 hrs,7.9,3.3,8.3,8.7,1,Yes
STU2678,20,Male,India,High School,Complicated,Snapchat,2.2,2-4 hrs,8.66,1.3,8.0,9.0,0,No
STU2679,23,Female,USA,Undergraduate,In a relationship,TikTok,0.5,<2 hrs,9.32,1.0,8.5,8.2,0,No
STU2680,19,Female,India,Undergraduate,Single,Instagram,1.6,<2 hrs,9.27,2.3,8.2,7.2,2,No
STU2681,16,Male,UK,Undergraduate,In a relationship,YouTube,1.6,<2 hrs,7.74,1.0,7.4,9.2,1,No
STU2682,19,Non-binary,USA,Undergraduate,Complicated,Instagram,3.5,2-4 hrs,7.98,2.1,6.9,7.6,0,No
STU2683,20,Male,USA,Postgraduate,Single,Instagram,3.7,2-4 hrs,7.79,2.5,7.2,7.9,1,No
STU2684,20,Male,USA,Undergraduate,In a relationship,YouTube,2.8,2-4 hrs,8.68,2.1,8.3,7.0,0,No
STU2685,27,Male,Germany,High School,Single,YouTube,4.6,4-6 hrs,7.32,2.4,7.2,8.2,0,Yes
STU2686,16,Male,UK,Undergraduate,Single,Instagram,4.8,4-6 hrs,6.72,2.9,7.0,7.9,1,Yes
STU2687,17,Male,Germany,Undergraduate,In a relationship,YouTube,1.7,<2 hrs,8.74,1.0,7.8,7.6,1,No
STU2688,21,Female,Germany,High School,Single,Twitter/X,1.2,<2 hrs,8.31,1.5,8.1,9.0,1,No
STU2689,25,Male,India,High School,Single,Snapchat,2.4,2-4 hrs,7.26,1.0,8.8,8.9,0,No
STU2690,20,Female,Australia,High School,Single,TikTok,2.8,2-4 hrs,8.68,1.0,7.7,9.0,1,No
STU2691,24,Female,Canada,Postgraduate,In a relationship,Instagram,1.6,<2 hrs,9.13,1.0,7.7,8.2,1,No
STU2692,22,Male,UK,Undergraduate,In a relationship,Instagram,12.0,6+ hrs,4.38,7.2,5.5,5.5,3,Yes
STU2693,20,Male,India,Postgraduate,In a relationship,Snapchat,6.2,6+ hrs,7.49,5.4,7.8,6.3,2,Yes
STU2694,27,Male,UK,Postgraduate,In a relationship,Instagram,1.5,<2 hrs,8.43,1.1,7.9,8.3,1,No
STU2695,27,Male,India,High School,Single,Twitter/X,1.0,<2 hrs,8.19,1.1,7.7,8.6,0,No
STU2696,24,Female,Germany,High School,Single,TikTok,1.4,<2 hrs,8.83,1.4,7.9,9.2,2,No
STU2697,16,Male,Brazil,Undergraduate,Single,TikTok,4.9,4-6 hrs,7.09,3.5,7.3,8.0,1,Yes
STU2698,18,Male,USA,Undergraduate,Single,TikTok,5.0,4-6 hrs,6.74,3.4,7.6,6.5,1,Yes
STU2699,17,Male,USA,Undergraduate,Single,Instagram,6.2,6+ hrs,6.66,5.2,7.5,7.1,2,Yes
STU2700,27,Female,UK,Undergraduate,In a relationship,Twitter/X,1.2,<2 hrs,8.59,1.0,7.7,9.3,0,No
STU2701,22,Male,India,Postgraduate,In a relationship,TikTok,3.5,2-4 hrs,6.82,3.6,7.1,7.1,2,No
STU2702,24,Male,India,Postgraduate,In a relationship,YouTube,1.3,<2 hrs,8.65,1.4,8.0,8.7,0,No
STU2703,27,Female,Brazil,High School,In a relationship,Instagram,7.1,6+ hrs,5.62,4.5,7.1,7.1,1,Yes
STU2704,17,Female,USA,Postgraduate,Single,TikTok,1.2,<2 hrs,9.1,1.0,7.6,7.9,1,No
STU2705,27,Male,UK,Postgraduate,Single,Instagram,0.8,<2 hrs,8.75,1.0,8.0,8.2,0,No
STU2706,21,Female,Canada,Undergraduate,Complicated,TikTok,1.0,<2 hrs,9.72,1.7,8.0,8.7,1,No
STU2707,17,Male,Germany,Undergraduate,Single,Instagram,2.5,2-4 hrs,9.34,1.4,8.3,8.0,3,No
STU2708,18,Male,India,High School,In a relationship,Instagram,4.0,4-6 hrs,8.11,2.2,7.8,8.6,0,No
STU2709,16,Female,Brazil,High School,In a relationship,Snapchat,3.9,2-4 hrs,6.81,3.0,8.0,8.4,1,No
STU2710,21,Female,USA,Undergraduate,In a relationship,TikTok,1.0,<2 hrs,9.95,1.0,8.9,9.3,0,No
STU2711,17,Female,Brazil,Undergraduate,In a relationship,Twitter/X,1.8,<2 hrs,9.64,1.5,7.9,9.6,0,No
STU2712,18,Female,USA,Undergraduate,Single,Snapchat,1.7,<2 hrs,8.75,2.7,7.5,7.6,1,No
STU2713,21,Male,India,Undergraduate,Complicated,TikTok,0.9,<2 hrs,9.89,1.4,7.7,8.4,0,No
STU2714,21,Female,India,Undergraduate,Single,YouTube,1.6,<2 hrs,8.45,1.1,7.2,8.7,0,No
STU2715,19,Male,Japan,High School,In a relationship,YouTube,6.0,6+ hrs,5.68,3.1,6.8,7.4,1,Yes
STU2716,16,Female,India,High School,Single,YouTube,0.8,<2 hrs,8.68,1.0,8.1,8.9,0,No
STU2717,22,Male,UK,Postgraduate,In a relationship,YouTube,2.9,2-4 hrs,9.23,2.6,8.2,6.5,2,No
STU2718,17,Male,UK,High School,Single,YouTube,6.1,6+ hrs,5.86,3.3,7.0,7.5,2,Yes
STU2719,21,Male,USA,High School,Single,TikTok,5.9,4-6 hrs,6.84,5.8,6.8,5.1,2,Yes
STU2720,22,Male,USA,High School,Single,Snapchat,7.3,6+ hrs,6.24,5.1,6.6,5.8,2,Yes
STU2721,17,Male,USA,Undergraduate,Complicated,YouTube,3.1,2-4 hrs,7.8,2.2,7.2,8.4,1,No
STU2722,21,Male,India,Undergraduate,Single,TikTok,3.5,2-4 hrs,7.66,1.9,8.1,7.9,0,No
STU2723,16,Male,Australia,Undergraduate,Single,TikTok,1.6,<2 hrs,8.82,1.5,7.7,8.7,1,No
STU2724,21,Male,USA,Undergraduate,In a relationship,TikTok,0.7,<2 hrs,8.85,1.0,7.8,8.3,0,No
STU2725,23,Male,India,High School,In a relationship,Instagram,2.2,2-4 hrs,7.66,3.3,8.4,8.1,2,No
STU2726,23,Male,USA,Undergraduate,Single,Facebook,5.3,4-6 hrs,7.24,4.8,7.5,6.4,1,Yes
STU2727,22,Male,Canada,Undergraduate,Single,TikTok,0.5,<2 hrs,9.92,1.1,7.5,7.1,0,No
STU2728,19,Female,Australia,Undergraduate,Single,Twitter/X,1.7,<2 hrs,9.26,1.0,8.5,8.7,1,No
STU2729,19,Female,India,High School,Single,Instagram,3.7,2-4 hrs,7.35,2.8,7.2,6.1,1,No
STU2730,20,Female,UK,Undergraduate,In a relationship,YouTube,2.5,2-4 hrs,7.62,2.7,7.7,6.6,2,No
STU2731,23,Male,USA,Undergraduate,Single,TikTok,5.7,4-6 hrs,6.76,4.5,7.2,6.1,1,Yes
STU2732,19,Male,Germany,Undergraduate,Single,Snapchat,4.9,4-6 hrs,8.24,2.6,7.6,7.0,1,Yes
STU2733,24,Female,Brazil,Undergraduate,Single,Facebook,0.7,<2 hrs,9.57,1.0,8.5,8.1,1,No
STU2734,18,Male,Canada,Undergraduate,Single,YouTube,2.7,2-4 hrs,8.71,1.5,7.8,7.5,2,No
STU2735,24,Female,UK,Undergraduate,Single,Instagram,1.3,<2 hrs,9.45,1.0,8.0,7.5,0,No
STU2736,17,Male,Australia,Undergraduate,Single,TikTok,1.3,<2 hrs,9.17,2.1,8.4,9.0,1,No
STU2737,21,Female,UK,Postgraduate,In a relationship,Instagram,0.7,<2 hrs,9.26,1.0,8.3,8.0,0,No
STU2738,20,Female,India,Undergraduate,Single,TikTok,3.0,2-4 hrs,8.55,2.6,8.7,6.1,1,No
STU2739,20,Female,Australia,Undergraduate,In a relationship,TikTok,5.8,4-6 hrs,6.56,3.0,7.3,7.2,2,Yes
STU2740,26,Non-binary,UK,Undergraduate,Single,TikTok,3.2,2-4 hrs,7.21,1.5,7.2,7.5,0,No
STU2741,21,Female,India,Undergraduate,Single,TikTok,0.7,<2 hrs,9.62,1.0,8.1,7.9,2,No
STU2742,25,Female,India,High School,Single,YouTube,2.4,2-4 hrs,9.16,1.2,7.9,8.9,0,No
STU2743,22,Female,India,Postgraduate,In a relationship,Instagram,3.6,2-4 hrs,7.21,3.7,8.2,6.8,2,No
STU2744,19,Male,Australia,Postgraduate,In a relationship,Instagram,2.3,2-4 hrs,8.96,1.8,8.6,7.3,2,No
STU2745,19,Male,UK,Postgraduate,Single,Twitter/X,3.1,2-4 hrs,9.11,1.2,7.5,8.7,1,No
STU2746,27,Male,India,Undergraduate,Single,Twitter/X,1.4,<2 hrs,8.87,1.8,7.7,8.9,0,No
STU2747,24,Female,Germany,High School,Single,YouTube,2.1,2-4 hrs,8.06,2.5,7.4,8.1,1,No
STU2748,19,Male,Canada,High School,Single,Snapchat,2.0,2-4 hrs,8.67,1.5,8.1,6.5,0,No
STU2749,23,Male,Australia,Postgraduate,In a relationship,TikTok,6.5,6+ hrs,6.24,6.2,8.0,5.1,2,Yes
STU2750,25,Non-binary,Brazil,High School,Single,Instagram,1.0,<2 hrs,8.68,1.4,8.5,8.3,0,No
STU2751,16,Female,India,Undergraduate,Single,Instagram,0.5,<2 hrs,9.53,1.0,7.6,8.3,1,No
STU2752,19,Female,UK,Undergraduate,In a relationship,TikTok,6.2,6+ hrs,5.75,3.7,6.6,6.9,1,Yes
STU2753,17,Male,Australia,High School,Single,Snapchat,2.7,2-4 hrs,7.42,2.4,7.5,7.1,0,No
STU2754,26,Male,UK,High School,In a relationship,Instagram,0.8,<2 hrs,9.15,1.0,7.9,7.5,0,No
STU2755,25,Male,UK,Postgraduate,In a relationship,Instagram,4.6,4-6 hrs,7.42,3.6,7.2,8.6,2,Yes
STU2756,20,Male,Brazil,Postgraduate,Single,TikTok,3.8,2-4 hrs,8.0,2.1,7.7,8.0,1,No
STU2757,17,Female,India,High School,In a relationship,Instagram,7.2,6+ hrs,7.39,5.1,7.0,6.9,2,Yes
STU2758,22,Male,Canada,High School,Single,YouTube,2.9,2-4 hrs,8.26,1.4,8.3,8.3,0,No
STU2759,25,Male,Japan,Postgraduate,In a relationship,Instagram,10.6,6+ hrs,5.09,5.7,6.1,6.2,2,Yes
STU2760,22,Male,India,High School,In a relationship,Instagram,2.3,2-4 hrs,7.88,2.4,6.9,7.8,2,No
STU2761,24,Male,USA,High School,In a relationship,Facebook,3.8,2-4 hrs,8.25,1.5,7.0,7.5,1,No
STU2762,19,Female,Japan,Postgraduate,Single,YouTube,4.1,4-6 hrs,7.34,3.0,7.4,6.4,1,Yes
STU2763,20,Female,India,Postgraduate,In a relationship,Instagram,1.8,<2 hrs,8.73,1.5,8.1,8.5,1,No
STU2764,18,Male,Canada,High School,Single,YouTube,1.7,<2 hrs,8.67,1.5,8.5,8.4,0,No
STU2765,22,Female,USA,High School,In a relationship,Instagram,4.2,4-6 hrs,8.23,2.7,7.5,8.3,1,Yes
STU2766,20,Male,Australia,High School,In a relationship,Twitter/X,0.8,<2 hrs,8.35,1.0,8.3,9.0,0,No
STU2767,24,Non-binary,USA,Undergraduate,Single,Twitter/X,1.3,<2 hrs,7.55,1.3,8.3,7.8,0,No
STU2768,27,Male,USA,Undergraduate,In a relationship,TikTok,2.2,2-4 hrs,8.38,2.1,7.8,8.7,1,No
STU2769,22,Male,UK,High School,Complicated,TikTok,7.0,6+ hrs,6.63,6.3,6.8,6.4,2,Yes
STU2770,19,Female,USA,Postgraduate,Single,TikTok,4.2,4-6 hrs,7.7,3.1,8.0,7.9,1,Yes
STU2771,22,Male,India,Undergraduate,Single,Instagram,2.7,2-4 hrs,9.02,1.9,7.8,9.6,0,No
STU2772,16,Male,USA,Postgraduate,Single,YouTube,1.6,<2 hrs,9.04,1.0,8.1,9.9,3,No
STU2773,17,Female,Brazil,High School,Complicated,TikTok,8.9,6+ hrs,5.16,6.6,6.3,6.2,3,Yes
STU2774,18,Female,USA,Postgraduate,Single,Instagram,2.4,2-4 hrs,7.02,2.2,8.5,8.3,0,No
STU2775,20,Non-binary,Brazil,Postgraduate,Single,YouTube,1.3,<2 hrs,8.77,1.0,7.6,9.3,1,No
STU2776,27,Male,India,High School,In a relationship,TikTok,10.0,6+ hrs,5.62,7.4,6.9,4.9,2,Yes
STU2777,20,Male,Canada,High School,Single,Instagram,0.8,<2 hrs,8.9,1.0,7.7,8.1,2,No
STU2778,22,Female,Australia,High School,Complicated,Twitter/X,5.9,4-6 hrs,6.86,4.7,6.7,7.1,3,Yes
STU2779,24,Male,India,Undergraduate,In a relationship,Instagram,2.5,2-4 hrs,8.63,2.5,8.2,7.2,1,No
STU2780,25,Male,UK,High School,Complicated,TikTok,4.2,4-6 hrs,7.0,3.7,8.0,7.6,2,Yes
STU2781,24,Female,India,High School,Single,YouTube,3.7,2-4 hrs,8.21,2.7,6.9,7.8,2,No
STU2782,21,Female,Brazil,High School,Single,Twitter/X,4.2,4-6 hrs,8.59,2.1,6.9,7.4,0,Yes
STU2783,22,Female,UK,Postgraduate,Single,TikTok,10.6,6+ hrs,4.63,6.9,6.0,5.6,2,Yes
STU2784,27,Non-binary,India,Undergraduate,Single,Instagram,9.6,6+ hrs,4.5,7.2,7.3,6.3,3,Yes
STU2785,23,Female,Canada,High School,Single,Instagram,1.4,<2 hrs,8.83,2.9,8.8,7.6,1,No
STU2786,19,Female,Brazil,High School,Complicated,Instagram,3.6,2-4 hrs,6.55,2.2,7.5,8.0,1,No
STU2787,22,Non-binary,Australia,Undergraduate,Single,Twitter/X,0.5,<2 hrs,9.48,1.0,7.2,8.7,0,No
STU2788,21,Female,India,Undergraduate,In a relationship,Twitter/X,4.5,4-6 hrs,7.75,2.7,7.4,8.0,1,Yes
STU2789,23,Female,UK,Undergraduate,In a relationship,YouTube,5.2,4-6 hrs,8.17,2.9,7.4,7.3,2,Yes
STU2790,16,Male,Australia,Undergraduate,Single,Facebook,0.5,<2 hrs,9.16,1.0,8.2,8.7,1,No
STU2791,20,Female,Germany,Undergraduate,Single,TikTok,2.5,2-4 hrs,8.62,1.0,7.4,7.8,1,No
STU2792,27,Female,India,Undergraduate,Single,TikTok,4.2,4-6 hrs,7.09,4.0,7.5,6.4,1,Yes
STU2793,18,Female,India,High School,In a relationship,Snapchat,3.2,2-4 hrs,7.85,1.0,7.2,8.0,0,No
STU2794,24,Male,Brazil,Postgraduate,In a relationship,Instagram,0.8,<2 hrs,8.22,1.0,9.2,8.8,1,No
STU2795,24,Male,India,Undergraduate,Single,Instagram,0.9,<2 hrs,8.98,1.0,9.0,8.6,1,No
STU2796,18,Female,USA,Postgraduate,Complicated,Snapchat,2.2,2-4 hrs,8.33,1.0,8.3,8.4,0,No
STU2797,25,Male,Canada,High School,Single,YouTube,1.8,<2 hrs,8.87,2.4,8.1,8.3,1,No
STU2798,27,Female,Japan,Postgraduate,In a relationship,Twitter/X,1.9,<2 hrs,8.27,1.5,7.7,8.5,1,No
STU2799,17,Female,USA,Undergraduate,In a relationship,YouTube,0.7,<2 hrs,9.24,1.0,8.3,8.3,2,No
STU2800,20,Male,UK,High School,Single,YouTube,2.6,2-4 hrs,8.13,1.3,8.7,7.6,0,No
STU2801,19,Female,UK,Undergraduate,In a relationship,YouTube,7.1,6+ hrs,6.11,4.4,7.2,6.2,3,Yes
STU2802,22,Female,India,Undergraduate,Single,YouTube,0.8,<2 hrs,9.19,1.0,8.4,7.5,1,No
STU2803,27,Male,USA,High School,Complicated,Instagram,2.1,2-4 hrs,8.58,1.6,8.4,8.3,0,No
STU2804,23,Male,USA,Undergraduate,Single,Instagram,3.9,2-4 hrs,8.2,4.2,7.8,6.3,1,No
STU2805,19,Female,India,Postgraduate,In a relationship,TikTok,0.5,<2 hrs,9.2,1.0,8.6,8.2,3,No
STU2806,18,Male,India,High School,In a relationship,YouTube,2.6,2-4 hrs,8.12,1.8,8.3,8.0,1,No
STU2807,24,Male,India,Postgraduate,In a relationship,TikTok,5.1,4-6 hrs,7.1,3.3,7.5,8.1,1,Yes
STU2808,23,Female,UK,Undergraduate,Single,Twitter/X,1.0,<2 hrs,8.62,1.5,8.7,8.9,1,No
STU2809,26,Male,Japan,Undergraduate,Single,Instagram,2.8,2-4 hrs,8.02,2.2,7.9,7.9,0,No
STU2810,26,Male,Japan,Postgraduate,Single,Twitter/X,4.8,4-6 hrs,8.56,3.8,7.2,8.0,3,Yes
STU2811,22,Male,Canada,Undergraduate,Single,YouTube,10.2,6+ hrs,4.36,7.4,5.7,3.9,4,Yes
STU2812,26,Male,Germany,Undergraduate,In a relationship,Instagram,2.7,2-4 hrs,8.12,1.1,7.5,9.8,0,No
STU2813,23,Male,Brazil,Undergraduate,In a relationship,Instagram,1.4,<2 hrs,8.64,1.9,7.3,8.5,0,No
STU2814,23,Male,Germany,High School,Single,Snapchat,1.4,<2 hrs,8.72,1.6,7.7,8.3,0,No
STU2815,25,Female,UK,Undergraduate,Complicated,Instagram,0.7,<2 hrs,8.99,1.2,7.9,7.8,1,No
STU2816,23,Female,Australia,Undergraduate,Single,Instagram,7.5,6+ hrs,6.29,6.3,6.4,5.5,4,Yes
STU2817,26,Male,India,Undergraduate,Single,Snapchat,4.6,4-6 hrs,6.4,3.6,8.1,7.6,1,Yes
STU2818,16,Male,Canada,Postgraduate,Single,TikTok,0.9,<2 hrs,9.72,1.8,8.2,8.5,0,No
STU2819,19,Male,USA,Undergraduate,Single,YouTube,1.3,<2 hrs,9.29,1.2,8.3,8.9,0,No
STU2820,25,Male,Canada,High School,Single,Instagram,2.6,2-4 hrs,7.58,1.6,8.0,7.7,0,No
STU2821,22,Female,Canada,Postgraduate,In a relationship,YouTube,5.1,4-6 hrs,5.84,3.6,8.0,6.5,1,Yes
STU2822,21,Female,India,Undergraduate,Single,YouTube,3.6,2-4 hrs,7.29,2.5,7.3,7.9,1,No
STU2823,18,Male,Germany,Undergraduate,Single,YouTube,3.4,2-4 hrs,7.82,2.0,7.5,8.5,0,No
STU2824,18,Male,India,High School,In a relationship,Twitter/X,2.9,2-4 hrs,9.74,3.3,7.7,7.4,2,No
STU2825,27,Female,India,Undergraduate,Complicated,Twitter/X,0.9,<2 hrs,9.42,1.0,8.8,9.5,0,No
STU2826,19,Female,USA,Postgraduate,Complicated,TikTok,2.7,2-4 hrs,7.2,2.0,8.5,8.0,1,No
STU2827,25,Male,India,Undergraduate,In a relationship,YouTube,2.4,2-4 hrs,8.01,2.0,8.1,8.0,0,No
STU2828,21,Female,Japan,Undergraduate,Single,Instagram,0.6,<2 hrs,9.2,2.8,9.0,8.1,2,No
STU2829,16,Male,India,High School,Single,TikTok,7.3,6+ hrs,6.37,4.2,6.8,7.8,1,Yes
STU2830,25,Male,India,High School,In a relationship,YouTube,1.5,<2 hrs,8.04,1.0,8.0,7.6,0,No
STU2831,19,Male,India,High School,Complicated,YouTube,0.7,<2 hrs,9.1,1.0,8.9,7.7,0,No
STU2832,24,Male,India,Undergraduate,In a relationship,Instagram,1.7,<2 hrs,8.3,1.0,8.3,8.3,0,No
STU2833,22,Male,India,High School,Complicated,Twitter/X,2.0,2-4 hrs,7.94,1.6,7.6,10.0,1,No
STU2834,26,Female,UK,Undergraduate,In a relationship,YouTube,2.4,2-4 hrs,8.58,1.3,8.4,8.2,0,No
STU2835,21,Male,India,High School,Single,TikTok,2.0,2-4 hrs,9.06,1.0,7.9,8.4,3,No
STU2836,26,Male,Australia,Postgraduate,Single,Instagram,2.5,2-4 hrs,8.88,1.9,7.7,8.5,0,No
STU2837,20,Male,Australia,Undergraduate,Single,YouTube,2.8,2-4 hrs,8.58,1.6,8.2,8.9,0,No
STU2838,27,Male,USA,Undergraduate,Single,YouTube,2.7,2-4 hrs,7.99,2.1,7.8,8.1,2,No
STU2839,17,Female,Japan,High School,Single,Snapchat,3.3,2-4 hrs,8.44,3.2,7.9,8.2,1,No
STU2840,17,Male,Australia,Undergraduate,Single,Instagram,3.5,2-4 hrs,8.11,3.0,8.0,6.7,1,No
STU2841,21,Female,India,Undergraduate,Single,TikTok,3.5,2-4 hrs,8.01,3.2,7.2,6.9,1,No
STU2842,24,Female,Japan,Undergraduate,In a relationship,Facebook,4.2,4-6 hrs,7.24,3.8,7.6,7.9,2,Yes
STU2843,27,Male,Germany,High School,Single,Snapchat,1.4,<2 hrs,8.57,1.2,8.8,8.4,0,No
STU2844,24,Female,Australia,Undergraduate,Single,TikTok,1.4,<2 hrs,8.91,1.0,7.7,7.6,1,No
STU2845,16,Male,Canada,Undergraduate,Single,YouTube,5.1,4-6 hrs,8.67,3.0,7.4,6.6,1,Yes
STU2846,22,Male,Canada,Undergraduate,Single,Snapchat,1.8,<2 hrs,8.87,1.0,7.6,7.9,0,No
STU2847,22,Male,Japan,Undergraduate,Single,Instagram,2.3,2-4 hrs,8.1,1.2,8.4,8.4,0,No
STU2848,25,Male,USA,Undergraduate,In a relationship,Facebook,2.1,2-4 hrs,8.06,2.1,8.5,8.3,0,No
STU2849,17,Male,India,High School,In a relationship,Facebook,10.0,6+ hrs,4.7,7.3,5.8,5.1,2,Yes
STU2850,27,Female,India,High School,Single,Facebook,1.2,<2 hrs,10.0,1.4,9.3,8.6,0,No
STU2851,25,Female,USA,Undergraduate,Single,Facebook,1.2,<2 hrs,8.72,1.0,8.8,8.2,0,No
STU2852,19,Male,USA,Postgraduate,In a relationship,TikTok,2.5,2-4 hrs,8.92,2.9,8.2,8.4,1,No
STU2853,23,Female,India,Postgraduate,Single,Instagram,2.2,2-4 hrs,8.28,1.2,8.3,10.0,1,No
STU2854,21,Male,India,Undergraduate,In a relationship,TikTok,0.9,<2 hrs,9.25,1.0,8.8,8.2,0,No
STU2855,26,Non-binary,India,High School,Single,TikTok,2.3,2-4 hrs,8.94,1.3,7.4,8.7,0,No
STU2856,22,Female,Canada,Undergraduate,Single,TikTok,2.5,2-4 hrs,8.03,3.7,8.0,7.4,1,No
STU2857,25,Male,Canada,High School,Complicated,YouTube,1.6,<2 hrs,8.4,1.0,8.3,8.6,0,No
STU2858,26,Female,India,Undergraduate,Single,Snapchat,2.2,2-4 hrs,9.51,1.3,7.7,8.8,1,No
STU2859,26,Female,USA,Undergraduate,Single,Instagram,1.3,<2 hrs,9.51,1.0,8.4,8.8,1,No
STU2860,21,Male,India,Undergraduate,Single,TikTok,0.9,<2 hrs,9.57,1.0,8.9,8.2,2,No
STU2861,24,Male,USA,Undergraduate,Single,TikTok,1.8,<2 hrs,9.16,1.0,7.8,9.4,0,No
STU2862,26,Male,USA,Postgraduate,In a relationship,Twitter/X,1.0,<2 hrs,9.33,1.0,8.2,8.6,0,No
STU2863,27,Male,Germany,Undergraduate,In a relationship,TikTok,0.7,<2 hrs,10.0,1.4,7.9,8.0,1,No
STU2864,25,Female,Brazil,Undergraduate,Single,Instagram,0.5,<2 hrs,9.3,1.0,7.5,10.0,1,No
STU2865,25,Female,India,Undergraduate,Single,TikTok,2.9,2-4 hrs,8.54,1.1,8.2,8.4,0,No
STU2866,24,Female,India,High School,Single,TikTok,1.7,<2 hrs,7.86,1.0,8.1,8.7,0,No
STU2867,21,Male,Germany,Undergraduate,Single,Twitter/X,5.1,4-6 hrs,6.71,3.1,7.2,7.6,1,Yes
STU2868,21,Male,UK,High School,In a relationship,YouTube,1.9,<2 hrs,7.92,1.4,7.5,8.2,1,No
STU2869,24,Male,USA,Undergraduate,In a relationship,TikTok,2.9,2-4 hrs,8.96,3.1,7.7,7.8,1,No
STU2870,25,Female,India,Undergraduate,Single,YouTube,1.5,<2 hrs,7.29,1.0,8.7,7.9,0,No
STU2871,24,Female,Canada,Undergraduate,Complicated,YouTube,2.4,2-4 hrs,8.18,1.6,7.9,8.6,0,No
STU2872,18,Non-binary,India,Undergraduate,Single,YouTube,0.5,<2 hrs,7.48,1.8,8.4,6.9,0,No
STU2873,22,Female,India,Undergraduate,In a relationship,Snapchat,1.8,<2 hrs,8.19,2.0,8.2,7.1,1,No
STU2874,18,Male,USA,Postgraduate,Single,Snapchat,1.2,<2 hrs,8.67,1.3,7.6,9.6,1,No
STU2875,19,Male,UK,Undergraduate,Complicated,TikTok,4.8,4-6 hrs,8.17,4.9,7.6,5.7,2,Yes
STU2876,24,Male,India,Undergraduate,In a relationship,Snapchat,2.8,2-4 hrs,8.48,2.4,7.2,6.4,1,No
STU2877,25,Female,Canada,Undergraduate,Single,Snapchat,4.3,4-6 hrs,7.07,1.4,7.0,7.4,0,Yes
STU2878,23,Female,India,Undergraduate,Single,Twitter/X,5.5,4-6 hrs,7.66,4.5,6.6,8.0,1,Yes
STU2879,21,Male,India,Postgraduate,In a relationship,Instagram,1.6,<2 hrs,8.79,1.0,8.0,7.2,0,No
STU2880,21,Female,India,Undergraduate,In a relationship,YouTube,2.7,2-4 hrs,8.31,2.3,7.6,7.2,0,No
STU2881,23,Female,UK,Undergraduate,In a relationship,TikTok,0.9,<2 hrs,8.37,1.0,8.3,7.5,0,No
STU2882,17,Male,Canada,High School,Single,Snapchat,3.3,2-4 hrs,7.42,1.9,7.2,7.9,1,No
STU2883,20,Female,Germany,Undergraduate,Single,TikTok,3.6,2-4 hrs,7.38,2.2,8.1,7.6,0,No
STU2884,22,Female,India,High School,Single,Snapchat,3.1,2-4 hrs,8.13,1.6,8.1,7.9,1,No
STU2885,27,Male,Japan,Undergraduate,Single,YouTube,1.6,<2 hrs,8.83,1.0,8.0,9.8,0,No
STU2886,18,Female,UK,High School,In a relationship,YouTube,7.8,6+ hrs,6.92,6.3,6.3,5.0,3,Yes
STU2887,23,Female,India,Undergraduate,Single,Snapchat,2.5,2-4 hrs,8.61,1.2,7.6,8.3,0,No
STU2888,18,Male,USA,Undergraduate,In a relationship,Facebook,0.9,<2 hrs,7.47,1.1,8.1,8.7,0,No
STU2889,19,Male,India,Postgraduate,In a relationship,TikTok,3.9,2-4 hrs,7.9,2.0,6.8,7.3,0,No
STU2890,25,Male,India,Postgraduate,Single,Instagram,4.9,4-6 hrs,6.42,3.3,6.8,7.7,1,Yes
STU2891,25,Male,Brazil,Undergraduate,Single,YouTube,1.0,<2 hrs,8.47,1.0,8.7,8.2,0,No
STU2892,21,Male,India,High School,Single,Instagram,2.0,2-4 hrs,8.11,1.0,8.2,8.8,0,No
STU2893,21,Male,India,High School,Single,YouTube,0.7,<2 hrs,8.79,1.0,9.1,8.4,0,No
STU2894,17,Male,UK,Undergraduate,Single,TikTok,5.6,4-6 hrs,6.15,4.3,7.0,5.4,2,Yes
STU2895,17,Male,USA,Undergraduate,Complicated,TikTok,2.3,2-4 hrs,8.59,2.5,7.7,8.7,2,No
STU2896,18,Female,USA,High School,Complicated,Instagram,1.2,<2 hrs,8.11,1.0,8.0,9.9,1,No
STU2897,18,Female,India,Undergraduate,Single,YouTube,4.9,4-6 hrs,7.51,3.1,7.1,7.3,1,Yes
STU2898,19,Male,India,Postgraduate,Single,YouTube,2.5,2-4 hrs,9.72,1.9,7.5,7.4,0,No
STU2899,19,Male,Germany,Undergraduate,Single,Facebook,4.4,4-6 hrs,6.72,3.1,7.5,8.5,2,Yes
STU2900,19,Male,USA,Undergraduate,Complicated,TikTok,3.4,2-4 hrs,7.8,2.6,7.7,9.0,1,No
STU2901,25,Male,India,Undergraduate,Single,TikTok,1.1,<2 hrs,7.49,1.0,8.0,8.4,0,No
STU2902,25,Female,India,Postgraduate,Complicated,Instagram,1.6,<2 hrs,8.6,1.0,8.7,8.3,0,No
STU2903,26,Male,India,Undergraduate,Single,YouTube,1.2,<2 hrs,9.35,1.0,9.1,8.4,1,No
STU2904,18,Male,USA,Undergraduate,In a relationship,Instagram,0.9,<2 hrs,9.53,1.0,8.9,7.3,0,No
STU2905,16,Male,Germany,Undergraduate,In a relationship,Facebook,0.5,<2 hrs,9.32,1.0,8.7,8.3,0,No
STU2906,24,Male,USA,Undergraduate,In a relationship,Snapchat,8.8,6+ hrs,6.07,6.7,6.7,6.9,2,Yes
STU2907,17,Male,Canada,Undergraduate,Single,YouTube,3.1,2-4 hrs,9.63,2.4,8.7,7.7,1,No
STU2908,18,Female,Canada,Postgraduate,Complicated,TikTok,3.4,2-4 hrs,9.0,1.3,8.0,7.6,0,No
STU2909,17,Male,Australia,Postgraduate,Single,TikTok,5.3,4-6 hrs,6.8,4.9,6.9,6.9,1,Yes
STU2910,21,Male,Canada,High School,In a relationship,Instagram,1.6,<2 hrs,7.91,2.1,8.3,7.5,0,No
STU2911,21,Female,UK,Undergraduate,In a relationship,Instagram,0.7,<2 hrs,8.94,1.0,8.6,8.5,1,No
STU2912,16,Female,USA,Postgraduate,In a relationship,TikTok,4.2,4-6 hrs,7.04,3.2,7.0,6.5,2,Yes
STU2913,19,Male,USA,Undergraduate,In a relationship,TikTok,0.8,<2 hrs,9.41,1.0,8.2,7.8,1,No
STU2914,25,Male,USA,Undergraduate,Complicated,TikTok,4.1,4-6 hrs,6.95,3.0,8.0,8.0,2,Yes
STU2915,20,Female,UK,Postgraduate,Single,Snapchat,0.6,<2 hrs,9.19,1.3,7.4,8.4,1,No
STU2916,27,Male,USA,Postgraduate,Single,TikTok,0.8,<2 hrs,9.64,2.3,7.7,7.3,0,No
STU2917,21,Male,USA,High School,Complicated,Facebook,1.5,<2 hrs,8.76,1.7,8.0,8.2,0,No
STU2918,20,Male,USA,High School,In a relationship,Instagram,4.0,4-6 hrs,7.13,3.0,7.7,7.1,2,No
STU2919,18,Male,USA,Postgraduate,Complicated,Instagram,7.1,6+ hrs,7.01,4.7,6.0,6.1,2,Yes
STU2920,18,Male,Germany,Undergraduate,In a relationship,TikTok,3.4,2-4 hrs,6.84,2.5,7.6,8.6,1,No
STU2921,18,Female,India,Undergraduate,In a relationship,Snapchat,1.5,<2 hrs,8.63,2.1,8.7,8.5,0,No
STU2922,21,Female,Germany,Postgraduate,Single,Instagram,4.7,4-6 hrs,7.36,3.3,7.4,7.3,1,Yes
STU2923,19,Female,Australia,Postgraduate,Single,TikTok,0.6,<2 hrs,9.24,1.0,8.8,8.6,0,No
STU2924,19,Male,India,Undergraduate,Single,Instagram,1.1,<2 hrs,9.11,1.0,7.9,8.5,0,No
STU2925,18,Female,India,High School,In a relationship,Twitter/X,2.7,2-4 hrs,8.65,2.3,7.4,8.2,2,No
STU2926,19,Female,India,Undergraduate,Complicated,TikTok,4.3,4-6 hrs,7.54,3.2,7.8,6.8,1,Yes
STU2927,23,Female,Brazil,High School,Single,TikTok,2.1,2-4 hrs,8.33,1.0,8.2,9.1,1,No
STU2928,18,Male,Germany,High School,Single,Twitter/X,1.9,<2 hrs,8.4,2.2,7.4,8.1,1,No
STU2929,25,Female,USA,Undergraduate,In a relationship,Instagram,2.0,2-4 hrs,8.23,1.1,7.6,8.3,1,No
STU2930,18,Male,India,Postgraduate,In a relationship,Facebook,5.2,4-6 hrs,7.63,3.5,8.0,6.9,2,Yes
STU2931,21,Female,Germany,Postgraduate,Single,TikTok,1.3,<2 hrs,8.53,1.0,7.7,9.1,0,No
STU2932,16,Male,India,Postgraduate,Single,TikTok,1.0,<2 hrs,9.56,1.0,8.7,8.4,0,No
STU2933,25,Female,Japan,High School,In a relationship,Instagram,2.0,2-4 hrs,8.61,1.6,7.8,7.7,0,No
STU2934,21,Male,UK,Undergraduate,Single,TikTok,5.7,4-6 hrs,6.62,4.9,7.1,6.3,1,Yes
STU2935,26,Male,Australia,High School,Single,Facebook,1.4,<2 hrs,9.24,1.0,8.3,9.0,1,No
STU2936,24,Female,USA,Postgraduate,Complicated,TikTok,2.0,2-4 hrs,8.16,1.8,6.9,7.0,0,No
STU2937,18,Male,India,Undergraduate,Single,TikTok,0.6,<2 hrs,9.61,1.0,7.6,8.3,0,No
STU2938,17,Female,India,Postgraduate,In a relationship,Instagram,2.1,2-4 hrs,8.68,1.6,8.0,8.9,1,No
STU2939,18,Female,Japan,High School,In a relationship,TikTok,3.0,2-4 hrs,7.79,2.8,7.4,7.5,4,No
STU2940,27,Male,USA,Undergraduate,Complicated,Instagram,0.8,<2 hrs,9.46,1.0,8.8,8.7,0,No
STU2941,18,Female,India,High School,Single,Instagram,5.2,4-6 hrs,7.49,4.0,6.4,7.8,1,Yes
STU2942,17,Non-binary,Australia,High School,Single,TikTok,2.9,2-4 hrs,8.89,2.6,8.1,8.3,1,No
STU2943,26,Male,Brazil,High School,Single,Instagram,1.6,<2 hrs,9.36,1.0,7.4,8.2,1,No
STU2944,19,Female,India,Undergraduate,In a relationship,TikTok,2.9,2-4 hrs,8.49,2.3,7.6,7.8,0,No
STU2945,23,Male,UK,Undergraduate,Single,TikTok,3.5,2-4 hrs,7.25,2.2,7.1,8.5,1,No
STU2946,22,Female,India,Undergraduate,Single,Instagram,0.5,<2 hrs,10.0,1.0,9.3,9.2,1,No
STU2947,25,Male,Germany,Undergraduate,In a relationship,Twitter/X,3.0,2-4 hrs,7.31,1.8,7.1,8.0,2,No
STU2948,24,Non-binary,India,High School,Single,Snapchat,5.6,4-6 hrs,7.55,4.3,7.0,6.8,2,Yes
STU2949,23,Male,USA,Undergraduate,Single,Instagram,1.3,<2 hrs,9.17,1.0,7.3,8.7,1,No
STU2950,22,Female,USA,Undergraduate,In a relationship,Instagram,1.7,<2 hrs,8.03,1.5,8.9,9.2,0,No
STU2951,21,Male,Canada,Postgraduate,Single,TikTok,1.9,<2 hrs,8.57,1.3,8.2,9.1,0,No
STU2952,18,Male,India,High School,In a relationship,YouTube,4.3,4-6 hrs,7.52,1.7,7.5,8.6,0,Yes
STU2953,25,Female,USA,High School,In a relationship,YouTube,1.0,<2 hrs,9.83,1.0,9.0,7.7,0,No
STU2954,19,Female,UK,High School,Single,YouTube,3.4,2-4 hrs,7.54,2.4,7.7,7.6,0,No
STU2955,23,Female,Brazil,Undergraduate,Single,YouTube,1.9,<2 hrs,8.49,1.5,8.1,8.1,1,No
STU2956,27,Male,UK,High School,Single,TikTok,7.3,6+ hrs,4.81,4.6,6.7,7.7,1,Yes
STU2957,17,Female,India,High School,In a relationship,Twitter/X,2.0,2-4 hrs,9.64,1.0,8.3,8.3,0,No
STU2958,27,Female,India,Postgraduate,Single,Facebook,0.5,<2 hrs,8.63,1.0,8.1,9.4,0,No
STU2959,21,Male,Brazil,Undergraduate,Single,YouTube,3.9,2-4 hrs,7.94,2.5,7.4,7.4,1,No
STU2960,16,Male,Japan,Undergraduate,Single,Instagram,3.3,2-4 hrs,7.95,2.4,8.1,7.5,0,No
STU2961,22,Female,India,Undergraduate,Single,YouTube,2.8,2-4 hrs,8.18,1.7,7.9,8.5,3,No
STU2962,19,Female,Australia,Undergraduate,Complicated,Twitter/X,5.5,4-6 hrs,7.51,3.8,7.1,8.2,4,Yes
STU2963,27,Female,India,Undergraduate,Single,Twitter/X,0.5,<2 hrs,10.0,1.0,7.7,8.4,0,No
STU2964,16,Female,Germany,Undergraduate,Complicated,YouTube,1.1,<2 hrs,9.16,1.0,9.0,6.7,0,No
STU2965,20,Non-binary,India,High School,In a relationship,Snapchat,2.4,2-4 hrs,8.81,2.1,7.6,6.9,1,No
STU2966,20,Female,USA,Undergraduate,Single,Facebook,2.7,2-4 hrs,8.48,1.4,8.3,8.5,0,No
STU2967,21,Female,UK,Postgraduate,In a relationship,TikTok,2.1,2-4 hrs,9.17,1.6,8.1,7.2,0,No
STU2968,27,Female,Germany,Undergraduate,Single,YouTube,0.6,<2 hrs,8.95,1.0,7.7,7.9,2,No
STU2969,23,Female,Germany,Undergraduate,Single,TikTok,1.7,<2 hrs,9.38,1.0,8.7,8.5,1,No
STU2970,19,Male,India,Postgraduate,Single,YouTube,7.0,6+ hrs,7.02,3.9,6.9,5.3,1,Yes
STU2971,27,Female,Japan,Postgraduate,Single,YouTube,0.9,<2 hrs,9.74,2.6,8.9,7.4,3,No
STU2972,22,Male,Canada,High School,In a relationship,Instagram,2.4,2-4 hrs,8.02,1.3,7.8,7.5,0,No
STU2973,26,Male,Canada,High School,Complicated,YouTube,3.4,2-4 hrs,7.87,2.9,8.0,6.5,1,No
STU2974,19,Female,Brazil,Postgraduate,Complicated,Twitter/X,4.2,4-6 hrs,7.75,4.5,6.6,6.2,1,Yes
STU2975,17,Female,USA,Undergraduate,Single,Instagram,3.9,2-4 hrs,6.92,3.4,7.3,6.6,1,No
STU2976,23,Male,USA,Undergraduate,In a relationship,Instagram,1.6,<2 hrs,9.74,1.0,7.5,8.8,0,No
STU2977,20,Male,Japan,Undergraduate,In a relationship,YouTube,1.1,<2 hrs,9.0,1.0,8.0,9.3,2,No
STU2978,25,Male,India,Undergraduate,Single,Instagram,7.4,6+ hrs,6.34,4.5,6.9,6.5,1,Yes
STU2979,19,Female,Germany,Postgraduate,Complicated,Twitter/X,4.5,4-6 hrs,7.13,3.9,7.1,6.6,2,Yes
STU2980,27,Male,Germany,High School,Single,YouTube,2.5,2-4 hrs,7.58,2.2,8.3,7.6,1,No
STU2981,17,Male,India,Undergraduate,In a relationship,Instagram,6.1,6+ hrs,6.39,3.9,6.5,6.3,1,Yes
STU2982,22,Male,Germany,Postgraduate,Single,Twitter/X,0.7,<2 hrs,9.32,1.0,8.8,7.6,0,No
STU2983,20,Male,USA,Undergraduate,Single,TikTok,0.5,<2 hrs,9.68,1.0,9.0,7.3,0,No
STU2984,24,Female,Canada,High School,Single,TikTok,2.7,2-4 hrs,8.38,2.7,8.3,6.7,1,No
STU2985,22,Male,USA,Undergraduate,In a relationship,TikTok,2.8,2-4 hrs,8.45,2.1,7.6,9.1,1,No
STU2986,24,Female,India,High School,In a relationship,TikTok,0.6,<2 hrs,9.03,1.0,7.3,8.0,2,No
STU2987,27,Male,Brazil,Postgraduate,Single,TikTok,4.4,4-6 hrs,7.82,2.4,7.7,5.7,0,Yes
STU2988,25,Male,UK,Undergraduate,Single,Instagram,0.5,<2 hrs,10.0,1.0,8.3,8.1,1,No
STU2989,25,Female,UK,Postgraduate,Complicated,Twitter/X,3.2,2-4 hrs,8.48,3.0,7.2,6.4,2,No
STU2990,20,Male,Germany,Undergraduate,Single,Twitter/X,3.7,2-4 hrs,8.32,2.6,7.3,7.7,3,No
STU2991,26,Female,USA,Undergraduate,Single,Twitter/X,2.7,2-4 hrs,8.46,2.6,8.5,7.7,1,No
STU2992,21,Non-binary,UK,Postgraduate,Single,YouTube,0.6,<2 hrs,8.33,1.0,7.8,8.5,0,No
STU2993,23,Female,Brazil,Undergraduate,Single,TikTok,5.5,4-6 hrs,6.4,3.7,7.4,7.1,1,Yes
STU2994,25,Female,USA,High School,In a relationship,YouTube,1.6,<2 hrs,9.05,1.7,8.2,7.9,1,No
STU2995,21,Male,Australia,Postgraduate,In a relationship,Instagram,1.6,<2 hrs,8.77,1.7,7.9,7.1,0,No
STU2996,26,Female,UK,Undergraduate,In a relationship,Instagram,1.4,<2 hrs,9.13,1.6,8.5,8.1,2,No
STU2997,19,Male,India,High School,Single,Instagram,4.0,4-6 hrs,8.71,2.6,8.3,8.4,2,No
STU2998,17,Female,India,Undergraduate,Single,Snapchat,1.6,<2 hrs,9.22,1.6,8.0,9.5,1,No
STU2999,21,Female,Australia,Undergraduate,Complicated,Twitter/X,0.8,<2 hrs,9.9,1.4,8.2,8.1,2,No
STU3000,27,Male,India,Undergraduate,In a relationship,TikTok,4.8,4-6 hrs,7.4,3.3,7.6,7.3,1,Yes
STU3001,24,Female,Germany,Undergraduate,Complicated,TikTok,2.3,2-4 hrs,7.98,1.2,8.4,8.8,0,No
STU3002,23,Female,India,High School,Single,Snapchat,4.9,4-6 hrs,7.26,4.5,7.2,7.8,3,Yes
STU3003,18,Male,UK,Postgraduate,Complicated,YouTube,2.5,2-4 hrs,7.89,1.2,7.7,8.1,3,No
STU3004,20,Female,India,High School,Single,YouTube,1.3,<2 hrs,9.85,1.4,7.1,8.8,0,No
STU3005,21,Female,Australia,Undergraduate,Single,TikTok,0.5,<2 hrs,9.75,1.0,8.0,7.9,1,No
STU3006,22,Male,Australia,High School,Single,TikTok,2.7,2-4 hrs,8.6,1.0,7.3,8.7,1,No
STU3007,17,Male,Brazil,Postgraduate,Single,Instagram,1.9,<2 hrs,9.39,2.2,8.4,8.6,0,No
STU3008,21,Male,UK,High School,Single,Instagram,4.1,4-6 hrs,6.44,1.0,7.4,7.6,0,Yes
STU3009,17,Male,India,Undergraduate,Single,Snapchat,1.5,<2 hrs,9.18,1.0,8.0,8.1,1,No
STU3010,23,Female,Germany,High School,Single,Snapchat,3.2,2-4 hrs,7.27,2.7,7.7,8.3,2,No
STU3011,22,Female,USA,Undergraduate,In a relationship,Instagram,2.4,2-4 hrs,8.42,2.1,7.5,8.4,0,No
STU3012,17,Male,Brazil,High School,Single,Instagram,1.2,<2 hrs,8.77,1.0,9.0,9.2,0,No
STU3013,19,Male,Japan,Undergraduate,Single,TikTok,1.6,<2 hrs,9.18,1.2,8.7,9.0,0,No
STU3014,22,Male,India,Undergraduate,Single,Facebook,0.7,<2 hrs,9.32,1.0,9.1,8.3,0,No
STU3015,24,Female,India,High School,Single,TikTok,7.7,6+ hrs,6.84,6.0,6.9,7.5,2,Yes
STU3016,18,Female,Brazil,Undergraduate,Complicated,Snapchat,3.2,2-4 hrs,7.7,2.4,7.7,7.9,0,No
STU3017,25,Male,Brazil,Undergraduate,Single,Twitter/X,0.6,<2 hrs,9.66,1.0,9.2,6.4,0,No
STU3018,25,Female,UK,Undergraduate,Single,Facebook,7.5,6+ hrs,6.22,5.3,6.3,6.2,2,Yes
STU3019,23,Male,Brazil,Undergraduate,Single,TikTok,0.9,<2 hrs,8.11,1.0,7.8,8.2,1,No
STU3020,24,Non-binary,Brazil,Postgraduate,Single,Snapchat,1.5,<2 hrs,8.27,1.0,7.8,9.1,0,No
STU3021,23,Female,UK,Postgraduate,In a relationship,Twitter/X,2.0,2-4 hrs,8.51,1.0,8.3,8.2,0,No
STU3022,19,Female,Canada,Postgraduate,Complicated,Snapchat,2.4,2-4 hrs,9.09,3.4,7.5,8.1,1,No
STU3023,19,Female,Canada,High School,Single,Twitter/X,4.0,4-6 hrs,7.98,3.8,7.4,7.5,1,No
STU3024,26,Female,India,High School,Single,TikTok,0.5,<2 hrs,8.57,1.0,7.6,7.8,2,No
STU3025,22,Male,USA,Postgraduate,Single,Snapchat,2.5,2-4 hrs,8.29,1.5,8.1,8.2,0,No
STU3026,19,Female,Canada,High School,In a relationship,Twitter/X,1.9,<2 hrs,9.86,1.1,7.3,7.9,0,No
STU3027,26,Female,Canada,Undergraduate,In a relationship,YouTube,2.7,2-4 hrs,8.35,2.8,7.4,7.7,1,No
STU3028,25,Male,India,Undergraduate,Single,TikTok,1.8,<2 hrs,8.49,1.0,8.7,8.0,0,No
STU3029,25,Male,Brazil,Postgraduate,Complicated,Instagram,1.7,<2 hrs,9.03,1.0,8.7,8.6,0,No
STU3030,22,Female,Australia,High School,Single,Twitter/X,2.2,2-4 hrs,8.97,1.0,8.1,8.3,1,No
STU3031,24,Male,India,Undergraduate,Single,TikTok,7.2,6+ hrs,5.99,4.8,6.8,6.5,1,Yes
STU3032,27,Male,USA,Undergraduate,Complicated,TikTok,1.7,<2 hrs,9.04,1.0,7.8,9.9,1,No
STU3033,24,Male,Japan,Undergraduate,In a relationship,Instagram,5.3,4-6 hrs,6.92,3.8,6.8,6.8,1,Yes
STU3034,24,Male,USA,Undergraduate,Single,YouTube,2.7,2-4 hrs,8.72,1.4,7.6,6.9,1,No
STU3035,25,Female,Canada,High School,Single,Twitter/X,2.6,2-4 hrs,8.43,1.2,7.1,9.1,1,No
STU3036,27,Male,India,Undergraduate,Complicated,TikTok,2.8,2-4 hrs,8.53,2.5,7.9,8.5,1,No
STU3037,25,Female,USA,Undergraduate,Single,Snapchat,3.4,2-4 hrs,7.51,2.7,7.7,6.3,2,No
STU3038,21,Female,Brazil,Undergraduate,Single,TikTok,1.8,<2 hrs,8.2,1.7,7.6,7.7,0,No
STU3039,16,Female,UK,Undergraduate,Single,Facebook,5.0,4-6 hrs,7.82,3.4,8.0,7.6,1,Yes
STU3040,27,Non-binary,Germany,Postgraduate,Single,YouTube,3.4,2-4 hrs,7.92,1.9,8.0,8.4,1,No
STU3041,23,Male,India,Undergraduate,In a relationship,TikTok,0.8,<2 hrs,9.31,1.0,8.6,8.5,0,No
STU3042,21,Male,Canada,Undergraduate,Single,Facebook,0.5,<2 hrs,9.09,1.0,8.1,8.5,1,No
STU3043,22,Female,India,Postgraduate,Single,YouTube,7.1,6+ hrs,6.84,3.2,6.7,6.7,2,Yes
STU3044,17,Male,Germany,Undergraduate,Single,Twitter/X,2.8,2-4 hrs,7.88,2.3,8.1,6.2,1,No
STU3045,18,Female,Brazil,Undergraduate,In a relationship,TikTok,0.7,<2 hrs,9.1,1.0,8.4,9.9,1,No
STU3046,21,Non-binary,Canada,High School,Single,Instagram,1.7,<2 hrs,9.21,1.2,8.9,7.7,0,No
STU3047,18,Female,India,Undergraduate,In a relationship,Facebook,4.5,4-6 hrs,8.18,3.0,7.3,7.6,3,Yes
STU3048,20,Non-binary,USA,High School,In a relationship,TikTok,2.1,2-4 hrs,8.24,1.0,7.7,8.4,0,No
STU3049,19,Male,USA,Undergraduate,Single,Snapchat,2.2,2-4 hrs,9.69,1.2,8.3,9.0,0,No
STU3050,20,Male,Germany,High School,Single,Snapchat,3.9,2-4 hrs,7.93,4.2,6.9,7.0,1,No
STU3051,23,Male,USA,Undergraduate,In a relationship,Instagram,3.0,2-4 hrs,7.52,2.1,8.2,8.1,0,No
STU3052,19,Female,USA,Undergraduate,Single,Instagram,3.6,2-4 hrs,8.1,2.3,6.9,6.0,0,No
STU3053,24,Male,Canada,Undergraduate,Single,YouTube,3.9,2-4 hrs,7.52,2.7,7.8,7.1,1,No
STU3054,18,Female,Canada,Postgraduate,Single,Instagram,1.3,<2 hrs,9.18,1.2,7.9,8.9,0,No
STU3055,27,Male,Germany,Undergraduate,Single,TikTok,1.4,<2 hrs,8.84,1.5,8.4,8.7,0,No
STU3056,22,Female,Brazil,High School,In a relationship,TikTok,1.2,<2 hrs,9.0,1.0,8.7,7.8,1,No
STU3057,22,Male,Brazil,Undergraduate,In a relationship,Instagram,1.5,<2 hrs,8.28,1.4,8.2,7.2,1,No
STU3058,16,Male,Canada,Undergraduate,In a relationship,Twitter/X,2.2,2-4 hrs,9.1,2.9,7.4,7.6,1,No
STU3059,18,Non-binary,UK,Undergraduate,In a relationship,TikTok,2.3,2-4 hrs,7.77,2.4,7.5,5.8,0,No
STU3060,25,Female,Germany,Undergraduate,In a relationship,TikTok,6.0,6+ hrs,6.13,6.1,6.6,5.1,2,Yes
STU3061,16,Male,USA,High School,In a relationship,Instagram,2.9,2-4 hrs,8.42,1.5,6.8,9.5,0,No
STU3062,23,Female,Australia,High School,Complicated,Snapchat,2.2,2-4 hrs,9.47,2.9,8.5,8.6,1,No
STU3063,25,Male,UK,Postgraduate,Single,Instagram,1.0,<2 hrs,8.84,1.0,8.3,8.8,0,No
STU3064,20,Female,India,High School,Single,Instagram,1.9,<2 hrs,9.07,1.6,7.5,8.4,1,No
STU3065,19,Female,Australia,Postgraduate,Single,Facebook,7.4,6+ hrs,6.81,5.8,7.4,4.7,3,Yes
STU3066,18,Female,Canada,Undergraduate,Complicated,Instagram,7.3,6+ hrs,6.7,4.7,6.3,6.1,1,Yes
STU3067,22,Male,India,Postgraduate,In a relationship,Instagram,1.9,<2 hrs,8.46,1.4,8.2,8.1,0,No
STU3068,23,Female,USA,High School,In a relationship,Snapchat,0.5,<2 hrs,8.62,1.1,8.0,7.9,0,No
STU3069,23,Male,UK,Undergraduate,Single,YouTube,1.7,<2 hrs,7.41,1.0,7.1,8.3,1,No
STU3070,16,Female,Canada,High School,Single,YouTube,6.1,6+ hrs,6.6,5.6,6.3,7.1,2,Yes
STU3071,22,Male,Canada,Postgraduate,Single,TikTok,2.2,2-4 hrs,9.22,1.0,7.7,8.1,0,No
STU3072,20,Male,India,Undergraduate,In a relationship,Instagram,4.0,4-6 hrs,7.03,4.4,7.9,6.6,1,No
STU3073,17,Male,India,Undergraduate,In a relationship,TikTok,2.4,2-4 hrs,8.84,2.5,8.1,8.3,2,No
STU3074,23,Non-binary,Australia,Postgraduate,In a relationship,YouTube,0.6,<2 hrs,8.66,1.0,8.4,7.5,1,No
STU3075,17,Male,Japan,High School,Single,TikTok,2.4,2-4 hrs,8.48,1.4,6.9,7.7,0,No
STU3076,21,Female,Brazil,High School,Single,YouTube,4.3,4-6 hrs,7.99,2.6,8.1,7.2,1,Yes
STU3077,27,Male,UK,Undergraduate,Single,Instagram,1.5,<2 hrs,8.43,1.0,8.2,8.5,1,No
STU3078,20,Female,UK,Undergraduate,Single,YouTube,4.2,4-6 hrs,7.71,2.9,7.4,7.3,4,Yes
STU3079,21,Male,Brazil,Undergraduate,Single,YouTube,2.6,2-4 hrs,8.08,2.8,8.4,7.4,1,No
STU3080,26,Female,UK,Undergraduate,Single,Facebook,4.1,4-6 hrs,8.08,4.4,8.1,6.3,3,Yes
STU3081,25,Female,India,High School,Single,Snapchat,3.1,2-4 hrs,8.25,2.3,8.3,7.1,0,No
STU3082,23,Female,Canada,Undergraduate,Single,YouTube,1.0,<2 hrs,9.08,1.0,8.1,8.9,1,No
STU3083,24,Female,USA,High School,Single,YouTube,1.9,<2 hrs,9.58,1.0,7.5,8.3,0,No
STU3084,18,Male,Australia,High School,Complicated,Instagram,1.8,<2 hrs,9.09,1.1,8.5,8.9,1,No
STU3085,18,Male,Australia,Undergraduate,Single,Facebook,1.4,<2 hrs,8.46,1.0,7.5,7.7,1,No
STU3086,22,Male,Brazil,Undergraduate,Complicated,YouTube,2.9,2-4 hrs,8.14,1.1,8.7,8.0,0,No
STU3087,18,Male,India,Undergraduate,In a relationship,TikTok,8.3,6+ hrs,5.72,7.5,6.4,5.1,3,Yes
STU3088,26,Female,UK,Undergraduate,In a relationship,Snapchat,5.1,4-6 hrs,7.25,3.8,6.7,7.0,1,Yes
STU3089,25,Male,Australia,Postgraduate,In a relationship,Twitter/X,5.5,4-6 hrs,8.54,3.2,6.5,7.9,1,Yes
STU3090,27,Male,USA,Undergraduate,In a relationship,YouTube,1.3,<2 hrs,9.14,1.6,7.5,7.9,0,No
STU3091,20,Female,Canada,High School,Single,YouTube,5.6,4-6 hrs,5.76,3.0,7.2,8.0,2,Yes
STU3092,25,Male,Germany,Undergraduate,Single,Snapchat,6.8,6+ hrs,6.11,3.9,6.8,7.3,2,Yes
STU3093,19,Female,USA,Postgraduate,Complicated,Twitter/X,1.3,<2 hrs,7.76,1.0,7.6,8.4,1,No
STU3094,26,Female,USA,High School,Single,TikTok,3.3,2-4 hrs,7.82,3.6,7.5,6.5,1,No
STU3095,24,Male,India,Postgraduate,Single,YouTube,3.4,2-4 hrs,6.78,2.2,7.0,8.4,1,No
STU3096,26,Non-binary,Germany,Undergraduate,In a relationship,Instagram,2.0,2-4 hrs,8.08,1.0,8.3,7.9,1,No
STU3097,27,Male,Australia,Undergraduate,Single,Facebook,2.7,2-4 hrs,7.37,2.9,7.8,7.5,2,No
STU3098,23,Male,Australia,Undergraduate,Single,YouTube,3.5,2-4 hrs,8.16,2.2,7.4,7.9,0,No
STU3099,27,Non-binary,USA,High School,In a relationship,Facebook,2.1,2-4 hrs,8.56,1.0,7.3,8.4,0,No
STU3100,24,Male,UK,Postgraduate,Single,TikTok,4.9,4-6 hrs,7.48,3.2,7.1,7.1,1,Yes
STU3101,21,Male,India,Postgraduate,Single,TikTok,0.8,<2 hrs,9.08,1.0,8.1,7.9,0,No
STU3102,17,Female,USA,Postgraduate,Single,Snapchat,1.8,<2 hrs,7.85,1.6,8.2,7.1,0,No
STU3103,23,Male,USA,High School,Single,Instagram,4.0,4-6 hrs,8.01,4.2,7.6,7.9,1,No
STU3104,16,Male,India,Undergraduate,In a relationship,TikTok,7.7,6+ hrs,7.19,4.7,7.0,6.3,3,Yes
STU3105,26,Female,India,Undergraduate,Single,Snapchat,5.1,4-6 hrs,7.45,3.6,7.0,7.1,1,Yes
STU3106,20,Female,Germany,Undergraduate,Complicated,TikTok,2.7,2-4 hrs,8.03,1.3,6.9,8.3,0,No
STU3107,17,Female,Japan,Undergraduate,In a relationship,TikTok,2.2,2-4 hrs,7.65,1.0,8.4,9.3,1,No
STU3108,22,Female,USA,Postgraduate,Single,TikTok,1.9,<2 hrs,8.1,2.0,7.6,9.4,1,No
STU3109,20,Male,India,Undergraduate,In a relationship,YouTube,1.9,<2 hrs,8.92,1.7,7.5,8.3,0,No
STU3110,25,Male,Brazil,Undergraduate,Complicated,Instagram,0.5,<2 hrs,9.92,1.0,8.4,8.4,0,No
STU3111,18,Female,Brazil,Undergraduate,Single,Facebook,7.5,6+ hrs,6.28,5.6,6.8,5.4,2,Yes
STU3112,22,Female,Canada,Undergraduate,Single,TikTok,2.3,2-4 hrs,8.94,1.1,7.7,7.4,0,No
STU3113,27,Male,USA,High School,Single,Twitter/X,1.2,<2 hrs,9.38,1.0,7.9,7.3,1,No
STU3114,18,Female,India,Undergraduate,Single,YouTube,3.3,2-4 hrs,8.32,2.3,7.5,7.3,0,No
STU3115,21,Male,Brazil,Undergraduate,In a relationship,YouTube,1.3,<2 hrs,8.52,1.8,8.9,6.6,1,No
STU3116,19,Male,Brazil,Undergraduate,Single,TikTok,4.6,4-6 hrs,7.53,4.5,7.3,7.5,1,Yes
STU3117,27,Female,Australia,High School,In a relationship,Instagram,1.3,<2 hrs,8.41,1.5,7.7,8.5,1,No
STU3118,25,Female,Brazil,Postgraduate,Single,Twitter/X,4.1,4-6 hrs,7.67,2.9,7.0,7.4,1,Yes
STU3119,17,Male,India,Postgraduate,Single,Facebook,1.9,<2 hrs,8.84,1.5,7.9,9.0,1,No
STU3120,24,Non-binary,India,Postgraduate,In a relationship,TikTok,3.0,2-4 hrs,9.16,2.1,7.9,7.2,0,No
STU3121,21,Male,India,Undergraduate,In a relationship,Facebook,4.4,4-6 hrs,6.73,2.3,7.6,7.3,0,Yes
STU3122,20,Male,India,Undergraduate,Single,YouTube,1.6,<2 hrs,9.07,1.1,8.2,7.1,0,No
STU3123,20,Male,Germany,Undergraduate,Single,Instagram,4.3,4-6 hrs,8.45,1.9,7.0,8.6,2,Yes
STU3124,23,Male,Brazil,Postgraduate,Single,Instagram,0.5,<2 hrs,9.73,1.0,8.2,7.9,0,No
STU3125,20,Male,India,Undergraduate,Single,Snapchat,6.5,6+ hrs,7.07,5.9,7.2,6.1,4,Yes
STU3126,23,Female,USA,High School,In a relationship,YouTube,4.8,4-6 hrs,7.69,4.0,6.7,7.7,1,Yes
STU3127,23,Male,USA,Undergraduate,Single,TikTok,2.3,2-4 hrs,9.24,1.0,7.7,9.5,1,No
STU3128,16,Male,India,High School,In a relationship,Twitter/X,5.4,4-6 hrs,6.42,3.7,7.4,7.1,1,Yes
STU3129,19,Male,Germany,Undergraduate,In a relationship,YouTube,5.0,4-6 hrs,6.42,2.8,7.7,7.9,2,Yes
STU3130,24,Male,UK,Undergraduate,In a relationship,Snapchat,2.4,2-4 hrs,8.42,1.6,7.8,7.6,0,No
STU3131,17,Female,UK,Undergraduate,Single,Facebook,2.4,2-4 hrs,7.12,2.5,7.7,8.9,1,No
STU3132,26,Female,India,Undergraduate,In a relationship,YouTube,1.1,<2 hrs,9.74,1.3,7.6,8.2,0,No
STU3133,19,Female,UK,Postgraduate,Single,Facebook,2.5,2-4 hrs,9.11,3.7,8.1,7.2,2,No
STU3134,19,Male,Australia,Undergraduate,Single,TikTok,0.6,<2 hrs,8.97,1.4,9.0,8.0,0,No
STU3135,16,Female,USA,Undergraduate,In a relationship,Snapchat,4.1,4-6 hrs,7.43,3.0,8.8,8.3,2,Yes
STU3136,25,Female,India,High School,Single,Snapchat,4.2,4-6 hrs,7.57,3.5,7.6,7.4,3,Yes
STU3137,25,Male,UK,High School,In a relationship,Instagram,0.5,<2 hrs,9.31,1.0,8.3,9.0,0,No
STU3138,22,Female,Canada,High School,Single,Snapchat,6.1,6+ hrs,6.83,3.4,6.5,7.5,2,Yes
STU3139,27,Non-binary,India,High School,In a relationship,TikTok,1.5,<2 hrs,9.16,2.1,7.2,7.8,0,No
STU3140,16,Male,India,Undergraduate,Single,TikTok,12.0,6+ hrs,4.0,9.2,5.6,5.1,4,Yes
STU3141,20,Male,India,High School,Single,Twitter/X,2.9,2-4 hrs,8.76,1.8,9.0,8.3,0,No
STU3142,23,Male,Brazil,Undergraduate,Single,Instagram,6.1,6+ hrs,7.02,4.5,7.6,6.1,2,Yes
STU3143,19,Male,India,High School,Complicated,Instagram,1.1,<2 hrs,8.64,1.8,8.8,7.4,0,No
STU3144,20,Male,India,Undergraduate,In a relationship,Instagram,1.9,<2 hrs,9.45,2.0,8.1,8.1,0,No
STU3145,26,Female,Germany,High School,Single,YouTube,1.6,<2 hrs,7.97,1.0,8.3,9.1,0,No
STU3146,25,Male,Germany,High School,In a relationship,Facebook,0.6,<2 hrs,9.17,1.0,7.1,9.6,1,No
STU3147,27,Male,USA,Undergraduate,Single,TikTok,0.8,<2 hrs,9.72,1.0,8.7,7.3,0,No
STU3148,18,Male,Australia,Undergraduate,Single,Twitter/X,2.2,2-4 hrs,8.08,2.4,7.7,7.8,1,No
STU3149,20,Female,USA,High School,Single,Instagram,3.2,2-4 hrs,8.25,3.1,7.3,7.8,2,No
STU3150,27,Non-binary,India,High School,In a relationship,Snapchat,1.0,<2 hrs,9.38,1.8,8.1,8.3,1,No
STU3151,18,Female,USA,High School,In a relationship,Twitter/X,1.8,<2 hrs,8.17,1.0,7.9,9.2,1,No
STU3152,19,Female,UK,Undergraduate,Single,TikTok,1.3,<2 hrs,8.87,1.0,7.8,9.0,2,No
STU3153,26,Male,India,Undergraduate,Single,Snapchat,2.3,2-4 hrs,8.37,2.5,7.9,7.1,2,No
STU3154,18,Female,India,Undergraduate,In a relationship,Instagram,3.9,2-4 hrs,7.41,2.3,7.2,7.1,0,No
STU3155,20,Male,Germany,Undergraduate,In a relationship,Twitter/X,2.6,2-4 hrs,9.71,1.0,7.9,8.7,0,No
STU3156,17,Female,USA,Undergraduate,Single,Instagram,1.5,<2 hrs,8.37,1.5,7.4,8.9,0,No
STU3157,24,Female,USA,Undergraduate,Single,Snapchat,4.9,4-6 hrs,7.9,3.0,7.2,7.6,1,Yes
STU3158,18,Female,Brazil,Undergraduate,Single,Instagram,3.1,2-4 hrs,7.87,3.6,7.2,6.1,2,No
STU3159,25,Male,India,Undergraduate,Single,Instagram,2.7,2-4 hrs,7.63,2.1,7.5,7.2,0,No
STU3160,16,Female,India,Undergraduate,In a relationship,TikTok,1.0,<2 hrs,9.11,1.0,8.3,9.0,0,No
STU3161,20,Male,Germany,Undergraduate,Single,Instagram,4.6,4-6 hrs,7.82,2.9,6.5,7.3,1,Yes
STU3162,19,Female,India,High School,In a relationship,YouTube,3.4,2-4 hrs,8.52,3.7,7.2,7.2,1,No
STU3163,17,Female,Canada,Undergraduate,In a relationship,TikTok,3.5,2-4 hrs,8.86,2.7,7.9,8.4,3,No
STU3164,27,Female,Australia,High School,Complicated,Instagram,2.0,2-4 hrs,10.0,1.1,7.3,7.6,0,No
STU3165,27,Female,India,Undergraduate,In a relationship,Snapchat,1.8,<2 hrs,8.84,1.0,8.9,8.2,1,No
STU3166,23,Male,India,Undergraduate,In a relationship,TikTok,7.5,6+ hrs,5.73,5.2,7.2,6.0,2,Yes
STU3167,24,Female,UK,Undergraduate,Single,TikTok,1.7,<2 hrs,9.01,1.0,7.8,8.7,0,No
STU3168,21,Female,Australia,Undergraduate,Single,YouTube,0.8,<2 hrs,8.98,1.4,7.9,8.8,0,No
STU3169,23,Male,UK,Undergraduate,Single,TikTok,2.8,2-4 hrs,8.8,1.0,7.9,7.5,0,No
STU3170,17,Female,India,High School,Single,Instagram,2.4,2-4 hrs,7.64,1.6,7.2,8.2,0,No
STU3171,26,Female,USA,Undergraduate,Single,YouTube,5.0,4-6 hrs,8.67,4.0,6.2,7.6,3,Yes
STU3172,21,Female,USA,Postgraduate,In a relationship,Instagram,2.1,2-4 hrs,9.07,1.7,7.7,6.9,2,No
STU3173,16,Male,Germany,Postgraduate,In a relationship,YouTube,3.8,2-4 hrs,6.78,2.1,7.5,7.9,2,No
STU3174,25,Female,India,Undergraduate,Single,Snapchat,6.4,6+ hrs,6.19,5.0,6.9,5.6,2,Yes
STU3175,18,Male,Brazil,Postgraduate,Single,Instagram,3.2,2-4 hrs,8.55,1.5,7.4,7.8,1,No
STU3176,22,Female,USA,High School,In a relationship,Snapchat,1.0,<2 hrs,9.76,1.0,8.9,6.7,2,No
STU3177,27,Male,India,Undergraduate,In a relationship,Instagram,3.3,2-4 hrs,7.25,2.8,6.9,8.6,1,No
STU3178,16,Non-binary,UK,Undergraduate,Single,Instagram,1.8,<2 hrs,9.12,1.6,7.5,8.0,0,No
STU3179,21,Female,USA,High School,Single,YouTube,2.9,2-4 hrs,7.03,1.5,8.0,7.7,0,No
STU3180,22,Female,Canada,Undergraduate,Single,Instagram,2.4,2-4 hrs,8.37,2.6,7.3,7.9,1,No
STU3181,18,Male,Brazil,Undergraduate,Single,Instagram,0.8,<2 hrs,9.81,1.0,7.7,7.8,0,No
STU3182,26,Female,Brazil,Undergraduate,In a relationship,TikTok,2.1,2-4 hrs,8.22,2.1,8.0,7.2,0,No
STU3183,23,Female,India,Undergraduate,Single,Instagram,1.0,<2 hrs,8.15,1.9,7.7,9.1,0,No
STU3184,23,Male,India,Undergraduate,Single,TikTok,1.6,<2 hrs,8.87,2.0,8.0,9.3,0,No
STU3185,20,Female,Brazil,High School,Single,YouTube,4.5,4-6 hrs,7.11,4.0,7.0,6.6,3,Yes
STU3186,26,Male,Germany,Undergraduate,Complicated,Instagram,2.6,2-4 hrs,8.71,2.0,7.4,8.7,0,No
STU3187,17,Female,India,High School,Single,Snapchat,3.6,2-4 hrs,7.35,3.2,6.5,7.6,2,No
STU3188,17,Male,Germany,Undergraduate,Single,Instagram,2.7,2-4 hrs,7.82,2.1,7.9,7.0,0,No
STU3189,20,Female,Australia,High School,Single,Instagram,1.9,<2 hrs,7.43,1.0,7.4,7.9,0,No
STU3190,19,Male,India,Undergraduate,Single,Snapchat,2.9,2-4 hrs,8.3,2.3,7.7,8.9,0,No
STU3191,27,Female,Brazil,High School,In a relationship,YouTube,0.5,<2 hrs,9.18,1.0,8.1,7.5,0,No
STU3192,19,Male,USA,Undergraduate,Single,TikTok,4.1,4-6 hrs,6.94,3.3,7.4,8.9,1,Yes
STU3193,20,Female,UK,Postgraduate,Single,TikTok,1.2,<2 hrs,9.08,1.0,8.1,8.1,0,No
STU3194,16,Male,Canada,High School,In a relationship,Twitter/X,3.5,2-4 hrs,8.54,1.8,7.7,9.2,0,No
STU3195,22,Male,India,Undergraduate,In a relationship,YouTube,1.9,<2 hrs,8.52,1.9,7.7,7.8,0,No
STU3196,18,Female,Canada,High School,Single,TikTok,0.8,<2 hrs,9.3,1.0,8.9,9.1,1,No
STU3197,25,Male,Australia,Undergraduate,Single,Twitter/X,1.4,<2 hrs,9.03,2.1,7.2,8.9,0,No
STU3198,25,Male,India,Undergraduate,In a relationship,Twitter/X,3.5,2-4 hrs,7.2,2.3,7.5,8.8,1,No
STU3199,23,Female,USA,Undergraduate,Single,Facebook,9.2,6+ hrs,6.59,6.6,6.6,5.3,2,Yes
STU3200,24,Male,Canada,High School,In a relationship,Facebook,2.3,2-4 hrs,8.18,2.1,8.2,7.3,0,No
STU3201,23,Male,Brazil,Undergraduate,Single,Instagram,8.5,6+ hrs,6.07,6.4,5.9,5.7,3,Yes
STU3202,26,Female,Brazil,Undergraduate,Single,TikTok,0.5,<2 hrs,9.74,1.0,8.0,7.6,0,No
STU3203,27,Male,India,Undergraduate,Complicated,Instagram,2.0,2-4 hrs,8.52,2.1,7.5,8.1,0,No
STU3204,17,Female,Canada,Undergraduate,Single,Instagram,2.3,2-4 hrs,8.83,1.9,8.2,7.5,0,No
STU3205,22,Male,India,Postgraduate,Single,Snapchat,3.6,2-4 hrs,8.03,2.0,7.2,8.8,1,No
STU3206,27,Female,India,Undergraduate,In a relationship,Facebook,1.4,<2 hrs,8.02,1.0,8.3,8.1,0,No
STU3207,19,Male,UK,Undergraduate,Single,Facebook,3.1,2-4 hrs,7.91,1.9,7.9,6.8,0,No
STU3208,20,Female,India,High School,Complicated,YouTube,2.1,2-4 hrs,8.19,1.0,9.2,9.5,0,No
STU3209,26,Female,Brazil,Undergraduate,Single,YouTube,5.5,4-6 hrs,6.75,5.2,7.3,6.5,2,Yes
STU3210,25,Female,Germany,Undergraduate,Single,YouTube,2.8,2-4 hrs,7.46,3.1,7.4,7.5,2,No
STU3211,20,Male,USA,Postgraduate,Single,Snapchat,12.0,6+ hrs,4.78,8.8,4.8,5.4,3,Yes
STU3212,26,Male,UK,Undergraduate,Single,Instagram,2.1,2-4 hrs,9.52,1.3,7.8,9.0,1,No
STU3213,24,Female,Brazil,Undergraduate,In a relationship,TikTok,5.3,4-6 hrs,7.7,3.6,7.1,6.7,2,Yes
STU3214,27,Female,India,Undergraduate,In a relationship,TikTok,6.5,6+ hrs,7.34,5.2,5.8,6.1,2,Yes
STU3215,17,Non-binary,India,Postgraduate,Single,Snapchat,0.5,<2 hrs,9.07,1.8,8.0,7.3,2,No
STU3216,17,Male,USA,Undergraduate,Single,Instagram,4.1,4-6 hrs,7.27,2.4,7.6,6.8,1,Yes
STU3217,18,Female,USA,High School,In a relationship,Twitter/X,2.0,2-4 hrs,8.13,1.0,7.7,8.9,1,No
STU3218,20,Male,Japan,High School,Single,Snapchat,0.9,<2 hrs,9.48,1.9,8.8,8.3,0,No
STU3219,27,Non-binary,India,Postgraduate,In a relationship,Twitter/X,5.6,4-6 hrs,7.12,2.5,6.3,8.3,1,Yes
STU3220,19,Male,USA,Undergraduate,In a relationship,Instagram,1.5,<2 hrs,8.78,1.0,8.5,9.4,1,No
STU3221,25,Female,Germany,High School,Single,YouTube,0.5,<2 hrs,10.0,1.0,8.8,9.0,1,No
STU3222,25,Female,Australia,Undergraduate,Single,Instagram,2.8,2-4 hrs,8.48,1.0,8.3,9.1,1,No
STU3223,27,Female,Canada,Undergraduate,In a relationship,YouTube,6.2,6+ hrs,6.21,5.2,6.2,4.9,2,Yes
STU3224,24,Male,USA,Undergraduate,In a relationship,YouTube,0.9,<2 hrs,8.69,1.3,8.4,8.1,1,No
STU3225,18,Male,India,Postgraduate,Single,Facebook,4.4,4-6 hrs,7.93,2.6,7.1,8.4,1,Yes
STU3226,16,Male,Japan,High School,Single,Instagram,0.5,<2 hrs,9.9,1.4,7.7,7.5,0,No
STU3227,20,Male,India,Postgraduate,Complicated,Instagram,6.5,6+ hrs,6.91,5.7,6.7,6.2,4,Yes
STU3228,23,Female,Germany,Postgraduate,Single,YouTube,3.3,2-4 hrs,9.15,2.2,7.2,8.3,0,No
STU3229,16,Female,Brazil,High School,Single,TikTok,0.8,<2 hrs,10.0,1.0,8.8,8.8,0,No
STU3230,16,Male,USA,High School,Single,Twitter/X,4.2,4-6 hrs,7.87,4.7,7.7,6.9,2,Yes
STU3231,21,Male,Germany,Undergraduate,Single,Facebook,1.6,<2 hrs,8.28,1.7,7.5,8.6,0,No
STU3232,22,Female,India,High School,Single,TikTok,1.1,<2 hrs,8.22,1.0,7.9,8.6,0,No
STU3233,23,Female,Brazil,Undergraduate,Single,Instagram,1.6,<2 hrs,8.55,2.2,7.9,6.9,2,No
STU3234,23,Male,Canada,Undergraduate,Complicated,YouTube,3.9,2-4 hrs,8.2,3.0,7.5,7.9,1,No
STU3235,18,Male,India,Undergraduate,Single,TikTok,1.0,<2 hrs,10.0,1.0,8.8,8.7,0,No
STU3236,19,Female,Australia,Postgraduate,In a relationship,Twitter/X,0.5,<2 hrs,9.53,1.0,8.7,7.5,0,No
STU3237,24,Male,Brazil,Postgraduate,Complicated,YouTube,1.6,<2 hrs,9.48,2.0,8.1,9.0,0,No
STU3238,26,Non-binary,UK,High School,Single,Snapchat,5.8,4-6 hrs,6.74,2.5,6.9,8.1,4,Yes
STU3239,20,Male,Australia,Undergraduate,Single,Snapchat,5.7,4-6 hrs,7.31,3.8,6.2,6.1,1,Yes
STU3240,26,Male,Australia,Undergraduate,Single,Snapchat,1.6,<2 hrs,9.27,2.2,8.7,7.3,1,No
STU3241,24,Female,Australia,Undergraduate,Single,TikTok,1.5,<2 hrs,7.64,1.0,7.9,8.1,0,No
STU3242,27,Male,USA,Undergraduate,Complicated,Snapchat,1.4,<2 hrs,8.62,2.2,8.9,7.5,0,No
STU3243,20,Male,Australia,Postgraduate,Single,Snapchat,1.4,<2 hrs,9.44,2.1,8.2,8.2,2,No
STU3244,20,Female,UK,Undergraduate,Single,YouTube,1.5,<2 hrs,8.99,1.0,9.1,7.8,0,No
STU3245,24,Female,USA,Undergraduate,Single,Snapchat,2.9,2-4 hrs,7.48,1.6,8.1,9.0,2,No
STU3246,21,Male,India,Postgraduate,Single,Instagram,5.9,4-6 hrs,5.39,3.9,6.3,7.8,1,Yes
STU3247,18,Male,Brazil,Undergraduate,Single,Twitter/X,1.0,<2 hrs,8.83,2.8,7.9,8.0,1,No
STU3248,27,Male,USA,High School,Single,Instagram,1.2,<2 hrs,8.92,2.3,8.1,7.9,0,No
STU3249,20,Female,India,High School,Single,TikTok,3.2,2-4 hrs,7.53,2.3,7.3,8.5,1,No
STU3250,16,Male,India,High School,Single,YouTube,4.0,4-6 hrs,7.79,2.3,7.3,7.7,0,No
STU3251,24,Male,India,Undergraduate,Single,Instagram,0.6,<2 hrs,9.53,1.0,7.7,8.0,0,No
STU3252,25,Female,India,Undergraduate,Complicated,Instagram,7.3,6+ hrs,6.62,5.3,6.7,7.2,2,Yes
STU3253,25,Male,USA,High School,Single,Instagram,1.9,<2 hrs,7.23,1.0,8.1,8.7,0,No
STU3254,26,Female,Brazil,High School,In a relationship,TikTok,0.7,<2 hrs,8.4,1.0,7.8,8.0,1,No
STU3255,22,Male,India,High School,Single,Instagram,0.6,<2 hrs,9.05,1.5,9.3,8.0,0,No
STU3256,16,Male,Japan,Undergraduate,In a relationship,Snapchat,0.5,<2 hrs,9.62,1.0,8.4,8.0,0,No
STU3257,26,Female,India,High School,Single,YouTube,5.2,4-6 hrs,7.45,4.3,6.8,8.3,3,Yes
STU3258,26,Female,Australia,Undergraduate,Complicated,TikTok,2.6,2-4 hrs,8.61,2.9,7.0,7.6,1,No
STU3259,19,Male,Australia,Postgraduate,In a relationship,Instagram,5.3,4-6 hrs,6.88,3.3,7.2,7.5,1,Yes
STU3260,17,Female,Australia,High School,Complicated,Instagram,2.2,2-4 hrs,8.31,2.9,7.8,8.1,1,No
STU3261,18,Female,USA,High School,In a relationship,Instagram,5.2,4-6 hrs,6.72,3.1,7.6,6.6,1,Yes
STU3262,19,Non-binary,Australia,High School,In a relationship,Instagram,2.2,2-4 hrs,8.97,1.9,7.9,8.8,1,No
STU3263,27,Female,USA,High School,In a relationship,YouTube,3.6,2-4 hrs,7.33,2.3,7.0,7.4,1,No
STU3264,17,Female,India,Undergraduate,In a relationship,TikTok,2.3,2-4 hrs,8.98,1.4,8.8,9.6,0,No
STU3265,25,Female,India,High School,In a relationship,TikTok,2.1,2-4 hrs,8.68,1.0,8.2,8.3,0,No
STU3266,16,Male,India,Undergraduate,Single,TikTok,1.1,<2 hrs,8.98,1.3,8.1,9.1,0,No
STU3267,26,Female,USA,Undergraduate,Single,TikTok,4.0,4-6 hrs,7.31,3.5,7.6,5.5,1,No
STU3268,19,Female,Australia,Undergraduate,In a relationship,TikTok,0.9,<2 hrs,8.28,1.0,8.5,7.7,1,No
STU3269,24,Male,Japan,Postgraduate,Single,Instagram,4.0,4-6 hrs,7.31,1.7,6.8,7.9,0,No
STU3270,26,Female,India,Undergraduate,Single,YouTube,2.7,2-4 hrs,8.09,2.2,7.9,6.5,2,No
STU3271,26,Female,USA,Postgraduate,Single,Instagram,4.0,4-6 hrs,6.28,3.1,7.3,7.9,2,No
STU3272,24,Male,India,Undergraduate,In a relationship,Facebook,2.8,2-4 hrs,8.12,1.8,8.1,8.3,0,No
STU3273,27,Male,Australia,Undergraduate,Single,YouTube,5.6,4-6 hrs,7.53,5.4,6.7,5.6,2,Yes
STU3274,24,Male,Brazil,Undergraduate,In a relationship,Instagram,3.4,2-4 hrs,8.31,1.1,7.3,8.4,1,No
STU3275,18,Female,India,Undergraduate,Single,TikTok,2.7,2-4 hrs,7.99,1.0,8.7,9.1,0,No
STU3276,16,Female,Brazil,Undergraduate,Single,Facebook,0.5,<2 hrs,9.3,1.0,9.0,7.0,0,No
STU3277,16,Male,India,Undergraduate,In a relationship,Instagram,5.7,4-6 hrs,6.6,4.6,5.4,5.8,1,Yes
STU3278,18,Male,India,Undergraduate,Single,Instagram,0.5,<2 hrs,9.36,1.0,9.0,8.3,0,No
STU3279,25,Male,India,Undergraduate,Single,TikTok,0.7,<2 hrs,10.0,1.0,8.3,8.5,0,No
STU3280,23,Female,India,Undergraduate,Single,TikTok,4.3,4-6 hrs,8.15,3.8,7.1,7.1,1,Yes
STU3281,19,Female,India,High School,Complicated,Facebook,2.5,2-4 hrs,8.69,2.1,7.4,8.6,0,No
STU3282,26,Female,USA,High School,Single,YouTube,0.5,<2 hrs,8.98,1.0,7.9,8.8,0,No
STU3283,23,Female,Canada,Postgraduate,Single,Facebook,1.5,<2 hrs,9.27,1.7,7.8,8.6,0,No
STU3284,22,Male,India,Postgraduate,In a relationship,TikTok,5.5,4-6 hrs,6.01,3.5,6.6,6.3,2,Yes
STU3285,23,Female,India,High School,Single,Instagram,2.8,2-4 hrs,8.09,1.7,7.1,8.3,1,No
STU3286,17,Female,India,High School,Single,TikTok,2.5,2-4 hrs,8.73,2.4,7.4,7.6,0,No
STU3287,23,Female,Germany,Postgraduate,Single,YouTube,1.4,<2 hrs,9.31,1.0,8.3,9.5,1,No
STU3288,24,Male,India,Undergraduate,Single,YouTube,4.4,4-6 hrs,7.92,1.4,7.4,8.4,0,Yes
STU3289,25,Male,India,High School,Single,YouTube,2.3,2-4 hrs,8.64,1.3,8.2,7.9,1,No
STU3290,26,Female,India,High School,Single,Instagram,3.9,2-4 hrs,7.63,3.5,7.5,7.8,1,No
STU3291,21,Female,India,Undergraduate,In a relationship,Instagram,1.2,<2 hrs,9.28,1.0,7.5,8.9,1,No
STU3292,18,Male,UK,High School,Single,TikTok,9.2,6+ hrs,4.79,7.1,6.4,4.9,3,Yes
STU3293,22,Male,India,Undergraduate,Single,Snapchat,6.2,6+ hrs,6.2,2.7,6.4,7.4,1,Yes
STU3294,24,Female,India,Undergraduate,In a relationship,Twitter/X,2.8,2-4 hrs,8.28,2.2,8.1,7.7,0,No
STU3295,23,Female,Germany,Undergraduate,Complicated,Instagram,3.2,2-4 hrs,8.16,2.8,7.1,8.5,1,No
STU3296,23,Male,Japan,High School,Single,Instagram,1.5,<2 hrs,7.73,1.0,7.8,8.6,2,No
STU3297,26,Female,Germany,Postgraduate,Single,Instagram,4.1,4-6 hrs,7.93,3.6,7.3,7.7,2,Yes
STU3298,22,Non-binary,Japan,High School,Single,Instagram,0.5,<2 hrs,9.74,1.0,8.7,8.2,0,No
STU3299,20,Female,Canada,Undergraduate,Single,Facebook,7.3,6+ hrs,6.17,7.6,6.8,5.4,4,Yes
STU3300,17,Male,Japan,Undergraduate,Single,Twitter/X,3.9,2-4 hrs,9.17,1.0,7.5,9.4,0,No
STU3301,20,Male,UK,High School,Single,Instagram,1.0,<2 hrs,8.64,1.8,9.2,7.8,0,No
STU3302,20,Male,Australia,Undergraduate,In a relationship,Instagram,7.1,6+ hrs,6.09,4.7,5.8,6.7,1,Yes
STU3303,17,Female,Japan,High School,In a relationship,YouTube,8.7,6+ hrs,5.35,4.8,5.8,5.6,1,Yes
STU3304,26,Female,Australia,Undergraduate,In a relationship,TikTok,3.3,2-4 hrs,7.97,1.9,7.1,7.5,1,No
STU3305,25,Female,Japan,High School,Complicated,Instagram,1.3,<2 hrs,8.72,1.1,7.3,8.2,0,No
STU3306,16,Male,India,Undergraduate,In a relationship,TikTok,2.6,2-4 hrs,7.49,2.6,7.5,7.0,1,No
STU3307,20,Male,USA,High School,In a relationship,Instagram,3.7,2-4 hrs,7.51,4.0,7.9,7.9,1,No
STU3308,21,Female,USA,Postgraduate,Single,TikTok,3.1,2-4 hrs,8.05,3.3,7.4,6.8,1,No
STU3309,22,Male,USA,Undergraduate,Single,Instagram,1.0,<2 hrs,9.79,1.0,8.1,9.1,3,No
STU3310,26,Female,Brazil,Undergraduate,In a relationship,Instagram,3.6,2-4 hrs,9.2,3.4,6.7,7.4,2,No
STU3311,17,Female,Brazil,Undergraduate,Complicated,TikTok,5.5,4-6 hrs,7.83,4.2,6.7,6.9,1,Yes
STU3312,21,Male,Canada,Undergraduate,Complicated,TikTok,0.8,<2 hrs,8.67,1.0,8.1,9.5,0,No
STU3313,27,Female,India,High School,Single,Instagram,0.9,<2 hrs,8.68,1.0,8.6,6.9,1,No
STU3314,23,Female,India,Postgraduate,Single,YouTube,1.5,<2 hrs,8.73,1.0,7.3,8.4,0,No
STU3315,21,Male,Canada,Undergraduate,Single,YouTube,2.1,2-4 hrs,9.63,1.5,7.7,7.5,0,No
STU3316,18,Male,UK,Postgraduate,In a relationship,YouTube,4.5,4-6 hrs,7.38,2.6,7.9,6.3,2,Yes
STU3317,18,Female,India,Undergraduate,In a relationship,Instagram,5.4,4-6 hrs,6.27,3.0,6.9,6.7,1,Yes
STU3318,26,Male,India,High School,Single,Facebook,1.2,<2 hrs,8.66,1.2,7.1,8.4,1,No
STU3319,22,Male,Australia,Undergraduate,In a relationship,Instagram,2.9,2-4 hrs,8.65,2.5,8.4,7.2,2,No
STU3320,17,Female,Germany,Undergraduate,Single,Twitter/X,5.3,4-6 hrs,7.53,3.6,7.5,7.8,1,Yes
STU3321,18,Male,India,High School,In a relationship,Instagram,9.5,6+ hrs,5.1,7.7,6.6,5.0,3,Yes
STU3322,22,Non-binary,USA,Undergraduate,Single,TikTok,2.9,2-4 hrs,8.61,1.8,6.9,7.9,0,No
STU3323,24,Male,Australia,Undergraduate,Single,TikTok,3.0,2-4 hrs,6.79,1.9,8.5,7.8,2,No
STU3324,16,Male,USA,High School,Complicated,TikTok,3.4,2-4 hrs,8.03,2.9,7.3,7.5,1,No
STU3325,20,Male,Japan,High School,Complicated,TikTok,1.9,<2 hrs,9.16,1.2,7.8,8.1,1,No
STU3326,17,Female,India,Undergraduate,In a relationship,Instagram,2.7,2-4 hrs,7.79,2.0,7.5,7.4,0,No
STU3327,27,Male,Germany,Undergraduate,Single,YouTube,0.5,<2 hrs,8.77,1.0,8.8,9.2,0,No
STU3328,20,Female,USA,Postgraduate,Single,Instagram,1.5,<2 hrs,7.71,1.1,8.0,8.0,2,No
STU3329,21,Male,Canada,High School,Single,Facebook,3.6,2-4 hrs,8.83,1.1,7.8,8.2,0,No
STU3330,23,Female,India,Postgraduate,Single,Instagram,1.1,<2 hrs,8.57,1.0,8.3,8.8,1,No
STU3331,22,Male,Japan,Postgraduate,Single,Twitter/X,4.6,4-6 hrs,7.57,2.2,7.3,8.1,0,Yes
STU3332,20,Female,India,Postgraduate,In a relationship,TikTok,0.5,<2 hrs,9.64,1.0,7.9,7.9,3,No
STU3333,26,Female,UK,High School,In a relationship,Instagram,4.4,4-6 hrs,8.43,2.6,8.3,8.2,2,Yes
STU3334,20,Female,Brazil,High School,In a relationship,Instagram,4.4,4-6 hrs,7.43,2.7,6.7,8.0,2,Yes
STU3335,17,Female,USA,High School,Single,Snapchat,9.6,6+ hrs,4.86,7.3,6.3,5.5,2,Yes
STU3336,21,Female,Germany,Postgraduate,In a relationship,Twitter/X,1.9,<2 hrs,8.75,1.5,8.2,7.9,2,No
STU3337,18,Male,Brazil,Postgraduate,In a relationship,Instagram,2.5,2-4 hrs,9.15,1.0,8.5,8.2,1,No
STU3338,21,Male,India,High School,Single,Instagram,6.8,6+ hrs,6.34,4.8,7.5,6.5,3,Yes
STU3339,18,Female,UK,High School,Single,Instagram,6.2,6+ hrs,6.14,4.6,6.9,5.8,3,Yes
STU3340,17,Female,Canada,Undergraduate,Single,YouTube,5.0,4-6 hrs,6.33,3.2,7.5,7.4,2,Yes
STU3341,23,Female,Germany,High School,In a relationship,YouTube,3.2,2-4 hrs,7.33,2.2,8.6,8.5,0,No
STU3342,19,Male,India,Undergraduate,In a relationship,TikTok,6.7,6+ hrs,7.0,4.8,6.8,7.2,3,Yes
STU3343,20,Female,UK,Postgraduate,Single,TikTok,11.9,6+ hrs,4.0,8.9,5.0,4.3,3,Yes
STU3344,24,Female,India,Undergraduate,Single,Instagram,3.8,2-4 hrs,7.43,1.4,7.4,9.0,0,No
STU3345,19,Male,Australia,Undergraduate,Single,TikTok,2.6,2-4 hrs,7.9,1.6,7.2,9.5,0,No
STU3346,16,Male,India,High School,In a relationship,Instagram,4.2,4-6 hrs,7.66,4.1,7.6,6.7,2,Yes
STU3347,26,Male,India,High School,Single,Instagram,2.9,2-4 hrs,8.05,3.2,8.3,7.9,1,No
STU3348,21,Male,Australia,Undergraduate,Complicated,Twitter/X,2.0,2-4 hrs,8.44,2.1,7.9,6.4,1,No
STU3349,26,Female,Germany,Postgraduate,Complicated,YouTube,4.6,4-6 hrs,8.24,3.6,6.5,6.3,2,Yes
STU3350,26,Male,USA,Undergraduate,In a relationship,Twitter/X,1.7,<2 hrs,9.66,2.5,8.6,7.8,2,No
STU3351,20,Male,UK,High School,Single,Instagram,3.8,2-4 hrs,6.82,4.2,6.7,6.2,1,No
STU3352,25,Male,Canada,High School,Single,Twitter/X,0.6,<2 hrs,9.43,1.0,7.6,9.9,0,No
STU3353,18,Male,Australia,Undergraduate,Single,Snapchat,7.5,6+ hrs,5.66,4.5,6.5,7.2,2,Yes
STU3354,26,Non-binary,Australia,High School,Single,YouTube,1.3,<2 hrs,8.77,1.0,8.3,9.2,0,No
STU3355,26,Male,USA,High School,Complicated,Instagram,0.7,<2 hrs,9.37,3.0,8.5,7.5,2,No
STU3356,20,Male,UK,High School,In a relationship,Instagram,6.1,6+ hrs,6.63,3.0,6.9,6.8,2,Yes
STU3357,23,Female,India,Undergraduate,Single,Instagram,6.9,6+ hrs,6.53,4.5,7.7,6.4,1,Yes
STU3358,16,Female,Brazil,Undergraduate,Complicated,Instagram,3.2,2-4 hrs,8.46,1.1,7.7,8.6,0,No
STU3359,19,Female,Australia,High School,In a relationship,Facebook,2.3,2-4 hrs,8.64,1.7,8.4,7.7,0,No
STU3360,18,Male,USA,High School,Single,Twitter/X,1.9,<2 hrs,8.26,1.0,8.4,9.0,0,No
STU3361,19,Male,USA,Undergraduate,Single,TikTok,3.0,2-4 hrs,7.77,2.0,7.1,8.5,0,No
STU3362,17,Female,India,Undergraduate,Single,Twitter/X,2.4,2-4 hrs,7.56,1.0,7.8,8.5,0,No
STU3363,17,Female,USA,Undergraduate,Single,Twitter/X,2.2,2-4 hrs,8.0,2.0,9.0,6.7,2,No
STU3364,17,Male,Canada,Undergraduate,Single,TikTok,1.2,<2 hrs,10.0,1.8,7.9,9.3,0,No
STU3365,18,Male,Japan,Postgraduate,Single,Instagram,0.9,<2 hrs,8.62,1.0,7.9,8.4,1,No
STU3366,27,Female,Canada,Undergraduate,Single,Instagram,2.7,2-4 hrs,7.57,1.8,7.9,10.0,1,No
STU3367,24,Female,Canada,Undergraduate,In a relationship,TikTok,3.0,2-4 hrs,8.34,2.0,7.5,8.5,1,No
STU3368,20,Female,Australia,Postgraduate,Single,Instagram,1.4,<2 hrs,8.8,1.1,7.8,8.3,1,No
STU3369,19,Female,UK,Postgraduate,In a relationship,Instagram,1.5,<2 hrs,8.71,1.0,7.9,8.8,0,No
STU3370,19,Female,India,Postgraduate,Complicated,Instagram,3.0,2-4 hrs,9.0,2.7,8.5,6.2,2,No
STU3371,18,Non-binary,Brazil,Undergraduate,In a relationship,Instagram,1.1,<2 hrs,9.33,1.8,8.2,8.8,0,No
STU3372,24,Female,USA,Undergraduate,Single,Instagram,5.2,4-6 hrs,6.84,3.0,6.5,9.3,1,Yes
STU3373,26,Male,Japan,Undergraduate,Single,Instagram,3.7,2-4 hrs,7.58,2.3,6.8,6.4,1,No
STU3374,25,Male,USA,Postgraduate,In a relationship,Twitter/X,1.3,<2 hrs,8.61,1.6,9.3,8.0,0,No
STU3375,16,Non-binary,Canada,High School,Single,TikTok,3.6,2-4 hrs,8.4,1.4,7.5,8.2,0,No
STU3376,21,Female,USA,Undergraduate,In a relationship,YouTube,1.2,<2 hrs,8.78,1.0,8.4,9.1,1,No
STU3377,19,Female,India,Undergraduate,In a relationship,Snapchat,4.5,4-6 hrs,6.4,3.3,7.0,8.8,1,Yes
STU3378,23,Male,Brazil,High School,Single,Instagram,1.2,<2 hrs,8.93,1.2,8.4,8.7,0,No
STU3379,22,Female,Canada,Undergraduate,Single,Facebook,2.3,2-4 hrs,7.54,1.0,8.7,10.0,0,No
STU3380,18,Female,USA,Undergraduate,In a relationship,Instagram,2.8,2-4 hrs,9.55,1.5,7.5,8.4,0,No
STU3381,20,Male,India,Postgraduate,Single,TikTok,6.8,6+ hrs,5.86,4.2,7.0,7.2,2,Yes
STU3382,26,Female,Japan,High School,Single,YouTube,1.3,<2 hrs,8.82,1.0,7.5,8.7,0,No
STU3383,26,Male,Brazil,Postgraduate,Single,TikTok,1.2,<2 hrs,9.11,1.4,9.2,9.2,1,No
STU3384,19,Male,USA,Postgraduate,Single,Instagram,0.6,<2 hrs,9.06,1.0,8.5,8.2,1,No
STU3385,19,Male,India,Undergraduate,Single,YouTube,8.1,6+ hrs,5.68,5.5,6.3,6.8,2,Yes
STU3386,25,Female,India,High School,Single,Instagram,2.6,2-4 hrs,8.58,1.1,7.7,7.6,0,No
STU3387,23,Male,India,Postgraduate,Complicated,Snapchat,5.3,4-6 hrs,8.03,2.5,6.9,7.6,1,Yes
STU3388,24,Female,UK,Undergraduate,Single,Facebook,1.5,<2 hrs,9.29,1.7,7.9,7.7,0,No
STU3389,26,Male,Germany,Undergraduate,In a relationship,Instagram,1.7,<2 hrs,9.62,1.0,6.9,8.6,0,No
STU3390,19,Female,USA,Postgraduate,In a relationship,Twitter/X,2.4,2-4 hrs,7.79,1.8,7.9,7.9,2,No
STU3391,27,Female,USA,Undergraduate,In a relationship,Facebook,2.5,2-4 hrs,8.57,1.0,7.8,9.3,1,No
STU3392,17,Male,USA,High School,In a relationship,Facebook,4.1,4-6 hrs,7.75,2.3,7.7,7.2,1,Yes
STU3393,16,Male,India,High School,Single,YouTube,2.6,2-4 hrs,8.54,2.4,7.6,6.6,0,No
STU3394,25,Female,India,Undergraduate,Single,TikTok,1.8,<2 hrs,9.52,3.3,7.7,6.4,2,No
STU3395,19,Male,UK,High School,Complicated,Instagram,8.2,6+ hrs,5.68,4.2,6.4,7.6,1,Yes
STU3396,23,Female,India,High School,In a relationship,Snapchat,1.1,<2 hrs,8.76,1.0,7.4,7.8,0,No
STU3397,20,Male,UK,Undergraduate,Single,Instagram,1.3,<2 hrs,9.24,1.2,8.2,8.7,0,No
STU3398,17,Female,India,Undergraduate,In a relationship,YouTube,1.2,<2 hrs,7.89,1.0,7.3,8.3,2,No
STU3399,26,Male,Germany,Postgraduate,In a relationship,Instagram,4.2,4-6 hrs,7.47,3.6,8.0,7.8,1,Yes
STU3400,19,Female,Australia,High School,Single,Instagram,3.5,2-4 hrs,7.84,1.8,8.0,7.9,0,No
STU3401,19,Female,Canada,Postgraduate,Single,Instagram,2.2,2-4 hrs,7.96,1.7,7.5,10.0,0,No
STU3402,25,Female,UK,Undergraduate,Single,Instagram,1.1,<2 hrs,9.64,1.0,8.6,9.8,0,No
STU3403,20,Female,USA,Postgraduate,Single,TikTok,2.8,2-4 hrs,7.6,2.9,7.9,7.3,3,No
STU3404,17,Female,Canada,Postgraduate,Single,Snapchat,4.6,4-6 hrs,7.35,2.7,6.8,7.3,1,Yes
STU3405,22,Female,Australia,Undergraduate,Single,YouTube,7.0,6+ hrs,6.53,4.6,5.7,8.9,2,Yes
STU3406,20,Female,Germany,Undergraduate,Single,YouTube,1.5,<2 hrs,9.64,1.8,8.3,7.3,0,No
STU3407,19,Female,USA,Postgraduate,Single,YouTube,2.2,2-4 hrs,8.5,1.0,7.6,8.5,1,No
STU3408,23,Male,India,Undergraduate,Single,YouTube,3.4,2-4 hrs,8.53,2.4,8.2,7.8,0,No
STU3409,17,Male,USA,Undergraduate,In a relationship,TikTok,1.8,<2 hrs,9.11,1.0,8.1,8.5,0,No
STU3410,16,Female,India,Undergraduate,Single,Snapchat,0.7,<2 hrs,9.26,1.0,8.0,7.3,0,No
STU3411,21,Male,USA,High School,Single,TikTok,2.2,2-4 hrs,7.86,1.8,8.8,8.4,2,No
STU3412,25,Male,India,Postgraduate,Single,Twitter/X,0.8,<2 hrs,8.28,1.0,8.6,7.8,1,No
STU3413,25,Male,Australia,Undergraduate,Single,Snapchat,4.9,4-6 hrs,7.36,3.0,5.4,8.5,1,Yes
STU3414,23,Male,Canada,High School,Single,Instagram,2.0,2-4 hrs,8.27,1.8,7.8,7.1,0,No
STU3415,22,Female,India,High School,Single,TikTok,2.4,2-4 hrs,8.97,1.2,7.2,8.4,1,No
STU3416,24,Female,India,Undergraduate,Single,YouTube,1.3,<2 hrs,9.36,1.6,7.8,6.6,2,No
STU3417,16,Female,UK,Postgraduate,In a relationship,TikTok,2.5,2-4 hrs,8.26,1.9,7.8,6.5,1,No
STU3418,18,Female,Canada,Undergraduate,In a relationship,Snapchat,5.9,4-6 hrs,6.15,4.5,7.2,6.2,1,Yes
STU3419,24,Female,Australia,Postgraduate,Single,Facebook,5.2,4-6 hrs,7.47,4.6,7.3,6.2,1,Yes
STU3420,20,Male,Japan,Undergraduate,Complicated,Instagram,0.9,<2 hrs,8.48,1.0,8.8,9.5,0,No
STU3421,21,Male,Australia,Undergraduate,In a relationship,TikTok,0.5,<2 hrs,8.82,1.6,8.7,8.2,0,No
STU3422,26,Female,UK,High School,Single,Instagram,2.2,2-4 hrs,7.92,2.3,8.2,8.8,0,No
STU3423,22,Female,USA,Undergraduate,Single,TikTok,2.0,2-4 hrs,8.52,1.0,8.1,8.2,1,No
STU3424,18,Male,Australia,Undergraduate,Single,TikTok,1.9,<2 hrs,9.35,2.4,8.7,8.2,1,No
STU3425,22,Female,Brazil,High School,In a relationship,TikTok,1.6,<2 hrs,8.78,1.3,7.9,7.8,1,No
STU3426,18,Female,USA,High School,Single,YouTube,0.9,<2 hrs,8.83,1.0,8.1,7.9,0,No
STU3427,21,Female,UK,High School,Single,TikTok,10.1,6+ hrs,4.04,7.3,5.0,4.1,2,Yes
STU3428,23,Male,India,Undergraduate,Complicated,TikTok,8.1,6+ hrs,6.19,6.6,7.0,5.9,3,Yes
STU3429,22,Male,Germany,Undergraduate,Single,Instagram,1.8,<2 hrs,8.22,1.6,8.0,8.4,1,No
STU3430,20,Male,Australia,Postgraduate,Complicated,YouTube,2.8,2-4 hrs,8.31,3.4,9.3,7.8,1,No
STU3431,27,Male,USA,High School,Single,Instagram,4.9,4-6 hrs,7.08,4.3,7.1,7.0,1,Yes
STU3432,21,Male,Germany,High School,Single,YouTube,2.8,2-4 hrs,8.74,2.4,7.8,9.2,1,No
STU3433,19,Female,Japan,High School,Single,YouTube,1.7,<2 hrs,8.64,1.0,8.3,8.6,1,No
STU3434,17,Male,India,Postgraduate,Single,Instagram,0.7,<2 hrs,9.15,1.0,7.8,9.2,1,No
STU3435,22,Female,India,High School,In a relationship,Instagram,2.5,2-4 hrs,8.67,1.8,8.1,7.9,1,No
STU3436,19,Male,Germany,Undergraduate,In a relationship,Twitter/X,0.8,<2 hrs,10.0,1.1,8.3,7.8,2,No
STU3437,21,Male,UK,High School,Single,Twitter/X,5.6,4-6 hrs,7.51,4.4,6.9,7.3,1,Yes
STU3438,25,Male,Brazil,Undergraduate,Single,Facebook,2.4,2-4 hrs,8.37,1.8,8.5,8.0,0,No
STU3439,27,Female,USA,Undergraduate,In a relationship,TikTok,3.7,2-4 hrs,7.84,2.7,7.1,8.2,3,No
STU3440,17,Male,UK,Undergraduate,Single,TikTok,1.9,<2 hrs,8.33,1.9,8.2,8.3,0,No
STU3441,17,Male,UK,Undergraduate,Single,TikTok,4.5,4-6 hrs,6.91,2.5,8.1,7.2,2,Yes
STU3442,21,Male,India,Undergraduate,In a relationship,Instagram,1.5,<2 hrs,8.49,2.4,7.8,8.6,2,No
STU3443,23,Male,Japan,Undergraduate,Complicated,TikTok,3.1,2-4 hrs,7.64,1.0,7.6,7.9,0,No
STU3444,16,Female,Canada,High School,Single,Instagram,1.9,<2 hrs,9.04,2.5,9.2,8.2,1,No
STU3445,25,Female,Canada,Undergraduate,In a relationship,Snapchat,2.1,2-4 hrs,7.91,1.4,8.2,9.2,1,No
STU3446,22,Female,India,Undergraduate,In a relationship,TikTok,4.9,4-6 hrs,8.09,4.2,7.0,6.6,1,Yes
STU3447,21,Female,Canada,Undergraduate,Single,YouTube,1.3,<2 hrs,9.37,1.2,8.6,9.2,1,No
STU3448,20,Female,Germany,Postgraduate,In a relationship,Instagram,3.3,2-4 hrs,8.03,2.6,7.4,8.0,1,No
STU3449,25,Male,Germany,High School,Single,TikTok,6.1,6+ hrs,6.76,4.7,6.2,7.2,1,Yes
STU3450,27,Female,Brazil,Postgraduate,In a relationship,Instagram,4.8,4-6 hrs,7.01,4.0,8.0,6.4,1,Yes
STU3451,23,Male,India,Undergraduate,In a relationship,Snapchat,1.5,<2 hrs,8.99,1.0,7.6,8.7,0,No
STU3452,16,Male,India,Undergraduate,Single,Instagram,3.6,2-4 hrs,8.53,3.3,8.8,6.4,1,No
STU3453,20,Female,Australia,High School,Single,Twitter/X,0.5,<2 hrs,8.85,1.0,8.1,9.7,0,No
STU3454,27,Female,Germany,High School,In a relationship,TikTok,5.0,4-6 hrs,6.33,3.5,8.3,5.8,1,Yes
STU3455,21,Male,Canada,Undergraduate,In a relationship,Instagram,11.9,6+ hrs,4.57,9.0,4.8,4.3,4,Yes
STU3456,19,Female,India,Postgraduate,Single,Instagram,3.1,2-4 hrs,8.3,3.0,8.2,6.8,1,No
STU3457,25,Female,UK,Postgraduate,In a relationship,TikTok,6.3,6+ hrs,5.99,4.8,7.2,7.1,1,Yes
STU3458,26,Male,Australia,Postgraduate,Single,Instagram,0.7,<2 hrs,8.74,1.0,8.7,9.8,0,No
STU3459,27,Female,India,High School,Single,TikTok,1.0,<2 hrs,8.53,1.4,8.7,8.8,0,No
STU3460,25,Female,India,High School,In a relationship,Instagram,1.9,<2 hrs,8.21,1.0,7.8,10.0,0,No
STU3461,17,Male,India,Undergraduate,Single,Instagram,2.2,2-4 hrs,8.32,2.9,7.3,6.6,2,No
STU3462,23,Male,India,Postgraduate,Single,TikTok,3.1,2-4 hrs,7.95,2.1,7.7,7.0,0,No
STU3463,20,Female,India,High School,In a relationship,TikTok,1.5,<2 hrs,8.43,1.0,8.2,7.9,1,No
STU3464,25,Male,India,Undergraduate,In a relationship,TikTok,2.8,2-4 hrs,7.79,1.0,7.6,8.6,1,No
STU3465,21,Female,UK,Postgraduate,Complicated,Instagram,4.9,4-6 hrs,7.16,3.5,7.4,6.5,1,Yes
STU3466,24,Female,India,Undergraduate,Complicated,Instagram,3.6,2-4 hrs,7.98,2.6,7.8,7.2,1,No
STU3467,17,Female,Canada,Postgraduate,Single,Facebook,1.9,<2 hrs,8.46,2.9,7.6,8.0,1,No
STU3468,20,Male,India,High School,Single,YouTube,4.2,4-6 hrs,8.31,2.1,7.6,7.1,0,Yes
STU3469,27,Male,USA,Undergraduate,Single,Snapchat,1.8,<2 hrs,8.99,1.3,7.9,7.6,2,No
STU3470,16,Female,Japan,Undergraduate,Single,Instagram,2.7,2-4 hrs,7.33,1.0,7.5,8.2,0,No
STU3471,18,Female,Germany,Undergraduate,Single,Instagram,4.7,4-6 hrs,7.7,2.9,7.7,7.3,2,Yes
STU3472,21,Male,USA,High School,Single,Twitter/X,2.2,2-4 hrs,8.87,2.9,7.6,8.3,4,No
STU3473,23,Female,USA,Undergraduate,Single,TikTok,0.8,<2 hrs,8.88,1.0,8.1,7.9,0,No
STU3474,27,Female,India,Undergraduate,Single,TikTok,2.6,2-4 hrs,7.43,2.3,7.9,7.3,1,No
STU3475,20,Male,Germany,Undergraduate,In a relationship,Instagram,4.7,4-6 hrs,7.39,3.6,8.0,7.6,1,Yes
STU3476,27,Female,India,Postgraduate,Complicated,Instagram,5.0,4-6 hrs,7.25,3.5,7.3,7.8,1,Yes
STU3477,19,Female,India,High School,Single,Twitter/X,1.0,<2 hrs,8.38,1.1,8.5,9.5,0,No
STU3478,20,Female,UK,Undergraduate,In a relationship,Instagram,4.1,4-6 hrs,6.78,1.9,7.3,8.4,0,Yes
STU3479,19,Male,India,Postgraduate,Single,TikTok,2.1,2-4 hrs,8.5,2.8,7.9,7.7,1,No
STU3480,17,Male,Canada,Postgraduate,Single,TikTok,6.6,6+ hrs,6.39,6.2,6.8,6.3,2,Yes
STU3481,16,Female,India,Undergraduate,In a relationship,Instagram,0.8,<2 hrs,8.89,1.0,8.4,8.3,1,No
STU3482,23,Male,India,Postgraduate,Single,Twitter/X,4.1,4-6 hrs,7.6,4.8,7.3,6.4,1,Yes
STU3483,16,Female,Australia,High School,Single,Snapchat,1.9,<2 hrs,7.98,1.0,8.7,7.3,0,No
STU3484,17,Male,UK,Undergraduate,Complicated,Instagram,1.5,<2 hrs,8.56,1.4,7.9,8.9,0,No
STU3485,20,Male,India,Postgraduate,Single,Instagram,4.9,4-6 hrs,7.61,4.6,6.4,6.8,2,Yes
STU3486,23,Female,India,Postgraduate,In a relationship,TikTok,5.4,4-6 hrs,6.86,3.4,8.5,7.8,1,Yes
STU3487,25,Male,India,Undergraduate,In a relationship,TikTok,0.5,<2 hrs,8.27,1.0,8.2,6.5,0,No
STU3488,18,Male,Germany,High School,In a relationship,Instagram,4.9,4-6 hrs,7.01,2.1,7.9,7.9,1,Yes
STU3489,26,Male,UK,High School,In a relationship,TikTok,2.4,2-4 hrs,7.78,3.3,8.6,6.8,1,No
STU3490,26,Male,UK,Postgraduate,Single,Facebook,2.6,2-4 hrs,8.49,1.4,8.3,9.4,1,No
STU3491,24,Male,India,Postgraduate,Complicated,TikTok,0.8,<2 hrs,9.33,1.0,8.2,8.9,0,No
STU3492,21,Female,Canada,Undergraduate,In a relationship,Snapchat,3.9,2-4 hrs,6.75,1.8,7.7,8.3,0,No
STU3493,26,Female,India,Postgraduate,Complicated,Snapchat,10.2,6+ hrs,5.37,7.9,5.3,4.7,4,Yes
STU3494,18,Female,UK,High School,Complicated,TikTok,1.6,<2 hrs,8.11,1.0,9.1,8.8,1,No
STU3495,25,Male,UK,High School,Single,YouTube,5.7,4-6 hrs,7.87,3.6,6.6,6.6,1,Yes
STU3496,22,Male,Germany,Undergraduate,Single,Instagram,2.5,2-4 hrs,8.35,2.0,7.7,7.9,0,No
STU3497,27,Female,Germany,High School,In a relationship,Instagram,1.7,<2 hrs,7.99,1.0,8.1,8.1,3,No
STU3498,22,Female,India,Postgraduate,In a relationship,Instagram,0.6,<2 hrs,8.54,1.0,8.3,10.0,2,No
STU3499,22,Male,Brazil,High School,Complicated,Instagram,6.3,6+ hrs,6.87,5.5,6.6,7.3,6,Yes
STU3500,19,Female,India,High School,Complicated,YouTube,2.7,2-4 hrs,8.05,2.2,8.5,8.6,1,No
STU3501,21,Female,USA,Undergraduate,Single,Snapchat,1.7,<2 hrs,8.68,1.3,8.6,7.3,1,No
STU3502,18,Male,India,Undergraduate,In a relationship,Facebook,2.0,2-4 hrs,9.57,1.6,8.2,8.8,1,No
STU3503,19,Female,Australia,High School,Single,TikTok,4.1,4-6 hrs,7.24,2.6,7.3,7.8,3,Yes
STU3504,18,Female,UK,Undergraduate,In a relationship,Instagram,1.7,<2 hrs,8.77,2.8,8.6,8.5,1,No
STU3505,18,Male,India,High School,Single,Instagram,1.1,<2 hrs,9.86,1.0,8.0,8.7,0,No
STU3506,16,Male,India,High School,In a relationship,Facebook,2.3,2-4 hrs,8.63,1.8,8.7,8.1,0,No
STU3507,20,Female,India,High School,Complicated,Twitter/X,2.2,2-4 hrs,7.55,1.6,8.0,8.4,1,No
STU3508,27,Female,Brazil,Undergraduate,Single,TikTok,2.2,2-4 hrs,8.81,2.3,8.6,6.6,0,No
STU3509,18,Non-binary,Canada,Undergraduate,Single,Instagram,1.8,<2 hrs,7.99,2.1,8.0,7.4,0,No
STU3510,27,Male,India,Undergraduate,Single,TikTok,5.9,4-6 hrs,7.69,4.1,7.1,7.2,1,Yes
STU3511,16,Female,Brazil,Undergraduate,Single,Snapchat,12.0,6+ hrs,4.0,8.6,6.1,5.5,4,Yes
STU3512,24,Female,India,Undergraduate,Single,YouTube,1.0,<2 hrs,10.0,1.0,9.3,8.1,0,No
STU3513,26,Female,Canada,Undergraduate,Single,Facebook,0.5,<2 hrs,10.0,1.0,9.2,8.5,1,No
STU3514,27,Female,USA,High School,Single,Instagram,2.1,2-4 hrs,8.08,1.0,8.4,7.4,1,No
STU3515,19,Male,India,Postgraduate,Single,Facebook,0.5,<2 hrs,9.29,1.0,8.7,9.5,1,No
STU3516,27,Female,India,Undergraduate,Single,YouTube,0.6,<2 hrs,9.68,1.0,8.1,9.3,1,No
STU3517,24,Female,UK,High School,In a relationship,YouTube,1.6,<2 hrs,9.25,1.0,8.2,9.0,0,No
STU3518,17,Male,Brazil,High School,Single,TikTok,4.1,4-6 hrs,7.92,3.5,7.0,7.5,1,Yes
STU3519,17,Female,Australia,Undergraduate,Single,Instagram,2.1,2-4 hrs,9.31,1.5,8.2,9.3,0,No
STU3520,19,Non-binary,Canada,Undergraduate,Single,Twitter/X,0.5,<2 hrs,9.2,1.0,8.6,7.9,1,No
STU3521,19,Female,Germany,Undergraduate,Single,Instagram,2.0,2-4 hrs,8.38,1.0,7.0,7.9,1,No
STU3522,20,Female,UK,Undergraduate,In a relationship,TikTok,2.2,2-4 hrs,8.3,1.5,8.0,9.0,0,No
STU3523,26,Female,India,Undergraduate,Single,YouTube,2.2,2-4 hrs,9.03,1.0,8.2,9.2,0,No
STU3524,16,Male,Japan,High School,Complicated,Instagram,5.3,4-6 hrs,7.33,3.6,7.1,6.4,2,Yes
STU3525,20,Male,UK,Undergraduate,In a relationship,Instagram,4.7,4-6 hrs,7.56,3.3,7.5,7.0,1,Yes
STU3526,27,Non-binary,USA,Undergraduate,Single,Instagram,2.6,2-4 hrs,8.81,2.0,7.2,9.2,1,No
STU3527,25,Male,Australia,High School,Single,Twitter/X,9.0,6+ hrs,4.22,5.0,5.9,6.8,2,Yes
STU3528,17,Female,USA,Postgraduate,In a relationship,Instagram,1.6,<2 hrs,8.97,1.3,8.6,8.9,0,No
STU3529,20,Male,India,Undergraduate,In a relationship,TikTok,2.3,2-4 hrs,8.6,1.0,7.9,7.7,1,No
STU3530,25,Male,USA,Postgraduate,In a relationship,Instagram,2.5,2-4 hrs,9.38,1.1,8.0,8.9,1,No
STU3531,25,Male,USA,Undergraduate,Single,TikTok,0.6,<2 hrs,8.31,1.0,8.1,7.5,0,No
STU3532,21,Female,USA,Postgraduate,In a relationship,Instagram,2.5,2-4 hrs,9.31,3.4,7.9,5.9,2,No
STU3533,18,Male,UK,Undergraduate,Complicated,TikTok,0.5,<2 hrs,9.32,1.0,7.2,9.0,0,No
STU3534,19,Female,India,Postgraduate,Single,Instagram,1.4,<2 hrs,9.16,1.0,8.6,9.5,0,No
STU3535,20,Female,UK,Undergraduate,In a relationship,YouTube,2.7,2-4 hrs,9.29,2.0,8.7,7.8,1,No
STU3536,21,Female,Japan,Undergraduate,In a relationship,Snapchat,0.7,<2 hrs,9.52,1.2,7.8,8.0,1,No
STU3537,24,Female,Australia,High School,Single,Snapchat,3.2,2-4 hrs,8.3,2.7,7.2,8.8,1,No
STU3538,24,Female,Canada,High School,In a relationship,Facebook,1.2,<2 hrs,9.11,3.0,8.4,7.4,1,No
STU3539,21,Male,India,Undergraduate,Single,Instagram,1.9,<2 hrs,8.35,1.0,8.8,8.5,2,No
STU3540,27,Female,UK,Postgraduate,In a relationship,TikTok,3.6,2-4 hrs,7.86,2.7,7.6,8.8,1,No
STU3541,16,Female,Germany,Undergraduate,In a relationship,Instagram,2.3,2-4 hrs,8.04,2.8,7.3,7.4,1,No
STU3542,21,Female,India,Undergraduate,Single,TikTok,3.1,2-4 hrs,8.08,3.4,7.6,6.8,2,No
STU3543,25,Female,India,Undergraduate,In a relationship,Instagram,3.5,2-4 hrs,6.52,1.0,7.1,9.1,1,No
STU3544,18,Male,Canada,Postgraduate,Single,Instagram,2.3,2-4 hrs,8.72,1.6,7.6,7.7,1,No
STU3545,20,Female,Canada,Undergraduate,Single,Facebook,3.3,2-4 hrs,7.94,3.5,7.5,7.1,1,No
STU3546,20,Female,Germany,Undergraduate,Single,Twitter/X,1.4,<2 hrs,8.67,3.3,7.7,6.4,2,No
STU3547,25,Male,Canada,Postgraduate,In a relationship,TikTok,3.6,2-4 hrs,8.01,3.1,7.2,7.6,1,No
STU3548,19,Male,Germany,Postgraduate,In a relationship,TikTok,2.1,2-4 hrs,7.69,1.2,8.0,8.4,1,No
STU3549,18,Male,India,Undergraduate,Complicated,TikTok,6.0,6+ hrs,7.96,3.4,7.1,8.0,1,Yes
STU3550,16,Male,India,Postgraduate,Single,Instagram,2.8,2-4 hrs,8.18,3.7,7.1,7.8,2,No
STU3551,22,Female,Australia,Postgraduate,Single,Facebook,1.6,<2 hrs,8.69,1.7,8.3,8.5,0,No
STU3552,23,Male,USA,Undergraduate,Single,TikTok,3.6,2-4 hrs,7.3,1.8,7.4,8.4,0,No
STU3553,20,Female,India,Undergraduate,Single,Instagram,6.1,6+ hrs,6.77,4.1,7.3,6.9,1,Yes
STU3554,23,Female,India,Postgraduate,In a relationship,YouTube,1.7,<2 hrs,9.57,1.4,8.5,8.7,0,No
STU3555,19,Female,Australia,Undergraduate,Single,Twitter/X,1.5,<2 hrs,9.45,1.5,7.9,7.5,1,No
STU3556,23,Female,Germany,Postgraduate,Single,Facebook,0.5,<2 hrs,9.79,1.0,8.7,6.9,0,No
STU3557,18,Male,USA,Undergraduate,Single,YouTube,2.8,2-4 hrs,8.57,1.5,7.4,9.1,1,No
STU3558,23,Male,Brazil,High School,In a relationship,Instagram,1.9,<2 hrs,8.43,1.0,8.7,9.0,1,No
STU3559,21,Male,USA,Undergraduate,Complicated,TikTok,3.6,2-4 hrs,7.01,3.4,7.2,7.2,1,No
STU3560,24,Male,Japan,High School,In a relationship,TikTok,3.7,2-4 hrs,7.71,2.3,7.8,8.6,1,No
STU3561,20,Female,Japan,High School,In a relationship,Instagram,0.7,<2 hrs,9.04,1.0,8.2,8.0,0,No
STU3562,16,Male,Germany,Postgraduate,Single,TikTok,4.7,4-6 hrs,8.01,4.4,6.8,6.3,2,Yes
STU3563,23,Female,India,High School,In a relationship,Twitter/X,1.3,<2 hrs,9.1,1.1,8.6,7.9,2,No
STU3564,26,Female,USA,High School,Single,TikTok,1.7,<2 hrs,9.7,1.1,7.8,8.8,1,No
STU3565,18,Male,UK,Undergraduate,Single,Snapchat,3.2,2-4 hrs,8.78,2.4,6.8,6.7,1,No
STU3566,26,Male,USA,Postgraduate,In a relationship,Twitter/X,0.9,<2 hrs,8.82,1.0,6.8,8.0,0,No
STU3567,20,Female,Germany,Undergraduate,Single,YouTube,1.5,<2 hrs,7.75,2.0,7.7,8.2,3,No
STU3568,17,Female,Brazil,Undergraduate,In a relationship,TikTok,0.8,<2 hrs,9.97,1.0,9.0,7.7,0,No
STU3569,22,Female,Japan,High School,In a relationship,Instagram,5.0,4-6 hrs,8.07,3.1,7.9,7.0,1,Yes
STU3570,20,Male,USA,Undergraduate,In a relationship,Snapchat,1.8,<2 hrs,7.87,2.1,7.7,6.4,0,No
STU3571,27,Male,India,Postgraduate,Single,YouTube,0.8,<2 hrs,10.0,1.5,8.1,8.7,0,No
STU3572,22,Male,India,Postgraduate,Single,Instagram,0.8,<2 hrs,9.37,1.0,8.1,8.0,0,No
STU3573,27,Male,India,Undergraduate,In a relationship,Instagram,4.4,4-6 hrs,7.62,4.3,6.7,6.1,1,Yes
STU3574,22,Female,India,Undergraduate,In a relationship,YouTube,1.2,<2 hrs,9.93,1.1,7.7,7.5,1,No
STU3575,20,Female,India,Undergraduate,Single,TikTok,1.7,<2 hrs,9.54,1.4,8.6,8.0,0,No
STU3576,20,Male,USA,High School,Complicated,Instagram,2.6,2-4 hrs,8.72,2.6,8.1,6.6,1,No
STU3577,24,Male,India,High School,In a relationship,Instagram,1.9,<2 hrs,8.93,1.0,8.2,9.9,2,No
STU3578,18,Female,Germany,Undergraduate,Single,TikTok,0.5,<2 hrs,9.64,1.1,7.7,6.8,0,No
STU3579,23,Female,Canada,Undergraduate,Single,Twitter/X,3.9,2-4 hrs,7.5,2.4,7.6,7.5,0,No
STU3580,16,Female,UK,Postgraduate,In a relationship,Instagram,2.1,2-4 hrs,8.52,1.0,6.8,8.6,1,No
STU3581,19,Female,UK,Undergraduate,Single,YouTube,3.1,2-4 hrs,7.56,1.4,8.1,7.8,1,No
STU3582,27,Male,India,Postgraduate,Single,Instagram,4.1,4-6 hrs,7.46,3.3,7.6,7.5,1,Yes
STU3583,17,Female,Brazil,Postgraduate,In a relationship,Twitter/X,0.5,<2 hrs,9.06,1.0,7.7,7.9,0,No
STU3584,18,Female,India,Postgraduate,Single,Snapchat,4.1,4-6 hrs,7.27,4.2,8.3,8.0,2,Yes
STU3585,26,Female,Canada,Undergraduate,In a relationship,TikTok,11.1,6+ hrs,4.59,8.7,4.8,3.9,3,Yes
STU3586,21,Male,India,Undergraduate,In a relationship,YouTube,3.4,2-4 hrs,7.78,3.4,7.9,5.7,1,No
STU3587,19,Female,Japan,Undergraduate,In a relationship,Instagram,6.0,6+ hrs,7.1,4.3,7.3,5.9,1,Yes
STU3588,16,Male,Brazil,High School,Complicated,Snapchat,4.9,4-6 hrs,6.32,3.6,6.7,7.5,2,Yes
STU3589,20,Female,India,High School,In a relationship,TikTok,4.0,4-6 hrs,7.63,1.8,7.5,8.0,0,No
STU3590,18,Male,Japan,High School,Single,TikTok,5.0,4-6 hrs,7.33,4.3,6.4,7.4,1,Yes
STU3591,27,Female,Canada,Undergraduate,In a relationship,Instagram,5.6,4-6 hrs,6.79,4.2,5.7,7.3,1,Yes
STU3592,17,Male,Australia,Undergraduate,In a relationship,Instagram,5.7,4-6 hrs,6.83,4.4,6.5,6.4,1,Yes
STU3593,19,Female,India,Postgraduate,Single,Instagram,0.8,<2 hrs,8.19,1.9,8.0,7.7,0,No
STU3594,19,Female,India,Undergraduate,In a relationship,TikTok,5.2,4-6 hrs,7.37,3.2,7.5,7.1,3,Yes
STU3595,18,Male,Germany,Undergraduate,Single,Instagram,2.0,2-4 hrs,8.99,1.3,8.0,9.7,2,No
STU3596,20,Female,India,Undergraduate,In a relationship,TikTok,5.8,4-6 hrs,7.19,4.3,7.1,7.3,1,Yes
STU3597,20,Male,Brazil,High School,In a relationship,TikTok,3.6,2-4 hrs,8.5,1.8,7.1,9.4,1,No
STU3598,23,Male,USA,Undergraduate,Single,TikTok,0.8,<2 hrs,9.26,1.0,8.0,9.1,0,No
STU3599,25,Female,India,Undergraduate,Single,TikTok,6.4,6+ hrs,6.91,4.9,6.4,6.5,1,Yes
STU3600,22,Female,UK,Postgraduate,Single,Instagram,1.3,<2 hrs,9.01,1.0,7.6,7.8,0,No
STU3601,26,Male,USA,Postgraduate,Single,TikTok,2.0,2-4 hrs,9.01,2.4,7.7,7.9,0,No
STU3602,24,Male,Japan,High School,In a relationship,Snapchat,7.4,6+ hrs,5.22,4.0,6.7,7.0,2,Yes
STU3603,22,Male,USA,Undergraduate,In a relationship,Instagram,2.8,2-4 hrs,7.7,2.9,7.5,7.5,2,No
STU3604,17,Female,USA,Undergraduate,In a relationship,Instagram,1.9,<2 hrs,9.6,1.9,7.9,7.9,0,No
STU3605,18,Male,UK,High School,Single,Snapchat,2.4,2-4 hrs,6.94,1.2,8.2,7.0,1,No
STU3606,21,Male,Australia,High School,In a relationship,Instagram,1.9,<2 hrs,8.56,1.0,7.8,9.4,1,No
STU3607,16,Female,Japan,Postgraduate,In a relationship,TikTok,4.4,4-6 hrs,8.22,1.4,6.7,8.3,2,Yes
STU3608,23,Female,India,High School,Single,TikTok,1.9,<2 hrs,8.59,1.0,8.3,7.5,0,No
STU3609,22,Male,USA,Undergraduate,In a relationship,Instagram,2.4,2-4 hrs,8.18,2.5,8.0,8.1,2,No
STU3610,21,Male,Canada,Undergraduate,In a relationship,Twitter/X,3.8,2-4 hrs,7.87,2.6,7.7,7.1,2,No
STU3611,20,Male,India,High School,In a relationship,Instagram,3.5,2-4 hrs,7.71,3.4,7.9,7.7,1,No
STU3612,25,Female,UK,Postgraduate,Single,YouTube,1.4,<2 hrs,8.89,1.0,8.4,9.1,2,No
STU3613,20,Male,Germany,Postgraduate,Single,Instagram,4.4,4-6 hrs,7.11,3.6,7.4,7.9,1,Yes
STU3614,23,Male,India,High School,Single,YouTube,1.6,<2 hrs,9.45,1.0,9.3,8.4,1,No
STU3615,23,Male,USA,Undergraduate,Complicated,Facebook,1.0,<2 hrs,9.9,1.0,7.6,8.2,0,No
STU3616,18,Female,USA,High School,Complicated,TikTok,0.5,<2 hrs,9.19,1.0,8.1,8.1,2,No
STU3617,24,Male,Australia,High School,Single,TikTok,2.2,2-4 hrs,7.68,1.0,8.4,8.0,0,No
STU3618,18,Female,India,High School,Complicated,TikTok,0.5,<2 hrs,8.96,1.0,8.4,8.5,1,No
STU3619,25,Female,India,Undergraduate,In a relationship,TikTok,1.2,<2 hrs,8.85,1.0,8.6,8.4,0,No
STU3620,23,Female,India,Undergraduate,Single,Instagram,2.5,2-4 hrs,8.68,1.8,8.0,7.5,2,No
STU3621,22,Female,Japan,High School,In a relationship,Twitter/X,5.5,4-6 hrs,6.42,4.9,7.8,5.7,1,Yes
STU3622,24,Female,USA,High School,Single,TikTok,2.0,2-4 hrs,8.14,2.1,7.5,7.9,0,No
STU3623,26,Male,India,Undergraduate,Complicated,YouTube,0.6,<2 hrs,9.54,1.4,9.0,8.0,1,No
STU3624,24,Female,India,Undergraduate,Single,Instagram,2.3,2-4 hrs,9.03,2.2,8.5,7.1,1,No
STU3625,26,Female,India,Undergraduate,In a relationship,TikTok,5.3,4-6 hrs,6.74,4.0,6.6,7.6,2,Yes
STU3626,16,Female,India,Undergraduate,Single,Snapchat,2.0,2-4 hrs,7.8,1.0,8.3,9.7,0,No
STU3627,16,Male,Australia,Undergraduate,In a relationship,TikTok,6.1,6+ hrs,8.73,4.4,7.0,7.5,2,Yes
STU3628,18,Female,UK,High School,In a relationship,TikTok,2.5,2-4 hrs,8.84,2.2,7.6,7.4,0,No
STU3629,22,Male,Australia,Postgraduate,In a relationship,TikTok,4.1,4-6 hrs,7.49,4.0,6.5,7.0,1,Yes
STU3630,18,Male,India,Undergraduate,Single,Snapchat,2.9,2-4 hrs,8.72,2.6,7.3,8.8,2,No
STU3631,18,Female,India,Postgraduate,Single,TikTok,5.9,4-6 hrs,6.77,5.1,7.4,5.6,3,Yes
STU3632,19,Female,USA,Undergraduate,Single,Snapchat,9.4,6+ hrs,5.79,5.8,6.6,6.6,2,Yes
STU3633,23,Female,USA,Undergraduate,Single,TikTok,1.7,<2 hrs,8.83,1.0,8.0,7.5,0,No
STU3634,16,Female,India,High School,Single,Facebook,2.8,2-4 hrs,8.29,2.3,8.2,9.0,1,No
STU3635,19,Male,UK,Undergraduate,Single,TikTok,5.5,4-6 hrs,6.96,4.8,7.6,6.3,1,Yes
STU3636,19,Female,India,Undergraduate,Single,Instagram,3.0,2-4 hrs,7.28,2.0,7.8,9.6,0,No
STU3637,23,Male,India,Postgraduate,Complicated,TikTok,0.5,<2 hrs,10.0,1.0,8.0,9.7,1,No
STU3638,22,Female,Canada,Postgraduate,Single,YouTube,2.0,2-4 hrs,8.04,1.9,8.2,8.0,0,No
STU3639,19,Female,India,Undergraduate,Complicated,Snapchat,3.0,2-4 hrs,7.33,1.2,8.0,7.9,1,No
STU3640,27,Female,Germany,Undergraduate,In a relationship,Instagram,7.0,6+ hrs,6.22,6.2,7.1,6.0,2,Yes
STU3641,23,Male,Brazil,Undergraduate,Single,YouTube,2.7,2-4 hrs,7.71,1.2,8.3,8.3,1,No
STU3642,26,Female,USA,High School,Single,YouTube,1.2,<2 hrs,8.93,1.0,7.5,8.2,0,No
STU3643,18,Female,Japan,High School,Single,TikTok,3.1,2-4 hrs,8.52,2.2,7.5,6.7,1,No
STU3644,25,Female,USA,Undergraduate,Single,TikTok,6.6,6+ hrs,7.13,6.0,5.9,5.6,2,Yes
STU3645,22,Male,Japan,Undergraduate,In a relationship,TikTok,1.5,<2 hrs,9.31,1.5,8.5,7.5,0,No
STU3646,24,Female,Japan,High School,Single,TikTok,1.6,<2 hrs,8.6,1.7,8.0,8.5,0,No
STU3647,21,Female,Germany,Postgraduate,Single,YouTube,1.5,<2 hrs,8.85,1.1,8.3,9.1,0,No
STU3648,19,Male,India,Undergraduate,In a relationship,Instagram,0.7,<2 hrs,9.43,1.0,7.6,9.0,0,No
STU3649,19,Non-binary,UK,Undergraduate,In a relationship,TikTok,2.6,2-4 hrs,7.28,1.0,8.6,8.7,0,No
STU3650,16,Male,Australia,Undergraduate,Single,TikTok,2.4,2-4 hrs,8.76,1.0,7.3,7.9,0,No
STU3651,21,Female,India,Undergraduate,Complicated,TikTok,0.5,<2 hrs,8.4,1.0,8.8,8.6,0,No
STU3652,18,Female,Brazil,Postgraduate,Single,Facebook,1.2,<2 hrs,10.0,1.9,8.3,8.6,0,No
STU3653,18,Female,Germany,High School,In a relationship,Twitter/X,2.9,2-4 hrs,7.95,2.3,7.7,7.4,0,No
STU3654,16,Male,Brazil,Postgraduate,Single,Snapchat,4.1,4-6 hrs,7.54,3.4,7.3,7.4,1,Yes
STU3655,22,Male,UK,Undergraduate,In a relationship,TikTok,4.9,4-6 hrs,6.83,4.7,7.0,6.5,2,Yes
STU3656,24,Male,USA,Undergraduate,In a relationship,YouTube,4.3,4-6 hrs,7.19,3.3,8.1,8.5,2,Yes
STU3657,18,Female,UK,Postgraduate,Single,TikTok,2.5,2-4 hrs,9.74,1.7,7.9,8.7,0,No
STU3658,22,Male,Australia,High School,In a relationship,YouTube,0.6,<2 hrs,9.79,1.0,7.7,8.9,1,No
STU3659,24,Female,USA,Undergraduate,Single,TikTok,2.1,2-4 hrs,7.63,3.1,7.8,6.2,1,No
STU3660,18,Female,USA,Undergraduate,In a relationship,Instagram,0.5,<2 hrs,10.0,1.0,8.4,8.6,1,No
STU3661,24,Male,India,Postgraduate,Single,Facebook,2.9,2-4 hrs,8.91,1.3,8.2,8.2,0,No
STU3662,26,Female,USA,Undergraduate,In a relationship,YouTube,1.4,<2 hrs,8.7,1.0,7.8,8.4,0,No
STU3663,17,Female,USA,Postgraduate,Single,YouTube,0.5,<2 hrs,9.46,1.4,8.1,7.2,3,No
STU3664,18,Female,Canada,Postgraduate,Single,YouTube,3.3,2-4 hrs,8.01,1.5,7.7,7.5,1,No
STU3665,26,Female,USA,Postgraduate,In a relationship,YouTube,6.5,6+ hrs,7.76,6.0,7.3,6.0,2,Yes
STU3666,19,Female,India,Postgraduate,Single,YouTube,0.5,<2 hrs,8.8,1.0,7.7,9.3,1,No
STU3667,22,Male,UK,Undergraduate,In a relationship,Instagram,3.5,2-4 hrs,8.01,3.6,7.9,6.8,1,No
STU3668,26,Male,Australia,Undergraduate,Complicated,Instagram,1.8,<2 hrs,8.43,1.6,7.8,7.9,0,No
STU3669,24,Non-binary,Brazil,High School,Single,TikTok,1.3,<2 hrs,8.06,1.0,8.0,9.7,0,No
STU3670,16,Male,India,Undergraduate,Single,YouTube,1.3,<2 hrs,10.0,1.0,9.2,8.3,0,No
STU3671,27,Male,USA,Postgraduate,In a relationship,TikTok,1.8,<2 hrs,7.98,2.8,8.0,7.5,1,No
STU3672,24,Female,Germany,Postgraduate,Complicated,YouTube,1.8,<2 hrs,8.82,1.8,8.4,8.0,0,No
STU3673,25,Female,India,High School,Single,YouTube,2.4,2-4 hrs,7.38,1.0,8.3,7.6,0,No
STU3674,20,Male,USA,Undergraduate,In a relationship,Twitter/X,1.2,<2 hrs,8.72,1.0,7.6,8.9,0,No
STU3675,19,Male,UK,Undergraduate,In a relationship,TikTok,1.4,<2 hrs,9.12,1.1,7.2,8.0,2,No
STU3676,26,Female,USA,Undergraduate,Single,YouTube,3.7,2-4 hrs,7.34,2.6,8.0,7.7,1,No
STU3677,27,Female,UK,High School,In a relationship,Snapchat,1.1,<2 hrs,9.36,1.0,7.7,8.8,0,No
STU3678,21,Male,Brazil,High School,In a relationship,Instagram,3.0,2-4 hrs,7.99,2.1,6.9,9.3,2,No
STU3679,25,Female,India,Postgraduate,In a relationship,YouTube,1.9,<2 hrs,9.34,1.0,8.5,7.6,0,No
STU3680,20,Female,India,High School,Single,Snapchat,1.6,<2 hrs,9.6,1.1,7.6,9.1,1,No
STU3681,20,Female,India,High School,Single,YouTube,7.9,6+ hrs,5.59,6.1,6.1,6.6,4,Yes
STU3682,27,Male,USA,Undergraduate,Single,Instagram,0.8,<2 hrs,9.19,1.8,9.3,7.7,0,No
STU3683,20,Female,USA,Undergraduate,Single,TikTok,6.8,6+ hrs,6.55,5.5,6.0,6.7,3,Yes
STU3684,23,Male,India,Undergraduate,Single,Instagram,4.5,4-6 hrs,7.85,2.6,6.7,8.9,2,Yes
STU3685,25,Female,Brazil,High School,Single,Snapchat,1.5,<2 hrs,8.83,1.3,7.9,7.8,1,No
STU3686,23,Male,Australia,Postgraduate,Single,Facebook,4.6,4-6 hrs,7.54,3.3,7.2,7.5,2,Yes
STU3687,25,Female,India,High School,Single,TikTok,0.5,<2 hrs,9.13,1.0,7.9,8.8,0,No
STU3688,19,Female,India,High School,Single,Snapchat,1.3,<2 hrs,8.98,1.2,7.6,8.8,1,No
STU3689,24,Male,India,Undergraduate,In a relationship,Instagram,1.1,<2 hrs,9.78,2.3,9.0,8.4,0,No
STU3690,23,Male,USA,Undergraduate,In a relationship,Instagram,3.3,2-4 hrs,8.4,2.3,7.8,8.0,0,No
STU3691,27,Male,India,High School,Single,YouTube,4.1,4-6 hrs,8.08,1.6,7.8,8.6,0,Yes
STU3692,21,Female,Canada,High School,Single,Facebook,3.3,2-4 hrs,8.45,2.3,7.6,7.2,0,No
STU3693,17,Female,UK,High School,In a relationship,YouTube,2.7,2-4 hrs,8.19,1.0,8.0,8.6,1,No
STU3694,24,Male,Japan,Undergraduate,In a relationship,Facebook,4.8,4-6 hrs,7.53,4.1,7.8,6.6,1,Yes
STU3695,21,Female,Australia,High School,In a relationship,TikTok,4.3,4-6 hrs,6.91,3.4,6.9,6.4,1,Yes
STU3696,23,Male,India,High School,In a relationship,TikTok,1.4,<2 hrs,9.63,1.0,8.3,8.1,2,No
STU3697,21,Male,Australia,Postgraduate,Single,Snapchat,1.6,<2 hrs,7.11,1.0,8.4,8.7,2,No
STU3698,20,Female,India,Undergraduate,Complicated,Instagram,4.2,4-6 hrs,7.56,2.8,8.2,7.9,1,Yes
STU3699,22,Male,USA,Undergraduate,In a relationship,TikTok,2.4,2-4 hrs,9.1,1.7,8.9,7.3,0,No
STU3700,27,Male,UK,Undergraduate,Single,TikTok,2.5,2-4 hrs,7.56,1.1,7.9,7.8,0,No
STU3701,19,Female,UK,Undergraduate,In a relationship,Instagram,2.8,2-4 hrs,8.48,1.0,8.4,9.0,1,No
STU3702,25,Male,Canada,High School,Single,TikTok,0.5,<2 hrs,8.87,1.3,7.0,8.7,0,No
STU3703,26,Female,Germany,Undergraduate,In a relationship,TikTok,1.4,<2 hrs,8.65,1.0,8.9,9.1,0,No
STU3704,18,Female,Germany,Undergraduate,Single,TikTok,3.5,2-4 hrs,8.49,2.6,7.3,8.7,2,No
STU3705,26,Female,India,High School,Single,YouTube,1.4,<2 hrs,8.99,1.2,8.0,8.8,0,No
STU3706,27,Female,Canada,Undergraduate,In a relationship,Instagram,2.1,2-4 hrs,7.33,1.7,8.2,7.9,1,No
STU3707,22,Male,Japan,High School,In a relationship,Facebook,3.5,2-4 hrs,7.34,1.5,7.5,8.3,0,No
STU3708,17,Male,Australia,Postgraduate,Single,TikTok,5.0,4-6 hrs,7.84,2.2,7.3,9.1,1,Yes
STU3709,25,Female,UK,Postgraduate,In a relationship,Snapchat,5.4,4-6 hrs,7.34,3.3,7.9,9.3,1,Yes
STU3710,18,Male,Japan,Undergraduate,Single,TikTok,5.6,4-6 hrs,8.03,4.2,6.9,7.2,3,Yes
STU3711,16,Female,India,Postgraduate,In a relationship,TikTok,2.2,2-4 hrs,9.52,1.0,7.4,8.9,0,No
STU3712,26,Female,India,Undergraduate,Complicated,Snapchat,2.0,2-4 hrs,8.39,1.1,8.9,9.0,1,No
STU3713,27,Female,Australia,High School,Single,Instagram,0.9,<2 hrs,10.0,2.3,8.5,7.9,0,No
STU3714,16,Male,UK,Postgraduate,Single,Instagram,6.5,6+ hrs,6.59,3.1,7.8,8.3,2,Yes
STU3715,17,Non-binary,India,Undergraduate,Single,YouTube,2.0,2-4 hrs,8.02,1.0,8.4,9.2,0,No
STU3716,16,Non-binary,USA,Undergraduate,In a relationship,TikTok,6.4,6+ hrs,6.24,6.0,6.2,6.2,2,Yes
STU3717,17,Male,India,High School,In a relationship,YouTube,3.1,2-4 hrs,6.75,2.1,8.0,7.7,1,No
STU3718,16,Male,UK,Undergraduate,In a relationship,TikTok,5.1,4-6 hrs,8.17,3.0,6.7,6.4,2,Yes
STU3719,18,Male,India,Undergraduate,In a relationship,Instagram,2.3,2-4 hrs,9.42,2.5,7.9,8.3,1,No
STU3720,24,Male,India,Undergraduate,Single,YouTube,3.8,2-4 hrs,7.18,2.7,7.5,7.8,3,No
STU3721,24,Female,USA,Postgraduate,Single,Instagram,5.2,4-6 hrs,7.02,3.4,6.4,6.8,1,Yes
STU3722,23,Female,India,Undergraduate,Single,TikTok,1.7,<2 hrs,8.79,1.3,7.7,7.6,0,No
STU3723,24,Male,USA,High School,In a relationship,TikTok,5.6,4-6 hrs,6.4,3.4,8.2,7.8,1,Yes
STU3724,27,Female,USA,Undergraduate,Single,Instagram,1.0,<2 hrs,8.0,1.0,8.4,7.4,0,No
STU3725,19,Female,Canada,Postgraduate,In a relationship,Instagram,7.8,6+ hrs,5.86,5.4,6.5,6.5,2,Yes
STU3726,23,Female,Canada,High School,Single,Instagram,2.8,2-4 hrs,8.05,1.2,8.7,9.0,0,No
STU3727,26,Male,India,Undergraduate,Single,Snapchat,1.4,<2 hrs,8.64,1.0,8.0,8.9,0,No
STU3728,20,Male,UK,High School,Single,TikTok,4.4,4-6 hrs,7.65,3.4,7.4,7.0,1,Yes
STU3729,19,Female,Brazil,Undergraduate,In a relationship,YouTube,3.2,2-4 hrs,8.92,2.9,8.2,6.7,1,No
STU3730,19,Female,India,High School,In a relationship,Instagram,0.5,<2 hrs,9.09,1.3,8.2,8.8,0,No
STU3731,17,Female,Japan,Undergraduate,In a relationship,Instagram,1.8,<2 hrs,8.79,1.0,7.7,9.3,0,No
STU3732,25,Male,India,Undergraduate,Complicated,YouTube,1.0,<2 hrs,9.49,1.1,7.1,8.0,1,No
STU3733,24,Female,India,Undergraduate,Complicated,Snapchat,1.1,<2 hrs,9.34,1.2,7.8,8.8,1,No
STU3734,24,Male,India,Postgraduate,Single,Instagram,1.1,<2 hrs,8.64,1.0,7.8,9.6,1,No
STU3735,16,Female,USA,Postgraduate,Single,Facebook,3.6,2-4 hrs,7.94,2.1,7.7,8.2,1,No
STU3736,27,Female,India,High School,Single,Snapchat,4.7,4-6 hrs,7.71,2.5,7.0,7.5,2,Yes
STU3737,19,Female,USA,High School,Single,Snapchat,1.3,<2 hrs,8.24,1.3,9.3,9.1,0,No
STU3738,24,Female,Brazil,Undergraduate,In a relationship,Instagram,0.5,<2 hrs,10.0,1.0,7.8,8.0,0,No
STU3739,19,Female,USA,Undergraduate,Single,TikTok,9.0,6+ hrs,6.31,6.1,7.0,5.0,4,Yes
STU3740,17,Non-binary,Germany,High School,In a relationship,Twitter/X,2.8,2-4 hrs,7.81,1.0,7.9,9.1,1,No
STU3741,17,Male,India,High School,In a relationship,Twitter/X,4.4,4-6 hrs,7.64,2.0,7.8,7.7,0,Yes
STU3742,25,Male,Germany,Undergraduate,Single,TikTok,2.1,2-4 hrs,8.94,1.0,8.3,8.3,1,No
STU3743,24,Male,Brazil,Undergraduate,In a relationship,Snapchat,0.5,<2 hrs,8.95,1.2,7.3,8.0,0,No
STU3744,26,Male,India,Postgraduate,In a relationship,YouTube,3.4,2-4 hrs,8.26,2.9,7.6,7.2,2,No
STU3745,19,Female,UK,High School,Single,Facebook,7.3,6+ hrs,6.31,4.7,6.5,7.6,4,Yes
STU3746,16,Male,India,Postgraduate,In a relationship,TikTok,1.5,<2 hrs,7.94,1.6,7.6,9.4,0,No
STU3747,27,Female,India,Undergraduate,In a relationship,YouTube,0.5,<2 hrs,9.55,1.1,8.6,9.7,0,No
STU3748,16,Female,Australia,High School,In a relationship,TikTok,0.9,<2 hrs,8.43,1.0,9.1,9.3,1,No
STU3749,16,Female,Canada,Postgraduate,Single,YouTube,4.6,4-6 hrs,7.99,2.1,6.0,8.3,0,Yes
STU3750,23,Male,Australia,Postgraduate,In a relationship,Instagram,3.2,2-4 hrs,7.66,2.1,7.4,6.9,0,No
STU3751,16,Female,USA,High School,Single,TikTok,5.6,4-6 hrs,6.88,3.8,6.5,7.0,1,Yes
STU3752,20,Female,India,High School,In a relationship,Facebook,2.5,2-4 hrs,9.2,1.0,7.9,10.0,0,No
STU3753,24,Male,USA,Postgraduate,Single,TikTok,4.1,4-6 hrs,7.95,3.2,7.3,7.1,1,Yes
STU3754,19,Female,India,High School,Single,YouTube,1.8,<2 hrs,8.04,1.5,7.7,9.3,0,No
STU3755,26,Female,India,Postgraduate,Single,Snapchat,0.9,<2 hrs,8.49,1.0,8.6,8.5,2,No
STU3756,24,Male,India,High School,In a relationship,TikTok,4.1,4-6 hrs,7.3,3.1,8.3,5.6,1,Yes
STU3757,20,Male,Australia,Undergraduate,In a relationship,YouTube,4.7,4-6 hrs,7.62,3.9,8.7,7.5,4,Yes
STU3758,24,Male,India,Undergraduate,Complicated,Twitter/X,1.5,<2 hrs,9.04,1.0,7.8,9.4,1,No
STU3759,17,Female,India,High School,Single,YouTube,6.8,6+ hrs,5.93,4.9,5.9,6.5,1,Yes
STU3760,23,Male,India,Undergraduate,In a relationship,TikTok,6.9,6+ hrs,5.69,4.5,7.1,7.6,1,Yes
STU3761,22,Female,UK,Undergraduate,Single,Twitter/X,1.1,<2 hrs,9.17,1.0,9.0,7.3,1,No
STU3762,22,Male,India,High School,Single,YouTube,1.1,<2 hrs,8.9,1.8,8.6,7.1,0,No
STU3763,18,Female,India,Postgraduate,Single,Instagram,1.2,<2 hrs,10.0,1.0,9.0,8.6,1,No
STU3764,25,Male,India,Postgraduate,Single,Snapchat,2.3,2-4 hrs,8.49,2.3,7.8,8.2,0,No
STU3765,27,Female,USA,Undergraduate,Single,TikTok,1.8,<2 hrs,9.78,1.0,7.7,9.4,0,No
STU3766,17,Male,UK,Undergraduate,Single,TikTok,0.7,<2 hrs,8.48,1.0,8.4,8.9,0,No
STU3767,26,Female,India,Undergraduate,Single,Instagram,1.2,<2 hrs,8.02,1.0,8.0,7.7,0,No
STU3768,25,Male,USA,Postgraduate,In a relationship,TikTok,0.5,<2 hrs,8.6,1.0,8.7,8.6,0,No
STU3769,16,Female,Australia,Postgraduate,Single,Instagram,0.5,<2 hrs,9.99,1.0,8.9,8.9,2,No
STU3770,16,Female,UK,High School,Complicated,YouTube,0.6,<2 hrs,10.0,1.0,8.9,7.2,0,No
STU3771,22,Female,USA,Undergraduate,Single,TikTok,8.7,6+ hrs,5.12,5.9,6.6,6.0,2,Yes
STU3772,24,Male,USA,High School,Complicated,Twitter/X,8.0,6+ hrs,5.62,5.0,6.6,6.3,2,Yes
STU3773,16,Male,USA,High School,Single,YouTube,4.2,4-6 hrs,6.91,4.2,7.8,6.4,1,Yes
STU3774,25,Female,USA,High School,Complicated,TikTok,1.5,<2 hrs,7.74,2.5,7.1,8.1,1,No
STU3775,19,Female,USA,Postgraduate,Single,TikTok,0.6,<2 hrs,9.66,1.0,8.5,7.7,0,No
STU3776,17,Male,Germany,High School,In a relationship,YouTube,2.5,2-4 hrs,8.51,2.2,7.9,8.2,0,No
STU3777,23,Male,USA,Undergraduate,Single,Snapchat,3.5,2-4 hrs,7.93,3.1,7.7,7.8,1,No
STU3778,24,Female,Canada,Undergraduate,In a relationship,Instagram,1.3,<2 hrs,8.07,1.3,8.1,9.1,4,No
STU3779,18,Male,Germany,Undergraduate,Single,Snapchat,3.3,2-4 hrs,9.0,1.8,7.9,7.3,1,No
STU3780,18,Female,USA,High School,In a relationship,Instagram,0.8,<2 hrs,8.84,1.0,8.0,7.4,2,No
STU3781,22,Female,Germany,Undergraduate,Single,TikTok,1.5,<2 hrs,9.15,1.0,8.7,8.7,0,No
STU3782,24,Male,Japan,High School,Complicated,TikTok,2.0,2-4 hrs,7.73,1.1,8.2,8.2,0,No
STU3783,22,Female,UK,Postgraduate,In a relationship,YouTube,8.2,6+ hrs,5.7,4.8,6.5,8.6,1,Yes
STU3784,27,Female,USA,High School,Single,TikTok,1.2,<2 hrs,9.13,1.0,7.9,8.8,2,No
STU3785,22,Female,Germany,High School,Single,Instagram,3.4,2-4 hrs,8.17,1.2,8.1,8.4,0,No
STU3786,17,Male,Canada,Undergraduate,In a relationship,Instagram,1.0,<2 hrs,9.14,1.0,8.4,8.4,0,No
STU3787,27,Female,Canada,High School,Single,Facebook,0.9,<2 hrs,9.39,1.0,7.9,7.6,2,No
STU3788,26,Male,Brazil,Undergraduate,Single,Snapchat,1.3,<2 hrs,8.24,1.1,8.1,8.8,1,No
STU3789,16,Female,Canada,Undergraduate,Single,Twitter/X,2.5,2-4 hrs,8.49,1.2,8.2,8.3,0,No
STU3790,17,Male,Canada,High School,Single,TikTok,7.4,6+ hrs,6.24,5.4,6.9,6.2,3,Yes
STU3791,27,Female,India,Undergraduate,In a relationship,Facebook,1.5,<2 hrs,8.96,1.9,8.4,8.1,0,No
STU3792,21,Male,Canada,Undergraduate,Single,Instagram,4.7,4-6 hrs,7.43,4.6,7.4,6.9,1,Yes
STU3793,27,Male,Brazil,Undergraduate,In a relationship,Instagram,8.4,6+ hrs,4.96,3.9,6.9,5.8,1,Yes
STU3794,27,Female,UK,Undergraduate,Single,Instagram,3.0,2-4 hrs,7.36,1.4,8.4,8.9,0,No
STU3795,25,Female,Brazil,High School,Single,YouTube,5.3,4-6 hrs,5.79,3.5,7.5,6.7,3,Yes
STU3796,23,Female,USA,High School,Single,Instagram,1.2,<2 hrs,9.45,1.2,7.9,8.3,1,No
STU3797,23,Male,India,Undergraduate,Single,TikTok,3.4,2-4 hrs,8.47,1.1,7.1,9.4,0,No
STU3798,21,Male,USA,Postgraduate,Single,Instagram,4.0,4-6 hrs,8.21,2.0,7.2,9.2,0,No
STU3799,17,Female,India,High School,Single,Twitter/X,0.7,<2 hrs,9.37,1.0,9.3,7.3,0,No
STU3800,24,Female,India,Undergraduate,Single,Snapchat,1.1,<2 hrs,7.73,1.0,8.4,8.5,2,No
STU3801,25,Female,India,High School,Single,Snapchat,2.0,2-4 hrs,7.98,1.7,9.1,8.3,1,No
STU3802,19,Male,UK,High School,In a relationship,Instagram,1.3,<2 hrs,9.02,1.3,8.1,7.3,1,No
STU3803,20,Male,Brazil,Postgraduate,Single,TikTok,2.2,2-4 hrs,8.59,1.8,7.8,8.7,1,No
STU3804,16,Female,India,Postgraduate,Single,YouTube,0.6,<2 hrs,9.1,1.0,8.3,8.6,0,No
STU3805,24,Male,India,High School,Single,Instagram,7.9,6+ hrs,6.17,5.6,6.5,6.3,2,Yes
STU3806,26,Male,Japan,Postgraduate,Single,Twitter/X,5.0,4-6 hrs,7.26,4.0,6.9,6.4,1,Yes
STU3807,26,Female,Brazil,High School,Single,Snapchat,12.0,6+ hrs,4.17,6.6,4.9,6.0,2,Yes
STU3808,26,Female,Germany,Postgraduate,Single,Instagram,0.8,<2 hrs,8.76,1.8,8.6,8.7,0,No
STU3809,25,Male,India,Postgraduate,Single,TikTok,3.5,2-4 hrs,8.51,1.0,8.2,8.6,1,No
STU3810,16,Female,Canada,High School,Single,TikTok,1.3,<2 hrs,8.66,1.0,9.4,8.1,1,No
STU3811,22,Male,India,High School,In a relationship,Facebook,0.9,<2 hrs,8.3,1.0,8.1,8.2,1,No
STU3812,26,Male,Canada,Postgraduate,Single,TikTok,4.8,4-6 hrs,6.88,3.9,7.1,7.2,1,Yes
STU3813,24,Male,USA,Undergraduate,Single,YouTube,2.6,2-4 hrs,8.12,1.0,7.5,8.5,1,No
STU3814,18,Non-binary,Canada,Undergraduate,Single,Instagram,1.9,<2 hrs,9.24,1.3,8.6,9.0,0,No
STU3815,17,Female,USA,Undergraduate,In a relationship,Snapchat,3.1,2-4 hrs,8.08,2.8,8.1,7.3,2,No
STU3816,25,Female,Brazil,Undergraduate,Single,Instagram,1.2,<2 hrs,8.85,1.6,7.8,7.3,3,No
STU3817,23,Female,India,High School,Single,YouTube,1.1,<2 hrs,8.26,1.0,7.8,8.8,3,No
STU3818,19,Female,India,Undergraduate,Single,Twitter/X,1.4,<2 hrs,9.34,1.0,8.6,8.2,0,No
STU3819,16,Male,Germany,Postgraduate,In a relationship,TikTok,5.5,4-6 hrs,6.63,3.4,7.3,7.8,2,Yes
STU3820,23,Male,Australia,Postgraduate,In a relationship,Instagram,5.2,4-6 hrs,7.1,3.3,7.6,7.4,1,Yes
STU3821,21,Non-binary,India,Undergraduate,In a relationship,Snapchat,0.7,<2 hrs,10.0,1.0,7.9,9.0,0,No
STU3822,21,Female,India,High School,Single,TikTok,7.7,6+ hrs,6.34,4.7,5.6,5.9,1,Yes
STU3823,19,Male,USA,Postgraduate,Single,TikTok,2.4,2-4 hrs,7.44,2.0,7.5,8.1,0,No
STU3824,21,Female,UK,High School,Single,Twitter/X,3.4,2-4 hrs,6.91,2.5,8.0,7.3,3,No
STU3825,17,Male,India,Undergraduate,Single,YouTube,1.4,<2 hrs,8.83,1.4,9.2,7.4,2,No
STU3826,21,Female,Germany,Undergraduate,In a relationship,TikTok,2.5,2-4 hrs,7.65,1.9,7.7,7.4,0,No
STU3827,17,Female,UK,Undergraduate,In a relationship,YouTube,0.9,<2 hrs,9.48,1.2,9.4,8.0,0,No
STU3828,21,Female,Brazil,Postgraduate,Single,Instagram,1.3,<2 hrs,8.94,1.6,8.6,9.1,1,No
STU3829,24,Female,USA,Undergraduate,Complicated,TikTok,4.5,4-6 hrs,7.57,1.8,6.7,7.7,1,Yes
STU3830,22,Male,India,High School,Single,TikTok,4.6,4-6 hrs,7.01,2.5,7.5,6.9,1,Yes
STU3831,27,Female,Germany,Postgraduate,In a relationship,Twitter/X,3.6,2-4 hrs,8.92,2.3,8.0,7.9,0,No
STU3832,27,Female,India,Undergraduate,Single,Twitter/X,1.8,<2 hrs,10.0,1.2,6.8,8.4,0,No
STU3833,19,Male,USA,Undergraduate,Single,Snapchat,0.7,<2 hrs,9.02,1.0,8.6,8.2,1,No
STU3834,16,Female,USA,High School,In a relationship,Snapchat,6.0,6+ hrs,7.01,4.9,7.6,6.4,1,Yes
STU3835,24,Male,UK,Undergraduate,Complicated,Facebook,4.9,4-6 hrs,7.35,5.0,7.5,7.2,2,Yes
STU3836,16,Female,India,Undergraduate,Single,YouTube,0.5,<2 hrs,9.12,1.0,8.3,9.0,2,No
STU3837,20,Female,UK,High School,Single,YouTube,4.7,4-6 hrs,6.89,3.4,7.2,7.7,2,Yes
STU3838,22,Female,India,High School,In a relationship,Instagram,1.9,<2 hrs,7.99,2.0,7.9,7.2,0,No
STU3839,25,Female,USA,High School,Single,TikTok,4.1,4-6 hrs,6.97,1.4,6.9,10.0,0,Yes
STU3840,25,Male,Japan,Postgraduate,Single,TikTok,0.6,<2 hrs,9.47,1.0,8.0,9.2,0,No
STU3841,21,Male,India,High School,Single,Twitter/X,1.4,<2 hrs,8.56,1.8,7.9,8.5,0,No
STU3842,18,Male,Germany,Postgraduate,In a relationship,Instagram,2.7,2-4 hrs,6.74,1.4,7.9,7.5,2,No
STU3843,26,Female,UK,Undergraduate,In a relationship,Snapchat,7.9,6+ hrs,6.21,4.5,6.2,7.4,1,Yes
STU3844,23,Male,India,Undergraduate,Single,Instagram,2.7,2-4 hrs,8.26,1.7,7.4,7.8,2,No
STU3845,26,Male,Australia,High School,In a relationship,TikTok,5.3,4-6 hrs,7.92,3.7,7.6,7.0,1,Yes
STU3846,22,Male,UK,High School,Single,Facebook,3.0,2-4 hrs,8.37,1.4,7.9,7.1,2,No
STU3847,24,Male,UK,High School,Single,TikTok,2.9,2-4 hrs,7.31,3.7,7.5,6.3,1,No
STU3848,16,Male,India,High School,Single,YouTube,3.7,2-4 hrs,6.5,2.2,7.8,8.2,0,No
STU3849,23,Female,USA,High School,In a relationship,TikTok,2.4,2-4 hrs,7.99,1.0,7.7,9.2,1,No
STU3850,19,Female,Australia,High School,Single,TikTok,4.5,4-6 hrs,7.1,3.1,7.4,7.9,2,Yes
STU3851,22,Male,Australia,Undergraduate,Single,Twitter/X,1.0,<2 hrs,9.62,1.4,8.7,8.8,1,No
STU3852,22,Male,Germany,High School,In a relationship,Twitter/X,2.4,2-4 hrs,8.41,1.7,7.6,8.1,0,No
STU3853,19,Female,India,Undergraduate,Single,Snapchat,8.3,6+ hrs,6.45,6.2,5.8,5.6,2,Yes
STU3854,23,Non-binary,India,High School,Single,Instagram,5.5,4-6 hrs,6.23,3.2,7.1,7.6,1,Yes
STU3855,27,Male,Japan,High School,Single,Snapchat,3.2,2-4 hrs,8.64,3.4,7.0,7.9,2,No
STU3856,16,Male,India,Undergraduate,Single,Instagram,5.0,4-6 hrs,7.68,3.9,7.1,7.1,2,Yes
STU3857,20,Female,India,Undergraduate,Single,Instagram,6.9,6+ hrs,5.18,5.7,6.6,7.0,2,Yes
STU3858,19,Female,Germany,High School,Complicated,Facebook,0.5,<2 hrs,10.0,1.0,7.1,8.3,1,No
STU3859,19,Male,USA,Postgraduate,Complicated,Instagram,2.0,2-4 hrs,8.66,2.1,8.3,7.3,1,No
STU3860,18,Male,India,Undergraduate,In a relationship,Instagram,1.4,<2 hrs,9.11,1.0,8.1,8.5,1,No
STU3861,16,Male,India,Undergraduate,Single,TikTok,0.6,<2 hrs,8.71,1.0,8.9,8.6,1,No
STU3862,20,Male,India,Undergraduate,In a relationship,Twitter/X,9.1,6+ hrs,6.17,7.4,6.3,5.2,3,Yes
STU3863,23,Male,India,High School,In a relationship,TikTok,3.8,2-4 hrs,7.08,3.9,7.9,7.9,1,No
STU3864,25,Female,UK,Undergraduate,In a relationship,Twitter/X,4.9,4-6 hrs,7.79,2.5,7.9,8.3,1,Yes
STU3865,21,Female,India,Undergraduate,In a relationship,Instagram,1.5,<2 hrs,9.32,1.2,8.1,7.4,0,No
STU3866,27,Male,India,High School,Single,YouTube,2.0,2-4 hrs,8.02,1.1,8.0,9.5,0,No
STU3867,16,Female,Brazil,Undergraduate,In a relationship,Facebook,2.5,2-4 hrs,9.57,1.2,7.1,6.5,2,No
STU3868,20,Male,Germany,Undergraduate,In a relationship,Instagram,3.4,2-4 hrs,8.11,2.6,8.3,9.2,1,No
STU3869,21,Female,Germany,Postgraduate,Complicated,Snapchat,4.3,4-6 hrs,7.96,3.9,7.4,6.8,2,Yes
STU3870,24,Female,Australia,High School,In a relationship,Instagram,4.2,4-6 hrs,6.69,3.3,6.9,7.2,2,Yes
STU3871,24,Male,Canada,Undergraduate,Single,YouTube,2.1,2-4 hrs,9.83,1.2,8.3,8.4,1,No
STU3872,20,Male,India,High School,Single,Instagram,7.1,6+ hrs,5.57,5.4,5.6,6.6,2,Yes
STU3873,18,Male,USA,Postgraduate,Single,YouTube,6.1,6+ hrs,7.37,4.0,6.8,7.0,1,Yes
STU3874,21,Female,India,Undergraduate,Single,YouTube,3.1,2-4 hrs,7.51,2.5,8.2,7.7,2,No
STU3875,26,Female,Japan,High School,In a relationship,Twitter/X,2.6,2-4 hrs,7.96,2.9,7.6,8.5,1,No
STU3876,23,Female,Canada,Undergraduate,Single,TikTok,1.9,<2 hrs,9.12,1.0,7.7,8.9,0,No
STU3877,27,Male,Japan,Postgraduate,Complicated,Snapchat,3.4,2-4 hrs,8.59,3.0,7.4,6.8,1,No
STU3878,26,Female,India,Undergraduate,In a relationship,TikTok,5.9,4-6 hrs,6.08,2.9,6.0,8.1,1,Yes
STU3879,27,Female,Canada,High School,In a relationship,Instagram,2.6,2-4 hrs,8.98,2.8,8.2,8.0,1,No
STU3880,27,Female,Australia,High School,In a relationship,TikTok,1.6,<2 hrs,9.41,1.0,8.0,8.1,0,No
STU3881,20,Male,India,High School,Complicated,TikTok,2.6,2-4 hrs,7.77,1.0,7.7,9.1,0,No
STU3882,23,Female,Canada,Undergraduate,In a relationship,TikTok,3.2,2-4 hrs,9.02,2.8,7.6,7.5,3,No
STU3883,16,Female,India,High School,In a relationship,Instagram,0.9,<2 hrs,8.22,1.0,8.3,8.3,0,No
STU3884,23,Male,USA,Postgraduate,In a relationship,TikTok,0.7,<2 hrs,8.81,1.0,8.7,8.3,0,No
STU3885,17,Male,Australia,Undergraduate,Single,Snapchat,1.6,<2 hrs,9.07,1.0,8.1,6.8,0,No
STU3886,22,Female,USA,Undergraduate,Single,YouTube,7.1,6+ hrs,5.79,4.8,6.0,6.2,1,Yes
STU3887,17,Non-binary,Brazil,Undergraduate,Complicated,Instagram,5.7,4-6 hrs,7.09,3.0,7.4,8.0,1,Yes
STU3888,18,Female,India,Undergraduate,Single,Instagram,0.5,<2 hrs,9.42,1.0,8.6,8.5,0,No
STU3889,20,Female,India,Undergraduate,Complicated,Instagram,1.1,<2 hrs,8.89,1.0,8.3,7.6,0,No
STU3890,25,Male,USA,Undergraduate,In a relationship,TikTok,4.3,4-6 hrs,8.06,2.2,8.0,8.6,0,Yes
STU3891,22,Female,Germany,High School,Single,TikTok,1.8,<2 hrs,8.55,1.6,8.1,8.0,0,No
STU3892,24,Female,Germany,High School,In a relationship,Snapchat,3.5,2-4 hrs,8.06,3.6,8.2,6.3,1,No
STU3893,27,Female,USA,High School,In a relationship,YouTube,0.6,<2 hrs,9.92,1.0,9.1,10.0,0,No
STU3894,27,Female,Germany,Undergraduate,Single,Snapchat,2.5,2-4 hrs,8.85,1.9,8.2,7.3,1,No
STU3895,20,Female,India,High School,In a relationship,Facebook,2.3,2-4 hrs,8.94,3.2,7.6,8.0,1,No
STU3896,26,Male,India,High School,Complicated,TikTok,4.9,4-6 hrs,6.61,2.5,7.2,7.2,1,Yes
STU3897,16,Female,Germany,Undergraduate,Complicated,TikTok,3.4,2-4 hrs,8.28,3.3,8.3,7.4,1,No
STU3898,26,Male,Germany,High School,In a relationship,YouTube,2.8,2-4 hrs,7.71,2.8,7.1,7.0,2,No
STU3899,18,Male,India,High School,Single,TikTok,0.5,<2 hrs,8.51,1.0,8.2,7.6,0,No
STU3900,20,Female,India,High School,In a relationship,TikTok,8.5,6+ hrs,5.63,7.0,6.2,5.9,3,Yes
STU3901,27,Female,Germany,High School,Single,Twitter/X,4.1,4-6 hrs,7.11,3.1,7.0,7.7,3,Yes
STU3902,18,Female,India,Undergraduate,Complicated,Snapchat,1.4,<2 hrs,9.34,1.0,8.6,9.3,0,No
STU3903,23,Male,Germany,High School,In a relationship,Instagram,2.7,2-4 hrs,8.77,2.8,8.0,7.6,3,No
STU3904,23,Male,UK,Undergraduate,Single,TikTok,1.8,<2 hrs,7.55,2.2,7.7,9.5,0,No
STU3905,26,Male,Canada,Undergraduate,In a relationship,YouTube,2.1,2-4 hrs,8.06,2.4,8.3,8.0,0,No
STU3906,16,Male,UK,Undergraduate,Single,Twitter/X,5.6,4-6 hrs,6.1,4.0,7.0,7.4,2,Yes
STU3907,23,Female,UK,Postgraduate,Single,TikTok,1.1,<2 hrs,8.73,1.0,7.8,7.5,0,No
STU3908,19,Male,India,Postgraduate,Single,Instagram,4.2,4-6 hrs,7.88,3.1,7.1,7.0,2,Yes
STU3909,26,Non-binary,India,Undergraduate,Single,TikTok,5.8,4-6 hrs,6.74,4.8,7.3,7.0,3,Yes
STU3910,21,Male,UK,High School,In a relationship,TikTok,3.7,2-4 hrs,7.48,3.4,8.0,7.2,2,No
STU3911,25,Male,USA,Undergraduate,Complicated,Twitter/X,2.2,2-4 hrs,9.29,1.2,7.7,8.5,0,No
STU3912,23,Female,UK,High School,Single,Twitter/X,1.3,<2 hrs,7.53,1.2,8.4,7.8,0,No
STU3913,17,Female,India,High School,In a relationship,Twitter/X,1.4,<2 hrs,9.61,1.0,8.9,8.6,0,No
STU3914,23,Male,USA,Undergraduate,Single,Instagram,2.8,2-4 hrs,7.91,2.7,7.2,7.7,2,No
STU3915,22,Female,India,High School,Single,YouTube,2.6,2-4 hrs,8.28,1.2,8.0,7.6,0,No
STU3916,19,Female,India,Undergraduate,In a relationship,TikTok,4.6,4-6 hrs,7.11,3.8,7.8,7.5,1,Yes
STU3917,27,Female,Japan,Undergraduate,In a relationship,TikTok,0.6,<2 hrs,10.0,1.0,8.3,7.3,0,No
STU3918,20,Female,Australia,Undergraduate,Single,Twitter/X,5.6,4-6 hrs,6.24,4.7,7.7,6.8,1,Yes
STU3919,21,Male,UK,Undergraduate,Single,TikTok,12.0,6+ hrs,4.11,8.7,6.6,5.9,3,Yes
STU3920,18,Female,UK,Undergraduate,In a relationship,Instagram,2.4,2-4 hrs,8.74,1.1,8.1,8.9,0,No
STU3921,17,Female,UK,High School,In a relationship,YouTube,2.1,2-4 hrs,7.59,2.0,7.9,8.5,0,No
STU3922,17,Female,Brazil,High School,Single,Instagram,2.3,2-4 hrs,7.91,1.1,8.4,7.8,1,No
STU3923,19,Female,Australia,Undergraduate,Single,TikTok,2.7,2-4 hrs,8.2,2.5,8.2,9.0,1,No
STU3924,22,Female,USA,Undergraduate,Single,TikTok,2.0,2-4 hrs,8.07,1.2,6.7,9.4,1,No
STU3925,27,Female,India,High School,Single,Instagram,0.5,<2 hrs,8.79,1.0,8.4,7.9,0,No
STU3926,16,Female,India,Undergraduate,In a relationship,TikTok,2.2,2-4 hrs,8.3,1.0,7.8,8.2,0,No
STU3927,16,Male,India,Postgraduate,Single,YouTube,2.8,2-4 hrs,8.63,1.6,8.0,9.1,0,No
STU3928,19,Female,UK,Postgraduate,In a relationship,YouTube,6.0,6+ hrs,6.59,5.3,6.9,7.6,2,Yes
STU3929,24,Male,India,Undergraduate,Complicated,Snapchat,1.1,<2 hrs,9.65,1.5,8.2,7.4,0,No
STU3930,27,Male,USA,Undergraduate,In a relationship,Instagram,7.7,6+ hrs,5.44,6.7,6.1,4.9,2,Yes
STU3931,27,Female,India,Undergraduate,Single,Snapchat,1.9,<2 hrs,7.89,2.7,8.4,7.5,1,No
STU3932,20,Female,Brazil,Undergraduate,In a relationship,Instagram,1.2,<2 hrs,10.0,1.0,9.0,7.0,0,No
STU3933,16,Male,India,High School,Complicated,Twitter/X,4.1,4-6 hrs,7.26,2.7,7.1,7.7,2,Yes
STU3934,18,Male,USA,Undergraduate,In a relationship,Instagram,1.7,<2 hrs,7.95,1.0,7.4,9.3,1,No
STU3935,26,Female,India,High School,In a relationship,Snapchat,2.4,2-4 hrs,7.37,1.1,7.9,7.4,0,No
STU3936,21,Female,India,High School,In a relationship,Instagram,2.5,2-4 hrs,9.02,1.0,7.9,8.6,2,No
STU3937,18,Male,Brazil,Undergraduate,In a relationship,YouTube,3.9,2-4 hrs,7.54,2.7,8.1,7.2,1,No
STU3938,26,Female,USA,Undergraduate,In a relationship,Instagram,2.4,2-4 hrs,8.27,1.0,7.3,9.6,0,No
STU3939,21,Female,UK,Undergraduate,Single,Twitter/X,2.2,2-4 hrs,8.41,1.5,7.7,7.9,1,No
STU3940,21,Female,UK,Undergraduate,Complicated,Instagram,1.8,<2 hrs,9.3,3.0,7.0,8.6,2,No
STU3941,20,Female,Canada,Undergraduate,Single,YouTube,3.6,2-4 hrs,7.77,2.1,8.3,7.5,0,No
STU3942,25,Female,USA,High School,In a relationship,Twitter/X,1.6,<2 hrs,10.0,1.3,8.2,8.9,1,No
STU3943,20,Female,UK,Undergraduate,In a relationship,Snapchat,6.1,6+ hrs,6.84,5.0,6.7,6.7,2,Yes
STU3944,24,Female,Australia,Undergraduate,In a relationship,TikTok,2.6,2-4 hrs,8.97,2.0,7.2,7.9,0,No
STU3945,18,Female,Japan,Undergraduate,In a relationship,YouTube,0.5,<2 hrs,9.76,1.0,7.8,7.9,1,No
STU3946,26,Male,Canada,Postgraduate,Single,Twitter/X,3.1,2-4 hrs,8.08,1.9,7.9,8.3,1,No
STU3947,25,Male,USA,Undergraduate,Single,Twitter/X,3.5,2-4 hrs,7.57,2.3,7.1,7.5,0,No
STU3948,22,Male,USA,Undergraduate,Single,Twitter/X,6.2,6+ hrs,6.91,3.6,7.0,6.7,2,Yes
STU3949,19,Male,Australia,High School,Complicated,Snapchat,1.3,<2 hrs,9.22,1.6,9.2,9.2,0,No
STU3950,17,Male,Canada,High School,In a relationship,Snapchat,1.2,<2 hrs,8.62,1.0,8.0,8.9,1,No
STU3951,25,Female,USA,Undergraduate,Single,YouTube,4.0,4-6 hrs,7.8,3.6,7.0,7.7,1,No
STU3952,18,Female,USA,High School,Single,Instagram,5.5,4-6 hrs,7.77,2.7,7.3,7.4,2,Yes
STU3953,18,Male,Japan,High School,Single,Snapchat,1.3,<2 hrs,10.0,1.7,7.6,8.0,0,No
STU3954,18,Female,Australia,Undergraduate,Single,TikTok,3.1,2-4 hrs,8.62,1.9,8.6,7.9,0,No
STU3955,18,Female,India,High School,In a relationship,Instagram,2.4,2-4 hrs,9.54,1.0,8.6,8.7,0,No
STU3956,25,Female,India,Undergraduate,In a relationship,YouTube,1.3,<2 hrs,8.54,1.4,8.1,8.7,1,No
STU3957,21,Female,Brazil,Undergraduate,Single,YouTube,2.3,2-4 hrs,8.89,2.4,7.5,7.8,1,No
STU3958,21,Male,Canada,Undergraduate,Single,TikTok,5.2,4-6 hrs,7.96,3.3,7.0,6.8,2,Yes
STU3959,26,Female,USA,Undergraduate,Single,TikTok,2.6,2-4 hrs,7.79,2.4,7.7,8.3,0,No
STU3960,24,Male,USA,Undergraduate,In a relationship,YouTube,2.2,2-4 hrs,8.22,1.0,8.1,8.5,1,No
STU3961,23,Female,USA,High School,In a relationship,Instagram,3.9,2-4 hrs,8.79,1.7,8.0,7.1,0,No
STU3962,25,Male,India,Undergraduate,In a relationship,TikTok,5.6,4-6 hrs,6.39,5.0,6.6,5.0,5,Yes
STU3963,22,Female,UK,Undergraduate,In a relationship,Twitter/X,1.1,<2 hrs,8.2,1.0,8.7,8.7,0,No
STU3964,27,Female,Australia,High School,Single,Instagram,3.2,2-4 hrs,8.98,1.0,8.0,7.9,0,No
STU3965,27,Female,UK,Undergraduate,In a relationship,YouTube,1.9,<2 hrs,9.36,1.0,7.8,8.8,0,No
STU3966,17,Female,Canada,Undergraduate,Single,Instagram,2.6,2-4 hrs,8.59,1.1,7.3,7.9,0,No
STU3967,25,Female,UK,High School,In a relationship,Instagram,4.1,4-6 hrs,7.63,2.7,7.5,7.7,1,Yes
STU3968,17,Male,India,Undergraduate,Single,TikTok,2.0,2-4 hrs,8.34,1.1,7.5,8.2,0,No
STU3969,16,Female,India,Postgraduate,Single,Instagram,2.3,2-4 hrs,8.63,1.8,8.4,9.3,0,No
STU3970,22,Male,USA,High School,Single,Snapchat,5.0,4-6 hrs,8.2,3.4,6.7,8.0,2,Yes
STU3971,22,Non-binary,Brazil,High School,Single,Snapchat,3.5,2-4 hrs,8.07,3.5,7.9,8.2,2,No
STU3972,16,Female,USA,Undergraduate,In a relationship,Instagram,2.3,2-4 hrs,9.77,1.9,7.9,8.1,0,No
STU3973,21,Female,USA,Postgraduate,Single,Snapchat,2.8,2-4 hrs,7.7,2.3,7.5,8.4,0,No
STU3974,26,Female,India,High School,Single,Instagram,2.6,2-4 hrs,8.32,2.8,7.8,7.7,1,No
STU3975,27,Male,Japan,Postgraduate,Complicated,Instagram,0.5,<2 hrs,9.05,1.0,8.9,9.5,0,No
STU3976,22,Male,Australia,Undergraduate,Complicated,Twitter/X,2.8,2-4 hrs,7.59,1.0,7.2,8.4,1,No
STU3977,16,Male,Australia,Undergraduate,In a relationship,TikTok,0.8,<2 hrs,9.05,1.5,8.1,7.3,1,No
STU3978,27,Male,USA,Postgraduate,Single,TikTok,5.5,4-6 hrs,7.28,4.0,6.7,5.6,1,Yes
STU3979,21,Male,India,Postgraduate,In a relationship,Instagram,0.7,<2 hrs,9.5,1.0,8.3,9.7,0,No
STU3980,25,Male,India,High School,In a relationship,Facebook,1.8,<2 hrs,9.99,1.0,7.7,8.8,1,No
STU3981,24,Female,Germany,High School,In a relationship,Snapchat,1.5,<2 hrs,9.1,1.0,7.2,8.9,2,No
STU3982,27,Female,India,High School,Complicated,Facebook,6.9,6+ hrs,7.09,5.5,6.2,7.3,2,Yes
STU3983,16,Female,Brazil,Undergraduate,Single,Instagram,5.3,4-6 hrs,7.15,4.5,8.0,5.6,2,Yes
STU3984,17,Female,UK,Undergraduate,Single,YouTube,0.5,<2 hrs,10.0,1.0,8.5,8.2,0,No
STU3985,17,Female,Australia,Undergraduate,Complicated,Twitter/X,2.5,2-4 hrs,9.81,2.4,8.0,7.6,1,No
STU3986,25,Female,USA,Undergraduate,In a relationship,Twitter/X,0.9,<2 hrs,9.41,1.1,8.1,9.0,0,No
STU3987,18,Female,Brazil,Postgraduate,Complicated,Twitter/X,2.8,2-4 hrs,7.64,2.1,7.8,7.5,1,No
STU3988,19,Male,India,High School,Complicated,YouTube,4.0,4-6 hrs,7.37,2.7,7.3,6.8,2,No
STU3989,22,Female,UK,Undergraduate,Single,Instagram,3.0,2-4 hrs,8.32,3.1,8.0,6.6,1,No
STU3990,18,Male,India,High School,In a relationship,Facebook,4.2,4-6 hrs,7.88,2.6,7.5,8.5,1,Yes
STU3991,22,Female,UK,Undergraduate,In a relationship,Instagram,2.0,2-4 hrs,9.02,1.7,7.4,7.6,1,No
STU3992,20,Female,Japan,High School,Single,Instagram,3.1,2-4 hrs,8.38,1.5,7.9,7.9,0,No
STU3993,20,Male,India,Undergraduate,In a relationship,Twitter/X,4.1,4-6 hrs,7.66,2.3,6.2,8.3,2,Yes
STU3994,22,Male,UK,Postgraduate,In a relationship,Instagram,1.7,<2 hrs,8.35,1.0,8.3,8.0,0,No
STU3995,22,Male,Canada,Postgraduate,Single,Instagram,1.2,<2 hrs,9.2,1.0,7.5,7.3,2,No
STU3996,22,Female,Brazil,High School,Single,Instagram,1.4,<2 hrs,9.98,1.6,8.1,7.1,1,No
STU3997,24,Male,India,Postgraduate,Single,Instagram,2.3,2-4 hrs,9.08,1.0,7.3,8.5,0,No
STU3998,16,Male,UK,Undergraduate,Single,YouTube,2.5,2-4 hrs,8.7,1.8,7.9,8.4,0,No
STU3999,16,Male,Japan,Undergraduate,Single,TikTok,3.2,2-4 hrs,8.68,2.3,8.0,7.7,0,No
STU4000,18,Male,Australia,High School,Single,Instagram,1.3,<2 hrs,8.69,1.0,8.9,8.8,1,No
STU4001,21,Male,Germany,Undergraduate,Single,Instagram,4.2,4-6 hrs,7.31,2.6,6.7,6.6,2,Yes
STU4002,17,Female,Australia,Undergraduate,In a relationship,Twitter/X,7.9,6+ hrs,5.5,5.7,7.0,5.1,2,Yes
STU4003,24,Male,UK,Undergraduate,Single,YouTube,1.5,<2 hrs,8.75,1.4,8.2,9.9,0,No
STU4004,16,Female,USA,High School,Single,TikTok,10.9,6+ hrs,4.34,7.5,5.5,6.1,3,Yes
STU4005,20,Female,India,Undergraduate,Complicated,Instagram,8.6,6+ hrs,6.35,6.6,6.7,6.2,2,Yes
STU4006,22,Female,USA,Undergraduate,Single,TikTok,2.5,2-4 hrs,8.09,1.7,7.8,7.7,0,No
STU4007,25,Male,India,High School,Single,TikTok,2.2,2-4 hrs,8.03,1.6,8.3,8.0,1,No
STU4008,18,Female,India,Postgraduate,Single,TikTok,1.4,<2 hrs,10.0,1.2,7.7,8.4,1,No
STU4009,17,Male,India,High School,Single,TikTok,4.6,4-6 hrs,7.16,4.0,7.0,7.9,2,Yes
STU4010,18,Female,USA,Undergraduate,Single,Instagram,2.7,2-4 hrs,8.38,1.3,8.3,8.6,1,No
STU4011,27,Male,Australia,High School,In a relationship,Facebook,2.9,2-4 hrs,8.47,1.6,8.5,8.6,1,No
STU4012,22,Male,India,Undergraduate,In a relationship,TikTok,1.2,<2 hrs,8.28,1.0,8.2,8.4,0,No
STU4013,16,Male,Australia,Postgraduate,Single,YouTube,4.7,4-6 hrs,8.13,3.0,5.9,8.1,2,Yes
STU4014,23,Female,Germany,Undergraduate,Single,TikTok,2.1,2-4 hrs,8.94,2.6,7.9,7.9,1,No
STU4015,18,Female,UK,High School,Single,TikTok,1.0,<2 hrs,9.99,1.2,8.3,8.4,0,No
STU4016,20,Female,UK,Postgraduate,Single,YouTube,2.4,2-4 hrs,8.01,1.0,7.8,8.0,0,No
STU4017,25,Female,USA,High School,Single,TikTok,1.3,<2 hrs,8.97,1.0,8.3,8.4,1,No
STU4018,26,Female,USA,High School,Complicated,YouTube,6.2,6+ hrs,6.73,4.6,6.7,5.9,2,Yes
STU4019,20,Male,India,Undergraduate,Single,Instagram,8.6,6+ hrs,5.79,5.3,6.8,6.3,2,Yes
STU4020,21,Female,Canada,Postgraduate,In a relationship,Instagram,2.4,2-4 hrs,7.55,1.1,7.3,8.5,0,No
STU4021,22,Female,UK,High School,Single,Instagram,5.2,4-6 hrs,7.23,4.7,7.8,5.0,1,Yes
STU4022,26,Female,India,Undergraduate,Single,TikTok,5.1,4-6 hrs,6.35,3.1,8.0,7.3,3,Yes
STU4023,16,Male,India,Undergraduate,In a relationship,Instagram,0.5,<2 hrs,9.49,1.1,7.9,7.6,0,No
STU4024,21,Female,USA,Undergraduate,In a relationship,Instagram,1.5,<2 hrs,7.55,2.1,7.7,8.3,0,No
STU4025,17,Male,Brazil,High School,In a relationship,Snapchat,2.7,2-4 hrs,7.17,1.3,8.0,8.8,0,No
STU4026,25,Female,Japan,Postgraduate,In a relationship,Instagram,1.8,<2 hrs,9.18,1.0,7.5,8.2,1,No
STU4027,18,Male,Australia,High School,Single,YouTube,1.4,<2 hrs,8.54,1.0,7.9,8.9,0,No
STU4028,20,Male,Australia,High School,Complicated,TikTok,5.4,4-6 hrs,6.48,2.9,7.7,8.0,2,Yes
STU4029,16,Female,USA,High School,In a relationship,YouTube,1.7,<2 hrs,9.5,1.3,8.4,8.2,0,No
STU4030,22,Male,UK,Undergraduate,In a relationship,YouTube,3.2,2-4 hrs,8.26,2.1,8.7,9.0,1,No
STU4031,16,Male,India,High School,In a relationship,TikTok,5.0,4-6 hrs,7.77,3.8,7.3,6.6,1,Yes
STU4032,23,Male,Australia,High School,Single,Instagram,6.4,6+ hrs,6.52,5.6,6.6,7.2,2,Yes
STU4033,26,Male,India,High School,Single,Instagram,1.0,<2 hrs,10.0,1.4,8.3,8.1,0,No
STU4034,27,Female,USA,Undergraduate,Single,TikTok,1.1,<2 hrs,8.64,1.2,8.1,7.8,0,No
STU4035,21,Non-binary,Germany,Undergraduate,Single,YouTube,3.0,2-4 hrs,9.2,1.0,7.7,8.3,1,No
STU4036,26,Male,Japan,Postgraduate,In a relationship,YouTube,0.5,<2 hrs,9.24,1.0,8.4,7.7,0,No
STU4037,16,Female,Canada,Postgraduate,Single,Facebook,1.1,<2 hrs,8.01,2.1,7.8,8.5,0,No
STU4038,22,Non-binary,India,Postgraduate,Single,TikTok,5.8,4-6 hrs,7.18,1.7,7.2,7.0,0,Yes
STU4039,25,Female,UK,Undergraduate,Complicated,Instagram,3.9,2-4 hrs,7.93,3.3,6.8,8.3,1,No
STU4040,18,Male,UK,Postgraduate,Single,YouTube,2.3,2-4 hrs,7.83,1.5,7.6,7.6,2,No
STU4041,22,Female,Japan,Undergraduate,In a relationship,Instagram,3.5,2-4 hrs,7.37,1.8,7.6,8.7,1,No
STU4042,26,Female,Germany,High School,Single,Instagram,4.1,4-6 hrs,7.64,3.5,6.3,7.3,1,Yes
STU4043,23,Male,India,High School,Single,YouTube,0.7,<2 hrs,9.39,1.9,8.7,8.2,1,No
STU4044,25,Male,India,Undergraduate,In a relationship,Snapchat,1.7,<2 hrs,7.25,1.8,7.0,7.7,0,No
STU4045,18,Female,Germany,Postgraduate,Single,Instagram,6.3,6+ hrs,7.3,4.1,7.3,7.2,1,Yes
STU4046,20,Female,Japan,High School,Single,TikTok,3.0,2-4 hrs,7.85,1.3,7.1,8.4,0,No
STU4047,25,Male,India,Postgraduate,Single,TikTok,3.1,2-4 hrs,7.31,2.3,7.5,6.8,0,No
STU4048,17,Female,Canada,High School,In a relationship,Facebook,2.4,2-4 hrs,8.98,2.4,8.2,7.1,0,No
STU4049,17,Female,USA,Undergraduate,In a relationship,Twitter/X,0.5,<2 hrs,9.26,1.0,9.5,8.1,1,No
STU4050,16,Male,India,Undergraduate,Single,TikTok,1.5,<2 hrs,9.55,1.0,8.2,8.0,0,No
STU4051,18,Female,Germany,Undergraduate,In a relationship,Instagram,3.4,2-4 hrs,8.23,4.6,6.7,7.6,1,No
STU4052,19,Female,Australia,Postgraduate,Single,TikTok,1.7,<2 hrs,8.73,2.1,8.6,8.0,1,No
STU4053,18,Female,India,Undergraduate,In a relationship,TikTok,1.0,<2 hrs,8.96,1.6,8.1,7.7,0,No
STU4054,26,Female,India,High School,In a relationship,YouTube,1.1,<2 hrs,9.29,1.0,8.3,8.2,0,No
STU4055,23,Male,Japan,Undergraduate,In a relationship,YouTube,6.4,6+ hrs,6.37,3.9,7.2,6.7,2,Yes
STU4056,16,Male,Canada,Undergraduate,Single,Instagram,1.6,<2 hrs,8.27,1.2,7.0,8.2,0,No
STU4057,20,Male,Germany,Postgraduate,In a relationship,Instagram,5.5,4-6 hrs,7.39,3.0,7.1,6.7,1,Yes
STU4058,22,Male,USA,Undergraduate,Single,Instagram,3.1,2-4 hrs,8.02,3.5,7.5,6.7,1,No
STU4059,24,Female,UK,Undergraduate,Single,YouTube,2.1,2-4 hrs,8.58,2.6,8.6,8.2,1,No
STU4060,16,Female,Canada,Postgraduate,Single,Facebook,1.3,<2 hrs,9.57,1.0,8.5,8.6,0,No
STU4061,24,Female,Germany,Postgraduate,Single,TikTok,4.0,4-6 hrs,7.63,4.2,6.7,6.8,1,No
STU4062,26,Male,USA,Undergraduate,Single,Instagram,5.1,4-6 hrs,7.21,3.6,7.9,7.2,2,Yes
STU4063,24,Female,Canada,Postgraduate,In a relationship,YouTube,4.3,4-6 hrs,7.21,5.1,7.6,6.4,3,Yes
STU4064,19,Male,Australia,Undergraduate,Single,YouTube,0.7,<2 hrs,9.44,1.0,7.6,8.4,4,No
STU4065,25,Male,Germany,Undergraduate,Single,Twitter/X,1.6,<2 hrs,8.99,1.6,8.1,8.6,1,No
STU4066,20,Male,UK,High School,Single,YouTube,1.8,<2 hrs,9.23,2.4,8.6,8.1,1,No
STU4067,21,Non-binary,USA,Undergraduate,In a relationship,YouTube,0.5,<2 hrs,8.93,1.4,7.8,7.2,0,No
STU4068,19,Female,India,High School,Single,YouTube,3.5,2-4 hrs,7.65,2.9,8.3,7.5,2,No
STU4069,21,Male,UK,High School,Single,Twitter/X,3.9,2-4 hrs,8.22,2.6,6.8,6.6,2,No
STU4070,20,Female,Australia,Undergraduate,Single,Snapchat,3.8,2-4 hrs,7.94,3.1,7.2,7.9,1,No
STU4071,18,Female,Brazil,High School,In a relationship,Instagram,3.4,2-4 hrs,7.43,1.7,7.2,8.7,0,No
STU4072,18,Male,India,High School,In a relationship,YouTube,1.9,<2 hrs,9.43,1.5,8.7,7.8,0,No
STU4073,24,Female,Japan,High School,Complicated,Facebook,1.3,<2 hrs,7.9,1.0,7.9,8.4,3,No
STU4074,20,Female,India,Undergraduate,Complicated,Twitter/X,1.9,<2 hrs,9.12,1.0,7.4,7.0,0,No
STU4075,26,Female,India,Undergraduate,Complicated,Instagram,3.2,2-4 hrs,7.3,2.3,7.9,8.5,0,No
STU4076,18,Male,India,Postgraduate,In a relationship,Twitter/X,5.9,4-6 hrs,7.98,5.1,7.4,6.9,2,Yes
STU4077,23,Male,Japan,Undergraduate,In a relationship,Instagram,2.7,2-4 hrs,7.36,2.6,8.2,8.5,1,No
STU4078,23,Female,UK,Undergraduate,Single,Instagram,2.6,2-4 hrs,9.02,1.8,7.7,9.1,0,No
STU4079,18,Male,India,Undergraduate,In a relationship,Instagram,0.5,<2 hrs,9.23,1.7,8.5,7.3,0,No
STU4080,22,Male,USA,Postgraduate,Single,Facebook,3.3,2-4 hrs,7.8,1.9,7.3,8.7,1,No
STU4081,24,Female,Japan,High School,Single,YouTube,6.2,6+ hrs,6.82,2.8,7.8,8.6,1,Yes
STU4082,18,Male,Brazil,High School,Single,Facebook,2.3,2-4 hrs,8.84,1.0,8.5,7.5,0,No
STU4083,23,Male,USA,Undergraduate,Single,Snapchat,2.2,2-4 hrs,7.97,1.0,8.5,8.4,1,No
STU4084,27,Female,India,Postgraduate,Single,Snapchat,1.8,<2 hrs,8.2,1.9,8.4,7.8,0,No
STU4085,27,Female,Germany,Undergraduate,Single,YouTube,4.1,4-6 hrs,8.04,2.4,7.7,8.4,1,Yes
STU4086,16,Male,Brazil,Undergraduate,In a relationship,TikTok,0.5,<2 hrs,8.25,1.0,7.8,6.8,0,No
STU4087,27,Female,Germany,Undergraduate,Single,Twitter/X,5.6,4-6 hrs,6.63,5.2,7.4,7.7,3,Yes
STU4088,18,Female,Brazil,Postgraduate,In a relationship,Instagram,2.1,2-4 hrs,10.0,1.0,8.0,8.4,0,No
STU4089,27,Female,UK,Undergraduate,Single,YouTube,3.4,2-4 hrs,7.39,2.8,8.3,8.2,1,No
STU4090,19,Female,Germany,Undergraduate,Complicated,Facebook,4.3,4-6 hrs,8.25,3.4,7.8,7.3,1,Yes
STU4091,18,Female,Brazil,High School,Single,Snapchat,1.1,<2 hrs,8.65,1.0,8.5,8.8,0,No
STU4092,24,Female,Brazil,Postgraduate,Single,Instagram,2.5,2-4 hrs,8.68,2.8,7.0,6.0,1,No
STU4093,27,Female,UK,Postgraduate,Single,Instagram,2.1,2-4 hrs,8.95,1.2,7.9,8.1,1,No
STU4094,25,Male,Australia,High School,In a relationship,Twitter/X,0.9,<2 hrs,9.77,1.0,8.0,9.1,0,No
STU4095,20,Female,Australia,High School,Single,Instagram,5.1,4-6 hrs,7.08,5.3,7.4,6.6,2,Yes
STU4096,18,Male,Germany,Postgraduate,Single,Facebook,1.9,<2 hrs,9.84,1.7,7.8,7.0,1,No
STU4097,18,Male,India,Postgraduate,In a relationship,TikTok,0.8,<2 hrs,8.79,1.3,8.2,8.4,0,No
STU4098,26,Female,India,Undergraduate,Single,Snapchat,2.6,2-4 hrs,8.47,2.9,8.1,7.0,1,No
STU4099,17,Male,UK,High School,Single,Twitter/X,0.6,<2 hrs,9.38,1.0,8.1,7.9,0,No
STU4100,25,Female,Australia,High School,In a relationship,YouTube,1.7,<2 hrs,8.06,2.2,8.1,6.8,0,No
STU4101,21,Female,India,Undergraduate,Complicated,Instagram,3.1,2-4 hrs,7.93,1.8,7.0,8.5,0,No
STU4102,24,Female,UK,Undergraduate,Single,Instagram,0.6,<2 hrs,9.33,1.0,7.9,9.3,0,No
STU4103,22,Female,USA,Undergraduate,Single,YouTube,3.9,2-4 hrs,7.49,2.5,7.9,9.2,1,No
STU4104,17,Female,Germany,High School,Complicated,Instagram,2.7,2-4 hrs,9.75,1.4,7.2,7.3,0,No
STU4105,24,Female,India,High School,Single,Twitter/X,4.4,4-6 hrs,7.02,3.7,8.0,7.7,1,Yes
STU4106,18,Female,Germany,High School,Single,Instagram,4.3,4-6 hrs,8.27,3.2,7.9,8.0,1,Yes
STU4107,22,Male,Canada,Postgraduate,In a relationship,TikTok,1.7,<2 hrs,9.25,1.0,7.9,8.1,0,No
STU4108,25,Male,Brazil,Undergraduate,Single,TikTok,1.7,<2 hrs,8.73,1.7,9.6,7.5,1,No
STU4109,22,Female,Brazil,Undergraduate,In a relationship,Snapchat,3.5,2-4 hrs,7.41,2.2,8.2,7.1,1,No
STU4110,19,Female,Germany,Postgraduate,In a relationship,Snapchat,1.0,<2 hrs,8.59,1.0,7.8,8.1,0,No
STU4111,19,Male,UK,Undergraduate,Single,YouTube,1.0,<2 hrs,8.74,1.0,8.6,8.6,1,No
STU4112,27,Female,India,Undergraduate,In a relationship,Twitter/X,1.5,<2 hrs,7.75,1.4,8.2,9.3,0,No
STU4113,17,Male,India,High School,Single,YouTube,0.7,<2 hrs,8.58,1.0,7.9,9.3,0,No
STU4114,17,Male,USA,Undergraduate,In a relationship,YouTube,0.8,<2 hrs,8.25,1.0,7.8,7.4,0,No
STU4115,17,Female,Australia,Undergraduate,Single,Facebook,0.9,<2 hrs,9.9,1.3,8.8,7.8,1,No
STU4116,27,Male,UK,Undergraduate,In a relationship,Twitter/X,1.9,<2 hrs,9.02,1.2,7.7,9.3,2,No
STU4117,26,Male,USA,Undergraduate,Single,Facebook,1.9,<2 hrs,9.12,1.0,8.0,8.0,0,No
STU4118,20,Male,USA,Undergraduate,Single,TikTok,4.8,4-6 hrs,7.69,2.2,6.8,7.9,0,Yes
STU4119,18,Male,Australia,Postgraduate,Complicated,Facebook,2.0,2-4 hrs,8.7,2.2,7.6,6.7,0,No
STU4120,25,Female,India,High School,Single,YouTube,2.3,2-4 hrs,9.34,1.6,7.9,9.0,0,No
STU4121,22,Male,USA,Undergraduate,Single,Snapchat,7.6,6+ hrs,5.71,5.5,6.8,4.9,2,Yes
STU4122,22,Male,UK,High School,In a relationship,Instagram,0.5,<2 hrs,9.34,1.2,7.1,7.3,0,No
STU4123,21,Male,UK,Postgraduate,Single,YouTube,2.9,2-4 hrs,8.64,1.6,7.8,8.9,1,No
STU4124,23,Female,Canada,Undergraduate,In a relationship,Facebook,2.1,2-4 hrs,7.76,1.0,7.6,9.8,0,No
STU4125,26,Female,India,Undergraduate,In a relationship,Instagram,3.1,2-4 hrs,9.96,2.2,8.4,7.7,0,No
STU4126,19,Female,UK,Undergraduate,In a relationship,Facebook,1.6,<2 hrs,8.8,1.4,9.6,8.3,2,No
STU4127,24,Male,UK,High School,Single,Instagram,1.9,<2 hrs,8.73,1.1,7.8,9.1,1,No
STU4128,27,Male,Germany,Undergraduate,Single,Facebook,5.7,4-6 hrs,7.69,5.2,6.2,6.6,3,Yes
STU4129,27,Male,Australia,Postgraduate,In a relationship,TikTok,3.5,2-4 hrs,8.47,1.0,7.7,8.2,0,No
STU4130,25,Female,India,High School,Single,Twitter/X,2.0,2-4 hrs,8.62,2.3,7.9,7.5,0,No
STU4131,25,Female,UK,Postgraduate,In a relationship,Instagram,1.3,<2 hrs,8.99,1.5,9.2,7.2,0,No
STU4132,20,Male,Canada,Undergraduate,Single,TikTok,1.0,<2 hrs,8.15,1.1,9.1,8.6,1,No
STU4133,19,Male,UK,High School,Single,YouTube,1.7,<2 hrs,8.4,1.0,8.5,8.4,0,No
STU4134,18,Non-binary,Canada,Undergraduate,Complicated,Instagram,2.2,2-4 hrs,8.82,2.6,7.7,7.4,1,No
STU4135,24,Non-binary,India,High School,Single,Twitter/X,7.6,6+ hrs,6.35,4.5,6.9,6.0,1,Yes
STU4136,27,Male,India,Undergraduate,Single,YouTube,2.7,2-4 hrs,9.02,1.5,8.0,7.6,0,No
STU4137,19,Male,UK,Undergraduate,Single,Facebook,1.4,<2 hrs,8.8,1.0,8.3,8.9,1,No
STU4138,24,Female,Germany,High School,In a relationship,YouTube,0.5,<2 hrs,8.44,1.0,7.6,9.1,0,No
STU4139,26,Female,India,High School,Single,Twitter/X,1.2,<2 hrs,9.59,1.4,8.7,8.1,1,No
STU4140,16,Female,USA,Undergraduate,In a relationship,Instagram,1.7,<2 hrs,9.6,1.9,8.1,7.7,0,No
STU4141,20,Female,Japan,Postgraduate,Single,Instagram,2.9,2-4 hrs,8.73,2.7,7.7,7.1,1,No
STU4142,16,Female,Australia,Undergraduate,Single,YouTube,1.7,<2 hrs,8.64,1.4,7.8,9.0,0,No
STU4143,24,Male,USA,Undergraduate,Single,Facebook,7.8,6+ hrs,6.62,5.8,6.2,6.1,2,Yes
STU4144,27,Female,India,Postgraduate,Single,Instagram,2.1,2-4 hrs,10.0,1.0,8.1,8.8,0,No
STU4145,22,Female,USA,Undergraduate,Single,Instagram,4.9,4-6 hrs,7.36,2.8,6.4,7.9,2,Yes
STU4146,27,Male,India,High School,Single,TikTok,0.5,<2 hrs,8.49,1.1,8.8,8.2,1,No
STU4147,25,Female,Brazil,Undergraduate,Complicated,Twitter/X,2.4,2-4 hrs,8.07,2.3,7.4,7.0,0,No
STU4148,24,Male,Canada,Postgraduate,In a relationship,Twitter/X,1.3,<2 hrs,9.29,1.5,7.1,7.6,0,No
STU4149,20,Male,Germany,Undergraduate,In a relationship,Twitter/X,5.0,4-6 hrs,6.29,3.1,8.2,8.2,2,Yes
STU4150,25,Female,Brazil,Postgraduate,In a relationship,Instagram,1.8,<2 hrs,8.79,2.0,7.6,7.5,0,No
STU4151,24,Male,Canada,Undergraduate,Single,Twitter/X,5.8,4-6 hrs,7.12,3.1,6.7,7.2,1,Yes
STU4152,19,Female,India,Undergraduate,Single,Instagram,3.9,2-4 hrs,8.67,3.6,8.1,6.4,2,No
STU4153,18,Non-binary,UK,High School,In a relationship,Facebook,1.6,<2 hrs,9.57,1.0,9.0,7.6,0,No
STU4154,17,Male,Germany,Undergraduate,In a relationship,TikTok,0.9,<2 hrs,9.61,2.0,7.5,7.5,0,No
STU4155,19,Female,USA,Undergraduate,Single,YouTube,1.3,<2 hrs,7.62,1.0,7.7,9.7,1,No
STU4156,18,Male,Brazil,Undergraduate,Complicated,TikTok,1.9,<2 hrs,9.2,2.7,7.6,8.1,1,No
STU4157,24,Male,Japan,Postgraduate,Single,Instagram,3.9,2-4 hrs,8.17,2.4,8.0,7.4,1,No
STU4158,27,Male,UK,High School,In a relationship,YouTube,2.4,2-4 hrs,8.57,1.4,8.7,9.1,0,No
STU4159,27,Female,UK,Undergraduate,Single,Instagram,4.4,4-6 hrs,6.48,3.2,6.9,7.3,1,Yes
STU4160,27,Male,Canada,High School,Single,TikTok,6.1,6+ hrs,6.29,3.7,7.7,8.1,1,Yes
STU4161,23,Female,UK,High School,Single,Instagram,2.5,2-4 hrs,7.67,1.7,7.5,9.7,1,No
STU4162,27,Female,India,Undergraduate,Single,YouTube,1.0,<2 hrs,7.84,1.0,8.4,9.2,0,No
STU4163,16,Female,India,Postgraduate,Complicated,TikTok,3.2,2-4 hrs,8.06,1.7,7.1,8.2,0,No
STU4164,17,Female,India,Postgraduate,In a relationship,Snapchat,8.4,6+ hrs,5.24,6.3,6.3,6.3,3,Yes
STU4165,18,Female,India,Undergraduate,Single,Facebook,4.5,4-6 hrs,9.05,2.4,7.3,7.8,0,Yes
STU4166,21,Female,India,Undergraduate,Complicated,YouTube,3.0,2-4 hrs,8.05,1.5,7.6,7.0,0,No
STU4167,20,Female,Japan,Undergraduate,Single,Instagram,1.2,<2 hrs,9.74,1.0,8.4,8.0,3,No
STU4168,26,Male,UK,Undergraduate,In a relationship,TikTok,2.1,2-4 hrs,7.61,1.1,7.5,7.8,0,No
STU4169,20,Female,India,Undergraduate,Single,Instagram,0.6,<2 hrs,8.91,1.5,7.9,7.8,0,No
STU4170,21,Male,Australia,Undergraduate,Single,Twitter/X,0.9,<2 hrs,9.15,1.0,8.5,9.8,1,No
STU4171,27,Male,USA,Postgraduate,Single,Instagram,3.3,2-4 hrs,7.47,1.7,8.3,8.9,0,No
STU4172,23,Female,India,Undergraduate,Single,Twitter/X,0.5,<2 hrs,9.02,1.0,8.4,8.8,0,No
STU4173,16,Female,Brazil,High School,Single,Instagram,1.9,<2 hrs,8.51,1.0,8.3,9.1,1,No
STU4174,20,Male,India,Postgraduate,Single,Instagram,0.8,<2 hrs,9.0,2.3,8.7,6.5,0,No
STU4175,21,Female,India,Undergraduate,Single,Instagram,0.9,<2 hrs,10.0,1.0,8.7,9.0,1,No
STU4176,26,Female,India,Postgraduate,In a relationship,YouTube,2.6,2-4 hrs,8.56,2.1,7.4,8.6,1,No
STU4177,25,Female,Brazil,High School,Single,TikTok,1.3,<2 hrs,9.2,1.7,7.8,6.6,0,No
STU4178,26,Male,Germany,Postgraduate,Single,Instagram,0.7,<2 hrs,9.51,1.2,8.0,8.9,0,No
STU4179,21,Female,Brazil,Undergraduate,In a relationship,TikTok,1.6,<2 hrs,9.15,1.3,9.1,7.4,1,No
STU4180,24,Male,Brazil,Undergraduate,Single,Snapchat,0.6,<2 hrs,9.18,1.0,8.6,7.1,1,No
STU4181,25,Female,India,Postgraduate,Single,Instagram,5.6,4-6 hrs,6.79,5.5,7.3,7.2,2,Yes
STU4182,22,Female,Australia,Undergraduate,In a relationship,YouTube,4.0,4-6 hrs,7.8,2.7,7.7,6.9,1,No
STU4183,19,Female,Canada,Postgraduate,Complicated,TikTok,4.0,4-6 hrs,8.39,2.4,6.8,7.3,3,No
STU4184,22,Male,Japan,Undergraduate,Single,YouTube,1.2,<2 hrs,9.64,1.0,9.2,9.2,1,No
STU4185,22,Female,Australia,High School,In a relationship,TikTok,3.3,2-4 hrs,7.87,1.0,7.9,8.3,0,No
STU4186,26,Male,Australia,High School,In a relationship,TikTok,2.8,2-4 hrs,8.7,2.6,8.2,7.6,2,No
STU4187,26,Male,Australia,Undergraduate,Complicated,Twitter/X,1.3,<2 hrs,8.8,1.0,7.3,8.4,2,No
STU4188,21,Male,Canada,Postgraduate,Complicated,TikTok,2.3,2-4 hrs,8.49,1.6,8.3,8.4,0,No
STU4189,23,Male,UK,High School,Complicated,TikTok,0.5,<2 hrs,8.99,1.0,8.2,8.3,0,No
STU4190,23,Male,Japan,High School,In a relationship,Instagram,1.0,<2 hrs,8.94,2.5,7.6,7.8,1,No
STU4191,25,Female,Brazil,Undergraduate,Single,TikTok,2.3,2-4 hrs,9.27,1.0,7.4,8.1,0,No
STU4192,27,Female,USA,Undergraduate,In a relationship,YouTube,1.6,<2 hrs,8.84,1.0,7.5,8.7,0,No
STU4193,21,Male,India,High School,In a relationship,TikTok,3.1,2-4 hrs,8.19,2.1,7.1,8.2,0,No
STU4194,26,Female,UK,Postgraduate,Single,Snapchat,1.3,<2 hrs,8.05,1.0,8.2,9.8,0,No
STU4195,17,Male,Australia,High School,Single,Facebook,1.8,<2 hrs,8.5,1.0,7.9,8.2,1,No
STU4196,20,Non-binary,USA,High School,In a relationship,Instagram,2.4,2-4 hrs,8.28,1.6,8.1,8.1,1,No
STU4197,16,Male,UK,Undergraduate,In a relationship,YouTube,1.2,<2 hrs,8.46,1.0,9.0,8.7,1,No
STU4198,25,Male,India,Undergraduate,In a relationship,Instagram,1.8,<2 hrs,8.7,1.5,8.0,8.9,1,No
STU4199,25,Male,USA,High School,Single,YouTube,2.8,2-4 hrs,7.98,1.0,6.7,7.7,1,No
STU4200,27,Male,Japan,Postgraduate,Complicated,TikTok,6.7,6+ hrs,6.53,4.7,6.7,6.7,1,Yes
STU4201,25,Male,India,High School,Single,Instagram,1.2,<2 hrs,9.03,1.0,8.8,6.7,1,No
STU4202,27,Female,Japan,High School,Single,TikTok,1.6,<2 hrs,8.21,1.9,8.1,7.9,0,No
STU4203,26,Female,India,Postgraduate,Single,Instagram,4.5,4-6 hrs,7.24,4.6,8.1,7.5,1,Yes
STU4204,24,Female,USA,High School,In a relationship,Instagram,5.3,4-6 hrs,7.16,3.4,7.4,6.8,1,Yes
STU4205,19,Female,India,Postgraduate,Single,TikTok,3.6,2-4 hrs,8.59,3.6,6.7,7.3,1,No
STU4206,16,Male,Australia,High School,Single,Twitter/X,5.2,4-6 hrs,7.31,3.4,7.3,6.9,1,Yes
STU4207,18,Male,India,High School,Complicated,YouTube,1.2,<2 hrs,8.56,1.0,8.3,7.9,0,No
STU4208,25,Male,Australia,High School,Single,YouTube,4.9,4-6 hrs,7.53,4.8,7.8,7.3,1,Yes
STU4209,17,Male,UK,Undergraduate,Single,TikTok,4.1,4-6 hrs,8.68,3.3,8.4,6.6,1,Yes
STU4210,24,Male,Australia,Undergraduate,Single,TikTok,0.9,<2 hrs,9.65,1.0,8.7,8.7,2,No
STU4211,22,Female,Australia,Undergraduate,Complicated,Instagram,1.9,<2 hrs,8.97,1.9,8.2,8.3,2,No
STU4212,25,Female,India,Undergraduate,In a relationship,Facebook,0.5,<2 hrs,9.71,1.0,8.7,7.9,1,No
STU4213,25,Male,India,Undergraduate,Single,TikTok,2.7,2-4 hrs,9.15,1.8,7.7,8.2,1,No
STU4214,27,Male,India,Undergraduate,Single,Snapchat,4.8,4-6 hrs,7.99,2.3,6.6,7.2,0,Yes
STU4215,21,Male,USA,Postgraduate,Complicated,YouTube,1.6,<2 hrs,9.12,1.0,8.1,8.9,1,No
STU4216,19,Male,India,Undergraduate,Single,YouTube,1.0,<2 hrs,9.69,1.2,8.4,7.5,0,No
STU4217,26,Female,USA,Postgraduate,Single,TikTok,1.0,<2 hrs,8.4,1.0,7.6,8.3,0,No
STU4218,19,Male,India,Undergraduate,Single,TikTok,2.4,2-4 hrs,7.52,2.4,8.6,7.6,1,No
STU4219,27,Female,USA,Undergraduate,Complicated,YouTube,3.6,2-4 hrs,7.97,2.8,8.1,8.4,1,No
STU4220,27,Male,Brazil,High School,In a relationship,Facebook,6.7,6+ hrs,6.53,4.0,6.1,7.1,1,Yes
STU4221,22,Male,Australia,High School,Single,Twitter/X,0.5,<2 hrs,8.95,1.0,9.1,9.2,0,No
STU4222,23,Male,Canada,Undergraduate,In a relationship,TikTok,6.2,6+ hrs,7.21,4.2,6.8,7.3,1,Yes
STU4223,19,Male,Canada,Postgraduate,Complicated,TikTok,2.8,2-4 hrs,7.12,1.5,7.4,8.6,2,No
STU4224,22,Female,UK,Undergraduate,In a relationship,TikTok,4.7,4-6 hrs,7.06,3.6,7.9,7.0,3,Yes
STU4225,18,Non-binary,UK,Undergraduate,In a relationship,Instagram,4.0,4-6 hrs,7.41,2.2,7.5,8.6,0,No
STU4226,27,Male,Brazil,Postgraduate,Complicated,Snapchat,2.5,2-4 hrs,7.39,1.3,8.8,8.1,0,No
STU4227,27,Female,India,High School,Single,YouTube,2.4,2-4 hrs,9.32,2.5,7.5,6.5,1,No
STU4228,24,Male,India,Undergraduate,In a relationship,YouTube,3.2,2-4 hrs,7.24,2.4,6.8,7.6,1,No
STU4229,27,Non-binary,India,High School,Single,TikTok,2.0,2-4 hrs,8.25,1.0,7.9,8.8,1,No
STU4230,18,Female,India,Undergraduate,In a relationship,Instagram,2.1,2-4 hrs,9.1,1.5,8.4,7.1,1,No
STU4231,18,Male,India,Undergraduate,Single,YouTube,3.7,2-4 hrs,8.22,3.7,7.1,6.5,1,No
STU4232,25,Non-binary,India,High School,Single,Instagram,1.2,<2 hrs,8.3,1.1,7.5,7.6,1,No
STU4233,27,Female,Canada,Undergraduate,Single,Instagram,5.0,4-6 hrs,7.66,4.0,7.4,7.6,2,Yes
STU4234,17,Non-binary,India,Undergraduate,Single,Instagram,4.7,4-6 hrs,7.56,2.7,6.6,8.8,1,Yes
STU4235,18,Female,India,High School,In a relationship,YouTube,1.7,<2 hrs,10.0,2.0,8.2,7.9,0,No
STU4236,23,Male,USA,Postgraduate,Single,TikTok,3.7,2-4 hrs,8.08,4.4,7.4,7.2,2,No
STU4237,17,Female,India,High School,Single,Instagram,3.4,2-4 hrs,7.89,1.7,7.9,8.5,1,No
STU4238,16,Female,Germany,Undergraduate,Single,Instagram,1.5,<2 hrs,8.31,1.0,7.4,9.6,0,No
STU4239,20,Male,Canada,Postgraduate,In a relationship,TikTok,3.9,2-4 hrs,7.3,2.9,8.2,7.1,1,No
STU4240,23,Female,USA,High School,In a relationship,Snapchat,6.5,6+ hrs,6.08,5.3,6.8,6.2,5,Yes
STU4241,21,Female,USA,Postgraduate,Single,Instagram,5.1,4-6 hrs,8.03,3.5,7.6,7.0,1,Yes
STU4242,17,Non-binary,Canada,Undergraduate,Single,YouTube,0.6,<2 hrs,9.24,1.0,8.8,8.6,1,No
STU4243,27,Female,India,Undergraduate,Single,Twitter/X,3.5,2-4 hrs,8.26,2.4,7.0,9.6,0,No
STU4244,24,Male,India,Undergraduate,In a relationship,TikTok,4.5,4-6 hrs,8.38,3.6,7.8,7.2,1,Yes
STU4245,19,Female,USA,Undergraduate,Single,Instagram,1.4,<2 hrs,7.45,1.0,7.4,7.9,0,No
STU4246,18,Female,USA,Undergraduate,Single,Twitter/X,5.0,4-6 hrs,8.02,4.0,6.6,6.2,1,Yes
STU4247,19,Male,India,Postgraduate,In a relationship,Snapchat,1.3,<2 hrs,8.95,1.8,9.2,9.0,2,No
STU4248,18,Male,India,Undergraduate,Single,Instagram,2.0,2-4 hrs,8.86,1.6,8.6,7.6,0,No
STU4249,23,Female,Japan,High School,In a relationship,Instagram,1.3,<2 hrs,8.42,1.0,9.2,9.0,1,No
STU4250,16,Male,Brazil,Undergraduate,Complicated,Instagram,1.2,<2 hrs,8.51,1.5,8.0,7.8,1,No
STU4251,16,Female,UK,Postgraduate,Single,Instagram,3.2,2-4 hrs,8.35,1.6,7.8,7.3,0,No
STU4252,24,Non-binary,Australia,High School,In a relationship,TikTok,0.7,<2 hrs,10.0,1.0,8.6,8.9,1,No
STU4253,22,Male,Canada,Undergraduate,In a relationship,Instagram,2.1,2-4 hrs,9.16,1.3,8.0,7.9,0,No
STU4254,24,Male,India,Undergraduate,Single,Instagram,3.2,2-4 hrs,8.82,1.8,7.3,8.4,0,No
STU4255,18,Female,UK,Postgraduate,In a relationship,TikTok,1.4,<2 hrs,8.75,1.0,7.7,8.8,0,No
STU4256,18,Male,India,Undergraduate,In a relationship,YouTube,5.5,4-6 hrs,6.66,5.3,7.2,6.7,2,Yes
STU4257,17,Female,UK,Undergraduate,In a relationship,Snapchat,2.2,2-4 hrs,8.04,3.3,7.4,7.2,1,No
STU4258,17,Male,India,High School,Single,Twitter/X,7.2,6+ hrs,5.97,4.8,6.2,7.1,2,Yes
STU4259,26,Female,India,Undergraduate,Complicated,Instagram,0.6,<2 hrs,8.0,1.0,8.5,7.9,0,No
STU4260,24,Non-binary,Australia,High School,In a relationship,Facebook,3.3,2-4 hrs,7.58,2.2,7.6,6.2,1,No
STU4261,17,Male,Germany,Undergraduate,Complicated,Instagram,2.8,2-4 hrs,7.9,2.8,8.3,8.1,3,No
STU4262,19,Female,Brazil,Undergraduate,Single,TikTok,1.8,<2 hrs,8.58,2.3,7.8,8.0,1,No
STU4263,26,Male,Brazil,Undergraduate,Single,Instagram,2.5,2-4 hrs,8.45,1.0,7.6,8.1,1,No
STU4264,19,Female,Brazil,Undergraduate,Single,Facebook,3.6,2-4 hrs,8.1,2.9,7.8,6.5,2,No
STU4265,24,Male,India,Postgraduate,Single,YouTube,4.1,4-6 hrs,7.65,1.8,7.1,6.7,0,Yes
STU4266,18,Female,Canada,Undergraduate,Single,TikTok,2.2,2-4 hrs,8.16,2.9,7.6,7.6,1,No
STU4267,25,Male,Australia,Undergraduate,Complicated,Instagram,3.3,2-4 hrs,6.84,2.7,7.4,8.8,3,No
STU4268,17,Male,India,High School,In a relationship,Instagram,1.2,<2 hrs,8.61,1.0,8.1,8.4,0,No
STU4269,27,Female,Japan,Postgraduate,Single,YouTube,4.2,4-6 hrs,7.03,2.7,8.3,7.4,2,Yes
STU4270,18,Male,India,Undergraduate,Single,TikTok,6.3,6+ hrs,6.94,4.2,6.2,6.9,1,Yes
STU4271,24,Male,UK,Undergraduate,Single,TikTok,4.4,4-6 hrs,8.07,3.5,8.0,8.8,1,Yes
STU4272,20,Male,Germany,Postgraduate,Single,YouTube,1.3,<2 hrs,9.48,1.7,8.5,8.7,0,No
STU4273,20,Male,India,Postgraduate,Single,Instagram,1.1,<2 hrs,9.46,1.0,9.0,7.8,2,No
STU4274,22,Male,Canada,Undergraduate,Single,Facebook,10.2,6+ hrs,4.83,8.6,7.5,4.7,4,Yes
STU4275,16,Female,Australia,Undergraduate,Single,Instagram,6.0,6+ hrs,6.49,5.5,7.7,6.5,3,Yes
STU4276,25,Female,Canada,High School,In a relationship,Instagram,4.2,4-6 hrs,7.16,2.2,7.9,7.2,1,Yes
STU4277,20,Male,USA,High School,In a relationship,YouTube,6.6,6+ hrs,5.63,4.7,6.2,7.2,1,Yes
STU4278,24,Male,Brazil,Undergraduate,In a relationship,TikTok,2.4,2-4 hrs,9.02,3.0,7.3,6.9,2,No
STU4279,21,Male,Canada,Postgraduate,Single,Instagram,4.1,4-6 hrs,7.55,3.9,7.7,6.0,2,Yes
STU4280,27,Male,India,Undergraduate,In a relationship,Twitter/X,5.5,4-6 hrs,6.28,3.6,6.3,7.3,1,Yes
STU4281,23,Male,Germany,Undergraduate,In a relationship,Facebook,2.0,2-4 hrs,8.1,2.1,8.3,7.9,1,No
STU4282,25,Male,Canada,High School,Single,TikTok,3.5,2-4 hrs,7.4,4.8,6.6,6.6,1,No
STU4283,23,Female,India,Undergraduate,In a relationship,Instagram,5.1,4-6 hrs,7.23,3.7,7.8,6.6,1,Yes
STU4284,16,Female,India,Undergraduate,Single,Instagram,1.0,<2 hrs,9.69,1.0,8.1,8.1,0,No
STU4285,23,Male,India,Undergraduate,Single,Instagram,1.8,<2 hrs,8.48,1.4,8.1,9.1,0,No
STU4286,21,Male,India,Undergraduate,In a relationship,TikTok,5.0,4-6 hrs,5.9,3.7,6.9,7.5,1,Yes
STU4287,19,Male,India,High School,In a relationship,Instagram,2.9,2-4 hrs,8.08,1.6,6.8,7.5,1,No
STU4288,18,Male,India,High School,In a relationship,YouTube,2.6,2-4 hrs,8.24,2.2,8.5,6.5,2,No
STU4289,20,Male,USA,Undergraduate,Single,Instagram,2.4,2-4 hrs,8.29,1.0,8.6,7.9,0,No
STU4290,20,Female,Japan,Undergraduate,Single,TikTok,5.4,4-6 hrs,6.69,3.2,7.0,7.5,1,Yes
STU4291,22,Male,Brazil,Postgraduate,In a relationship,TikTok,1.1,<2 hrs,9.14,1.4,8.6,7.9,0,No
STU4292,24,Female,Australia,High School,Single,Snapchat,1.7,<2 hrs,8.77,1.0,7.9,8.0,0,No
STU4293,26,Female,Canada,High School,Complicated,Instagram,0.7,<2 hrs,9.17,1.2,8.5,8.0,2,No
STU4294,16,Female,Brazil,High School,In a relationship,YouTube,1.9,<2 hrs,8.89,1.0,8.4,8.4,0,No
STU4295,24,Female,India,Postgraduate,Single,Instagram,2.8,2-4 hrs,7.98,1.0,8.1,9.0,0,No
STU4296,18,Male,USA,High School,Single,Snapchat,0.5,<2 hrs,8.98,1.0,9.0,8.5,1,No
STU4297,21,Female,UK,Undergraduate,Single,YouTube,1.3,<2 hrs,9.74,1.1,8.4,8.5,1,No
STU4298,21,Female,Germany,Undergraduate,Single,Twitter/X,2.9,2-4 hrs,8.53,3.1,7.8,7.3,2,No
STU4299,19,Male,Canada,High School,Single,YouTube,3.4,2-4 hrs,8.47,2.4,7.3,7.5,0,No
STU4300,17,Female,Germany,Postgraduate,Single,Twitter/X,7.5,6+ hrs,6.86,5.1,6.4,7.1,2,Yes
STU4301,20,Female,India,Undergraduate,In a relationship,Instagram,3.8,2-4 hrs,8.11,3.1,8.0,8.0,2,No
STU4302,18,Female,India,High School,Complicated,YouTube,2.2,2-4 hrs,9.07,1.0,7.2,9.9,1,No
STU4303,19,Male,Australia,Undergraduate,Single,Instagram,2.7,2-4 hrs,7.34,2.0,8.4,8.4,0,No
STU4304,21,Male,USA,Undergraduate,Single,YouTube,2.8,2-4 hrs,8.36,1.0,7.7,8.2,0,No
STU4305,26,Male,USA,Postgraduate,Complicated,Facebook,1.7,<2 hrs,8.63,1.3,7.7,7.7,0,No
STU4306,22,Female,Australia,Undergraduate,Single,Instagram,3.0,2-4 hrs,9.16,2.0,7.2,8.7,0,No
STU4307,17,Female,India,High School,Single,Instagram,1.7,<2 hrs,9.29,1.0,8.4,7.9,3,No
STU4308,26,Non-binary,India,Undergraduate,Single,Instagram,3.1,2-4 hrs,7.73,2.3,7.7,8.4,0,No
STU4309,18,Male,India,Undergraduate,Single,TikTok,2.4,2-4 hrs,8.64,1.8,8.7,7.6,0,No
STU4310,27,Male,Brazil,Undergraduate,In a relationship,TikTok,2.1,2-4 hrs,8.66,2.4,7.3,8.0,0,No
STU4311,22,Male,USA,Undergraduate,Single,Instagram,2.1,2-4 hrs,8.83,1.0,7.7,7.8,0,No
STU4312,20,Female,India,Undergraduate,Single,Instagram,4.2,4-6 hrs,7.0,2.9,7.4,8.1,2,Yes
STU4313,19,Female,Canada,Postgraduate,Single,TikTok,4.0,4-6 hrs,7.92,2.2,7.1,7.0,0,No
STU4314,19,Male,India,Undergraduate,In a relationship,TikTok,2.0,2-4 hrs,8.46,2.1,8.0,8.1,0,No
STU4315,24,Female,Australia,Undergraduate,Single,TikTok,4.1,4-6 hrs,7.82,3.5,7.6,7.1,1,Yes
STU4316,24,Female,Canada,High School,Single,YouTube,2.4,2-4 hrs,7.99,2.1,8.1,8.0,2,No
STU4317,25,Female,India,Undergraduate,Single,TikTok,2.4,2-4 hrs,8.07,1.1,8.7,8.2,1,No
STU4318,22,Male,UK,Undergraduate,Complicated,Instagram,1.7,<2 hrs,9.44,1.9,7.4,7.8,0,No
STU4319,16,Female,USA,Undergraduate,Single,Facebook,7.0,6+ hrs,5.72,3.7,6.9,7.3,1,Yes
STU4320,16,Female,India,Postgraduate,Single,YouTube,6.5,6+ hrs,5.99,3.2,6.6,6.7,2,Yes
STU4321,18,Male,India,Undergraduate,In a relationship,Instagram,1.4,<2 hrs,8.84,1.0,8.4,7.8,0,No
STU4322,18,Male,India,Undergraduate,In a relationship,Facebook,1.9,<2 hrs,8.18,1.3,8.2,8.1,0,No
STU4323,22,Female,UK,High School,Single,Facebook,3.3,2-4 hrs,7.48,2.9,7.2,7.3,1,No
STU4324,27,Male,India,Undergraduate,In a relationship,Instagram,3.7,2-4 hrs,7.9,1.0,7.1,7.8,1,No
STU4325,17,Male,India,High School,Single,TikTok,1.0,<2 hrs,8.15,1.8,8.5,8.7,2,No
STU4326,23,Male,Japan,Postgraduate,Single,Instagram,1.2,<2 hrs,8.36,1.0,8.2,8.3,0,No
STU4327,16,Male,India,Undergraduate,In a relationship,TikTok,3.7,2-4 hrs,9.07,1.3,7.5,8.2,0,No
STU4328,26,Male,Canada,Undergraduate,In a relationship,Twitter/X,0.6,<2 hrs,9.51,1.0,8.7,7.6,0,No
STU4329,23,Male,Brazil,High School,Single,Snapchat,1.5,<2 hrs,8.38,1.9,8.5,9.5,0,No
STU4330,24,Female,India,Postgraduate,Single,YouTube,4.6,4-6 hrs,7.68,3.7,7.1,8.8,1,Yes
STU4331,20,Non-binary,Japan,Undergraduate,Single,TikTok,4.4,4-6 hrs,7.86,4.0,7.0,6.5,2,Yes
STU4332,26,Female,UK,High School,In a relationship,YouTube,6.8,6+ hrs,7.04,3.7,6.2,8.0,2,Yes
STU4333,19,Female,Australia,High School,Single,Instagram,8.3,6+ hrs,5.69,5.5,6.4,6.2,2,Yes
STU4334,21,Female,Canada,Undergraduate,Complicated,Snapchat,12.0,6+ hrs,4.69,7.7,4.8,6.3,3,Yes
STU4335,21,Female,Canada,Undergraduate,In a relationship,TikTok,1.9,<2 hrs,7.42,2.7,8.1,7.9,1,No
STU4336,23,Female,Australia,Undergraduate,Single,Facebook,1.5,<2 hrs,8.19,1.6,8.7,8.3,0,No
STU4337,23,Female,India,High School,In a relationship,TikTok,3.4,2-4 hrs,8.07,4.7,7.5,4.9,1,No
STU4338,16,Female,USA,High School,Single,YouTube,0.7,<2 hrs,9.38,1.0,8.1,7.9,0,No
STU4339,24,Female,Japan,Undergraduate,Single,TikTok,2.1,2-4 hrs,8.01,1.0,9.0,8.5,0,No
STU4340,25,Male,India,Undergraduate,Single,Instagram,2.8,2-4 hrs,8.4,1.8,8.6,8.2,1,No
STU4341,16,Male,India,Postgraduate,Single,Twitter/X,3.5,2-4 hrs,7.55,3.6,7.2,6.3,2,No
STU4342,18,Male,Canada,Undergraduate,Single,YouTube,3.8,2-4 hrs,7.62,2.4,7.6,7.3,0,No
STU4343,22,Male,India,Undergraduate,Single,Twitter/X,2.0,2-4 hrs,9.21,1.5,8.2,8.6,2,No
STU4344,20,Female,UK,Undergraduate,Single,Facebook,0.8,<2 hrs,9.69,1.0,8.4,7.5,0,No
STU4345,21,Non-binary,Australia,Undergraduate,Single,Facebook,1.0,<2 hrs,8.45,1.0,9.2,8.6,0,No
STU4346,23,Male,Australia,Undergraduate,Single,Snapchat,0.5,<2 hrs,8.64,1.0,8.4,9.4,0,No
STU4347,19,Male,UK,Undergraduate,In a relationship,Snapchat,1.6,<2 hrs,8.53,1.0,8.2,8.8,0,No
STU4348,19,Male,UK,High School,Single,TikTok,0.7,<2 hrs,9.17,1.0,8.7,8.7,1,No
STU4349,23,Female,Australia,Undergraduate,In a relationship,TikTok,1.7,<2 hrs,8.34,1.2,8.7,7.0,0,No
STU4350,18,Female,India,High School,Complicated,Instagram,3.3,2-4 hrs,8.64,3.1,8.1,6.9,1,No
STU4351,21,Male,Canada,Undergraduate,Single,YouTube,0.8,<2 hrs,9.35,2.0,8.6,9.4,1,No
STU4352,19,Female,Brazil,Undergraduate,Single,YouTube,2.7,2-4 hrs,8.53,1.2,7.0,8.0,1,No
STU4353,21,Female,Canada,Undergraduate,In a relationship,YouTube,2.0,2-4 hrs,7.84,1.1,7.8,9.3,1,No
STU4354,19,Male,India,Postgraduate,Single,YouTube,3.2,2-4 hrs,8.76,1.6,8.1,7.8,1,No
STU4355,17,Male,UK,Undergraduate,Single,Instagram,3.8,2-4 hrs,6.1,2.8,7.7,7.4,2,No
STU4356,25,Male,Australia,Undergraduate,In a relationship,TikTok,1.9,<2 hrs,9.15,1.0,8.4,8.9,0,No
STU4357,26,Male,India,Undergraduate,Single,Instagram,2.5,2-4 hrs,8.94,1.9,8.8,8.1,0,No
STU4358,26,Female,Australia,Postgraduate,Complicated,Instagram,2.0,2-4 hrs,8.34,2.3,7.4,8.1,1,No
STU4359,18,Male,India,Postgraduate,Single,TikTok,1.7,<2 hrs,9.5,1.0,8.6,7.9,0,No
STU4360,26,Female,UK,High School,Single,YouTube,1.4,<2 hrs,8.83,1.4,8.0,7.5,0,No
STU4361,23,Male,Japan,Postgraduate,In a relationship,TikTok,3.5,2-4 hrs,7.96,2.1,8.1,7.3,0,No
STU4362,16,Male,Japan,High School,In a relationship,Instagram,6.0,6+ hrs,7.0,4.6,7.0,6.3,2,Yes
STU4363,26,Male,Canada,High School,Single,YouTube,5.5,4-6 hrs,8.94,3.1,8.2,7.3,1,Yes
STU4364,25,Female,UK,Postgraduate,Single,YouTube,0.8,<2 hrs,9.95,1.5,8.4,9.0,0,No
STU4365,21,Female,India,Postgraduate,Single,TikTok,5.9,4-6 hrs,7.27,4.9,6.7,6.6,1,Yes
STU4366,24,Non-binary,India,Undergraduate,In a relationship,Instagram,1.1,<2 hrs,8.46,1.2,8.4,8.7,0,No
STU4367,16,Male,USA,Undergraduate,In a relationship,YouTube,2.8,2-4 hrs,8.33,2.6,8.0,7.8,1,No
STU4368,19,Female,Australia,High School,Single,Instagram,3.2,2-4 hrs,7.57,1.6,8.3,7.4,0,No
STU4369,22,Male,Australia,Undergraduate,In a relationship,Instagram,0.6,<2 hrs,9.72,1.0,8.6,8.5,0,No
STU4370,21,Male,India,Undergraduate,Single,Instagram,2.2,2-4 hrs,8.59,2.1,9.2,8.0,1,No
STU4371,21,Male,UK,High School,Single,Instagram,6.2,6+ hrs,6.04,3.7,6.9,7.7,2,Yes
STU4372,24,Male,UK,Undergraduate,Single,YouTube,0.5,<2 hrs,9.32,1.5,8.3,7.5,1,No
STU4373,23,Male,Brazil,Undergraduate,Single,Instagram,10.7,6+ hrs,4.18,7.2,5.5,4.0,2,Yes
STU4374,20,Male,Germany,Undergraduate,In a relationship,YouTube,0.5,<2 hrs,9.37,1.0,8.4,8.6,1,No
STU4375,26,Male,Germany,High School,Single,TikTok,3.1,2-4 hrs,7.59,3.8,7.8,7.3,1,No
STU4376,27,Non-binary,UK,High School,Complicated,TikTok,0.6,<2 hrs,9.25,1.0,8.5,8.4,0,No
STU4377,26,Female,India,High School,Single,YouTube,3.5,2-4 hrs,8.38,2.5,7.7,7.8,1,No
STU4378,17,Male,USA,Undergraduate,Single,Snapchat,5.4,4-6 hrs,7.04,4.6,6.8,7.3,3,Yes
STU4379,27,Female,Canada,Undergraduate,Single,YouTube,4.4,4-6 hrs,7.29,3.8,7.0,6.8,2,Yes
STU4380,18,Male,Canada,High School,Single,Instagram,4.9,4-6 hrs,7.42,3.2,7.1,7.2,2,Yes
STU4381,27,Male,Germany,Undergraduate,Single,YouTube,2.0,2-4 hrs,9.02,1.0,8.6,8.6,0,No
STU4382,25,Female,USA,Undergraduate,Single,TikTok,6.1,6+ hrs,6.09,4.1,7.7,6.1,1,Yes
STU4383,18,Male,Brazil,Postgraduate,Single,Facebook,9.2,6+ hrs,5.52,7.6,6.2,5.1,6,Yes
STU4384,19,Male,India,Undergraduate,In a relationship,YouTube,2.7,2-4 hrs,9.08,1.7,7.4,8.1,0,No
STU4385,17,Female,India,High School,Single,Instagram,1.8,<2 hrs,9.03,1.3,8.0,9.5,0,No
STU4386,23,Male,India,High School,In a relationship,Instagram,1.3,<2 hrs,8.95,1.0,9.2,8.3,2,No
STU4387,23,Female,USA,Undergraduate,In a relationship,YouTube,4.2,4-6 hrs,7.99,3.5,7.9,7.4,2,Yes
STU4388,27,Male,Germany,High School,Single,Twitter/X,5.1,4-6 hrs,7.48,3.7,7.5,7.8,1,Yes
STU4389,23,Female,India,Undergraduate,Single,Instagram,1.8,<2 hrs,9.14,1.0,8.5,7.9,0,No
STU4390,25,Male,UK,Postgraduate,Single,YouTube,7.0,6+ hrs,5.14,4.1,7.5,7.9,1,Yes
STU4391,20,Female,Australia,Undergraduate,Single,TikTok,4.0,4-6 hrs,6.77,1.2,6.9,9.6,1,No
STU4392,25,Male,India,Postgraduate,In a relationship,TikTok,2.7,2-4 hrs,8.89,1.2,7.6,8.4,1,No
STU4393,21,Male,India,High School,Single,Instagram,3.2,2-4 hrs,7.16,2.9,7.4,7.2,1,No
STU4394,21,Female,UK,Undergraduate,Single,Snapchat,1.0,<2 hrs,9.29,1.8,8.5,9.2,1,No
STU4395,22,Male,India,Undergraduate,Single,Twitter/X,4.2,4-6 hrs,7.4,3.5,7.5,7.8,2,Yes
STU4396,16,Male,USA,Undergraduate,Single,Snapchat,1.1,<2 hrs,8.41,1.2,8.6,8.5,4,No
STU4397,25,Male,India,Undergraduate,In a relationship,Instagram,1.6,<2 hrs,8.99,1.0,7.8,9.5,1,No
STU4398,18,Male,Japan,High School,In a relationship,YouTube,2.4,2-4 hrs,8.54,2.3,8.6,8.8,0,No
STU4399,26,Female,Canada,Undergraduate,Single,Instagram,8.2,6+ hrs,7.08,6.0,6.4,5.8,3,Yes
STU4400,18,Female,Canada,Undergraduate,In a relationship,Instagram,3.0,2-4 hrs,7.78,3.5,8.1,7.4,1,No
STU4401,26,Male,UK,Postgraduate,In a relationship,Twitter/X,1.2,<2 hrs,9.82,1.0,8.8,8.9,1,No
STU4402,22,Female,Germany,Undergraduate,In a relationship,TikTok,3.2,2-4 hrs,8.27,3.3,8.3,7.4,2,No
STU4403,21,Male,Germany,Undergraduate,Complicated,Instagram,3.8,2-4 hrs,7.39,3.4,7.7,6.3,1,No
STU4404,24,Female,India,Postgraduate,Single,YouTube,5.6,4-6 hrs,7.46,4.5,7.5,6.1,1,Yes
STU4405,24,Male,Australia,Undergraduate,In a relationship,YouTube,2.5,2-4 hrs,8.71,1.0,8.7,7.5,1,No
STU4406,24,Male,UK,Undergraduate,Single,YouTube,1.4,<2 hrs,8.89,1.7,8.4,8.5,2,No
STU4407,19,Female,Australia,High School,In a relationship,Instagram,9.7,6+ hrs,5.29,6.7,5.7,4.8,2,Yes
STU4408,18,Female,Brazil,Undergraduate,In a relationship,Facebook,3.2,2-4 hrs,7.7,1.9,8.0,8.2,0,No
STU4409,19,Female,USA,Postgraduate,Single,Instagram,1.2,<2 hrs,8.46,1.0,8.2,9.8,1,No
STU4410,18,Male,UK,Undergraduate,In a relationship,Snapchat,2.4,2-4 hrs,8.88,1.7,6.7,9.1,0,No
STU4411,22,Male,Australia,Postgraduate,Single,TikTok,1.6,<2 hrs,8.65,1.1,8.3,7.2,0,No
STU4412,26,Male,Japan,High School,Single,Instagram,5.9,4-6 hrs,6.8,3.1,7.1,6.6,2,Yes
STU4413,18,Female,Canada,Postgraduate,Single,Instagram,3.8,2-4 hrs,7.96,1.5,8.1,7.7,0,No
STU4414,16,Male,Australia,High School,In a relationship,TikTok,1.9,<2 hrs,8.8,1.7,7.6,7.3,2,No
STU4415,23,Female,Germany,Postgraduate,Single,Facebook,5.1,4-6 hrs,6.35,4.3,6.5,5.7,1,Yes
STU4416,21,Non-binary,Australia,High School,Complicated,Snapchat,2.3,2-4 hrs,9.24,1.8,8.0,8.1,0,No
STU4417,20,Male,Brazil,Undergraduate,Single,Facebook,2.4,2-4 hrs,8.49,2.6,8.1,8.2,1,No
STU4418,23,Female,India,High School,Single,TikTok,1.3,<2 hrs,8.79,1.0,8.2,9.2,0,No
STU4419,26,Male,Brazil,High School,Single,YouTube,1.3,<2 hrs,9.17,1.0,8.2,8.2,0,No
STU4420,23,Male,India,High School,In a relationship,TikTok,9.3,6+ hrs,5.46,5.8,5.6,5.9,2,Yes
STU4421,18,Female,UK,Undergraduate,Single,Instagram,4.9,4-6 hrs,7.76,2.2,7.2,8.1,0,Yes
STU4422,18,Male,UK,Postgraduate,Single,Instagram,0.5,<2 hrs,9.6,1.8,8.2,8.0,0,No
STU4423,25,Male,Germany,Undergraduate,Complicated,TikTok,1.1,<2 hrs,9.44,1.7,8.8,8.7,1,No
STU4424,22,Female,USA,High School,Single,TikTok,0.9,<2 hrs,9.91,1.0,8.5,8.8,0,No
STU4425,18,Female,India,High School,Single,YouTube,2.6,2-4 hrs,8.86,1.9,7.7,7.8,0,No
STU4426,24,Male,Australia,High School,In a relationship,YouTube,1.8,<2 hrs,8.59,1.2,8.9,7.1,0,No
STU4427,23,Male,Canada,High School,Single,TikTok,6.7,6+ hrs,5.81,4.5,6.7,7.8,2,Yes
STU4428,23,Male,Germany,Undergraduate,Single,TikTok,1.9,<2 hrs,9.65,1.0,8.3,8.0,0,No
STU4429,24,Non-binary,Australia,Undergraduate,Single,Instagram,8.7,6+ hrs,5.44,6.4,6.2,6.1,4,Yes
STU4430,23,Female,Brazil,Postgraduate,In a relationship,Instagram,2.3,2-4 hrs,8.18,2.3,8.7,6.5,0,No
STU4431,19,Female,Germany,Undergraduate,In a relationship,YouTube,9.9,6+ hrs,4.0,7.3,6.1,5.3,4,Yes
STU4432,22,Male,Canada,Undergraduate,In a relationship,TikTok,2.1,2-4 hrs,8.76,1.4,8.0,8.4,0,No
STU4433,21,Female,USA,Postgraduate,Single,TikTok,2.2,2-4 hrs,8.6,1.4,7.9,8.4,1,No
STU4434,16,Male,India,Undergraduate,Single,Snapchat,4.8,4-6 hrs,6.43,4.1,7.4,9.1,2,Yes
STU4435,27,Male,USA,Undergraduate,Single,YouTube,4.4,4-6 hrs,7.79,3.5,8.0,6.8,1,Yes
STU4436,20,Male,Australia,Postgraduate,In a relationship,Twitter/X,0.7,<2 hrs,8.89,1.0,8.7,9.1,0,No
STU4437,17,Male,India,Undergraduate,Single,Instagram,2.7,2-4 hrs,9.9,1.9,7.8,8.4,1,No
STU4438,24,Female,Australia,High School,Single,Instagram,1.8,<2 hrs,8.35,1.5,8.9,7.8,1,No
STU4439,26,Female,UK,Undergraduate,Single,Instagram,1.7,<2 hrs,8.47,1.0,8.5,9.1,0,No
STU4440,18,Male,Germany,Undergraduate,Single,Twitter/X,2.7,2-4 hrs,7.76,2.5,7.6,7.6,1,No
STU4441,27,Female,Canada,Undergraduate,Single,TikTok,2.0,2-4 hrs,9.37,1.0,7.3,9.1,1,No
STU4442,27,Female,Australia,Undergraduate,Single,Instagram,2.9,2-4 hrs,7.97,1.7,7.6,9.5,0,No
STU4443,22,Female,India,Postgraduate,In a relationship,Facebook,1.0,<2 hrs,8.62,1.2,8.5,8.5,0,No
STU4444,17,Male,India,Undergraduate,In a relationship,TikTok,0.6,<2 hrs,9.65,1.0,8.6,8.3,1,No
STU4445,22,Female,India,High School,In a relationship,TikTok,5.0,4-6 hrs,6.42,2.2,7.9,8.6,0,Yes
STU4446,19,Female,USA,Undergraduate,In a relationship,Facebook,5.5,4-6 hrs,7.4,3.9,6.6,8.0,1,Yes
STU4447,26,Female,Brazil,High School,In a relationship,Instagram,4.8,4-6 hrs,8.41,2.0,7.1,7.4,2,Yes
STU4448,21,Male,Australia,High School,Single,YouTube,2.6,2-4 hrs,8.67,1.0,7.3,8.2,0,No
STU4449,24,Female,USA,High School,Single,Twitter/X,1.9,<2 hrs,9.03,1.9,7.4,8.5,1,No
STU4450,23,Male,Brazil,Postgraduate,In a relationship,Facebook,1.5,<2 hrs,9.35,1.0,7.8,8.4,0,No
STU4451,24,Male,Australia,Undergraduate,In a relationship,Snapchat,1.3,<2 hrs,9.94,1.9,8.4,7.4,0,No
STU4452,20,Male,Canada,High School,Single,TikTok,2.3,2-4 hrs,9.19,1.0,8.3,8.9,0,No
STU4453,20,Female,USA,Postgraduate,Single,Instagram,5.4,4-6 hrs,7.33,3.7,6.7,7.6,2,Yes
STU4454,19,Male,Canada,Postgraduate,Single,Instagram,1.4,<2 hrs,9.41,1.3,7.7,8.1,0,No
STU4455,24,Female,UK,Postgraduate,Single,Instagram,5.4,4-6 hrs,6.54,2.8,6.3,7.6,1,Yes
STU4456,25,Non-binary,Australia,High School,In a relationship,Twitter/X,0.6,<2 hrs,9.7,1.2,8.5,8.0,2,No
STU4457,23,Male,India,High School,Single,TikTok,3.0,2-4 hrs,7.55,2.5,7.4,7.0,2,No
STU4458,21,Female,Brazil,High School,In a relationship,TikTok,3.5,2-4 hrs,7.7,1.2,8.5,8.1,1,No
STU4459,25,Male,UK,Postgraduate,In a relationship,YouTube,1.6,<2 hrs,6.93,1.1,8.3,8.5,0,No
STU4460,21,Male,Germany,Undergraduate,Single,YouTube,1.0,<2 hrs,9.29,1.0,8.2,7.5,0,No
STU4461,21,Male,USA,High School,Single,Twitter/X,4.5,4-6 hrs,7.09,2.7,7.1,7.4,1,Yes
STU4462,21,Female,USA,Postgraduate,In a relationship,Instagram,2.6,2-4 hrs,9.0,1.0,7.1,8.6,2,No
STU4463,22,Male,Brazil,Undergraduate,Single,YouTube,11.9,6+ hrs,4.38,8.6,4.8,5.5,3,Yes
STU4464,21,Female,Canada,Undergraduate,Single,Snapchat,5.5,4-6 hrs,7.7,5.6,6.8,6.0,3,Yes
STU4465,23,Male,USA,Undergraduate,Single,TikTok,5.5,4-6 hrs,6.37,3.5,6.8,6.4,2,Yes
STU4466,22,Female,India,Undergraduate,Single,Instagram,0.5,<2 hrs,9.9,1.6,7.9,8.1,0,No
STU4467,17,Male,USA,Undergraduate,In a relationship,Instagram,1.4,<2 hrs,10.0,1.0,8.3,8.1,1,No
STU4468,25,Female,Germany,Undergraduate,Complicated,Facebook,0.9,<2 hrs,9.55,1.0,8.5,8.9,0,No
STU4469,19,Male,India,High School,Single,Instagram,0.5,<2 hrs,9.75,1.0,8.1,8.3,1,No
STU4470,26,Female,Germany,High School,In a relationship,Twitter/X,2.4,2-4 hrs,8.52,1.7,8.9,6.3,0,No
STU4471,22,Male,India,Postgraduate,Single,Instagram,4.4,4-6 hrs,7.21,2.8,6.5,10.0,1,Yes
STU4472,17,Female,India,Postgraduate,Single,Instagram,1.1,<2 hrs,9.46,1.4,8.3,8.4,0,No
STU4473,19,Female,Canada,Undergraduate,In a relationship,Instagram,0.5,<2 hrs,8.37,1.9,8.3,8.1,0,No
STU4474,17,Male,Germany,Undergraduate,Single,Instagram,1.1,<2 hrs,8.75,1.0,7.9,7.4,1,No
STU4475,17,Female,Australia,High School,In a relationship,TikTok,2.2,2-4 hrs,7.45,1.1,7.6,7.4,1,No
STU4476,22,Female,UK,Undergraduate,Single,Snapchat,2.1,2-4 hrs,8.13,1.3,8.0,8.3,0,No
STU4477,26,Male,Canada,Undergraduate,Single,TikTok,2.5,2-4 hrs,8.76,3.8,7.8,7.3,2,No
STU4478,17,Non-binary,India,Undergraduate,Single,Twitter/X,3.4,2-4 hrs,8.27,2.5,7.5,8.2,1,No
STU4479,19,Female,UK,Undergraduate,Single,Instagram,2.5,2-4 hrs,8.41,1.3,7.2,8.5,0,No
STU4480,22,Male,India,Undergraduate,Single,Snapchat,4.6,4-6 hrs,7.53,2.3,6.5,7.0,0,Yes
STU4481,21,Female,Brazil,Undergraduate,Single,Snapchat,1.1,<2 hrs,7.87,1.0,8.1,6.7,1,No
STU4482,19,Male,Canada,Undergraduate,Single,Instagram,2.0,2-4 hrs,8.38,1.7,7.8,8.1,1,No
STU4483,24,Female,UK,Undergraduate,Complicated,Snapchat,3.8,2-4 hrs,7.38,3.2,7.5,7.0,1,No
STU4484,20,Male,India,Postgraduate,Single,YouTube,3.1,2-4 hrs,7.71,1.9,7.7,7.2,3,No
STU4485,17,Female,USA,Undergraduate,In a relationship,TikTok,8.0,6+ hrs,6.26,5.6,6.2,6.8,2,Yes
STU4486,22,Male,Australia,High School,Single,Snapchat,1.1,<2 hrs,8.49,1.0,8.1,7.4,0,No
STU4487,25,Female,India,High School,In a relationship,Snapchat,3.9,2-4 hrs,7.38,2.8,7.1,8.0,2,No
STU4488,27,Male,India,Undergraduate,In a relationship,TikTok,1.5,<2 hrs,7.57,1.4,8.9,7.3,1,No
STU4489,17,Male,USA,Undergraduate,In a relationship,TikTok,1.3,<2 hrs,8.74,1.0,7.8,8.6,0,No
STU4490,23,Male,Australia,Undergraduate,Single,YouTube,5.2,4-6 hrs,6.51,5.0,7.0,7.2,2,Yes
STU4491,22,Female,Brazil,Postgraduate,Single,Instagram,2.5,2-4 hrs,8.42,1.1,7.5,8.2,1,No
STU4492,27,Male,USA,Undergraduate,In a relationship,Instagram,3.0,2-4 hrs,7.58,2.3,7.4,9.0,0,No
STU4493,24,Female,Australia,High School,Single,TikTok,1.6,<2 hrs,8.84,1.8,8.1,9.4,0,No
STU4494,21,Male,USA,Undergraduate,In a relationship,TikTok,1.6,<2 hrs,8.69,1.1,8.0,8.6,0,No
STU4495,22,Male,UK,Undergraduate,Single,Instagram,0.6,<2 hrs,10.0,1.0,8.1,8.9,0,No
STU4496,25,Female,India,High School,Single,Instagram,2.9,2-4 hrs,8.49,1.0,7.6,9.2,0,No
STU4497,24,Female,Australia,Undergraduate,Single,Instagram,1.0,<2 hrs,7.95,1.8,7.9,8.5,0,No
STU4498,22,Female,Australia,Postgraduate,In a relationship,TikTok,2.2,2-4 hrs,7.75,1.4,8.2,8.6,0,No
STU4499,24,Female,India,Undergraduate,Single,TikTok,4.6,4-6 hrs,7.46,3.6,8.4,6.8,1,Yes
STU4500,23,Male,USA,Undergraduate,In a relationship,Facebook,0.5,<2 hrs,8.72,1.0,7.9,7.3,0,No
STU4501,20,Male,UK,High School,In a relationship,TikTok,12.0,6+ hrs,4.0,7.9,5.7,4.1,4,Yes
STU4502,22,Male,Australia,High School,Single,Snapchat,1.3,<2 hrs,9.72,1.0,8.2,10.0,0,No
STU4503,27,Non-binary,Germany,Postgraduate,Single,YouTube,2.3,2-4 hrs,8.9,2.7,8.3,7.9,2,No
STU4504,22,Female,Australia,Undergraduate,Single,Instagram,3.0,2-4 hrs,8.46,1.2,8.1,8.2,0,No
STU4505,16,Male,India,Postgraduate,Single,Snapchat,1.3,<2 hrs,8.55,2.6,8.3,8.6,2,No
STU4506,19,Female,USA,Postgraduate,In a relationship,Instagram,1.7,<2 hrs,8.99,1.0,8.1,8.0,2,No
STU4507,20,Female,India,Undergraduate,Single,YouTube,5.4,4-6 hrs,6.65,2.8,6.9,8.0,1,Yes
STU4508,27,Male,Canada,Postgraduate,Single,TikTok,4.3,4-6 hrs,7.69,3.1,7.0,7.5,1,Yes
STU4509,21,Male,Canada,High School,In a relationship,TikTok,2.0,2-4 hrs,8.05,3.2,8.0,7.7,1,No
STU4510,22,Male,India,High School,Single,Twitter/X,2.5,2-4 hrs,9.28,1.0,7.2,8.3,1,No
STU4511,20,Non-binary,Australia,High School,In a relationship,Instagram,2.8,2-4 hrs,7.3,1.8,7.5,7.4,0,No
STU4512,17,Male,India,High School,Complicated,Instagram,3.7,2-4 hrs,8.57,3.0,8.1,6.9,1,No
STU4513,20,Female,Germany,Undergraduate,In a relationship,Twitter/X,3.9,2-4 hrs,7.77,2.8,7.6,7.1,1,No
STU4514,20,Female,Germany,Undergraduate,Single,YouTube,3.9,2-4 hrs,7.45,3.0,8.0,7.5,1,No
STU4515,22,Female,Australia,High School,Single,Instagram,1.8,<2 hrs,8.79,1.0,8.8,7.4,0,No
STU4516,18,Male,USA,High School,In a relationship,TikTok,2.7,2-4 hrs,8.73,1.4,7.7,7.4,1,No
STU4517,16,Male,USA,Undergraduate,Single,TikTok,5.0,4-6 hrs,8.07,3.4,7.4,7.4,1,Yes
STU4518,27,Female,USA,Undergraduate,In a relationship,Twitter/X,9.7,6+ hrs,5.32,5.9,5.9,6.0,2,Yes
STU4519,21,Male,UK,Undergraduate,In a relationship,Twitter/X,2.7,2-4 hrs,7.75,1.9,7.4,8.2,0,No
STU4520,27,Female,India,Undergraduate,Single,TikTok,1.6,<2 hrs,8.81,1.0,7.6,8.5,0,No
STU4521,22,Female,Brazil,High School,Complicated,Instagram,1.2,<2 hrs,10.0,1.0,8.6,10.0,0,No
STU4522,26,Female,UK,High School,Complicated,Instagram,3.9,2-4 hrs,8.55,3.0,7.6,7.6,1,No
STU4523,25,Male,India,Undergraduate,Single,TikTok,0.5,<2 hrs,9.82,1.0,9.3,8.2,0,No
STU4524,23,Female,Japan,High School,Single,YouTube,3.9,2-4 hrs,8.22,2.5,8.0,7.8,1,No
STU4525,22,Male,UK,Postgraduate,In a relationship,YouTube,4.0,4-6 hrs,8.12,4.7,7.1,7.4,2,No
STU4526,22,Non-binary,Brazil,Undergraduate,Complicated,Snapchat,1.6,<2 hrs,9.48,1.0,8.5,8.5,1,No
STU4527,22,Female,USA,Undergraduate,Single,TikTok,3.0,2-4 hrs,7.88,3.1,7.6,7.9,2,No
STU4528,16,Male,India,Undergraduate,In a relationship,YouTube,2.1,2-4 hrs,7.74,1.5,8.6,8.5,0,No
STU4529,24,Male,Australia,High School,In a relationship,Instagram,0.7,<2 hrs,9.23,1.0,8.1,8.3,3,No
STU4530,24,Female,USA,Undergraduate,In a relationship,Twitter/X,3.7,2-4 hrs,7.34,1.5,7.0,8.3,0,No
STU4531,22,Male,Brazil,Undergraduate,Single,TikTok,3.5,2-4 hrs,7.29,2.6,7.2,8.8,1,No
STU4532,24,Female,USA,Undergraduate,In a relationship,YouTube,1.8,<2 hrs,8.26,2.4,7.7,8.0,2,No
STU4533,26,Female,USA,Undergraduate,Single,Snapchat,9.6,6+ hrs,6.67,6.4,5.7,5.1,3,Yes
STU4534,19,Male,Japan,Undergraduate,In a relationship,Instagram,2.5,2-4 hrs,8.46,1.7,7.6,7.9,0,No
STU4535,22,Female,Germany,Postgraduate,In a relationship,YouTube,0.5,<2 hrs,9.49,1.2,8.8,6.9,0,No
STU4536,17,Male,India,Undergraduate,In a relationship,Instagram,5.2,4-6 hrs,6.43,3.9,8.1,7.1,1,Yes
STU4537,21,Male,UK,High School,Single,Instagram,4.4,4-6 hrs,6.41,1.8,6.7,9.0,0,Yes
STU4538,17,Male,India,High School,Single,TikTok,4.7,4-6 hrs,6.89,3.4,8.0,6.4,1,Yes
STU4539,25,Female,India,Undergraduate,Single,Instagram,1.0,<2 hrs,9.91,1.9,8.0,8.2,0,No
STU4540,18,Male,Germany,Undergraduate,Single,TikTok,2.9,2-4 hrs,8.4,2.0,7.9,8.7,0,No
STU4541,26,Female,Brazil,Undergraduate,Single,Snapchat,2.5,2-4 hrs,8.73,1.0,7.0,9.3,1,No
STU4542,26,Female,Australia,Postgraduate,Single,Instagram,2.2,2-4 hrs,8.95,1.9,8.2,8.9,0,No
STU4543,16,Male,Japan,Postgraduate,Single,TikTok,6.1,6+ hrs,6.4,4.1,6.0,5.6,1,Yes
STU4544,22,Male,India,Undergraduate,Single,Instagram,2.5,2-4 hrs,9.21,1.0,8.0,8.9,1,No
STU4545,27,Female,USA,High School,Single,TikTok,1.8,<2 hrs,8.31,1.0,8.2,7.4,1,No
STU4546,17,Female,India,Undergraduate,Single,YouTube,1.8,<2 hrs,9.53,2.0,8.1,7.3,0,No
STU4547,18,Male,Australia,High School,In a relationship,Snapchat,1.0,<2 hrs,9.32,1.0,7.9,9.1,0,No
STU4548,27,Non-binary,Brazil,High School,In a relationship,Instagram,2.7,2-4 hrs,7.21,1.2,8.1,8.5,0,No
STU4549,16,Female,USA,Postgraduate,Single,YouTube,6.4,6+ hrs,6.17,4.5,7.1,7.3,1,Yes
STU4550,18,Non-binary,Germany,Undergraduate,In a relationship,YouTube,1.9,<2 hrs,7.57,1.0,7.9,7.8,0,No
STU4551,26,Non-binary,Germany,Postgraduate,In a relationship,Instagram,3.1,2-4 hrs,8.8,2.3,8.1,8.9,0,No
STU4552,19,Female,India,Postgraduate,Single,Facebook,2.2,2-4 hrs,8.5,1.4,7.9,8.8,0,No
STU4553,22,Female,USA,Undergraduate,In a relationship,Instagram,2.3,2-4 hrs,7.13,1.0,8.2,9.1,1,No
STU4554,21,Male,India,Postgraduate,In a relationship,TikTok,4.5,4-6 hrs,7.7,2.7,7.3,6.9,1,Yes
STU4555,16,Female,Canada,Undergraduate,In a relationship,Instagram,0.9,<2 hrs,8.77,1.0,8.4,9.3,0,No
STU4556,26,Female,USA,High School,In a relationship,Instagram,0.6,<2 hrs,8.34,1.0,8.6,8.3,0,No
STU4557,19,Female,Canada,Undergraduate,In a relationship,YouTube,5.2,4-6 hrs,8.17,3.6,7.0,6.8,1,Yes
STU4558,24,Male,Germany,Undergraduate,In a relationship,TikTok,1.6,<2 hrs,8.84,2.7,7.5,8.1,2,No
STU4559,18,Female,USA,Undergraduate,Single,TikTok,1.8,<2 hrs,8.51,1.8,8.2,8.5,0,No
STU4560,21,Male,Japan,Postgraduate,In a relationship,Instagram,10.9,6+ hrs,4.36,8.3,6.4,4.3,3,Yes
STU4561,26,Female,USA,Undergraduate,Single,TikTok,4.3,4-6 hrs,6.66,2.9,7.6,9.0,1,Yes
STU4562,17,Male,India,High School,In a relationship,Snapchat,1.2,<2 hrs,8.18,1.0,8.4,9.8,1,No
STU4563,20,Female,UK,High School,In a relationship,TikTok,5.4,4-6 hrs,7.84,3.4,7.1,7.7,4,Yes
STU4564,24,Female,USA,Undergraduate,In a relationship,TikTok,4.4,4-6 hrs,7.24,3.7,7.8,7.5,1,Yes
STU4565,27,Male,India,High School,Single,Snapchat,0.5,<2 hrs,9.29,1.0,8.3,8.7,0,No
STU4566,17,Male,India,High School,Single,YouTube,2.8,2-4 hrs,7.01,2.1,7.6,6.9,1,No
STU4567,18,Male,Australia,Undergraduate,In a relationship,Instagram,1.0,<2 hrs,8.26,1.0,8.8,8.6,2,No
STU4568,27,Female,Brazil,Undergraduate,In a relationship,TikTok,2.3,2-4 hrs,8.83,1.6,7.7,8.3,0,No
STU4569,17,Male,USA,Undergraduate,In a relationship,Facebook,9.7,6+ hrs,5.36,9.1,6.5,4.0,3,Yes
STU4570,17,Male,India,Undergraduate,In a relationship,Snapchat,4.6,4-6 hrs,8.48,2.7,7.9,7.4,1,Yes
STU4571,21,Female,Australia,High School,Single,Snapchat,5.1,4-6 hrs,8.01,3.0,7.5,5.8,1,Yes
STU4572,21,Male,Germany,Undergraduate,Complicated,Facebook,2.2,2-4 hrs,8.37,2.1,7.3,7.2,2,No
STU4573,20,Female,USA,High School,In a relationship,YouTube,5.1,4-6 hrs,7.49,3.1,7.2,8.1,1,Yes
STU4574,17,Male,India,Postgraduate,Single,Twitter/X,1.3,<2 hrs,8.73,1.0,8.1,9.7,0,No
STU4575,16,Male,USA,Undergraduate,Single,YouTube,2.8,2-4 hrs,9.47,1.1,7.6,7.8,0,No
STU4576,18,Female,Brazil,High School,Single,TikTok,4.5,4-6 hrs,8.16,3.5,7.4,7.4,1,Yes
STU4577,18,Female,USA,Undergraduate,Single,TikTok,4.4,4-6 hrs,7.62,3.5,7.8,8.0,1,Yes
STU4578,24,Male,Canada,High School,Single,Instagram,0.6,<2 hrs,9.35,1.0,8.1,8.1,2,No
STU4579,19,Male,India,Undergraduate,Single,Instagram,8.3,6+ hrs,6.63,6.4,6.3,6.3,3,Yes
STU4580,24,Male,India,High School,Complicated,Instagram,1.1,<2 hrs,9.35,1.0,8.1,8.5,1,No
STU4581,26,Male,India,Undergraduate,Single,TikTok,12.0,6+ hrs,5.04,7.8,6.1,5.9,3,Yes
STU4582,16,Male,India,Undergraduate,Single,YouTube,4.6,4-6 hrs,6.11,3.1,7.2,6.6,1,Yes
STU4583,18,Male,India,Undergraduate,Complicated,Facebook,4.3,4-6 hrs,7.84,2.1,6.8,7.2,0,Yes
STU4584,16,Female,USA,High School,Single,Instagram,1.2,<2 hrs,8.65,1.0,7.4,8.7,2,No
STU4585,21,Male,UK,Undergraduate,Single,TikTok,1.7,<2 hrs,9.79,1.0,8.3,8.6,1,No
STU4586,16,Female,USA,Undergraduate,Single,YouTube,7.9,6+ hrs,6.87,6.1,6.1,5.9,2,Yes
STU4587,17,Female,USA,Undergraduate,Single,YouTube,7.2,6+ hrs,6.28,6.1,7.0,6.4,3,Yes
STU4588,24,Male,Australia,Postgraduate,Single,Twitter/X,2.2,2-4 hrs,9.43,1.1,7.3,7.8,0,No
STU4589,26,Female,India,High School,Single,Snapchat,2.1,2-4 hrs,9.62,2.1,7.7,7.0,1,No
STU4590,16,Male,India,Undergraduate,Single,Snapchat,2.1,2-4 hrs,8.6,2.0,7.3,7.6,0,No
STU4591,19,Male,India,High School,In a relationship,Instagram,5.4,4-6 hrs,8.55,4.8,7.4,6.3,1,Yes
STU4592,21,Male,Brazil,High School,Single,Facebook,5.1,4-6 hrs,7.19,3.3,7.5,7.2,1,Yes
STU4593,17,Female,India,High School,Single,Twitter/X,3.3,2-4 hrs,7.89,1.0,7.8,9.4,1,No
STU4594,16,Female,India,Undergraduate,In a relationship,Snapchat,2.8,2-4 hrs,8.76,2.0,7.3,8.5,0,No
STU4595,19,Female,India,Undergraduate,In a relationship,TikTok,2.2,2-4 hrs,8.3,1.0,7.6,8.9,2,No
STU4596,18,Female,USA,Undergraduate,Single,Facebook,11.6,6+ hrs,4.33,7.5,5.7,5.4,4,Yes
STU4597,22,Female,Canada,Undergraduate,Single,Instagram,0.7,<2 hrs,10.0,1.0,7.5,8.2,1,No
STU4598,22,Male,Brazil,Undergraduate,Single,Snapchat,1.8,<2 hrs,8.7,1.0,7.9,7.9,0,No
STU4599,27,Male,Australia,High School,In a relationship,YouTube,3.2,2-4 hrs,7.04,2.4,8.5,7.0,1,No
STU4600,25,Male,India,Undergraduate,Single,Instagram,0.6,<2 hrs,9.45,1.0,8.3,8.0,0,No
STU4601,26,Male,Canada,High School,Single,Snapchat,1.6,<2 hrs,8.36,1.0,7.4,8.5,0,No
STU4602,22,Male,Canada,High School,In a relationship,Twitter/X,9.6,6+ hrs,5.7,7.0,5.8,4.7,2,Yes
STU4603,24,Female,India,Undergraduate,In a relationship,YouTube,4.8,4-6 hrs,7.76,3.4,7.0,7.4,1,Yes
STU4604,24,Female,USA,Postgraduate,Single,YouTube,1.6,<2 hrs,9.66,1.9,9.2,7.9,0,No
STU4605,19,Female,USA,High School,Single,Instagram,1.5,<2 hrs,9.37,1.0,9.0,8.2,0,No
STU4606,24,Female,India,Undergraduate,In a relationship,TikTok,0.7,<2 hrs,9.84,1.0,8.7,9.3,0,No
STU4607,26,Female,India,High School,Single,Instagram,1.7,<2 hrs,8.33,1.0,7.9,6.8,0,No
STU4608,22,Male,India,Postgraduate,Single,YouTube,3.8,2-4 hrs,8.27,2.5,8.2,7.5,3,No
STU4609,21,Female,Germany,Undergraduate,Single,TikTok,3.3,2-4 hrs,9.2,1.7,7.1,6.5,0,No
STU4610,26,Male,USA,Undergraduate,Single,Instagram,1.8,<2 hrs,8.28,1.0,8.6,8.7,3,No
STU4611,24,Male,UK,High School,Single,TikTok,1.1,<2 hrs,10.0,1.4,8.7,8.8,1,No
STU4612,19,Male,India,Postgraduate,In a relationship,TikTok,2.2,2-4 hrs,8.18,1.0,7.9,7.6,0,No
STU4613,16,Female,India,Undergraduate,Single,Twitter/X,2.1,2-4 hrs,8.04,1.2,8.5,7.5,0,No
STU4614,21,Female,India,High School,In a relationship,Instagram,4.4,4-6 hrs,7.7,3.9,7.2,5.9,1,Yes
STU4615,16,Female,India,Undergraduate,In a relationship,YouTube,3.0,2-4 hrs,8.58,1.8,7.1,8.1,1,No
STU4616,25,Non-binary,Australia,High School,Single,TikTok,2.7,2-4 hrs,8.83,2.6,8.3,7.5,3,No
STU4617,24,Female,Brazil,High School,Single,Instagram,5.8,4-6 hrs,6.31,3.6,7.0,7.0,1,Yes
STU4618,20,Female,USA,High School,In a relationship,Twitter/X,7.2,6+ hrs,6.52,4.2,7.0,6.6,1,Yes
STU4619,17,Male,Germany,High School,Single,YouTube,3.3,2-4 hrs,7.6,1.0,8.6,7.8,1,No
STU4620,27,Male,USA,Undergraduate,In a relationship,TikTok,3.3,2-4 hrs,7.12,3.4,7.3,8.1,2,No
STU4621,23,Male,USA,Undergraduate,Single,Facebook,2.3,2-4 hrs,7.91,1.0,7.9,8.7,0,No
STU4622,25,Male,UK,Undergraduate,Single,Twitter/X,1.2,<2 hrs,8.51,1.4,9.0,7.5,0,No
STU4623,26,Female,Germany,Postgraduate,Complicated,Instagram,4.7,4-6 hrs,7.7,2.5,7.7,7.3,1,Yes
STU4624,21,Male,Brazil,Undergraduate,Single,TikTok,4.1,4-6 hrs,8.35,3.9,7.1,6.4,2,Yes
STU4625,18,Female,Australia,Undergraduate,Single,YouTube,2.4,2-4 hrs,7.54,3.4,7.4,8.3,1,No
STU4626,26,Female,Brazil,High School,Single,YouTube,3.0,2-4 hrs,8.36,1.0,7.5,9.0,0,No
STU4627,17,Female,Canada,High School,Single,TikTok,5.5,4-6 hrs,6.32,3.0,6.8,7.4,1,Yes
STU4628,25,Male,Germany,Undergraduate,In a relationship,Facebook,6.1,6+ hrs,7.13,4.9,7.1,7.7,2,Yes
STU4629,26,Male,UK,Undergraduate,Single,Instagram,0.5,<2 hrs,8.9,1.0,8.4,9.5,0,No
STU4630,19,Male,Australia,Postgraduate,Single,TikTok,1.5,<2 hrs,8.19,1.7,8.3,8.0,1,No
STU4631,16,Male,Australia,High School,Single,TikTok,2.4,2-4 hrs,8.9,1.2,7.5,8.1,2,No
STU4632,16,Female,Australia,Postgraduate,Single,Instagram,1.0,<2 hrs,8.7,2.3,8.2,7.6,0,No
STU4633,20,Male,India,High School,Complicated,TikTok,3.0,2-4 hrs,7.96,2.2,6.7,7.2,1,No
STU4634,25,Male,India,Undergraduate,Single,TikTok,1.5,<2 hrs,7.49,1.0,8.2,9.7,0,No
STU4635,24,Male,Canada,Postgraduate,Single,Instagram,3.1,2-4 hrs,8.67,2.0,8.3,7.3,1,No
STU4636,27,Female,UK,Undergraduate,Complicated,Facebook,1.6,<2 hrs,9.27,1.0,7.4,9.1,1,No
STU4637,20,Female,Australia,Undergraduate,In a relationship,YouTube,1.6,<2 hrs,8.78,2.4,8.3,8.3,1,No
STU4638,21,Female,India,Undergraduate,Single,YouTube,3.1,2-4 hrs,7.19,1.6,7.4,8.0,0,No
STU4639,25,Male,Brazil,Postgraduate,Single,Snapchat,4.8,4-6 hrs,8.07,3.8,7.7,8.4,1,Yes
STU4640,24,Male,Australia,High School,Single,Instagram,3.9,2-4 hrs,7.35,2.4,7.6,6.7,0,No
STU4641,18,Female,India,High School,Single,YouTube,2.4,2-4 hrs,8.15,1.2,8.1,8.3,0,No
STU4642,27,Female,UK,Undergraduate,In a relationship,TikTok,0.5,<2 hrs,10.0,1.0,8.4,8.2,0,No
STU4643,19,Male,USA,High School,In a relationship,TikTok,1.6,<2 hrs,8.36,1.6,8.8,8.9,0,No
STU4644,17,Female,India,Undergraduate,Single,TikTok,1.5,<2 hrs,9.27,2.1,8.3,8.2,0,No
STU4645,19,Female,Brazil,High School,In a relationship,Instagram,4.2,4-6 hrs,7.95,2.2,7.1,6.7,0,Yes
STU4646,23,Male,Germany,Postgraduate,Single,Twitter/X,2.8,2-4 hrs,8.47,1.0,7.8,9.4,0,No
STU4647,17,Male,India,Undergraduate,Single,YouTube,2.9,2-4 hrs,8.36,2.7,7.6,8.0,1,No
STU4648,19,Female,India,Undergraduate,Single,Facebook,1.3,<2 hrs,9.14,1.0,8.3,7.8,0,No
STU4649,23,Female,Australia,Postgraduate,Single,Snapchat,6.3,6+ hrs,6.83,5.4,6.7,6.1,2,Yes
STU4650,22,Male,Germany,Postgraduate,In a relationship,Facebook,2.9,2-4 hrs,8.16,1.3,7.4,7.4,0,No
STU4651,24,Male,Australia,Postgraduate,In a relationship,Instagram,1.2,<2 hrs,9.87,1.0,8.3,8.4,0,No
STU4652,17,Female,UK,Undergraduate,Single,YouTube,1.3,<2 hrs,8.13,1.1,8.2,8.6,0,No
STU4653,19,Female,Japan,High School,Single,Facebook,3.2,2-4 hrs,8.67,1.4,8.2,8.1,0,No
STU4654,24,Female,Australia,Undergraduate,In a relationship,Twitter/X,1.1,<2 hrs,9.5,1.0,8.0,8.2,0,No
STU4655,21,Female,USA,Undergraduate,In a relationship,TikTok,1.5,<2 hrs,9.24,1.3,7.1,7.2,0,No
STU4656,24,Male,UK,Undergraduate,Single,Instagram,0.9,<2 hrs,9.77,1.0,8.1,8.7,0,No
STU4657,24,Female,India,Postgraduate,Complicated,YouTube,4.2,4-6 hrs,7.55,4.3,6.6,5.5,1,Yes
STU4658,22,Female,Japan,Postgraduate,Single,YouTube,1.2,<2 hrs,7.84,1.0,8.4,8.5,3,No
STU4659,22,Female,USA,Undergraduate,In a relationship,TikTok,7.0,6+ hrs,6.31,3.9,5.9,5.8,1,Yes
STU4660,23,Female,Canada,Undergraduate,Single,Twitter/X,3.5,2-4 hrs,7.33,1.6,7.1,8.2,1,No
STU4661,17,Female,Canada,Undergraduate,In a relationship,YouTube,0.9,<2 hrs,8.66,1.4,8.1,8.3,0,No
STU4662,25,Female,India,Undergraduate,Single,TikTok,3.9,2-4 hrs,7.0,3.2,8.3,7.7,1,No
STU4663,27,Female,India,Undergraduate,Single,TikTok,6.3,6+ hrs,6.38,5.5,6.4,6.9,2,Yes
STU4664,22,Female,Canada,Undergraduate,In a relationship,Instagram,2.4,2-4 hrs,8.06,1.1,7.9,9.2,0,No
STU4665,21,Male,Brazil,Undergraduate,In a relationship,YouTube,6.8,6+ hrs,5.01,5.0,7.1,5.4,4,Yes
STU4666,22,Female,Australia,Undergraduate,In a relationship,TikTok,3.5,2-4 hrs,8.35,2.8,8.4,7.6,2,No
STU4667,21,Female,UK,High School,Single,Facebook,1.5,<2 hrs,10.0,1.6,8.5,9.6,0,No
STU4668,26,Female,India,High School,Complicated,TikTok,9.7,6+ hrs,5.5,7.7,6.6,5.2,4,Yes
STU4669,18,Female,Brazil,Postgraduate,In a relationship,Twitter/X,0.7,<2 hrs,9.06,1.0,8.8,7.9,0,No
STU4670,20,Male,USA,High School,Single,YouTube,1.9,<2 hrs,8.61,1.2,7.4,8.3,0,No
STU4671,18,Female,India,Undergraduate,Single,Instagram,2.4,2-4 hrs,8.17,1.2,8.1,8.1,0,No
STU4672,21,Male,India,Undergraduate,In a relationship,Instagram,8.6,6+ hrs,5.68,6.0,6.8,5.2,2,Yes
STU4673,18,Male,Japan,Postgraduate,In a relationship,YouTube,4.3,4-6 hrs,7.54,3.6,6.9,7.8,3,Yes
STU4674,27,Male,Australia,Undergraduate,Single,Twitter/X,3.8,2-4 hrs,7.29,1.3,7.3,8.8,0,No
STU4675,17,Male,India,High School,Single,Snapchat,1.3,<2 hrs,9.92,1.8,7.8,7.2,2,No
STU4676,26,Non-binary,India,High School,Single,YouTube,2.3,2-4 hrs,7.57,1.0,8.3,8.4,0,No
STU4677,19,Female,Japan,High School,Single,TikTok,1.6,<2 hrs,9.21,1.0,8.1,8.1,0,No
STU4678,24,Male,India,High School,In a relationship,TikTok,3.7,2-4 hrs,7.77,3.6,7.4,6.1,1,No
STU4679,16,Female,USA,Postgraduate,Single,Twitter/X,5.6,4-6 hrs,8.12,4.2,6.5,5.9,2,Yes
STU4680,23,Male,Canada,Undergraduate,In a relationship,Instagram,11.2,6+ hrs,4.66,8.1,5.7,4.1,4,Yes
STU4681,20,Female,India,High School,Single,TikTok,1.7,<2 hrs,8.52,1.0,7.8,8.5,0,No
STU4682,17,Female,USA,Undergraduate,Single,Instagram,0.7,<2 hrs,9.04,1.0,8.4,8.2,0,No
STU4683,24,Female,Brazil,Undergraduate,Single,Instagram,2.0,2-4 hrs,8.62,2.2,7.4,7.2,0,No
STU4684,17,Male,Australia,Undergraduate,Single,Instagram,5.1,4-6 hrs,6.52,3.1,7.3,7.2,1,Yes
STU4685,26,Female,USA,Postgraduate,In a relationship,YouTube,1.2,<2 hrs,8.5,1.0,8.0,9.0,0,No
STU4686,26,Female,Australia,Undergraduate,In a relationship,Snapchat,2.5,2-4 hrs,7.3,2.5,7.3,8.0,2,No
STU4687,18,Male,Germany,Undergraduate,Single,TikTok,3.8,2-4 hrs,7.24,1.8,6.9,8.8,0,No
STU4688,16,Male,India,Undergraduate,In a relationship,TikTok,1.8,<2 hrs,8.75,1.5,7.5,8.1,0,No
STU4689,16,Female,UK,High School,Single,YouTube,3.0,2-4 hrs,8.33,2.1,7.6,9.1,0,No
STU4690,17,Non-binary,USA,Undergraduate,Single,TikTok,1.1,<2 hrs,7.82,1.0,8.3,8.7,0,No
STU4691,17,Male,UK,Undergraduate,Single,YouTube,5.9,4-6 hrs,6.76,3.7,7.2,6.8,1,Yes
STU4692,21,Male,USA,Undergraduate,In a relationship,Instagram,2.1,2-4 hrs,8.89,1.0,8.1,8.6,0,No
STU4693,26,Female,UK,High School,Single,Instagram,2.9,2-4 hrs,8.1,1.2,7.4,7.5,1,No
STU4694,23,Male,UK,Undergraduate,Complicated,Instagram,0.5,<2 hrs,8.89,1.0,8.9,8.3,1,No
STU4695,27,Male,India,Undergraduate,In a relationship,TikTok,1.0,<2 hrs,8.8,1.0,8.0,8.8,0,No
STU4696,19,Male,India,Undergraduate,Single,Instagram,5.0,4-6 hrs,6.93,4.3,7.5,7.3,1,Yes
STU4697,18,Female,UK,Undergraduate,In a relationship,TikTok,1.7,<2 hrs,8.35,1.0,8.0,8.2,0,No
STU4698,17,Male,Brazil,High School,Single,TikTok,1.2,<2 hrs,9.06,1.0,8.4,10.0,0,No
STU4699,16,Male,Australia,High School,Single,Snapchat,0.6,<2 hrs,10.0,1.0,8.2,8.4,0,No
STU4700,23,Male,India,Postgraduate,Single,Instagram,5.8,4-6 hrs,6.44,3.7,7.2,6.0,3,Yes
STU4701,22,Male,USA,Undergraduate,Single,TikTok,4.1,4-6 hrs,7.46,3.7,7.5,8.0,1,Yes
STU4702,26,Female,USA,High School,Single,Facebook,4.0,4-6 hrs,7.67,2.5,7.9,8.2,1,No
STU4703,17,Male,Australia,High School,Single,Instagram,7.4,6+ hrs,5.76,5.0,6.2,6.7,2,Yes
STU4704,27,Male,Japan,Postgraduate,In a relationship,Twitter/X,1.9,<2 hrs,9.3,2.5,7.1,7.4,2,No
STU4705,22,Female,USA,High School,Single,Instagram,0.7,<2 hrs,7.76,1.0,7.8,8.8,0,No
STU4706,27,Female,India,Undergraduate,In a relationship,YouTube,2.6,2-4 hrs,8.01,3.2,8.4,8.5,1,No
STU4707,21,Female,Brazil,Undergraduate,Complicated,Instagram,8.4,6+ hrs,6.21,6.9,6.3,5.7,2,Yes
STU4708,23,Female,Australia,Undergraduate,In a relationship,TikTok,2.7,2-4 hrs,8.11,1.2,7.9,7.4,1,No
STU4709,21,Female,Germany,High School,In a relationship,Facebook,5.5,4-6 hrs,6.53,4.6,6.6,4.3,4,Yes
STU4710,19,Female,India,High School,In a relationship,YouTube,0.7,<2 hrs,9.45,1.7,8.4,8.4,0,No
STU4711,23,Non-binary,Canada,Postgraduate,Single,Instagram,1.3,<2 hrs,9.46,2.1,7.7,7.3,1,No
STU4712,16,Female,India,High School,Single,Twitter/X,4.8,4-6 hrs,7.47,4.2,6.9,6.8,1,Yes
STU4713,25,Female,India,Undergraduate,In a relationship,YouTube,2.9,2-4 hrs,7.71,2.8,7.6,7.0,3,No
STU4714,16,Male,India,Postgraduate,Single,Snapchat,2.3,2-4 hrs,8.74,1.4,8.1,7.7,0,No
STU4715,19,Female,Brazil,Undergraduate,Single,Instagram,5.5,4-6 hrs,6.78,3.2,7.4,6.9,1,Yes
STU4716,16,Male,India,Undergraduate,Single,Instagram,4.8,4-6 hrs,7.79,3.1,7.6,7.0,3,Yes
STU4717,20,Female,UK,Undergraduate,Complicated,YouTube,2.9,2-4 hrs,9.08,1.0,7.0,9.0,0,No
STU4718,26,Male,Japan,Postgraduate,Single,Snapchat,0.5,<2 hrs,7.71,1.4,8.4,8.7,0,No
STU4719,24,Female,India,Postgraduate,In a relationship,Twitter/X,2.5,2-4 hrs,8.44,1.5,7.8,7.4,0,No
STU4720,24,Male,Germany,High School,Single,TikTok,3.5,2-4 hrs,6.88,3.5,6.9,6.5,1,No
STU4721,24,Male,UK,High School,Complicated,TikTok,0.5,<2 hrs,10.0,1.0,8.4,8.8,1,No
STU4722,21,Male,USA,Postgraduate,Single,TikTok,3.4,2-4 hrs,7.69,3.2,7.5,8.1,1,No
STU4723,27,Male,USA,Postgraduate,Complicated,Snapchat,5.7,4-6 hrs,7.38,3.6,7.3,7.9,1,Yes
STU4724,16,Female,India,High School,Single,Twitter/X,2.5,2-4 hrs,8.35,1.0,7.9,7.8,0,No
STU4725,25,Female,India,Postgraduate,Single,Instagram,1.0,<2 hrs,8.57,2.0,8.0,8.7,0,No
STU4726,20,Male,USA,High School,In a relationship,TikTok,0.5,<2 hrs,8.72,1.2,8.8,7.2,1,No
STU4727,25,Female,Australia,High School,Single,Twitter/X,3.4,2-4 hrs,8.92,2.5,6.5,7.6,1,No
STU4728,17,Male,India,Undergraduate,Single,TikTok,0.5,<2 hrs,9.85,1.0,8.3,8.8,0,No
STU4729,27,Female,UK,Undergraduate,Single,YouTube,3.9,2-4 hrs,8.91,3.1,6.6,6.0,1,No
STU4730,16,Male,Australia,High School,Single,Instagram,8.1,6+ hrs,5.89,5.8,6.0,7.6,3,Yes
STU4731,20,Male,Canada,Postgraduate,In a relationship,Twitter/X,1.4,<2 hrs,9.04,1.0,8.4,9.4,0,No
STU4732,20,Male,UK,Undergraduate,Complicated,YouTube,2.1,2-4 hrs,8.39,1.1,7.3,8.9,1,No
STU4733,16,Female,UK,Undergraduate,Complicated,Twitter/X,8.4,6+ hrs,5.55,7.4,5.7,4.6,2,Yes
STU4734,22,Female,Australia,Undergraduate,In a relationship,YouTube,2.8,2-4 hrs,7.61,4.1,9.0,6.9,1,No
STU4735,18,Non-binary,USA,High School,Complicated,TikTok,1.7,<2 hrs,8.79,2.4,7.4,8.4,2,No
STU4736,26,Male,USA,Undergraduate,Complicated,YouTube,5.1,4-6 hrs,6.73,4.0,8.1,6.2,2,Yes
STU4737,21,Male,Japan,Undergraduate,Single,Instagram,1.8,<2 hrs,8.96,1.0,8.0,8.4,0,No
STU4738,17,Female,Canada,Undergraduate,Single,TikTok,1.3,<2 hrs,9.02,1.0,7.9,9.1,1,No
STU4739,24,Female,UK,High School,Single,TikTok,3.9,2-4 hrs,7.92,2.1,7.8,6.9,1,No
STU4740,17,Female,UK,High School,Single,TikTok,5.4,4-6 hrs,8.08,3.3,7.8,7.6,1,Yes
STU4741,17,Male,India,High School,In a relationship,Instagram,1.3,<2 hrs,8.89,2.6,7.6,6.5,1,No
STU4742,16,Male,UK,Postgraduate,Complicated,TikTok,2.9,2-4 hrs,8.65,3.5,7.5,6.6,1,No
STU4743,16,Female,Germany,Postgraduate,Single,Twitter/X,2.2,2-4 hrs,9.74,2.1,8.4,7.6,0,No
STU4744,27,Male,UK,Postgraduate,Single,TikTok,2.5,2-4 hrs,9.16,1.0,8.0,8.9,0,No
STU4745,19,Female,India,Undergraduate,Single,Twitter/X,1.0,<2 hrs,9.74,1.4,8.8,7.8,1,No
STU4746,22,Male,USA,Undergraduate,In a relationship,YouTube,4.1,4-6 hrs,7.47,2.7,7.7,7.7,1,Yes
STU4747,19,Male,India,High School,Complicated,YouTube,7.0,6+ hrs,6.49,3.2,7.7,6.9,1,Yes
STU4748,20,Female,USA,Undergraduate,Single,Snapchat,1.3,<2 hrs,8.12,1.1,8.3,8.1,0,No
STU4749,21,Female,India,Undergraduate,Single,TikTok,4.1,4-6 hrs,7.95,2.2,7.6,8.8,1,Yes
STU4750,20,Male,USA,High School,In a relationship,Snapchat,5.0,4-6 hrs,7.41,2.9,7.4,6.7,3,Yes
STU4751,20,Male,Germany,High School,Single,Instagram,2.9,2-4 hrs,8.21,1.8,7.7,8.6,2,No
STU4752,19,Female,Australia,High School,In a relationship,Twitter/X,4.0,4-6 hrs,8.32,2.4,7.9,7.8,0,No
STU4753,24,Male,UK,High School,Single,Snapchat,1.4,<2 hrs,8.15,1.0,8.3,8.1,0,No
STU4754,20,Non-binary,Australia,High School,Complicated,Snapchat,6.7,6+ hrs,7.47,4.6,7.2,5.8,1,Yes
STU4755,24,Female,Japan,High School,Complicated,Instagram,5.4,4-6 hrs,7.61,2.3,7.6,7.0,0,Yes
STU4756,19,Male,USA,Undergraduate,In a relationship,Instagram,5.9,4-6 hrs,6.8,5.3,7.2,5.8,4,Yes
STU4757,24,Female,Japan,High School,In a relationship,Instagram,0.9,<2 hrs,9.01,1.0,8.5,8.4,2,No
STU4758,20,Female,India,Postgraduate,Single,TikTok,3.6,2-4 hrs,8.17,1.8,7.1,8.5,1,No
STU4759,23,Male,Japan,Postgraduate,Single,Instagram,1.5,<2 hrs,9.74,1.0,7.8,8.3,0,No
STU4760,16,Male,Germany,Postgraduate,In a relationship,YouTube,7.1,6+ hrs,6.37,4.9,7.1,6.4,3,Yes
STU4761,19,Male,India,Undergraduate,Single,Snapchat,1.3,<2 hrs,9.0,2.1,8.9,7.9,0,No
STU4762,19,Female,USA,Undergraduate,Single,TikTok,3.0,2-4 hrs,8.16,2.3,6.8,8.2,1,No
STU4763,17,Male,Australia,Undergraduate,In a relationship,Instagram,0.5,<2 hrs,10.0,1.0,8.1,9.0,0,No
STU4764,18,Female,India,High School,Single,Snapchat,3.0,2-4 hrs,7.93,2.3,7.8,6.9,0,No
STU4765,23,Male,UK,Undergraduate,In a relationship,YouTube,0.9,<2 hrs,9.08,1.0,7.8,8.3,0,No
STU4766,27,Male,UK,Postgraduate,Single,Instagram,3.8,2-4 hrs,8.67,2.9,7.1,8.4,1,No
STU4767,23,Female,India,Undergraduate,In a relationship,YouTube,2.2,2-4 hrs,8.6,1.0,8.2,7.6,1,No
STU4768,16,Female,USA,Undergraduate,Single,YouTube,1.9,<2 hrs,9.33,1.1,8.8,8.5,1,No
STU4769,17,Female,UK,Undergraduate,In a relationship,TikTok,7.2,6+ hrs,5.71,6.0,5.7,5.9,2,Yes
STU4770,19,Male,India,Undergraduate,In a relationship,Instagram,10.2,6+ hrs,4.79,10.0,5.9,3.6,4,Yes
STU4771,26,Male,India,Postgraduate,In a relationship,Facebook,0.7,<2 hrs,10.0,1.0,8.6,9.6,1,No
STU4772,21,Female,Australia,High School,Single,YouTube,1.9,<2 hrs,8.24,1.7,8.4,8.2,0,No
STU4773,18,Female,UK,Postgraduate,Complicated,Instagram,4.6,4-6 hrs,7.34,2.8,7.5,8.7,1,Yes
STU4774,22,Female,USA,Undergraduate,Single,Instagram,3.3,2-4 hrs,8.17,3.9,8.6,7.1,2,No
STU4775,18,Female,India,Postgraduate,Single,Instagram,4.4,4-6 hrs,6.93,2.0,7.4,8.3,0,Yes
STU4776,23,Female,UK,Undergraduate,In a relationship,Twitter/X,2.4,2-4 hrs,8.17,2.2,8.6,7.5,0,No
STU4777,21,Female,Canada,Undergraduate,Complicated,TikTok,5.6,4-6 hrs,7.05,2.8,6.8,7.2,1,Yes
STU4778,23,Male,USA,Postgraduate,Single,Instagram,2.9,2-4 hrs,8.22,1.8,7.8,8.4,0,No
STU4779,22,Female,USA,Postgraduate,In a relationship,Instagram,3.5,2-4 hrs,8.69,2.4,7.0,8.1,0,No
STU4780,27,Female,Germany,High School,In a relationship,Facebook,0.9,<2 hrs,10.0,1.5,8.7,8.7,0,No
STU4781,20,Male,Australia,Undergraduate,In a relationship,Twitter/X,2.7,2-4 hrs,7.77,1.0,7.8,8.8,0,No
STU4782,20,Non-binary,USA,High School,In a relationship,Instagram,4.6,4-6 hrs,7.5,3.8,7.5,6.2,1,Yes
STU4783,18,Female,UK,High School,Single,Snapchat,3.2,2-4 hrs,8.46,2.3,7.5,7.3,1,No
STU4784,19,Female,India,Undergraduate,Single,Instagram,2.8,2-4 hrs,9.15,2.2,8.1,8.5,0,No
STU4785,23,Female,India,High School,Complicated,TikTok,3.6,2-4 hrs,8.31,3.3,7.8,6.0,1,No
STU4786,20,Male,Germany,Undergraduate,Single,Instagram,2.9,2-4 hrs,8.37,1.0,7.3,8.7,0,No
STU4787,24,Male,Germany,Undergraduate,In a relationship,Instagram,2.4,2-4 hrs,8.82,2.3,7.4,7.8,0,No
STU4788,18,Female,Canada,Postgraduate,In a relationship,TikTok,4.7,4-6 hrs,7.79,2.8,7.3,8.2,1,Yes
STU4789,25,Male,Germany,High School,Single,TikTok,2.3,2-4 hrs,7.91,2.5,8.3,8.0,3,No
STU4790,18,Male,Australia,High School,In a relationship,TikTok,0.8,<2 hrs,9.26,1.0,9.2,8.0,0,No
STU4791,23,Male,Germany,Undergraduate,Single,Instagram,7.0,6+ hrs,7.23,4.7,6.9,6.2,1,Yes
STU4792,23,Female,Brazil,High School,Single,Twitter/X,1.5,<2 hrs,8.7,1.0,8.6,8.1,0,No
STU4793,27,Male,Germany,High School,Single,Instagram,0.6,<2 hrs,9.31,1.1,7.5,8.9,1,No
STU4794,22,Non-binary,Germany,High School,In a relationship,TikTok,4.0,4-6 hrs,7.55,3.8,8.5,5.5,2,No
STU4795,21,Female,UK,Postgraduate,Single,TikTok,7.6,6+ hrs,4.69,4.9,6.9,6.7,1,Yes
STU4796,22,Male,Australia,Postgraduate,Single,Snapchat,4.0,4-6 hrs,7.71,1.9,7.5,7.4,0,No
STU4797,22,Male,USA,Postgraduate,In a relationship,Facebook,6.4,6+ hrs,6.8,5.0,6.8,6.6,2,Yes
STU4798,21,Female,Germany,Undergraduate,Single,Snapchat,1.2,<2 hrs,8.65,1.0,7.6,8.7,0,No
STU4799,24,Male,Germany,Undergraduate,Single,Twitter/X,0.9,<2 hrs,8.4,1.0,7.9,7.3,0,No
STU4800,20,Male,India,Postgraduate,In a relationship,TikTok,1.9,<2 hrs,8.12,1.0,9.0,8.3,0,No
STU4801,20,Male,USA,Undergraduate,In a relationship,Instagram,5.3,4-6 hrs,7.57,3.4,6.7,7.4,2,Yes
STU4802,21,Male,India,Undergraduate,Complicated,Snapchat,3.8,2-4 hrs,8.97,1.6,7.0,8.3,0,No
STU4803,25,Male,India,Undergraduate,Single,YouTube,4.0,4-6 hrs,8.53,1.2,7.1,8.3,0,No
STU4804,26,Male,USA,Undergraduate,Single,Instagram,2.8,2-4 hrs,7.43,1.1,7.2,7.6,1,No
STU4805,19,Female,Canada,Undergraduate,In a relationship,Instagram,1.9,<2 hrs,9.16,1.8,8.0,7.4,1,No
STU4806,25,Male,USA,Undergraduate,Complicated,YouTube,2.9,2-4 hrs,7.8,1.0,8.3,7.5,1,No
STU4807,25,Male,USA,High School,In a relationship,Snapchat,2.2,2-4 hrs,8.16,1.3,7.6,8.7,0,No
STU4808,24,Male,India,High School,Single,Instagram,1.8,<2 hrs,8.41,2.8,7.4,7.5,3,No
STU4809,27,Male,USA,Postgraduate,Complicated,TikTok,3.4,2-4 hrs,8.39,2.3,7.8,7.8,0,No
STU4810,17,Female,USA,Undergraduate,In a relationship,Facebook,2.1,2-4 hrs,9.13,1.7,7.9,7.0,0,No
STU4811,26,Male,USA,High School,Single,Facebook,3.1,2-4 hrs,8.05,1.4,8.2,8.3,0,No
STU4812,27,Female,Canada,Undergraduate,Complicated,YouTube,0.5,<2 hrs,9.23,2.1,8.1,8.4,0,No
STU4813,18,Non-binary,India,Undergraduate,Single,TikTok,2.9,2-4 hrs,8.47,1.6,7.6,6.9,0,No
STU4814,24,Female,Australia,Postgraduate,In a relationship,TikTok,2.1,2-4 hrs,8.9,1.3,7.9,8.0,0,No
STU4815,16,Male,Brazil,Undergraduate,In a relationship,TikTok,6.6,6+ hrs,7.24,5.7,6.9,5.1,2,Yes
STU4816,20,Male,UK,High School,Single,TikTok,0.6,<2 hrs,8.46,1.0,8.2,8.2,1,No
STU4817,18,Female,USA,Undergraduate,Single,YouTube,2.8,2-4 hrs,8.25,2.0,7.5,7.4,0,No
STU4818,18,Female,India,Undergraduate,Single,TikTok,4.6,4-6 hrs,6.79,3.0,6.4,7.8,1,Yes
STU4819,16,Male,Brazil,Postgraduate,Single,Instagram,2.3,2-4 hrs,8.43,1.4,7.6,8.4,0,No
STU4820,23,Female,Australia,High School,Single,Twitter/X,2.0,2-4 hrs,8.46,1.7,8.4,9.1,0,No
STU4821,18,Female,India,High School,Single,TikTok,4.6,4-6 hrs,7.4,3.7,7.8,7.1,1,Yes
STU4822,19,Non-binary,India,Postgraduate,Single,YouTube,3.7,2-4 hrs,7.36,2.1,7.3,8.2,1,No
STU4823,20,Female,India,Undergraduate,In a relationship,Twitter/X,3.9,2-4 hrs,6.85,2.1,8.2,7.6,0,No
STU4824,20,Female,India,Undergraduate,Single,TikTok,1.8,<2 hrs,7.43,1.0,8.0,7.7,0,No
STU4825,27,Male,Australia,Postgraduate,Single,Snapchat,1.7,<2 hrs,8.66,1.0,7.4,9.1,0,No
STU4826,17,Male,Canada,High School,Single,TikTok,3.1,2-4 hrs,7.85,1.0,6.9,9.4,0,No
STU4827,22,Female,Japan,Undergraduate,Single,YouTube,4.9,4-6 hrs,6.89,3.7,7.9,7.6,1,Yes
STU4828,21,Female,USA,Undergraduate,Complicated,Twitter/X,0.7,<2 hrs,9.98,1.2,8.1,8.5,0,No
STU4829,26,Female,Australia,Undergraduate,Single,TikTok,2.4,2-4 hrs,7.9,2.4,7.3,7.1,1,No
STU4830,22,Female,India,Undergraduate,In a relationship,Instagram,1.7,<2 hrs,9.59,1.0,6.9,9.3,0,No
STU4831,25,Female,UK,Undergraduate,Single,Snapchat,2.6,2-4 hrs,9.3,1.6,7.7,8.6,1,No
STU4832,25,Male,USA,High School,Single,TikTok,4.3,4-6 hrs,6.39,2.1,7.6,9.4,0,Yes
STU4833,18,Female,Germany,Postgraduate,Complicated,Instagram,1.3,<2 hrs,8.97,1.0,7.8,7.7,0,No
STU4834,23,Male,Australia,Undergraduate,In a relationship,TikTok,4.0,4-6 hrs,7.46,2.5,7.0,8.4,1,No
STU4835,21,Female,India,High School,In a relationship,Twitter/X,1.9,<2 hrs,6.9,1.8,7.8,8.5,0,No
STU4836,22,Female,Japan,Undergraduate,In a relationship,TikTok,5.4,4-6 hrs,6.2,3.8,7.8,6.9,2,Yes
STU4837,24,Male,Germany,High School,In a relationship,TikTok,1.3,<2 hrs,9.38,1.0,7.5,9.5,1,No
STU4838,23,Female,USA,Undergraduate,In a relationship,TikTok,4.8,4-6 hrs,8.55,2.6,7.0,8.0,1,Yes
STU4839,23,Female,Germany,Postgraduate,In a relationship,Instagram,0.8,<2 hrs,9.68,1.0,8.9,7.8,0,No
STU4840,18,Male,Japan,High School,Single,Instagram,3.0,2-4 hrs,8.34,2.2,8.0,7.8,2,No
STU4841,16,Non-binary,Brazil,High School,Single,Twitter/X,4.1,4-6 hrs,7.64,1.7,7.6,7.5,0,Yes
STU4842,27,Female,UK,Undergraduate,In a relationship,Facebook,1.4,<2 hrs,9.88,1.0,7.8,8.2,0,No
STU4843,16,Female,UK,Undergraduate,Single,Instagram,1.8,<2 hrs,9.98,1.3,8.1,8.8,0,No
STU4844,25,Female,India,Undergraduate,Single,Snapchat,2.6,2-4 hrs,7.98,1.0,7.6,9.2,2,No
STU4845,17,Female,India,Undergraduate,Single,YouTube,2.0,2-4 hrs,7.4,1.0,7.6,8.7,0,No
STU4846,23,Female,Japan,High School,In a relationship,YouTube,1.6,<2 hrs,7.52,1.0,7.6,8.0,1,No
STU4847,25,Male,Australia,High School,Single,TikTok,4.7,4-6 hrs,8.18,2.9,7.7,7.8,2,Yes
STU4848,21,Female,India,High School,Single,TikTok,5.8,4-6 hrs,6.86,3.4,7.0,7.8,1,Yes
STU4849,21,Female,UK,Undergraduate,Single,TikTok,5.6,4-6 hrs,7.09,3.4,7.3,5.9,2,Yes
STU4850,16,Male,USA,High School,Single,YouTube,3.6,2-4 hrs,6.81,2.5,7.7,7.8,1,No
STU4851,17,Female,USA,Undergraduate,Single,Facebook,3.9,2-4 hrs,7.29,2.2,7.7,7.8,2,No
STU4852,20,Male,UK,High School,In a relationship,Instagram,1.2,<2 hrs,8.78,1.0,8.1,9.2,0,No
STU4853,18,Female,USA,Postgraduate,In a relationship,Facebook,2.4,2-4 hrs,8.54,1.4,7.7,8.6,0,No
STU4854,17,Female,India,Postgraduate,Single,Instagram,2.8,2-4 hrs,8.0,2.1,7.4,8.3,0,No
STU4855,24,Male,Brazil,Undergraduate,Single,Snapchat,3.2,2-4 hrs,7.44,2.9,7.0,7.2,2,No
STU4856,25,Male,India,Postgraduate,Single,YouTube,3.2,2-4 hrs,7.59,2.9,7.1,7.6,1,No
STU4857,22,Female,USA,Postgraduate,Complicated,Twitter/X,2.6,2-4 hrs,9.05,2.9,7.7,8.2,2,No
STU4858,16,Male,UK,Undergraduate,Single,Snapchat,3.6,2-4 hrs,8.03,3.2,6.8,7.4,2,No
STU4859,26,Female,USA,Postgraduate,Single,Instagram,3.1,2-4 hrs,8.47,2.4,7.0,7.9,4,No
STU4860,16,Male,Canada,Postgraduate,Single,YouTube,3.0,2-4 hrs,7.61,1.8,8.3,7.0,0,No
STU4861,18,Male,India,Undergraduate,Single,Facebook,1.4,<2 hrs,7.1,1.0,8.3,8.5,1,No
STU4862,25,Male,Brazil,Postgraduate,Complicated,TikTok,0.9,<2 hrs,8.78,1.0,8.0,7.1,0,No
STU4863,21,Male,UK,Postgraduate,Single,YouTube,3.2,2-4 hrs,7.54,2.2,8.8,7.5,1,No
STU4864,17,Non-binary,UK,High School,Single,Instagram,1.8,<2 hrs,8.9,1.8,7.2,8.1,1,No
STU4865,26,Male,USA,Postgraduate,Single,TikTok,1.5,<2 hrs,10.0,1.0,8.6,9.0,0,No
STU4866,23,Female,USA,Undergraduate,In a relationship,YouTube,4.1,4-6 hrs,8.07,2.8,7.4,6.9,1,Yes
STU4867,27,Female,India,Postgraduate,Single,Instagram,2.5,2-4 hrs,10.0,1.2,8.3,8.7,0,No
STU4868,19,Male,UK,High School,In a relationship,TikTok,6.4,6+ hrs,6.96,4.6,7.0,7.7,1,Yes
STU4869,23,Female,USA,High School,In a relationship,TikTok,3.8,2-4 hrs,7.41,2.2,6.6,7.5,0,No
STU4870,27,Male,USA,Postgraduate,In a relationship,Twitter/X,1.4,<2 hrs,9.08,1.0,8.2,7.4,0,No
STU4871,22,Female,India,Undergraduate,Single,YouTube,4.2,4-6 hrs,8.68,2.4,7.6,8.0,1,Yes
STU4872,17,Female,India,Undergraduate,Single,YouTube,3.4,2-4 hrs,9.07,2.8,6.6,6.8,1,No
STU4873,24,Female,Australia,Undergraduate,Single,TikTok,1.3,<2 hrs,8.57,1.0,9.1,7.9,2,No
STU4874,20,Female,USA,Undergraduate,In a relationship,TikTok,1.7,<2 hrs,8.89,1.0,8.2,9.1,4,No
STU4875,21,Female,Australia,Undergraduate,In a relationship,TikTok,4.0,4-6 hrs,6.84,3.0,7.8,8.8,1,No
STU4876,17,Female,India,Postgraduate,In a relationship,Twitter/X,0.5,<2 hrs,9.77,1.0,7.8,7.8,1,No
STU4877,18,Female,Canada,Undergraduate,Single,TikTok,0.5,<2 hrs,10.0,1.3,8.7,7.8,0,No
STU4878,25,Male,India,Undergraduate,Single,TikTok,2.9,2-4 hrs,8.22,1.3,8.3,8.0,0,No
STU4879,27,Male,Australia,Postgraduate,Complicated,YouTube,2.8,2-4 hrs,7.84,1.8,7.9,7.7,0,No
STU4880,23,Female,India,Undergraduate,In a relationship,Snapchat,3.1,2-4 hrs,8.32,1.0,7.7,9.9,1,No
STU4881,26,Female,USA,Undergraduate,In a relationship,TikTok,2.8,2-4 hrs,8.49,1.7,7.4,7.8,0,No
STU4882,20,Male,India,Postgraduate,Single,Instagram,3.5,2-4 hrs,7.97,1.1,7.5,8.2,1,No
STU4883,25,Male,Canada,Postgraduate,Single,Snapchat,5.9,4-6 hrs,6.95,4.7,6.8,7.8,2,Yes
STU4884,16,Female,USA,Postgraduate,Single,TikTok,2.6,2-4 hrs,8.23,2.4,8.1,8.2,0,No
STU4885,24,Female,India,Undergraduate,In a relationship,Twitter/X,0.7,<2 hrs,9.78,1.1,7.9,9.1,0,No
STU4886,26,Male,UK,Undergraduate,Single,Instagram,0.5,<2 hrs,9.72,1.0,8.7,7.9,0,No
STU4887,27,Female,India,Undergraduate,Single,Snapchat,2.0,2-4 hrs,8.01,1.0,7.6,8.1,0,No
STU4888,16,Male,Germany,High School,Complicated,Instagram,2.0,2-4 hrs,7.99,1.0,7.9,7.8,2,No
STU4889,24,Male,Brazil,High School,In a relationship,Facebook,0.8,<2 hrs,8.99,1.8,8.6,8.7,0,No
STU4890,25,Female,Germany,High School,Complicated,Snapchat,0.5,<2 hrs,9.72,1.5,8.0,9.1,0,No
STU4891,21,Female,Japan,Postgraduate,Single,Instagram,1.8,<2 hrs,8.78,1.4,8.4,7.9,0,No
STU4892,22,Male,Brazil,Postgraduate,In a relationship,Instagram,7.6,6+ hrs,5.69,4.9,6.9,6.3,1,Yes
STU4893,16,Non-binary,Brazil,Undergraduate,In a relationship,Twitter/X,3.4,2-4 hrs,8.13,3.5,7.5,7.0,2,No
STU4894,25,Male,India,Undergraduate,Single,Instagram,3.2,2-4 hrs,7.86,1.7,8.3,7.1,1,No
STU4895,26,Female,India,High School,In a relationship,Snapchat,2.3,2-4 hrs,8.99,1.8,8.0,7.6,1,No
STU4896,16,Male,Germany,High School,Single,Instagram,2.0,2-4 hrs,8.8,2.5,8.6,8.3,1,No
STU4897,20,Male,UK,Undergraduate,In a relationship,YouTube,3.7,2-4 hrs,7.65,1.9,8.5,7.4,1,No
STU4898,17,Female,Brazil,Postgraduate,Single,Instagram,0.9,<2 hrs,9.23,1.3,8.2,8.4,0,No
STU4899,26,Female,Brazil,High School,In a relationship,Snapchat,8.9,6+ hrs,6.28,6.6,6.6,4.8,2,Yes
STU4900,25,Male,Brazil,High School,Single,TikTok,1.0,<2 hrs,8.71,1.0,7.9,8.4,0,No
STU4901,27,Male,USA,Postgraduate,Single,TikTok,3.9,2-4 hrs,7.99,1.9,7.0,7.7,0,No
STU4902,20,Male,India,Undergraduate,Single,Instagram,1.0,<2 hrs,9.01,1.0,8.2,7.6,0,No
STU4903,20,Female,Canada,High School,Single,YouTube,2.8,2-4 hrs,8.5,2.2,7.1,8.5,0,No
STU4904,21,Female,USA,High School,Single,TikTok,4.2,4-6 hrs,7.22,1.8,7.0,8.7,1,Yes
STU4905,24,Female,Brazil,Undergraduate,Single,Instagram,0.5,<2 hrs,9.34,1.0,8.7,7.8,0,No
STU4906,21,Female,Germany,Undergraduate,Complicated,Twitter/X,1.2,<2 hrs,9.62,1.3,7.9,8.2,0,No
STU4907,25,Female,Brazil,Undergraduate,Complicated,Instagram,1.2,<2 hrs,8.4,1.6,8.6,8.2,1,No
STU4908,26,Male,UK,Postgraduate,Single,TikTok,2.1,2-4 hrs,7.76,1.0,8.1,7.2,0,No
STU4909,16,Male,UK,High School,In a relationship,YouTube,3.1,2-4 hrs,7.33,3.2,8.7,6.4,1,No
STU4910,20,Male,Germany,Undergraduate,In a relationship,TikTok,7.7,6+ hrs,5.33,6.7,6.8,6.6,3,Yes
STU4911,17,Male,UK,High School,In a relationship,Instagram,1.6,<2 hrs,9.14,1.4,8.7,7.6,0,No
STU4912,26,Male,Brazil,Undergraduate,Single,TikTok,7.4,6+ hrs,5.33,4.3,6.9,7.7,1,Yes
STU4913,23,Female,India,Undergraduate,Single,TikTok,3.3,2-4 hrs,7.84,2.0,7.8,7.1,1,No
STU4914,22,Non-binary,USA,High School,Single,Facebook,0.9,<2 hrs,9.47,1.0,8.9,9.0,1,No
STU4915,26,Male,Germany,Undergraduate,Single,YouTube,2.3,2-4 hrs,8.71,1.8,8.3,7.9,0,No
STU4916,21,Female,India,High School,In a relationship,Facebook,0.7,<2 hrs,8.95,1.0,8.4,8.4,0,No
STU4917,17,Female,USA,High School,Complicated,Instagram,2.0,2-4 hrs,8.71,1.6,8.1,9.5,1,No
STU4918,18,Female,India,High School,In a relationship,Instagram,1.9,<2 hrs,8.71,1.3,8.3,7.5,0,No
STU4919,24,Male,USA,Undergraduate,Single,Instagram,2.9,2-4 hrs,8.06,2.2,7.4,8.3,1,No
STU4920,24,Female,USA,Postgraduate,Single,Snapchat,3.9,2-4 hrs,7.62,2.4,7.2,8.2,0,No
STU4921,22,Male,Australia,Undergraduate,Single,Snapchat,2.4,2-4 hrs,9.76,1.4,8.6,10.0,0,No
STU4922,17,Female,Canada,Postgraduate,Single,TikTok,1.0,<2 hrs,9.54,1.0,9.2,7.7,2,No
STU4923,27,Male,USA,Undergraduate,In a relationship,TikTok,6.4,6+ hrs,8.11,6.0,6.4,5.6,2,Yes
STU4924,27,Male,Australia,Undergraduate,In a relationship,TikTok,8.0,6+ hrs,5.6,6.8,6.2,6.2,2,Yes
STU4925,27,Female,USA,Postgraduate,In a relationship,Facebook,2.2,2-4 hrs,8.46,2.0,8.5,7.9,0,No
STU4926,22,Male,USA,High School,Single,Instagram,3.2,2-4 hrs,7.26,3.3,8.0,7.0,1,No
STU4927,16,Male,Canada,Undergraduate,Complicated,YouTube,2.1,2-4 hrs,8.07,2.1,8.3,8.6,0,No
STU4928,24,Female,Australia,Undergraduate,In a relationship,Instagram,2.9,2-4 hrs,9.34,2.2,8.2,7.7,1,No
STU4929,24,Female,Germany,High School,In a relationship,Instagram,3.0,2-4 hrs,7.84,1.0,7.6,7.9,1,No
STU4930,21,Male,Australia,High School,In a relationship,YouTube,0.8,<2 hrs,10.0,1.0,8.5,9.0,1,No
STU4931,25,Female,Canada,Undergraduate,Single,YouTube,2.0,2-4 hrs,7.85,1.1,8.1,8.7,0,No
STU4932,16,Female,UK,Undergraduate,Single,YouTube,5.1,4-6 hrs,6.57,2.7,6.8,7.4,1,Yes
STU4933,23,Male,USA,Undergraduate,In a relationship,Instagram,4.8,4-6 hrs,7.14,2.2,7.5,7.6,2,Yes
STU4934,21,Male,India,Undergraduate,In a relationship,Twitter/X,2.0,2-4 hrs,8.56,1.8,8.6,7.5,0,No
STU4935,24,Female,Germany,Undergraduate,Single,YouTube,3.0,2-4 hrs,8.7,2.4,7.6,8.3,0,No
STU4936,24,Female,Australia,Undergraduate,In a relationship,YouTube,2.1,2-4 hrs,8.83,1.0,8.1,8.2,0,No
STU4937,22,Female,Canada,Postgraduate,Single,Instagram,4.0,4-6 hrs,7.45,2.2,7.6,7.4,1,No
STU4938,19,Male,India,Undergraduate,Single,Instagram,0.5,<2 hrs,9.2,1.3,8.2,7.5,0,No
STU4939,26,Female,Japan,High School,Single,Snapchat,3.7,2-4 hrs,7.64,1.9,7.9,8.3,1,No
STU4940,16,Male,India,Postgraduate,Complicated,TikTok,6.6,6+ hrs,5.98,4.8,6.5,6.2,2,Yes
STU4941,18,Male,Germany,High School,In a relationship,TikTok,1.4,<2 hrs,8.34,1.0,8.8,7.1,1,No
STU4942,21,Male,India,Undergraduate,Single,Snapchat,6.1,6+ hrs,7.37,4.7,7.3,5.8,1,Yes
STU4943,16,Male,USA,Undergraduate,Single,TikTok,3.1,2-4 hrs,7.01,1.5,7.3,8.1,1,No
STU4944,19,Male,USA,Undergraduate,In a relationship,Twitter/X,2.4,2-4 hrs,9.39,1.8,8.7,8.0,2,No
STU4945,23,Male,Canada,Undergraduate,Single,TikTok,2.0,2-4 hrs,8.39,1.5,8.1,8.1,0,No
STU4946,27,Male,UK,Undergraduate,In a relationship,YouTube,6.2,6+ hrs,6.25,4.5,6.6,6.5,1,Yes
STU4947,23,Female,India,High School,Single,TikTok,2.1,2-4 hrs,9.0,1.5,8.5,7.2,2,No
STU4948,21,Non-binary,India,Undergraduate,Single,Snapchat,7.3,6+ hrs,7.11,5.4,6.9,5.7,2,Yes
STU4949,21,Female,Australia,Postgraduate,Single,Instagram,6.8,6+ hrs,7.11,6.5,5.9,6.6,3,Yes
STU4950,18,Female,UK,Undergraduate,In a relationship,Instagram,1.7,<2 hrs,9.04,3.2,7.8,8.1,2,No
STU4951,22,Male,USA,Undergraduate,Single,Instagram,2.2,2-4 hrs,9.16,1.0,8.1,8.9,0,No
STU4952,27,Non-binary,India,Undergraduate,Single,Instagram,0.5,<2 hrs,8.25,1.0,7.3,8.8,0,No
STU4953,23,Male,Germany,High School,Complicated,TikTok,2.5,2-4 hrs,8.06,2.2,7.9,8.5,1,No
STU4954,17,Female,Australia,Undergraduate,In a relationship,Instagram,2.7,2-4 hrs,7.74,2.0,7.9,7.2,1,No
STU4955,20,Non-binary,Germany,Undergraduate,Single,Instagram,5.5,4-6 hrs,7.76,4.7,6.5,6.7,1,Yes
STU4956,21,Female,India,Postgraduate,Single,YouTube,7.0,6+ hrs,6.12,5.1,6.9,5.7,2,Yes
STU4957,16,Non-binary,Germany,Undergraduate,Single,TikTok,4.3,4-6 hrs,8.07,3.1,7.4,6.7,1,Yes
STU4958,27,Male,Japan,Postgraduate,Single,TikTok,5.2,4-6 hrs,7.48,4.5,6.6,7.0,1,Yes
STU4959,20,Male,UK,Undergraduate,Single,Instagram,2.2,2-4 hrs,7.99,2.6,8.4,8.4,1,No
STU4960,18,Male,India,High School,Single,Instagram,0.9,<2 hrs,8.74,1.0,8.7,8.4,0,No
STU4961,18,Female,Australia,High School,Single,Snapchat,3.1,2-4 hrs,8.88,1.5,7.6,9.4,0,No
STU4962,21,Male,UK,Undergraduate,Single,TikTok,5.4,4-6 hrs,6.6,3.7,7.1,7.3,1,Yes
STU4963,26,Male,Australia,Undergraduate,In a relationship,Facebook,0.5,<2 hrs,9.35,1.0,8.7,8.0,2,No
STU4964,16,Female,India,Postgraduate,Complicated,TikTok,2.8,2-4 hrs,7.77,1.8,7.7,7.3,1,No
STU4965,20,Female,Canada,High School,Single,YouTube,0.5,<2 hrs,9.09,1.0,7.4,9.2,1,No
STU4966,20,Male,UK,Undergraduate,In a relationship,YouTube,1.3,<2 hrs,8.89,1.7,8.4,8.2,0,No
STU4967,20,Male,Canada,Undergraduate,Single,Instagram,2.9,2-4 hrs,7.73,3.4,7.4,7.8,2,No
STU4968,18,Female,Australia,Undergraduate,In a relationship,TikTok,7.1,6+ hrs,5.73,5.4,6.5,4.4,2,Yes
STU4969,21,Male,UK,Undergraduate,Single,TikTok,2.6,2-4 hrs,8.5,1.1,8.6,8.6,1,No
STU4970,26,Male,USA,Undergraduate,In a relationship,TikTok,4.1,4-6 hrs,7.15,2.8,7.4,7.2,1,Yes
STU4971,16,Female,USA,High School,In a relationship,TikTok,3.1,2-4 hrs,7.62,2.1,7.7,7.0,0,No
STU4972,25,Female,Canada,Undergraduate,Complicated,Instagram,1.4,<2 hrs,8.31,1.4,8.4,8.3,0,No
STU4973,16,Male,Canada,Undergraduate,Single,TikTok,3.6,2-4 hrs,7.83,2.8,7.9,8.4,1,No
STU4974,26,Female,USA,Undergraduate,Complicated,Snapchat,0.8,<2 hrs,9.71,2.2,7.8,9.5,3,No
STU4975,17,Female,USA,Postgraduate,In a relationship,YouTube,2.6,2-4 hrs,9.23,1.5,7.8,8.4,0,No
STU4976,19,Female,Canada,Undergraduate,Single,TikTok,6.1,6+ hrs,6.32,4.6,7.0,6.2,1,Yes
STU4977,25,Male,USA,Undergraduate,Single,Instagram,2.9,2-4 hrs,9.49,3.9,7.9,6.5,1,No
STU4978,24,Male,Japan,Undergraduate,In a relationship,Snapchat,3.1,2-4 hrs,7.5,1.7,7.9,8.8,0,No
STU4979,25,Male,UK,Postgraduate,Single,YouTube,2.0,2-4 hrs,9.25,1.5,9.3,7.6,0,No
STU4980,23,Male,UK,High School,Complicated,Facebook,0.6,<2 hrs,8.8,1.0,7.8,8.9,0,No
STU4981,26,Male,India,Undergraduate,Single,Instagram,2.1,2-4 hrs,8.03,1.5,8.5,8.5,0,No
STU4982,25,Female,Canada,Undergraduate,In a relationship,TikTok,4.7,4-6 hrs,6.94,2.7,7.9,7.8,1,Yes
STU4983,26,Male,India,High School,Single,TikTok,3.4,2-4 hrs,7.94,3.2,7.9,6.3,1,No
STU4984,17,Female,USA,Undergraduate,Single,TikTok,0.9,<2 hrs,9.44,1.0,7.9,8.3,1,No
STU4985,16,Female,UK,High School,In a relationship,Instagram,0.5,<2 hrs,9.68,1.0,9.2,7.5,1,No
STU4986,19,Female,USA,Postgraduate,In a relationship,YouTube,1.4,<2 hrs,8.3,1.7,7.1,7.7,1,No
STU4987,20,Male,Germany,Undergraduate,Single,YouTube,2.2,2-4 hrs,7.92,1.7,7.6,8.8,0,No
STU4988,17,Female,India,Postgraduate,Complicated,Instagram,2.3,2-4 hrs,7.92,2.4,8.5,8.7,0,No
STU4989,27,Female,India,Postgraduate,Single,Snapchat,2.3,2-4 hrs,8.4,1.0,7.7,8.6,2,No
STU4990,25,Female,India,Postgraduate,Single,Instagram,2.6,2-4 hrs,8.2,2.1,8.6,7.6,0,No
STU4991,21,Female,Germany,High School,Single,Instagram,3.5,2-4 hrs,7.35,3.1,6.9,8.6,1,No
STU4992,23,Female,India,Undergraduate,Single,Instagram,1.9,<2 hrs,8.81,1.0,7.5,8.1,0,No
STU4993,27,Male,Japan,Undergraduate,Single,TikTok,1.1,<2 hrs,10.0,1.0,8.0,7.7,1,No
STU4994,26,Male,Japan,Postgraduate,In a relationship,Instagram,3.8,2-4 hrs,7.49,2.6,7.8,8.2,1,No
STU4995,27,Female,Japan,High School,Single,Twitter/X,4.7,4-6 hrs,7.12,4.3,7.2,7.2,1,Yes
STU4996,20,Female,Japan,Undergraduate,Single,YouTube,1.6,<2 hrs,9.12,2.0,7.9,7.6,0,No
STU4997,19,Male,India,Undergraduate,Single,TikTok,9.0,6+ hrs,5.11,6.0,7.0,6.1,2,Yes
STU4998,22,Male,Canada,Postgraduate,In a relationship,TikTok,6.8,6+ hrs,6.84,3.7,7.6,7.5,1,Yes
STU4999,20,Male,USA,Postgraduate,Complicated,TikTok,1.0,<2 hrs,8.62,1.0,8.0,8.6,0,No
STU5000,27,Female,Australia,Undergraduate,Single,YouTube,0.5,<2 hrs,10.0,1.0,7.5,8.8,1,No
