Student_ID,Daily_Usage_Hours,Sleep_Hours,Usage_Tier,CGPA,Addiction_Score
STU0001,3.6,7.8,2-4 hrs,7.8,2.8
STU0002,2.2,7.9,2-4 hrs,8.69,1.0
STU0003,2.1,7.6,2-4 hrs,9.38,1.0
STU0004,2.1,8.5,2-4 hrs,8.31,1.1
STU0005,7.0,6.8,6+ hrs,7.57,6.0
STU0006,4.3,7.6,4-6 hrs,8.76,2.0
STU0007,1.7,7.2,<2 hrs,8.66,1.0
STU0008,3.7,6.4,2-4 hrs,7.49,2.1
STU0009,3.0,7.0,2-4 hrs,8.57,2.1
STU0010,0.5,8.1,<2 hrs,9.07,1.0
STU0011,1.0,8.5,<2 hrs,8.36,1.0
STU0012,3.2,6.5,2-4 hrs,8.83,1.9
STU0013,6.5,7.7,6+ hrs,7.3,4.5
STU0014,2.1,8.1,2-4 hrs,8.65,1.0
STU0015,1.6,8.8,<2 hrs,8.02,1.7
STU0016,2.7,7.4,2-4 hrs,7.55,2.6
STU0017,1.5,8.4,<2 hrs,8.89,1.0
STU0018,2.0,8.0,2-4 hrs,8.3,1.6
STU0019,2.5,8.3,2-4 hrs,8.17,1.0
STU0020,1.0,8.1,<2 hrs,9.66,1.0
STU0021,4.5,7.6,4-6 hrs,7.91,4.0
STU0022,0.8,8.9,<2 hrs,9.97,1.0
STU0023,0.7,8.0,<2 hrs,8.59,1.0
STU0024,2.9,7.9,2-4 hrs,7.99,3.9
STU0025,4.2,6.5,4-6 hrs,8.07,4.4
STU0026,2.8,8.2,2-4 hrs,8.51,2.3
STU0027,2.3,8.9,2-4 hrs,9.38,2.5
STU0028,2.0,7.4,2-4 hrs,8.85,1.0
STU0029,1.7,8.0,<2 hrs,9.84,1.0
STU0030,5.2,7.6,4-6 hrs,7.48,3.3
STU0031,3.2,7.7,2-4 hrs,8.7,2.1
STU0032,1.8,8.1,<2 hrs,8.5,1.0
STU0033,1.4,8.0,<2 hrs,8.88,1.0
STU0034,3.9,7.3,2-4 hrs,8.29,3.0
STU0035,5.1,7.2,4-6 hrs,8.17,4.0
STU0036,4.8,7.3,4-6 hrs,7.78,4.6
STU0037,1.2,7.6,<2 hrs,8.91,1.0
STU0038,1.9,8.0,<2 hrs,9.47,1.0
STU0039,1.7,8.9,<2 hrs,7.42,1.0
STU0040,2.2,7.7,2-4 hrs,7.66,1.3
STU0041,4.4,6.8,4-6 hrs,7.93,3.8
STU0042,6.2,6.9,6+ hrs,6.72,3.9
STU0043,3.3,7.3,2-4 hrs,8.38,4.0
STU0044,1.4,7.5,<2 hrs,8.91,1.0
STU0045,2.4,8.0,2-4 hrs,8.76,1.8
STU0046,6.9,6.4,6+ hrs,5.91,3.7
STU0047,2.7,7.5,2-4 hrs,8.63,2.1
STU0048,2.0,8.1,2-4 hrs,9.2,1.0
STU0049,2.1,7.2,2-4 hrs,9.29,2.0
STU0050,3.3,6.8,2-4 hrs,9.22,2.9
STU0051,1.2,8.5,<2 hrs,9.11,1.9
STU0052,1.6,7.1,<2 hrs,8.94,1.0
STU0053,4.7,6.8,4-6 hrs,6.47,3.4
STU0054,3.2,6.8,2-4 hrs,7.74,2.7
STU0055,2.7,7.6,2-4 hrs,8.17,2.2
STU0056,4.9,7.5,4-6 hrs,7.93,2.7
STU0057,1.4,8.2,<2 hrs,8.5,1.0
STU0058,1.9,9.2,<2 hrs,9.12,1.6
STU0059,3.1,8.3,2-4 hrs,8.1,2.0
STU0060,3.0,7.3,2-4 hrs,8.04,1.6
STU0061,0.6,7.8,<2 hrs,9.38,1.0
STU0062,1.8,9.4,<2 hrs,8.46,1.2
STU0063,2.2,8.5,2-4 hrs,8.25,1.0
STU0064,3.4,7.9,2-4 hrs,6.95,1.0
STU0065,3.0,7.8,2-4 hrs,8.0,1.2
STU0066,2.4,8.0,2-4 hrs,8.13,3.6
STU0067,0.5,7.6,<2 hrs,8.97,1.0
STU0068,2.4,8.0,2-4 hrs,8.67,1.8
STU0069,2.6,7.9,2-4 hrs,8.73,1.7
STU0070,10.9,5.3,6+ hrs,4.73,7.4
STU0071,2.1,7.7,2-4 hrs,9.15,2.4
STU0072,3.1,8.5,2-4 hrs,8.45,1.8
STU0073,5.4,7.1,4-6 hrs,6.89,4.2
STU0074,4.3,8.5,4-6 hrs,7.29,2.7
STU0075,6.3,6.1,6+ hrs,6.85,6.0
STU0076,0.6,8.1,<2 hrs,9.57,1.0
STU0077,1.0,7.5,<2 hrs,9.89,1.7
STU0078,1.6,7.5,<2 hrs,9.49,1.0
STU0079,0.5,8.0,<2 hrs,8.95,1.2
STU0080,2.6,8.0,2-4 hrs,8.27,1.6
STU0081,1.1,8.4,<2 hrs,9.41,1.0
STU0082,6.9,6.4,6+ hrs,7.04,6.1
STU0083,1.3,7.1,<2 hrs,9.48,1.0
STU0084,1.9,8.8,<2 hrs,8.61,1.5
STU0085,4.4,7.3,4-6 hrs,6.77,3.4
STU0086,0.8,7.7,<2 hrs,8.54,1.0
STU0087,0.5,8.5,<2 hrs,9.44,1.0
STU0088,2.9,7.9,2-4 hrs,8.4,3.7
STU0089,3.0,7.6,2-4 hrs,7.49,1.1
STU0090,4.3,7.5,4-6 hrs,7.59,4.2
STU0091,3.7,7.0,2-4 hrs,8.21,3.6
STU0092,3.1,8.1,2-4 hrs,7.41,3.7
STU0093,1.4,7.7,<2 hrs,9.53,1.0
STU0094,3.0,7.4,2-4 hrs,7.92,1.4
STU0095,3.1,8.0,2-4 hrs,8.86,3.4
STU0096,1.4,8.8,<2 hrs,8.55,1.0
STU0097,8.1,7.3,6+ hrs,5.24,4.4
STU0098,3.5,8.2,2-4 hrs,7.65,2.1
STU0099,1.0,8.1,<2 hrs,8.99,1.0
STU0100,4.4,6.6,4-6 hrs,7.29,4.4
STU0101,4.9,8.0,4-6 hrs,7.17,3.3
STU0102,3.4,8.3,2-4 hrs,8.17,1.9
STU0103,2.1,7.6,2-4 hrs,8.45,1.7
STU0104,1.3,8.6,<2 hrs,8.88,1.3
STU0105,2.4,7.7,2-4 hrs,7.39,2.0
STU0106,3.2,8.5,2-4 hrs,8.3,2.1
STU0107,2.5,7.6,2-4 hrs,8.32,1.0
STU0108,6.5,7.9,6+ hrs,7.54,3.8
STU0109,3.9,7.9,2-4 hrs,7.18,3.9
STU0110,1.2,9.1,<2 hrs,7.88,1.0
STU0111,0.9,8.0,<2 hrs,9.47,1.0
STU0112,3.6,7.8,2-4 hrs,8.09,3.4
STU0113,2.1,7.5,2-4 hrs,7.95,1.0
STU0114,4.2,7.9,4-6 hrs,6.69,2.8
STU0115,3.5,8.1,2-4 hrs,8.85,2.6
STU0116,2.4,9.1,2-4 hrs,9.27,1.3
STU0117,1.2,8.4,<2 hrs,7.47,1.0
STU0118,0.6,8.7,<2 hrs,8.96,1.0
STU0119,2.9,7.5,2-4 hrs,9.19,1.0
STU0120,0.8,8.6,<2 hrs,8.85,1.0
STU0121,1.1,8.0,<2 hrs,8.71,1.0
STU0122,2.8,7.9,2-4 hrs,8.07,2.1
STU0123,2.6,7.9,2-4 hrs,7.66,2.9
STU0124,0.9,8.1,<2 hrs,8.07,1.0
STU0125,5.2,7.2,4-6 hrs,7.79,2.7
STU0126,5.1,7.0,4-6 hrs,6.1,3.5
STU0127,3.6,7.4,2-4 hrs,8.03,1.9
STU0128,3.6,8.1,2-4 hrs,8.41,3.0
STU0129,3.6,7.7,2-4 hrs,7.01,2.4
STU0130,4.8,7.5,4-6 hrs,6.79,4.7
STU0131,4.0,6.8,4-6 hrs,8.43,3.7
STU0132,1.3,8.4,<2 hrs,9.23,1.0
STU0133,2.1,8.2,2-4 hrs,8.18,2.0
STU0134,10.2,5.8,6+ hrs,5.63,6.8
STU0135,0.5,9.4,<2 hrs,10.0,1.0
STU0136,1.7,6.9,<2 hrs,8.9,1.0
STU0137,5.3,7.6,4-6 hrs,6.57,4.3
STU0138,1.4,8.5,<2 hrs,8.62,2.1
STU0139,4.1,7.7,4-6 hrs,7.83,3.5
STU0140,2.6,7.9,2-4 hrs,8.22,2.6
STU0141,1.4,8.4,<2 hrs,9.43,1.7
STU0142,0.5,8.8,<2 hrs,8.36,1.0
STU0143,2.9,7.4,2-4 hrs,7.3,1.1
STU0144,1.3,8.3,<2 hrs,9.02,2.3
STU0145,2.3,7.8,2-4 hrs,8.17,3.1
STU0146,3.6,7.1,2-4 hrs,7.5,2.3
STU0147,4.6,7.7,4-6 hrs,6.37,2.9
STU0148,1.7,7.8,<2 hrs,8.75,1.7
STU0149,1.4,7.4,<2 hrs,8.84,1.4
STU0150,0.8,8.0,<2 hrs,9.53,1.0
STU0151,4.7,6.9,4-6 hrs,7.43,2.3
STU0152,9.3,6.7,6+ hrs,5.24,6.8
STU0153,5.1,7.3,4-6 hrs,7.91,4.0
STU0154,5.8,7.7,4-6 hrs,6.1,4.6
STU0155,1.4,7.8,<2 hrs,9.19,1.3
STU0156,3.5,8.1,2-4 hrs,6.92,2.2
STU0157,4.3,8.8,4-6 hrs,7.06,3.8
STU0158,1.0,8.4,<2 hrs,8.32,1.0
STU0159,7.2,7.1,6+ hrs,6.73,4.7
STU0160,0.6,8.7,<2 hrs,9.19,1.0
STU0161,6.5,6.2,6+ hrs,6.57,3.2
STU0162,0.6,8.6,<2 hrs,8.57,1.0
STU0163,1.0,8.4,<2 hrs,8.87,1.3
STU0164,3.5,7.5,2-4 hrs,7.47,2.7
STU0165,2.6,7.4,2-4 hrs,8.56,3.0
STU0166,1.8,8.4,<2 hrs,8.1,1.0
STU0167,7.0,6.3,6+ hrs,7.15,5.3
STU0168,0.8,9.4,<2 hrs,8.13,1.2
STU0169,2.2,8.0,2-4 hrs,8.03,3.4
STU0170,3.8,6.9,2-4 hrs,8.8,2.8
STU0171,3.1,7.5,2-4 hrs,7.84,1.3
STU0172,1.5,8.0,<2 hrs,8.04,1.7
STU0173,1.5,9.3,<2 hrs,8.96,2.5
STU0174,4.5,6.9,4-6 hrs,7.19,2.9
STU0175,4.7,7.3,4-6 hrs,6.88,4.0
STU0176,3.1,7.5,2-4 hrs,7.45,3.2
STU0177,1.2,8.4,<2 hrs,10.0,1.7
STU0178,1.6,7.8,<2 hrs,8.63,1.2
STU0179,2.5,7.3,2-4 hrs,7.22,1.2
STU0180,2.7,7.7,2-4 hrs,9.18,1.8
STU0181,3.7,7.4,2-4 hrs,8.2,3.0
STU0182,2.1,7.7,2-4 hrs,8.1,2.2
STU0183,4.5,7.1,4-6 hrs,6.92,3.4
STU0184,4.4,8.0,4-6 hrs,7.92,2.8
STU0185,6.0,6.8,6+ hrs,6.65,4.6
STU0186,2.5,7.3,2-4 hrs,7.22,2.4
STU0187,3.2,7.5,2-4 hrs,9.13,2.5
STU0188,2.3,8.0,2-4 hrs,8.2,1.0
STU0189,1.2,7.5,<2 hrs,9.86,1.0
STU0190,9.1,7.0,6+ hrs,6.17,7.1
STU0191,5.5,7.6,4-6 hrs,6.42,2.7
STU0192,4.4,8.1,4-6 hrs,8.14,1.4
STU0193,2.5,8.1,2-4 hrs,7.98,3.0
STU0194,1.1,7.2,<2 hrs,7.88,1.2
STU0195,4.9,8.0,4-6 hrs,7.04,3.9
STU0196,2.2,7.5,2-4 hrs,8.75,1.0
STU0197,3.4,7.3,2-4 hrs,7.69,3.0
STU0198,1.6,8.2,<2 hrs,8.6,1.3
STU0199,3.0,8.4,2-4 hrs,8.84,1.0
STU0200,1.6,8.6,<2 hrs,8.84,2.3
STU0201,1.7,8.5,<2 hrs,8.23,1.3
STU0202,3.0,7.6,2-4 hrs,8.57,1.8
STU0203,0.6,8.2,<2 hrs,9.35,1.0
STU0204,0.6,8.5,<2 hrs,7.72,1.0
STU0205,1.4,8.1,<2 hrs,9.13,1.5
STU0206,2.1,8.4,2-4 hrs,8.79,1.7
STU0207,4.6,7.8,4-6 hrs,7.44,3.1
STU0208,2.2,8.2,2-4 hrs,9.05,2.6
STU0209,2.5,6.6,2-4 hrs,7.97,1.0
STU0210,2.0,8.1,2-4 hrs,8.8,1.0
STU0211,3.2,7.6,2-4 hrs,7.12,1.6
STU0212,1.2,8.3,<2 hrs,9.2,1.0
STU0213,2.3,7.5,2-4 hrs,9.64,1.7
STU0214,3.4,7.0,2-4 hrs,7.37,2.7
STU0215,3.0,8.0,2-4 hrs,7.69,1.8
STU0216,2.5,7.7,2-4 hrs,7.95,1.0
STU0217,2.5,8.2,2-4 hrs,8.45,3.1
STU0218,3.6,7.3,2-4 hrs,7.24,4.4
STU0219,9.4,6.9,6+ hrs,5.52,6.7
STU0220,1.3,8.7,<2 hrs,9.42,1.0
STU0221,9.6,6.2,6+ hrs,5.5,7.9
STU0222,1.2,8.1,<2 hrs,7.9,1.0
STU0223,0.5,8.8,<2 hrs,9.87,1.0
STU0224,1.6,8.3,<2 hrs,9.34,1.0
STU0225,3.2,7.8,2-4 hrs,8.56,1.3
STU0226,8.2,7.0,6+ hrs,6.03,5.5
STU0227,1.1,8.9,<2 hrs,9.14,1.0
STU0228,3.6,7.0,2-4 hrs,8.5,2.5
STU0229,0.7,7.8,<2 hrs,10.0,1.0
STU0230,8.0,6.1,6+ hrs,5.33,5.1
STU0231,5.6,6.3,4-6 hrs,7.63,3.6
STU0232,1.7,8.0,<2 hrs,8.68,1.0
STU0233,6.1,7.3,6+ hrs,6.68,4.9
STU0234,2.3,7.9,2-4 hrs,7.54,1.5
STU0235,5.7,6.8,4-6 hrs,6.76,4.6
STU0236,2.5,8.4,2-4 hrs,7.78,2.2
STU0237,2.6,7.9,2-4 hrs,8.05,2.3
STU0238,1.7,8.2,<2 hrs,8.08,2.3
STU0239,3.9,8.1,2-4 hrs,7.48,1.8
STU0240,2.7,7.8,2-4 hrs,8.04,1.5
STU0241,3.6,8.6,2-4 hrs,7.94,3.9
STU0242,0.6,8.1,<2 hrs,8.26,1.0
STU0243,5.9,8.0,4-6 hrs,5.98,1.9
STU0244,6.9,6.3,6+ hrs,6.61,4.7
STU0245,2.7,8.1,2-4 hrs,7.81,2.0
STU0246,9.0,5.9,6+ hrs,6.09,4.2
STU0247,7.7,7.1,6+ hrs,6.17,6.5
STU0248,4.0,7.3,4-6 hrs,8.06,2.2
STU0249,6.2,7.1,6+ hrs,7.56,4.6
STU0250,5.2,6.9,4-6 hrs,6.97,3.5
STU0251,0.5,8.8,<2 hrs,8.93,1.0
STU0252,2.0,7.7,2-4 hrs,9.12,1.0
STU0253,4.2,8.3,4-6 hrs,7.92,2.2
STU0254,7.2,6.2,6+ hrs,6.15,5.9
STU0255,0.7,7.7,<2 hrs,10.0,1.0
STU0256,0.5,8.9,<2 hrs,9.15,1.0
STU0257,2.4,7.6,2-4 hrs,8.44,1.0
STU0258,0.5,8.4,<2 hrs,9.29,1.3
STU0259,2.3,7.8,2-4 hrs,7.9,2.8
STU0260,3.3,7.0,2-4 hrs,8.06,3.3
STU0261,1.1,8.2,<2 hrs,9.84,1.2
STU0262,2.4,8.5,2-4 hrs,8.69,1.9
STU0263,4.8,7.8,4-6 hrs,7.36,2.4
STU0264,1.6,8.2,<2 hrs,8.68,1.0
STU0265,1.3,8.7,<2 hrs,9.11,1.0
STU0266,2.3,7.4,2-4 hrs,8.91,1.0
STU0267,1.0,8.1,<2 hrs,9.42,1.5
STU0268,8.6,6.5,6+ hrs,5.43,5.5
STU0269,2.6,7.8,2-4 hrs,8.52,2.8
STU0270,1.4,8.0,<2 hrs,9.16,1.7
STU0271,2.9,7.2,2-4 hrs,7.59,2.5
STU0272,2.3,6.9,2-4 hrs,8.57,2.1
STU0273,2.1,8.4,2-4 hrs,7.26,1.0
STU0274,1.6,8.2,<2 hrs,9.07,2.6
STU0275,1.5,8.6,<2 hrs,9.22,1.1
STU0276,0.6,8.1,<2 hrs,9.68,1.0
STU0277,6.2,6.6,6+ hrs,6.47,3.8
STU0278,3.8,7.6,2-4 hrs,7.98,1.9
STU0279,3.2,8.1,2-4 hrs,8.91,2.6
STU0280,2.3,7.8,2-4 hrs,9.31,1.8
STU0281,1.1,8.6,<2 hrs,8.99,1.0
STU0282,1.3,7.7,<2 hrs,9.0,1.0
STU0283,0.6,8.3,<2 hrs,9.9,1.0
STU0284,1.4,8.1,<2 hrs,7.97,1.9
STU0285,0.9,8.9,<2 hrs,8.9,1.0
STU0286,7.4,6.8,6+ hrs,6.97,4.9
STU0287,4.6,8.2,4-6 hrs,8.02,4.4
STU0288,2.7,7.2,2-4 hrs,8.51,1.0
STU0289,1.2,8.3,<2 hrs,8.06,1.0
STU0290,1.0,8.3,<2 hrs,9.02,1.0
STU0291,2.1,8.3,2-4 hrs,8.2,2.8
STU0292,4.8,6.9,4-6 hrs,7.54,5.0
STU0293,0.7,9.2,<2 hrs,8.7,1.1
STU0294,3.8,7.6,2-4 hrs,7.17,3.3
STU0295,1.4,7.6,<2 hrs,7.63,1.0
STU0296,1.7,8.1,<2 hrs,9.47,2.7
STU0297,2.6,7.7,2-4 hrs,8.09,2.0
STU0298,1.2,9.6,<2 hrs,9.05,1.5
STU0299,2.1,8.5,2-4 hrs,8.55,1.4
STU0300,1.1,8.2,<2 hrs,8.36,1.0
STU0301,1.5,8.1,<2 hrs,8.07,2.4
STU0302,4.3,7.9,4-6 hrs,6.96,3.4
STU0303,2.7,8.3,2-4 hrs,7.85,3.1
STU0304,4.3,6.0,4-6 hrs,7.78,3.2
STU0305,1.4,8.5,<2 hrs,8.39,1.0
STU0306,3.8,7.6,2-4 hrs,8.84,2.2
STU0307,0.5,7.7,<2 hrs,9.89,1.0
STU0308,2.6,8.3,2-4 hrs,8.82,1.3
STU0309,4.0,8.6,4-6 hrs,7.63,1.9
STU0310,0.5,8.7,<2 hrs,10.0,1.3
STU0311,1.4,8.7,<2 hrs,8.74,1.0
STU0312,2.6,8.8,2-4 hrs,8.31,1.9
STU0313,5.0,6.8,4-6 hrs,7.35,3.7
STU0314,1.5,7.2,<2 hrs,9.25,1.0
STU0315,3.7,7.9,2-4 hrs,8.22,3.8
STU0316,6.5,6.8,6+ hrs,6.29,3.7
STU0317,3.8,6.9,2-4 hrs,7.47,2.9
STU0318,2.1,7.9,2-4 hrs,8.94,1.7
STU0319,3.3,8.0,2-4 hrs,8.44,2.3
STU0320,1.5,8.1,<2 hrs,8.59,1.0
STU0321,2.7,7.4,2-4 hrs,7.33,2.6
STU0322,2.2,7.8,2-4 hrs,8.39,2.1
STU0323,3.2,7.7,2-4 hrs,8.43,1.7
STU0324,1.8,7.1,<2 hrs,9.77,1.8
STU0325,3.3,7.6,2-4 hrs,7.3,2.6
STU0326,1.8,7.4,<2 hrs,8.43,1.0
STU0327,4.6,7.7,4-6 hrs,7.2,2.5
STU0328,1.9,7.2,<2 hrs,9.46,2.2
STU0329,0.5,8.9,<2 hrs,9.25,1.0
STU0330,1.0,8.0,<2 hrs,8.51,1.0
STU0331,2.5,7.6,2-4 hrs,8.71,1.1
STU0332,7.4,6.8,6+ hrs,5.93,4.8
STU0333,4.5,6.9,4-6 hrs,6.74,2.8
STU0334,0.5,8.5,<2 hrs,8.74,1.0
STU0335,0.6,8.0,<2 hrs,10.0,1.0
STU0336,5.4,6.9,4-6 hrs,7.3,4.7
STU0337,3.9,7.7,2-4 hrs,7.81,3.5
STU0338,10.0,5.4,6+ hrs,4.85,6.0
STU0339,1.7,7.4,<2 hrs,8.91,1.3
STU0340,1.2,8.3,<2 hrs,9.13,1.0
STU0341,2.6,7.8,2-4 hrs,8.51,1.6
STU0342,1.7,8.2,<2 hrs,8.8,1.0
STU0343,5.1,7.4,4-6 hrs,7.73,3.2
STU0344,1.6,8.1,<2 hrs,8.79,2.7
STU0345,2.0,8.3,2-4 hrs,8.01,1.0
STU0346,1.0,8.3,<2 hrs,8.68,1.0
STU0347,4.3,6.4,4-6 hrs,6.38,2.4
STU0348,1.1,7.4,<2 hrs,10.0,1.6
STU0349,3.4,8.6,2-4 hrs,8.49,1.1
STU0350,8.2,6.5,6+ hrs,5.31,5.1
STU0351,0.5,8.9,<2 hrs,9.11,1.5
STU0352,6.7,6.7,6+ hrs,6.1,4.9
STU0353,3.1,7.7,2-4 hrs,9.03,2.3
STU0354,0.9,8.0,<2 hrs,8.24,2.3
STU0355,2.7,9.1,2-4 hrs,8.35,2.1
STU0356,4.2,7.6,4-6 hrs,7.54,2.4
STU0357,1.3,7.9,<2 hrs,9.41,1.0
STU0358,3.5,6.8,2-4 hrs,7.86,1.5
STU0359,7.0,7.7,6+ hrs,5.3,5.9
STU0360,1.6,8.0,<2 hrs,8.63,1.6
STU0361,1.0,8.6,<2 hrs,8.47,1.6
STU0362,2.3,8.4,2-4 hrs,8.51,2.6
STU0363,2.6,7.6,2-4 hrs,9.19,1.5
STU0364,5.3,7.5,4-6 hrs,6.07,3.0
STU0365,2.2,7.6,2-4 hrs,8.03,1.5
STU0366,1.8,7.6,<2 hrs,8.36,1.0
STU0367,1.0,8.8,<2 hrs,8.82,1.0
STU0368,0.5,8.3,<2 hrs,9.72,1.3
STU0369,0.7,8.6,<2 hrs,9.08,1.0
STU0370,0.7,8.5,<2 hrs,9.43,1.0
STU0371,2.0,8.3,2-4 hrs,8.22,1.3
STU0372,0.6,7.6,<2 hrs,9.37,1.1
STU0373,2.4,7.6,2-4 hrs,8.89,1.1
STU0374,8.1,6.3,6+ hrs,5.42,3.9
STU0375,5.4,6.7,4-6 hrs,7.54,4.2
STU0376,2.0,8.2,2-4 hrs,8.63,2.2
STU0377,11.5,6.2,6+ hrs,4.95,8.4
STU0378,2.6,8.5,2-4 hrs,8.21,1.3
STU0379,2.9,7.6,2-4 hrs,8.42,1.1
STU0380,2.2,8.1,2-4 hrs,8.49,1.9
STU0381,2.4,8.1,2-4 hrs,8.36,1.8
STU0382,1.6,8.4,<2 hrs,8.94,1.0
STU0383,2.0,7.6,2-4 hrs,8.92,2.9
STU0384,6.7,7.7,6+ hrs,5.74,3.9
STU0385,5.8,7.5,4-6 hrs,7.75,5.5
STU0386,0.5,8.9,<2 hrs,8.16,1.0
STU0387,0.6,9.0,<2 hrs,8.82,1.0
STU0388,1.3,8.4,<2 hrs,8.86,1.0
STU0389,4.8,6.8,4-6 hrs,7.59,4.1
STU0390,5.9,7.0,4-6 hrs,7.79,3.8
STU0391,4.2,6.6,4-6 hrs,6.5,1.8
STU0392,0.9,8.5,<2 hrs,8.79,1.0
STU0393,1.6,8.0,<2 hrs,7.5,1.0
STU0394,3.6,7.6,2-4 hrs,7.9,2.9
STU0395,2.1,8.6,2-4 hrs,8.72,2.1
STU0396,1.8,7.8,<2 hrs,9.64,1.0
STU0397,1.9,7.9,<2 hrs,8.72,1.0
STU0398,5.5,7.1,4-6 hrs,7.65,4.5
STU0399,3.8,6.6,2-4 hrs,8.14,2.0
STU0400,1.9,7.9,<2 hrs,8.38,1.0
STU0401,3.2,6.5,2-4 hrs,7.21,1.3
STU0402,0.8,8.0,<2 hrs,9.31,1.0
STU0403,1.6,8.5,<2 hrs,7.88,1.4
STU0404,5.1,7.4,4-6 hrs,7.98,3.0
STU0405,0.5,8.1,<2 hrs,9.18,1.0
STU0406,3.9,7.5,2-4 hrs,8.46,4.0
STU0407,0.5,7.8,<2 hrs,8.99,1.0
STU0408,7.4,6.6,6+ hrs,6.33,3.6
STU0409,1.6,9.6,<2 hrs,8.91,1.5
STU0410,3.4,8.6,2-4 hrs,7.94,2.3
STU0411,2.7,7.9,2-4 hrs,8.03,1.3
STU0412,2.8,7.9,2-4 hrs,8.48,2.5
STU0413,3.1,7.2,2-4 hrs,7.55,2.8
STU0414,0.5,8.0,<2 hrs,8.55,1.0
STU0415,2.8,8.0,2-4 hrs,8.99,1.4
STU0416,2.2,7.7,2-4 hrs,8.95,3.4
STU0417,1.6,8.6,<2 hrs,8.82,1.6
STU0418,1.3,9.0,<2 hrs,9.91,1.5
STU0419,2.9,7.9,2-4 hrs,8.03,3.0
STU0420,1.0,8.3,<2 hrs,9.84,1.0
STU0421,5.1,6.4,4-6 hrs,7.31,4.2
STU0422,3.5,8.0,2-4 hrs,7.31,3.0
STU0423,3.0,7.2,2-4 hrs,9.26,2.5
STU0424,4.9,7.1,4-6 hrs,7.89,3.2
STU0425,0.5,8.9,<2 hrs,9.2,1.0
STU0426,0.8,8.8,<2 hrs,9.58,1.0
STU0427,3.6,7.4,2-4 hrs,7.64,2.5
STU0428,1.3,8.0,<2 hrs,9.41,1.0
STU0429,1.5,7.8,<2 hrs,7.39,1.0
STU0430,0.6,7.8,<2 hrs,8.62,1.0
STU0431,1.0,7.9,<2 hrs,9.64,1.0
STU0432,5.1,6.4,4-6 hrs,7.06,3.2
STU0433,3.6,7.9,2-4 hrs,8.0,2.4
STU0434,2.9,8.0,2-4 hrs,7.39,2.4
STU0435,1.5,8.4,<2 hrs,9.93,1.8
STU0436,2.7,7.3,2-4 hrs,9.0,1.5
STU0437,5.5,6.5,4-6 hrs,6.9,4.9
STU0438,1.4,8.2,<2 hrs,8.63,1.7
STU0439,2.4,7.9,2-4 hrs,9.04,2.1
STU0440,7.7,6.5,6+ hrs,7.22,5.5
STU0441,4.1,7.3,4-6 hrs,8.23,3.1
STU0442,1.6,9.0,<2 hrs,10.0,2.1
STU0443,3.9,7.7,2-4 hrs,7.19,3.7
STU0444,0.5,9.4,<2 hrs,8.78,1.4
STU0445,2.4,8.5,2-4 hrs,7.71,1.7
STU0446,3.9,8.4,2-4 hrs,8.01,3.2
STU0447,3.3,7.1,2-4 hrs,8.12,3.4
STU0448,3.9,7.8,2-4 hrs,7.65,2.2
STU0449,4.5,7.2,4-6 hrs,7.96,2.9
STU0450,3.5,6.8,2-4 hrs,8.66,2.5
STU0451,3.4,8.4,2-4 hrs,7.05,3.1
STU0452,2.9,7.6,2-4 hrs,7.84,2.8
STU0453,0.9,7.7,<2 hrs,9.59,1.0
STU0454,5.1,7.0,4-6 hrs,6.92,2.4
STU0455,2.4,7.5,2-4 hrs,7.94,1.9
STU0456,4.1,7.1,4-6 hrs,8.27,2.1
STU0457,4.8,7.2,4-6 hrs,6.57,2.2
STU0458,1.6,9.0,<2 hrs,8.6,1.0
STU0459,1.7,7.7,<2 hrs,8.93,1.5
STU0460,1.9,8.9,<2 hrs,8.3,2.4
STU0461,5.8,7.5,4-6 hrs,7.36,4.1
STU0462,1.1,8.4,<2 hrs,8.66,1.0
STU0463,6.5,7.2,6+ hrs,7.42,5.5
STU0464,2.9,7.8,2-4 hrs,8.12,1.0
STU0465,3.1,8.4,2-4 hrs,8.51,2.6
STU0466,4.6,7.6,4-6 hrs,7.88,3.2
STU0467,2.7,7.0,2-4 hrs,7.91,2.3
STU0468,5.2,7.3,4-6 hrs,5.93,3.3
STU0469,1.6,8.5,<2 hrs,9.0,1.0
STU0470,6.3,6.8,6+ hrs,6.71,4.5
STU0471,1.7,8.1,<2 hrs,9.07,2.5
STU0472,6.5,6.6,6+ hrs,6.44,5.2
STU0473,1.8,7.4,<2 hrs,8.43,1.0
STU0474,2.0,7.2,2-4 hrs,9.81,1.0
STU0475,1.0,7.5,<2 hrs,8.17,1.0
STU0476,1.3,8.5,<2 hrs,9.36,2.0
STU0477,2.4,6.7,2-4 hrs,8.08,1.0
STU0478,3.0,7.4,2-4 hrs,7.95,1.8
STU0479,4.9,6.9,4-6 hrs,7.1,4.5
STU0480,2.1,7.8,2-4 hrs,8.07,1.0
STU0481,3.3,6.7,2-4 hrs,8.36,3.5
STU0482,2.8,8.0,2-4 hrs,9.07,1.8
STU0483,3.6,7.0,2-4 hrs,8.16,1.6
STU0484,1.5,8.7,<2 hrs,8.89,1.0
STU0485,1.6,7.8,<2 hrs,8.19,1.0
STU0486,1.5,8.1,<2 hrs,9.14,1.4
STU0487,5.6,7.1,4-6 hrs,8.27,3.4
STU0488,6.4,7.0,6+ hrs,6.39,3.0
STU0489,1.5,8.1,<2 hrs,8.6,1.0
STU0490,1.6,7.9,<2 hrs,8.44,1.0
STU0491,3.9,7.7,2-4 hrs,7.45,2.9
STU0492,6.9,7.0,6+ hrs,4.75,3.9
STU0493,7.8,6.2,6+ hrs,6.23,5.1
STU0494,1.5,8.3,<2 hrs,8.32,1.2
STU0495,1.8,8.6,<2 hrs,7.72,1.1
STU0496,3.1,8.1,2-4 hrs,8.56,2.4
STU0497,3.2,8.2,2-4 hrs,7.41,2.8
STU0498,2.2,8.0,2-4 hrs,8.31,1.0
STU0499,1.3,7.7,<2 hrs,9.79,1.0
STU0500,2.4,7.5,2-4 hrs,7.57,1.0
STU0501,7.8,6.7,6+ hrs,5.07,5.7
STU0502,1.6,8.6,<2 hrs,8.94,1.0
STU0503,3.0,9.1,2-4 hrs,8.84,1.3
STU0504,11.3,6.2,6+ hrs,4.0,8.2
STU0505,1.6,7.5,<2 hrs,9.02,2.1
STU0506,4.1,7.1,4-6 hrs,8.0,2.5
STU0507,8.1,7.6,6+ hrs,4.62,4.9
STU0508,3.8,7.4,2-4 hrs,8.27,2.8
STU0509,5.3,7.2,4-6 hrs,7.64,2.6
STU0510,4.4,6.9,4-6 hrs,7.33,2.6
STU0511,3.6,8.4,2-4 hrs,8.63,3.5
STU0512,6.2,7.2,6+ hrs,7.39,4.4
STU0513,4.0,7.1,4-6 hrs,7.76,1.3
STU0514,2.2,7.5,2-4 hrs,8.24,1.0
STU0515,2.8,8.0,2-4 hrs,7.66,2.1
STU0516,3.3,7.7,2-4 hrs,7.99,3.0
STU0517,1.8,8.5,<2 hrs,9.03,1.0
STU0518,2.9,8.0,2-4 hrs,8.0,2.4
STU0519,2.6,7.7,2-4 hrs,7.01,2.9
STU0520,4.0,7.2,4-6 hrs,8.46,4.3
STU0521,9.5,6.0,6+ hrs,5.34,6.9
STU0522,3.0,7.5,2-4 hrs,7.92,2.5
STU0523,7.0,6.7,6+ hrs,6.86,3.2
STU0524,3.9,7.5,2-4 hrs,8.66,4.4
STU0525,2.9,7.3,2-4 hrs,6.51,1.6
STU0526,1.7,8.4,<2 hrs,9.0,1.0
STU0527,2.9,7.6,2-4 hrs,7.34,1.8
STU0528,2.8,7.4,2-4 hrs,8.54,3.2
STU0529,1.4,8.0,<2 hrs,8.95,2.7
STU0530,1.6,8.2,<2 hrs,9.16,1.2
STU0531,3.3,7.7,2-4 hrs,7.72,3.1
STU0532,6.9,7.0,6+ hrs,5.27,4.9
STU0533,2.4,8.3,2-4 hrs,8.15,1.0
STU0534,0.6,9.0,<2 hrs,9.47,1.6
STU0535,1.0,8.4,<2 hrs,9.66,1.0
STU0536,4.1,6.9,4-6 hrs,6.95,4.1
STU0537,0.7,8.2,<2 hrs,9.8,1.5
STU0538,4.6,6.8,4-6 hrs,7.04,3.7
STU0539,4.0,8.3,4-6 hrs,7.92,4.3
STU0540,2.3,8.9,2-4 hrs,8.16,3.4
STU0541,1.4,8.5,<2 hrs,8.98,1.0
STU0542,2.1,8.4,2-4 hrs,9.09,1.0
STU0543,3.2,7.8,2-4 hrs,7.32,1.0
STU0544,0.8,8.5,<2 hrs,8.73,2.4
STU0545,6.5,6.1,6+ hrs,6.69,4.2
STU0546,3.2,7.7,2-4 hrs,9.5,3.1
STU0547,3.5,7.2,2-4 hrs,7.41,1.9
STU0548,4.0,7.6,4-6 hrs,8.92,4.0
STU0549,6.1,6.9,6+ hrs,7.96,3.7
STU0550,2.9,8.7,2-4 hrs,8.14,1.1
STU0551,4.1,7.9,4-6 hrs,7.48,2.7
STU0552,1.4,8.3,<2 hrs,8.45,1.0
STU0553,7.9,6.4,6+ hrs,5.9,6.0
STU0554,2.8,8.6,2-4 hrs,7.4,1.9
STU0555,1.4,8.1,<2 hrs,8.82,1.5
STU0556,1.7,8.2,<2 hrs,9.63,1.0
STU0557,0.5,8.4,<2 hrs,8.91,1.0
STU0558,1.7,7.9,<2 hrs,8.59,1.0
STU0559,0.5,8.4,<2 hrs,8.25,2.0
STU0560,4.4,6.4,4-6 hrs,7.74,3.3
STU0561,3.4,6.9,2-4 hrs,8.13,1.0
STU0562,1.1,8.4,<2 hrs,9.04,1.0
STU0563,2.4,8.7,2-4 hrs,8.29,1.8
STU0564,2.5,8.0,2-4 hrs,8.2,3.2
STU0565,0.9,7.9,<2 hrs,9.4,1.5
STU0566,2.1,7.3,2-4 hrs,8.54,1.0
STU0567,2.6,8.2,2-4 hrs,8.52,3.8
STU0568,2.1,7.7,2-4 hrs,8.68,1.4
STU0569,1.4,8.5,<2 hrs,9.54,2.0
STU0570,1.0,8.4,<2 hrs,9.46,1.0
STU0571,2.0,8.2,2-4 hrs,8.72,1.0
STU0572,1.5,8.1,<2 hrs,9.74,1.0
STU0573,3.8,7.7,2-4 hrs,8.04,1.0
STU0574,6.3,6.9,6+ hrs,7.45,6.1
STU0575,4.8,7.0,4-6 hrs,7.7,3.5
STU0576,2.6,7.4,2-4 hrs,7.22,1.1
STU0577,1.4,7.0,<2 hrs,9.65,1.3
STU0578,4.7,7.2,4-6 hrs,7.47,3.4
STU0579,3.9,8.3,2-4 hrs,7.71,3.2
STU0580,6.0,7.4,6+ hrs,6.97,5.2
STU0581,2.9,7.9,2-4 hrs,7.99,1.8
STU0582,7.6,6.2,6+ hrs,6.22,4.6
STU0583,2.9,8.3,2-4 hrs,7.84,2.7
STU0584,1.4,8.1,<2 hrs,9.63,1.6
STU0585,1.7,8.9,<2 hrs,8.67,1.3
STU0586,3.7,7.1,2-4 hrs,7.61,4.3
STU0587,1.5,7.8,<2 hrs,8.27,1.0
STU0588,7.6,6.2,6+ hrs,6.24,4.6
STU0589,3.4,6.9,2-4 hrs,8.08,2.7
STU0590,2.6,7.4,2-4 hrs,8.56,1.3
STU0591,2.7,7.9,2-4 hrs,7.67,2.3
STU0592,2.0,7.6,2-4 hrs,7.64,1.0
STU0593,0.5,6.4,<2 hrs,9.65,1.0
STU0594,1.7,8.6,<2 hrs,9.63,2.7
STU0595,7.0,5.9,6+ hrs,5.73,4.6
STU0596,3.0,8.0,2-4 hrs,9.1,1.5
STU0597,5.1,7.2,4-6 hrs,7.38,4.5
STU0598,5.2,8.3,4-6 hrs,7.16,2.8
STU0599,2.4,8.4,2-4 hrs,8.18,1.1
STU0600,4.0,7.2,4-6 hrs,6.87,3.3
STU0601,0.5,8.0,<2 hrs,9.87,1.1
STU0602,6.6,7.6,6+ hrs,6.06,5.6
STU0603,6.2,6.2,6+ hrs,6.24,3.7
STU0604,3.6,7.7,2-4 hrs,8.48,3.0
STU0605,3.0,7.7,2-4 hrs,7.02,1.7
STU0606,2.5,7.7,2-4 hrs,7.46,1.3
STU0607,5.5,7.3,4-6 hrs,7.01,4.8
STU0608,4.3,7.5,4-6 hrs,7.74,2.6
STU0609,1.9,8.3,<2 hrs,8.94,1.6
STU0610,0.9,8.3,<2 hrs,8.91,1.0
STU0611,0.7,8.5,<2 hrs,10.0,1.0
STU0612,5.5,7.2,4-6 hrs,6.89,4.6
STU0613,2.4,7.6,2-4 hrs,8.28,2.1
STU0614,3.5,7.6,2-4 hrs,7.45,1.0
STU0615,2.7,7.5,2-4 hrs,8.36,2.1
STU0616,0.7,7.9,<2 hrs,9.55,1.0
STU0617,0.5,8.2,<2 hrs,10.0,1.2
STU0618,1.8,8.0,<2 hrs,7.8,1.0
STU0619,1.9,8.0,<2 hrs,8.5,1.0
STU0620,1.9,8.5,<2 hrs,8.91,1.6
STU0621,1.9,7.8,<2 hrs,9.0,1.4
STU0622,9.1,6.3,6+ hrs,5.41,7.0
STU0623,5.1,7.3,4-6 hrs,7.53,2.4
STU0624,3.0,7.4,2-4 hrs,7.66,3.4
STU0625,2.4,7.9,2-4 hrs,9.35,2.1
STU0626,2.4,8.4,2-4 hrs,9.02,2.8
STU0627,4.2,7.5,4-6 hrs,6.8,3.6
STU0628,2.3,8.0,2-4 hrs,7.82,1.6
STU0629,4.7,7.0,4-6 hrs,6.76,2.3
STU0630,3.2,8.7,2-4 hrs,8.47,1.8
STU0631,9.1,5.9,6+ hrs,4.63,7.6
STU0632,2.2,7.1,2-4 hrs,8.31,2.6
STU0633,5.3,7.6,4-6 hrs,7.39,3.2
STU0634,1.0,8.2,<2 hrs,9.01,1.0
STU0635,1.5,8.0,<2 hrs,8.98,1.0
STU0636,8.3,6.2,6+ hrs,5.13,5.6
STU0637,4.6,8.3,4-6 hrs,7.79,3.0
STU0638,3.6,7.8,2-4 hrs,7.51,2.9
STU0639,10.6,6.1,6+ hrs,4.54,8.1
STU0640,2.4,8.0,2-4 hrs,8.56,2.5
STU0641,5.3,7.3,4-6 hrs,7.18,4.1
STU0642,5.6,7.8,4-6 hrs,6.99,2.5
STU0643,7.2,6.6,6+ hrs,5.81,4.8
STU0644,0.9,7.5,<2 hrs,8.92,2.5
STU0645,2.4,8.3,2-4 hrs,8.42,2.0
STU0646,3.2,7.9,2-4 hrs,7.23,2.5
STU0647,7.1,6.8,6+ hrs,6.03,5.3
STU0648,3.5,7.9,2-4 hrs,8.16,2.8
STU0649,5.6,6.9,4-6 hrs,6.21,2.0
STU0650,0.8,8.3,<2 hrs,9.83,1.0
STU0651,2.0,7.9,2-4 hrs,9.36,1.4
STU0652,6.2,6.7,6+ hrs,5.96,5.4
STU0653,2.2,8.5,2-4 hrs,9.32,1.6
STU0654,2.5,7.2,2-4 hrs,8.29,1.0
STU0655,7.0,7.9,6+ hrs,6.6,5.2
STU0656,1.2,8.6,<2 hrs,8.66,1.0
STU0657,1.5,7.2,<2 hrs,9.38,1.0
STU0658,0.7,8.2,<2 hrs,9.43,1.0
STU0659,7.2,6.6,6+ hrs,5.77,5.5
STU0660,5.0,7.4,4-6 hrs,6.55,4.5
STU0661,4.9,6.8,4-6 hrs,6.42,3.8
STU0662,1.9,8.0,<2 hrs,8.76,1.8
STU0663,0.7,8.3,<2 hrs,9.53,1.0
STU0664,0.5,8.0,<2 hrs,9.67,1.0
STU0665,6.3,6.5,6+ hrs,6.59,5.0
STU0666,3.8,8.0,2-4 hrs,7.1,1.0
STU0667,4.3,6.6,4-6 hrs,7.16,3.1
STU0668,3.1,8.0,2-4 hrs,8.8,1.3
STU0669,1.3,8.6,<2 hrs,8.62,1.8
STU0670,2.0,7.9,2-4 hrs,8.69,1.3
STU0671,1.0,8.3,<2 hrs,8.4,1.0
STU0672,0.9,8.9,<2 hrs,9.3,1.0
STU0673,4.7,7.0,4-6 hrs,7.11,4.1
STU0674,0.5,8.1,<2 hrs,9.9,1.0
STU0675,1.0,8.0,<2 hrs,9.51,1.1
STU0676,2.1,8.6,2-4 hrs,8.26,1.0
STU0677,2.7,8.5,2-4 hrs,8.21,1.3
STU0678,0.7,7.6,<2 hrs,8.85,1.0
STU0679,3.5,8.1,2-4 hrs,7.07,1.9
STU0680,3.0,8.2,2-4 hrs,7.64,2.4
STU0681,6.2,7.7,6+ hrs,6.83,2.6
STU0682,2.7,8.0,2-4 hrs,8.48,1.5
STU0683,3.7,7.6,2-4 hrs,7.92,4.0
STU0684,1.4,8.7,<2 hrs,8.69,1.3
STU0685,1.4,8.5,<2 hrs,9.43,1.1
STU0686,0.8,9.4,<2 hrs,9.18,2.1
STU0687,1.4,8.6,<2 hrs,9.29,1.0
STU0688,2.0,8.1,2-4 hrs,7.54,1.0
STU0689,5.8,6.5,4-6 hrs,4.54,3.7
STU0690,1.2,7.9,<2 hrs,9.13,1.5
STU0691,9.4,5.4,6+ hrs,4.42,7.3
STU0692,3.9,7.4,2-4 hrs,7.62,2.0
STU0693,3.4,8.1,2-4 hrs,7.79,3.2
STU0694,2.6,7.8,2-4 hrs,9.28,1.5
STU0695,2.2,8.5,2-4 hrs,8.75,2.5
STU0696,1.6,8.3,<2 hrs,8.88,1.0
STU0697,0.7,8.1,<2 hrs,9.69,1.0
STU0698,1.2,8.2,<2 hrs,9.18,1.0
STU0699,7.2,6.9,6+ hrs,5.99,5.9
STU0700,3.8,7.6,2-4 hrs,8.43,2.2
STU0701,7.2,6.8,6+ hrs,5.59,5.0
STU0702,1.5,7.7,<2 hrs,9.02,1.5
STU0703,1.0,8.0,<2 hrs,8.12,1.1
STU0704,2.6,9.0,2-4 hrs,8.45,2.5
STU0705,1.3,8.8,<2 hrs,9.03,1.1
STU0706,3.0,7.0,2-4 hrs,9.16,1.8
STU0707,0.5,7.2,<2 hrs,8.34,1.0
STU0708,0.5,8.4,<2 hrs,8.91,1.0
STU0709,3.3,8.1,2-4 hrs,8.51,2.5
STU0710,7.3,6.4,6+ hrs,6.42,5.0
STU0711,3.4,8.2,2-4 hrs,8.08,2.4
STU0712,3.7,7.6,2-4 hrs,7.26,1.4
STU0713,2.7,7.7,2-4 hrs,7.93,2.4
STU0714,2.8,8.2,2-4 hrs,8.99,2.1
STU0715,0.6,8.1,<2 hrs,9.2,1.2
STU0716,1.3,8.0,<2 hrs,9.14,1.0
STU0717,5.7,7.4,4-6 hrs,6.87,2.6
STU0718,1.9,8.0,<2 hrs,7.94,1.0
STU0719,5.7,8.0,4-6 hrs,7.5,3.8
STU0720,2.8,8.1,2-4 hrs,8.54,2.6
STU0721,2.9,8.1,2-4 hrs,9.58,1.0
STU0722,1.9,8.0,<2 hrs,8.04,1.4
STU0723,4.1,7.9,4-6 hrs,8.15,3.3
STU0724,4.8,7.1,4-6 hrs,6.55,2.8
STU0725,1.3,8.3,<2 hrs,9.01,1.0
STU0726,0.7,7.9,<2 hrs,9.77,1.0
STU0727,0.5,8.9,<2 hrs,8.03,1.0
STU0728,3.6,7.7,2-4 hrs,7.76,2.2
STU0729,3.3,8.7,2-4 hrs,7.68,1.7
STU0730,11.1,6.9,6+ hrs,4.08,8.3
STU0731,2.7,8.2,2-4 hrs,8.52,1.3
STU0732,2.3,8.0,2-4 hrs,9.14,1.0
STU0733,3.1,7.3,2-4 hrs,8.03,3.6
STU0734,3.2,8.2,2-4 hrs,8.18,3.0
STU0735,2.2,8.1,2-4 hrs,8.58,1.0
STU0736,1.3,8.4,<2 hrs,8.92,1.0
STU0737,2.6,8.7,2-4 hrs,7.68,2.0
STU0738,2.5,7.5,2-4 hrs,9.04,2.0
STU0739,2.5,7.4,2-4 hrs,8.55,1.0
STU0740,4.4,7.3,4-6 hrs,7.76,4.0
STU0741,2.5,8.3,2-4 hrs,7.89,2.4
STU0742,0.7,8.6,<2 hrs,8.91,1.0
STU0743,1.5,7.7,<2 hrs,8.72,2.1
STU0744,2.2,8.3,2-4 hrs,7.59,1.9
STU0745,2.6,7.2,2-4 hrs,7.32,2.2
STU0746,3.7,7.2,2-4 hrs,7.47,3.8
STU0747,2.6,7.8,2-4 hrs,8.64,2.7
STU0748,0.5,8.1,<2 hrs,8.88,1.0
STU0749,0.8,8.7,<2 hrs,8.53,1.1
STU0750,3.9,7.7,2-4 hrs,7.26,2.2
STU0751,2.1,8.9,2-4 hrs,8.28,1.9
STU0752,2.8,7.7,2-4 hrs,8.03,2.3
STU0753,1.9,8.0,<2 hrs,9.94,1.0
STU0754,1.5,8.7,<2 hrs,9.46,1.0
STU0755,2.0,8.0,2-4 hrs,9.21,1.6
STU0756,2.8,8.5,2-4 hrs,8.94,1.6
STU0757,2.5,8.1,2-4 hrs,7.78,2.0
STU0758,4.8,6.1,4-6 hrs,6.61,4.0
STU0759,0.6,8.9,<2 hrs,8.57,1.0
STU0760,0.7,8.8,<2 hrs,9.99,1.0
STU0761,2.1,8.5,2-4 hrs,8.23,2.6
STU0762,3.7,6.6,2-4 hrs,7.08,3.0
STU0763,4.3,7.1,4-6 hrs,7.31,3.2
STU0764,1.5,7.8,<2 hrs,8.68,1.0
STU0765,0.5,8.0,<2 hrs,9.44,1.0
STU0766,1.6,9.0,<2 hrs,8.93,1.4
STU0767,3.3,7.7,2-4 hrs,7.52,3.3
STU0768,2.5,7.9,2-4 hrs,8.79,1.8
STU0769,3.8,7.8,2-4 hrs,7.41,1.2
STU0770,5.6,7.4,4-6 hrs,6.89,2.6
STU0771,2.2,6.3,2-4 hrs,8.92,2.1
STU0772,1.7,7.8,<2 hrs,8.35,1.0
STU0773,1.1,7.5,<2 hrs,8.66,1.1
STU0774,0.7,8.5,<2 hrs,9.54,1.0
STU0775,0.5,8.2,<2 hrs,8.76,1.0
STU0776,1.4,8.2,<2 hrs,8.64,1.0
STU0777,5.1,6.2,4-6 hrs,7.54,2.9
STU0778,4.1,7.3,4-6 hrs,8.89,2.9
STU0779,1.7,8.6,<2 hrs,9.1,1.0
STU0780,9.4,6.9,6+ hrs,5.55,6.3
STU0781,1.5,8.5,<2 hrs,9.14,1.0
STU0782,6.0,6.3,6+ hrs,6.16,4.0
STU0783,6.9,7.4,6+ hrs,6.46,5.6
STU0784,3.5,8.0,2-4 hrs,7.91,2.3
STU0785,1.4,8.1,<2 hrs,9.06,1.8
STU0786,1.9,7.0,<2 hrs,8.71,2.6
STU0787,2.9,8.3,2-4 hrs,8.42,2.7
STU0788,0.7,8.0,<2 hrs,9.0,1.0
STU0789,1.1,8.4,<2 hrs,9.04,1.0
STU0790,1.0,8.3,<2 hrs,8.31,1.4
STU0791,3.7,8.3,2-4 hrs,7.64,2.7
STU0792,5.6,7.0,4-6 hrs,7.81,4.7
STU0793,4.2,7.4,4-6 hrs,7.8,3.4
STU0794,5.0,8.0,4-6 hrs,7.24,3.2
STU0795,1.3,7.8,<2 hrs,10.0,1.6
STU0796,1.9,8.4,<2 hrs,7.83,1.4
STU0797,2.0,7.9,2-4 hrs,7.93,1.3
STU0798,3.5,7.1,2-4 hrs,8.95,2.1
STU0799,1.4,8.2,<2 hrs,8.9,1.1
STU0800,4.8,7.6,4-6 hrs,7.19,4.2
STU0801,6.8,7.5,6+ hrs,5.72,5.5
STU0802,3.6,8.3,2-4 hrs,8.15,2.8
STU0803,1.9,7.9,<2 hrs,8.97,1.8
STU0804,1.2,7.7,<2 hrs,8.3,1.9
STU0805,1.0,8.1,<2 hrs,8.97,1.0
STU0806,0.5,7.8,<2 hrs,9.07,1.0
STU0807,2.1,7.9,2-4 hrs,8.71,2.5
STU0808,2.0,7.8,2-4 hrs,7.93,1.0
STU0809,4.6,7.7,4-6 hrs,8.18,2.7
STU0810,1.5,7.0,<2 hrs,9.37,1.0
STU0811,2.2,7.6,2-4 hrs,8.29,2.0
STU0812,3.1,7.4,2-4 hrs,7.98,1.0
STU0813,3.6,8.2,2-4 hrs,7.8,1.9
STU0814,4.2,6.9,4-6 hrs,7.14,3.4
STU0815,2.9,7.9,2-4 hrs,7.93,2.6
STU0816,0.7,8.3,<2 hrs,9.02,1.0
STU0817,3.4,8.2,2-4 hrs,8.94,2.3
STU0818,1.4,8.4,<2 hrs,9.44,1.0
STU0819,5.7,7.1,4-6 hrs,7.5,3.6
STU0820,2.5,7.6,2-4 hrs,8.6,2.0
STU0821,3.0,6.8,2-4 hrs,7.48,1.7
STU0822,11.7,5.7,6+ hrs,4.21,8.0
STU0823,4.3,7.7,4-6 hrs,8.15,1.8
STU0824,3.3,6.9,2-4 hrs,7.26,3.2
STU0825,2.2,7.3,2-4 hrs,8.89,1.9
STU0826,0.8,8.4,<2 hrs,10.0,1.2
STU0827,2.1,8.1,2-4 hrs,9.19,2.5
STU0828,1.2,7.7,<2 hrs,9.81,1.0
STU0829,7.3,6.4,6+ hrs,6.35,4.8
STU0830,3.3,6.8,2-4 hrs,8.6,1.0
STU0831,5.6,7.8,4-6 hrs,6.55,6.4
STU0832,1.5,7.5,<2 hrs,9.3,1.0
STU0833,1.3,8.4,<2 hrs,9.31,1.7
STU0834,4.0,7.5,4-6 hrs,7.87,1.8
STU0835,1.1,8.9,<2 hrs,9.79,1.6
STU0836,1.7,7.7,<2 hrs,8.41,2.7
STU0837,7.6,6.6,6+ hrs,5.97,5.3
STU0838,1.8,7.2,<2 hrs,8.75,1.0
STU0839,0.6,7.4,<2 hrs,8.61,1.0
STU0840,0.5,8.7,<2 hrs,9.41,1.0
STU0841,0.6,7.5,<2 hrs,8.2,1.0
STU0842,5.8,6.9,4-6 hrs,7.52,4.7
STU0843,1.6,8.6,<2 hrs,8.81,1.1
STU0844,11.4,6.0,6+ hrs,4.06,7.8
STU0845,6.8,6.5,6+ hrs,5.94,5.2
STU0846,8.7,5.5,6+ hrs,5.44,6.6
STU0847,5.1,7.5,4-6 hrs,7.62,2.2
STU0848,3.8,8.2,2-4 hrs,8.12,2.7
STU0849,1.2,7.9,<2 hrs,8.54,2.8
STU0850,2.5,7.5,2-4 hrs,7.87,1.0
STU0851,4.1,7.2,4-6 hrs,8.05,2.8
STU0852,4.8,7.6,4-6 hrs,6.91,4.9
STU0853,0.9,8.9,<2 hrs,9.13,1.5
STU0854,2.1,7.4,2-4 hrs,8.63,1.1
STU0855,2.3,7.2,2-4 hrs,8.65,1.8
STU0856,2.3,9.1,2-4 hrs,8.98,1.6
STU0857,1.0,8.2,<2 hrs,8.29,1.0
STU0858,8.1,6.6,6+ hrs,4.71,5.6
STU0859,2.1,7.6,2-4 hrs,8.21,1.2
STU0860,1.1,8.5,<2 hrs,10.0,1.0
STU0861,8.2,6.9,6+ hrs,7.02,5.1
STU0862,6.8,6.9,6+ hrs,7.54,3.7
STU0863,2.8,8.7,2-4 hrs,8.12,1.9
STU0864,1.7,7.9,<2 hrs,7.67,2.6
STU0865,0.5,8.2,<2 hrs,7.87,1.0
STU0866,3.6,7.7,2-4 hrs,7.51,2.3
STU0867,1.6,8.3,<2 hrs,8.66,1.7
STU0868,2.4,8.0,2-4 hrs,9.2,1.6
STU0869,7.7,5.9,6+ hrs,6.56,6.9
STU0870,1.5,8.3,<2 hrs,8.96,1.0
STU0871,3.5,7.4,2-4 hrs,7.39,3.0
STU0872,4.3,7.1,4-6 hrs,6.99,2.4
STU0873,5.7,7.1,4-6 hrs,7.09,4.4
STU0874,2.3,7.4,2-4 hrs,8.88,1.8
STU0875,2.1,7.4,2-4 hrs,8.79,1.4
STU0876,2.1,6.7,2-4 hrs,7.93,1.1
STU0877,3.3,8.5,2-4 hrs,8.41,1.8
STU0878,6.6,7.1,6+ hrs,6.79,4.8
STU0879,2.0,7.9,2-4 hrs,7.96,1.9
STU0880,0.5,8.0,<2 hrs,8.8,1.0
STU0881,4.6,5.9,4-6 hrs,7.84,3.4
STU0882,2.6,7.5,2-4 hrs,8.19,1.8
STU0883,3.6,8.0,2-4 hrs,8.83,2.6
STU0884,0.5,8.8,<2 hrs,9.58,1.0
STU0885,1.6,8.4,<2 hrs,8.49,1.1
STU0886,4.4,7.5,4-6 hrs,7.51,5.2
STU0887,0.8,9.0,<2 hrs,9.18,1.0
STU0888,3.5,7.5,2-4 hrs,7.49,3.0
STU0889,2.4,8.4,2-4 hrs,7.87,2.0
STU0890,1.3,8.0,<2 hrs,9.34,1.0
STU0891,1.2,7.8,<2 hrs,9.47,1.9
STU0892,1.0,7.7,<2 hrs,9.41,1.0
STU0893,2.6,7.3,2-4 hrs,9.24,2.7
STU0894,2.9,8.1,2-4 hrs,7.87,1.8
STU0895,1.9,7.7,<2 hrs,9.65,1.0
STU0896,0.9,7.8,<2 hrs,8.55,1.0
STU0897,3.4,8.0,2-4 hrs,7.36,1.5
STU0898,4.7,7.5,4-6 hrs,6.33,3.7
STU0899,3.9,8.0,2-4 hrs,7.48,1.8
STU0900,9.0,6.5,6+ hrs,5.15,6.0
STU0901,2.2,7.6,2-4 hrs,8.83,1.0
STU0902,6.2,7.0,6+ hrs,6.86,6.6
STU0903,1.4,8.2,<2 hrs,8.15,1.0
STU0904,1.2,7.7,<2 hrs,8.72,1.0
STU0905,2.7,7.3,2-4 hrs,8.06,2.8
STU0906,7.2,6.4,6+ hrs,5.19,5.9
STU0907,2.0,9.0,2-4 hrs,8.01,2.1
STU0908,0.5,8.2,<2 hrs,8.81,1.0
STU0909,4.6,8.0,4-6 hrs,8.29,4.3
STU0910,2.4,7.7,2-4 hrs,8.53,2.4
STU0911,3.1,8.2,2-4 hrs,8.5,2.3
STU0912,1.3,8.6,<2 hrs,8.02,1.1
STU0913,2.7,8.3,2-4 hrs,9.0,1.6
STU0914,0.6,8.5,<2 hrs,10.0,1.0
STU0915,8.2,7.1,6+ hrs,4.61,6.7
STU0916,5.2,7.4,4-6 hrs,6.74,4.7
STU0917,2.6,8.7,2-4 hrs,8.63,1.1
STU0918,4.5,6.6,4-6 hrs,7.86,3.0
STU0919,1.4,8.3,<2 hrs,8.46,1.0
STU0920,5.1,7.4,4-6 hrs,7.02,3.5
STU0921,1.9,7.6,<2 hrs,8.29,1.4
STU0922,1.8,8.3,<2 hrs,8.76,2.0
STU0923,1.1,7.5,<2 hrs,9.72,1.0
STU0924,3.4,7.3,2-4 hrs,7.51,1.7
STU0925,2.5,6.9,2-4 hrs,8.98,2.7
STU0926,6.4,7.7,6+ hrs,6.15,4.1
STU0927,1.0,8.1,<2 hrs,8.54,1.0
STU0928,3.4,8.7,2-4 hrs,8.46,2.0
STU0929,5.6,7.5,4-6 hrs,7.53,3.7
STU0930,2.9,8.0,2-4 hrs,8.71,3.3
STU0931,1.9,7.7,<2 hrs,7.86,2.1
STU0932,2.8,7.3,2-4 hrs,7.96,2.9
STU0933,6.0,7.3,6+ hrs,7.29,4.9
STU0934,6.0,7.0,6+ hrs,6.82,5.0
STU0935,2.3,7.3,2-4 hrs,7.82,1.1
STU0936,5.9,6.3,4-6 hrs,7.12,4.0
STU0937,2.5,7.4,2-4 hrs,7.95,1.0
STU0938,4.5,8.3,4-6 hrs,8.55,3.0
STU0939,3.7,8.7,2-4 hrs,8.76,3.1
STU0940,1.8,8.2,<2 hrs,9.05,1.4
STU0941,1.1,8.3,<2 hrs,9.82,1.8
STU0942,5.7,6.9,4-6 hrs,6.97,3.1
STU0943,6.8,6.3,6+ hrs,6.9,5.2
STU0944,3.4,8.3,2-4 hrs,8.86,1.4
STU0945,2.5,8.8,2-4 hrs,8.52,1.8
STU0946,0.8,7.9,<2 hrs,8.99,1.2
STU0947,5.6,7.1,4-6 hrs,5.96,3.7
STU0948,3.1,7.5,2-4 hrs,8.06,2.6
STU0949,2.0,7.8,2-4 hrs,9.09,1.0
STU0950,4.6,7.9,4-6 hrs,8.0,1.9
STU0951,0.7,7.7,<2 hrs,9.49,1.0
STU0952,1.0,8.5,<2 hrs,8.73,2.1
STU0953,1.4,8.5,<2 hrs,7.68,1.0
STU0954,3.6,7.5,2-4 hrs,7.58,3.5
STU0955,2.9,8.2,2-4 hrs,8.01,2.1
STU0956,3.9,7.6,2-4 hrs,7.56,1.7
STU0957,5.3,7.8,4-6 hrs,7.49,2.8
STU0958,4.0,6.7,4-6 hrs,8.89,2.8
STU0959,8.3,6.3,6+ hrs,5.84,5.5
STU0960,5.3,7.1,4-6 hrs,6.98,2.7
STU0961,2.3,6.6,2-4 hrs,8.31,1.0
STU0962,1.6,7.6,<2 hrs,8.85,1.0
STU0963,2.3,7.5,2-4 hrs,7.97,1.8
STU0964,4.1,7.9,4-6 hrs,7.73,2.9
STU0965,1.7,7.7,<2 hrs,9.01,1.0
STU0966,4.2,7.0,4-6 hrs,7.74,3.1
STU0967,3.9,7.9,2-4 hrs,8.02,3.6
STU0968,1.1,7.4,<2 hrs,9.27,1.1
STU0969,5.2,6.2,4-6 hrs,6.1,3.5
STU0970,3.3,7.5,2-4 hrs,8.4,3.1
STU0971,8.0,5.8,6+ hrs,5.5,4.8
STU0972,2.5,7.2,2-4 hrs,7.72,1.6
STU0973,2.0,8.3,2-4 hrs,7.94,1.2
STU0974,1.0,8.7,<2 hrs,9.31,1.0
STU0975,0.9,8.7,<2 hrs,8.96,1.0
STU0976,4.8,7.9,4-6 hrs,6.33,1.7
STU0977,7.5,7.2,6+ hrs,6.41,6.8
STU0978,2.3,6.9,2-4 hrs,7.6,1.0
STU0979,2.2,8.2,2-4 hrs,8.59,2.8
STU0980,2.6,7.6,2-4 hrs,8.47,1.9
STU0981,5.5,6.8,4-6 hrs,7.56,4.3
STU0982,1.1,8.5,<2 hrs,10.0,1.0
STU0983,3.0,6.9,2-4 hrs,7.33,2.3
STU0984,4.9,6.4,4-6 hrs,7.26,4.0
STU0985,3.6,7.9,2-4 hrs,7.71,3.1
STU0986,0.5,8.6,<2 hrs,9.54,1.0
STU0987,4.1,7.5,4-6 hrs,7.78,2.6
STU0988,3.6,7.2,2-4 hrs,7.67,2.1
STU0989,6.2,7.3,6+ hrs,6.45,3.1
STU0990,7.1,7.1,6+ hrs,5.64,5.4
STU0991,6.0,7.0,6+ hrs,7.39,5.1
STU0992,2.6,7.3,2-4 hrs,8.61,3.1
STU0993,0.5,8.2,<2 hrs,9.83,1.0
STU0994,2.2,8.4,2-4 hrs,8.32,1.0
STU0995,2.6,8.5,2-4 hrs,7.94,1.0
STU0996,7.4,6.5,6+ hrs,5.52,6.0
STU0997,1.3,8.1,<2 hrs,9.13,1.0
STU0998,0.7,8.2,<2 hrs,8.56,1.0
STU0999,1.8,8.2,<2 hrs,9.8,1.1
STU1000,1.4,7.9,<2 hrs,8.09,1.0
STU1001,0.6,6.9,<2 hrs,9.39,1.0
STU1002,2.3,8.5,2-4 hrs,9.41,1.7
STU1003,2.7,8.7,2-4 hrs,8.64,1.0
STU1004,0.6,8.0,<2 hrs,9.34,1.0
STU1005,1.9,7.5,<2 hrs,8.06,1.0
STU1006,1.3,8.1,<2 hrs,8.09,1.5
STU1007,2.7,7.7,2-4 hrs,8.75,1.4
STU1008,2.9,8.3,2-4 hrs,9.1,1.0
STU1009,1.3,8.2,<2 hrs,8.65,1.0
STU1010,5.2,6.8,4-6 hrs,6.48,3.2
STU1011,2.5,7.2,2-4 hrs,6.9,2.7
STU1012,1.4,8.6,<2 hrs,8.28,1.1
STU1013,0.6,8.6,<2 hrs,9.16,1.0
STU1014,3.1,8.3,2-4 hrs,9.06,3.1
STU1015,3.6,7.1,2-4 hrs,8.28,2.4
STU1016,1.7,9.0,<2 hrs,8.92,1.8
STU1017,2.8,6.9,2-4 hrs,8.0,2.5
STU1018,7.1,7.1,6+ hrs,5.96,3.9
STU1019,4.7,6.4,4-6 hrs,8.23,4.5
STU1020,0.5,8.0,<2 hrs,9.4,1.0
STU1021,1.3,9.0,<2 hrs,7.65,1.6
STU1022,2.3,8.3,2-4 hrs,8.06,1.0
STU1023,2.7,7.6,2-4 hrs,7.77,2.4
STU1024,2.8,7.5,2-4 hrs,7.91,3.4
STU1025,3.5,7.7,2-4 hrs,8.26,2.3
STU1026,2.3,8.2,2-4 hrs,8.4,1.4
STU1027,2.5,8.5,2-4 hrs,8.33,2.2
STU1028,4.8,7.1,4-6 hrs,8.13,3.1
STU1029,3.1,6.9,2-4 hrs,7.69,3.6
STU1030,0.9,8.4,<2 hrs,10.0,1.0
STU1031,2.7,7.6,2-4 hrs,7.88,1.6
STU1032,2.3,7.3,2-4 hrs,8.52,1.2
STU1033,0.5,8.5,<2 hrs,9.11,1.0
STU1034,2.8,7.7,2-4 hrs,8.31,1.5
STU1035,1.0,8.4,<2 hrs,9.32,1.0
STU1036,4.9,6.8,4-6 hrs,7.56,3.0
STU1037,3.4,7.9,2-4 hrs,7.52,1.9
STU1038,0.8,7.6,<2 hrs,8.47,2.2
STU1039,4.7,6.9,4-6 hrs,8.89,2.5
STU1040,6.3,6.8,6+ hrs,6.37,4.5
STU1041,2.0,8.9,2-4 hrs,9.02,1.9
STU1042,2.2,8.3,2-4 hrs,7.55,2.0
STU1043,4.4,7.9,4-6 hrs,7.35,3.0
STU1044,6.0,7.7,6+ hrs,6.72,4.0
STU1045,0.5,10.0,<2 hrs,9.56,1.0
STU1046,0.9,8.3,<2 hrs,7.46,1.0
STU1047,1.8,8.8,<2 hrs,8.79,1.1
STU1048,1.9,8.5,<2 hrs,7.96,1.0
STU1049,4.3,7.9,4-6 hrs,7.76,2.6
STU1050,6.0,7.9,6+ hrs,6.18,3.3
STU1051,6.3,6.7,6+ hrs,6.15,3.9
STU1052,0.5,8.1,<2 hrs,9.11,1.0
STU1053,1.2,8.4,<2 hrs,8.33,1.1
STU1054,1.5,8.0,<2 hrs,8.54,2.5
STU1055,1.2,8.4,<2 hrs,8.24,1.0
STU1056,3.4,8.4,2-4 hrs,6.87,3.0
STU1057,3.7,7.3,2-4 hrs,8.45,2.8
STU1058,2.5,7.7,2-4 hrs,7.6,2.8
STU1059,2.3,8.0,2-4 hrs,8.36,2.1
STU1060,1.8,7.9,<2 hrs,9.14,1.0
STU1061,2.0,7.0,2-4 hrs,8.23,1.0
STU1062,7.0,6.5,6+ hrs,5.85,5.1
STU1063,4.1,7.8,4-6 hrs,7.79,2.4
STU1064,1.9,8.7,<2 hrs,9.32,1.0
STU1065,2.3,7.3,2-4 hrs,7.76,1.0
STU1066,3.5,7.0,2-4 hrs,7.83,2.6
STU1067,0.8,8.3,<2 hrs,8.1,1.8
STU1068,2.8,6.8,2-4 hrs,8.0,1.6
STU1069,4.0,7.3,4-6 hrs,7.72,3.3
STU1070,3.6,6.7,2-4 hrs,7.37,2.4
STU1071,1.3,8.9,<2 hrs,8.64,1.0
STU1072,1.5,7.7,<2 hrs,7.98,1.6
STU1073,0.5,9.2,<2 hrs,9.32,1.0
STU1074,4.2,8.0,4-6 hrs,8.24,3.0
STU1075,9.1,5.9,6+ hrs,4.75,6.1
STU1076,1.1,7.7,<2 hrs,8.63,1.5
STU1077,5.3,7.1,4-6 hrs,7.42,2.9
STU1078,8.5,6.3,6+ hrs,6.4,6.3
STU1079,1.7,8.2,<2 hrs,7.84,1.0
STU1080,2.3,7.5,2-4 hrs,8.36,1.2
STU1081,3.0,8.1,2-4 hrs,8.32,1.0
STU1082,3.5,7.8,2-4 hrs,7.86,4.1
STU1083,3.1,7.6,2-4 hrs,6.62,2.6
STU1084,1.8,7.7,<2 hrs,8.99,1.0
STU1085,3.9,7.4,2-4 hrs,8.66,1.8
STU1086,1.9,7.6,<2 hrs,8.71,1.0
STU1087,3.3,7.7,2-4 hrs,7.4,2.9
STU1088,2.4,7.9,2-4 hrs,8.11,1.0
STU1089,0.5,8.5,<2 hrs,10.0,1.0
STU1090,5.8,7.9,4-6 hrs,7.44,5.5
STU1091,1.5,8.1,<2 hrs,9.21,1.0
STU1092,6.2,7.5,6+ hrs,6.92,4.4
STU1093,5.2,7.3,4-6 hrs,6.76,5.4
STU1094,3.0,7.6,2-4 hrs,8.03,2.6
STU1095,3.7,7.5,2-4 hrs,7.79,2.7
STU1096,4.0,7.5,4-6 hrs,8.03,3.2
STU1097,2.1,8.1,2-4 hrs,9.46,1.1
STU1098,2.2,7.5,2-4 hrs,9.18,2.6
STU1099,3.8,6.8,2-4 hrs,6.94,2.3
STU1100,2.5,8.2,2-4 hrs,8.51,1.0
STU1101,1.8,8.5,<2 hrs,9.13,1.0
STU1102,1.3,8.5,<2 hrs,9.29,1.0
STU1103,3.4,7.7,2-4 hrs,7.59,2.2
STU1104,1.5,8.5,<2 hrs,10.0,1.0
STU1105,4.6,7.7,4-6 hrs,6.66,4.2
STU1106,4.8,7.7,4-6 hrs,6.69,3.9
STU1107,3.6,7.2,2-4 hrs,8.02,2.7
STU1108,4.2,6.9,4-6 hrs,8.88,2.9
STU1109,3.6,7.4,2-4 hrs,7.38,1.7
STU1110,4.4,7.4,4-6 hrs,7.36,1.3
STU1111,4.3,7.3,4-6 hrs,8.21,3.1
STU1112,3.2,6.8,2-4 hrs,8.05,2.9
STU1113,5.2,8.1,4-6 hrs,6.96,3.6
STU1114,2.2,7.8,2-4 hrs,8.85,1.1
STU1115,1.3,8.3,<2 hrs,9.08,1.3
STU1116,1.3,8.8,<2 hrs,9.53,1.0
STU1117,1.9,6.9,<2 hrs,9.42,2.7
STU1118,0.5,8.1,<2 hrs,9.46,1.3
STU1119,2.9,7.6,2-4 hrs,8.37,2.8
STU1120,4.0,7.3,4-6 hrs,7.83,3.4
STU1121,4.8,7.2,4-6 hrs,7.63,2.3
STU1122,0.5,9.1,<2 hrs,9.31,1.0
STU1123,1.3,8.5,<2 hrs,8.91,1.2
STU1124,4.5,7.9,4-6 hrs,8.19,3.6
STU1125,2.1,8.0,2-4 hrs,9.46,1.9
STU1126,3.9,6.8,2-4 hrs,6.84,3.1
STU1127,0.8,7.3,<2 hrs,9.15,2.7
STU1128,6.2,6.2,6+ hrs,6.3,4.3
STU1129,0.7,8.5,<2 hrs,9.0,1.2
STU1130,2.9,7.8,2-4 hrs,8.44,1.7
STU1131,2.9,7.7,2-4 hrs,8.6,2.7
STU1132,1.7,7.9,<2 hrs,8.67,1.9
STU1133,3.5,8.6,2-4 hrs,6.78,2.7
STU1134,3.6,7.2,2-4 hrs,7.3,3.9
STU1135,3.3,8.1,2-4 hrs,8.55,1.6
STU1136,1.6,8.1,<2 hrs,7.14,1.0
STU1137,1.4,8.1,<2 hrs,9.58,1.1
STU1138,1.8,8.6,<2 hrs,9.0,2.0
STU1139,1.2,8.9,<2 hrs,9.75,1.0
STU1140,5.4,7.0,4-6 hrs,6.95,4.8
STU1141,1.9,8.4,<2 hrs,7.41,1.0
STU1142,2.8,8.0,2-4 hrs,8.5,1.0
STU1143,4.5,7.4,4-6 hrs,8.24,3.4
STU1144,1.2,8.3,<2 hrs,9.51,1.0
STU1145,0.7,8.0,<2 hrs,8.79,1.0
STU1146,1.2,8.0,<2 hrs,9.01,1.0
STU1147,3.0,7.5,2-4 hrs,7.83,1.8
STU1148,2.9,8.2,2-4 hrs,7.7,2.0
STU1149,3.3,7.6,2-4 hrs,8.59,2.3
STU1150,2.3,7.3,2-4 hrs,7.75,1.4
STU1151,0.5,8.0,<2 hrs,8.74,1.0
STU1152,2.2,6.4,2-4 hrs,7.85,1.2
STU1153,4.9,7.0,4-6 hrs,6.4,4.1
STU1154,5.7,7.1,4-6 hrs,7.02,4.1
STU1155,2.7,7.8,2-4 hrs,8.98,3.7
STU1156,2.9,8.8,2-4 hrs,8.08,2.2
STU1157,3.9,7.8,2-4 hrs,6.84,2.3
STU1158,5.6,7.4,4-6 hrs,7.48,6.1
STU1159,2.5,7.1,2-4 hrs,9.39,2.1
STU1160,3.9,7.3,2-4 hrs,7.36,3.5
STU1161,1.6,7.9,<2 hrs,8.49,1.6
STU1162,0.8,7.9,<2 hrs,9.45,1.1
STU1163,1.7,7.7,<2 hrs,9.71,1.6
STU1164,6.5,6.0,6+ hrs,6.26,3.7
STU1165,3.9,6.9,2-4 hrs,6.95,3.0
STU1166,0.9,8.7,<2 hrs,9.47,1.0
STU1167,4.0,7.4,4-6 hrs,8.18,2.7
STU1168,0.9,8.0,<2 hrs,9.1,1.0
STU1169,3.3,7.7,2-4 hrs,7.68,2.6
STU1170,1.1,8.8,<2 hrs,9.6,1.0
STU1171,0.8,8.3,<2 hrs,9.46,1.0
STU1172,7.2,7.0,6+ hrs,5.8,5.3
STU1173,1.9,7.6,<2 hrs,8.67,1.0
STU1174,3.9,7.2,2-4 hrs,6.93,2.5
STU1175,2.6,8.0,2-4 hrs,8.74,2.6
STU1176,1.0,9.2,<2 hrs,8.89,1.6
STU1177,2.1,8.7,2-4 hrs,8.29,1.0
STU1178,1.0,8.5,<2 hrs,9.03,1.0
STU1179,10.7,5.9,6+ hrs,4.71,6.9
STU1180,4.3,8.1,4-6 hrs,8.1,3.8
STU1181,2.5,8.3,2-4 hrs,8.73,2.7
STU1182,3.7,6.4,2-4 hrs,7.74,1.9
STU1183,4.2,6.9,4-6 hrs,8.07,3.2
STU1184,4.2,7.6,4-6 hrs,7.85,4.4
STU1185,4.0,6.6,4-6 hrs,7.44,3.1
STU1186,3.8,7.1,2-4 hrs,7.72,3.8
STU1187,2.7,7.5,2-4 hrs,8.2,2.7
STU1188,6.9,6.6,6+ hrs,6.7,4.1
STU1189,2.8,7.7,2-4 hrs,8.02,1.8
STU1190,2.6,7.7,2-4 hrs,8.1,1.8
STU1191,2.9,8.2,2-4 hrs,9.38,2.1
STU1192,3.0,7.6,2-4 hrs,8.71,2.8
STU1193,0.5,8.2,<2 hrs,8.82,1.0
STU1194,1.2,7.5,<2 hrs,9.3,1.0
STU1195,2.3,8.4,2-4 hrs,8.54,1.0
STU1196,0.5,8.0,<2 hrs,9.51,1.0
STU1197,2.5,7.3,2-4 hrs,8.46,1.9
STU1198,3.0,7.9,2-4 hrs,8.86,2.3
STU1199,0.8,7.9,<2 hrs,9.35,1.0
STU1200,1.5,7.9,<2 hrs,8.79,1.0
STU1201,5.9,7.2,4-6 hrs,7.47,4.7
STU1202,3.7,7.4,2-4 hrs,7.97,3.2
STU1203,3.6,8.8,2-4 hrs,7.95,1.5
STU1204,5.4,7.1,4-6 hrs,7.26,2.6
STU1205,1.2,8.5,<2 hrs,8.9,1.0
STU1206,0.8,7.3,<2 hrs,9.15,2.0
STU1207,4.9,6.8,4-6 hrs,6.94,4.8
STU1208,2.4,7.4,2-4 hrs,7.97,2.1
STU1209,1.2,7.7,<2 hrs,8.36,1.0
STU1210,0.5,8.6,<2 hrs,8.44,1.1
STU1211,2.9,8.3,2-4 hrs,7.67,1.7
STU1212,2.1,8.1,2-4 hrs,8.45,1.0
STU1213,1.9,7.9,<2 hrs,8.71,1.0
STU1214,0.5,8.1,<2 hrs,9.11,1.0
STU1215,6.8,7.4,6+ hrs,5.03,4.3
STU1216,0.6,9.4,<2 hrs,10.0,1.0
STU1217,2.0,8.1,2-4 hrs,9.25,1.0
STU1218,1.8,8.5,<2 hrs,8.96,1.4
STU1219,3.8,7.7,2-4 hrs,8.93,1.0
STU1220,0.5,8.8,<2 hrs,8.69,1.2
STU1221,3.5,7.0,2-4 hrs,9.06,2.9
STU1222,2.9,7.5,2-4 hrs,7.62,1.8
STU1223,1.4,8.3,<2 hrs,9.01,1.4
STU1224,3.4,8.3,2-4 hrs,7.21,1.6
STU1225,2.5,7.5,2-4 hrs,8.38,1.8
STU1226,7.9,5.5,6+ hrs,6.18,6.2
STU1227,2.1,7.7,2-4 hrs,8.46,1.0
STU1228,1.1,8.7,<2 hrs,9.43,1.0
STU1229,3.5,6.8,2-4 hrs,7.98,2.4
STU1230,1.9,7.4,<2 hrs,8.33,1.2
STU1231,2.5,8.0,2-4 hrs,8.03,2.9
STU1232,0.8,8.2,<2 hrs,9.63,1.0
STU1233,3.9,7.8,2-4 hrs,7.35,2.2
STU1234,1.7,7.5,<2 hrs,9.28,1.0
STU1235,3.1,7.6,2-4 hrs,8.84,3.4
STU1236,9.2,6.8,6+ hrs,4.36,6.2
STU1237,2.1,7.4,2-4 hrs,9.23,1.1
STU1238,4.2,8.2,4-6 hrs,8.85,2.9
STU1239,2.2,7.4,2-4 hrs,8.66,2.0
STU1240,1.4,8.6,<2 hrs,9.23,1.3
STU1241,6.0,6.8,6+ hrs,7.42,6.3
STU1242,0.5,7.8,<2 hrs,9.11,1.0
STU1243,5.0,7.0,4-6 hrs,7.36,3.1
STU1244,0.5,8.6,<2 hrs,8.49,1.0
STU1245,4.7,7.3,4-6 hrs,7.47,3.0
STU1246,2.5,8.4,2-4 hrs,8.67,1.0
STU1247,1.1,8.9,<2 hrs,9.31,1.0
STU1248,1.8,7.5,<2 hrs,9.33,1.9
STU1249,4.1,6.8,4-6 hrs,7.19,2.4
STU1250,8.6,5.7,6+ hrs,5.31,5.4
STU1251,0.5,7.9,<2 hrs,10.0,1.6
STU1252,1.1,8.8,<2 hrs,8.91,1.0
STU1253,0.7,8.6,<2 hrs,9.31,1.0
STU1254,2.2,7.7,2-4 hrs,8.47,1.0
STU1255,4.7,7.3,4-6 hrs,6.89,2.1
STU1256,0.6,9.1,<2 hrs,10.0,1.0
STU1257,2.5,8.8,2-4 hrs,8.06,1.5
STU1258,4.6,7.5,4-6 hrs,6.75,3.0
STU1259,1.8,6.7,<2 hrs,8.42,2.2
STU1260,2.9,7.9,2-4 hrs,6.99,1.5
STU1261,5.7,7.5,4-6 hrs,6.54,4.6
STU1262,0.9,8.4,<2 hrs,8.51,1.8
STU1263,0.5,8.7,<2 hrs,9.65,1.0
STU1264,3.2,7.9,2-4 hrs,7.66,2.8
STU1265,3.2,7.1,2-4 hrs,8.59,2.0
STU1266,1.7,7.6,<2 hrs,9.57,1.9
STU1267,1.4,8.0,<2 hrs,9.34,1.0
STU1268,2.6,8.4,2-4 hrs,8.2,1.0
STU1269,0.9,7.9,<2 hrs,9.18,1.0
STU1270,0.9,8.5,<2 hrs,8.18,1.0
STU1271,4.1,7.6,4-6 hrs,7.57,2.5
STU1272,0.9,9.1,<2 hrs,8.58,1.0
STU1273,0.5,8.4,<2 hrs,9.69,1.0
STU1274,1.4,7.3,<2 hrs,10.0,1.0
STU1275,1.7,8.4,<2 hrs,9.03,1.0
STU1276,3.5,8.7,2-4 hrs,6.73,2.2
STU1277,1.5,8.5,<2 hrs,8.61,1.0
STU1278,6.4,6.5,6+ hrs,6.69,3.7
STU1279,2.7,7.3,2-4 hrs,8.34,1.0
STU1280,1.2,7.7,<2 hrs,8.52,1.0
STU1281,3.4,8.7,2-4 hrs,8.12,1.9
STU1282,6.3,6.8,6+ hrs,5.92,5.2
STU1283,4.0,7.2,4-6 hrs,7.13,1.6
STU1284,0.6,8.3,<2 hrs,9.62,1.0
STU1285,1.8,7.9,<2 hrs,8.08,2.7
STU1286,3.0,8.5,2-4 hrs,8.47,1.3
STU1287,3.9,7.0,2-4 hrs,6.92,2.5
STU1288,2.2,8.5,2-4 hrs,9.57,1.0
STU1289,1.9,8.1,<2 hrs,8.18,1.0
STU1290,7.8,7.2,6+ hrs,5.86,6.7
STU1291,4.0,8.3,4-6 hrs,7.9,2.9
STU1292,3.4,7.7,2-4 hrs,7.63,2.5
STU1293,1.6,7.9,<2 hrs,8.87,1.0
STU1294,0.9,8.3,<2 hrs,9.44,1.0
STU1295,3.5,7.6,2-4 hrs,8.5,3.4
STU1296,4.3,6.6,4-6 hrs,8.04,3.9
STU1297,2.5,8.7,2-4 hrs,8.27,2.3
STU1298,4.0,7.6,4-6 hrs,7.61,1.9
STU1299,4.1,6.9,4-6 hrs,9.06,3.1
STU1300,4.5,6.3,4-6 hrs,8.04,3.7
STU1301,0.6,7.2,<2 hrs,8.68,1.0
STU1302,1.9,8.4,<2 hrs,8.7,1.0
STU1303,3.6,7.3,2-4 hrs,7.68,3.2
STU1304,2.6,7.6,2-4 hrs,8.25,2.5
STU1305,4.1,7.7,4-6 hrs,6.92,1.6
STU1306,3.4,7.4,2-4 hrs,7.72,3.0
STU1307,0.5,8.6,<2 hrs,10.0,1.0
STU1308,5.3,7.2,4-6 hrs,7.46,4.3
STU1309,1.7,8.0,<2 hrs,7.24,1.0
STU1310,1.2,7.4,<2 hrs,9.69,1.4
STU1311,5.2,6.8,4-6 hrs,7.81,4.3
STU1312,3.9,7.8,2-4 hrs,7.53,2.4
STU1313,5.7,6.7,4-6 hrs,7.37,4.0
STU1314,3.0,8.4,2-4 hrs,7.63,1.6
STU1315,1.9,9.2,<2 hrs,8.36,2.7
STU1316,2.8,8.1,2-4 hrs,9.14,1.9
STU1317,1.0,9.0,<2 hrs,8.89,1.0
STU1318,0.7,8.7,<2 hrs,8.06,1.0
STU1319,1.5,7.9,<2 hrs,8.79,1.2
STU1320,6.8,6.9,6+ hrs,6.39,5.4
STU1321,1.6,9.1,<2 hrs,9.5,1.0
STU1322,0.5,8.1,<2 hrs,9.28,1.8
STU1323,2.2,7.4,2-4 hrs,8.26,1.8
STU1324,1.6,7.5,<2 hrs,9.41,1.5
STU1325,5.3,7.1,4-6 hrs,7.19,3.6
STU1326,6.5,6.4,6+ hrs,6.12,4.6
STU1327,1.8,8.9,<2 hrs,9.38,1.1
STU1328,3.0,7.9,2-4 hrs,8.27,2.9
STU1329,3.2,8.2,2-4 hrs,8.06,2.2
STU1330,2.4,7.8,2-4 hrs,8.53,2.3
STU1331,2.1,7.4,2-4 hrs,7.91,1.1
STU1332,1.1,7.6,<2 hrs,8.69,1.0
STU1333,0.5,7.9,<2 hrs,9.28,1.0
STU1334,1.1,8.4,<2 hrs,8.89,1.7
STU1335,2.3,8.2,2-4 hrs,9.23,1.0
STU1336,0.6,8.7,<2 hrs,9.36,1.0
STU1337,2.9,7.0,2-4 hrs,8.71,1.8
STU1338,2.6,7.8,2-4 hrs,8.34,1.5
STU1339,1.6,7.6,<2 hrs,9.41,1.7
STU1340,2.0,8.2,2-4 hrs,8.84,1.1
STU1341,0.7,8.6,<2 hrs,9.19,1.6
STU1342,4.5,6.8,4-6 hrs,7.47,2.5
STU1343,4.4,7.9,4-6 hrs,6.95,3.2
STU1344,0.9,9.4,<2 hrs,9.4,1.0
STU1345,0.9,8.7,<2 hrs,9.07,1.0
STU1346,1.1,8.1,<2 hrs,8.7,1.0
STU1347,3.7,7.4,2-4 hrs,8.5,2.5
STU1348,3.2,7.6,2-4 hrs,7.31,3.2
STU1349,5.1,6.8,4-6 hrs,6.95,3.0
STU1350,5.5,7.3,4-6 hrs,7.64,4.3
STU1351,0.6,7.8,<2 hrs,9.42,1.0
STU1352,3.6,6.7,2-4 hrs,7.85,2.6
STU1353,5.4,7.3,4-6 hrs,7.22,2.8
STU1354,1.9,8.0,<2 hrs,8.75,1.0
STU1355,2.5,7.6,2-4 hrs,7.47,1.7
STU1356,2.2,7.3,2-4 hrs,8.3,3.0
STU1357,2.3,8.1,2-4 hrs,9.43,1.7
STU1358,4.5,6.9,4-6 hrs,7.08,4.5
STU1359,7.6,6.5,6+ hrs,5.89,5.5
STU1360,6.2,7.8,6+ hrs,6.39,4.0
STU1361,1.6,8.4,<2 hrs,8.73,2.4
STU1362,3.0,7.1,2-4 hrs,7.8,2.4
STU1363,1.3,7.5,<2 hrs,9.21,1.0
STU1364,1.4,8.2,<2 hrs,8.99,1.4
STU1365,2.4,7.2,2-4 hrs,8.88,1.4
STU1366,1.4,7.1,<2 hrs,8.24,1.0
STU1367,1.5,8.4,<2 hrs,8.62,1.8
STU1368,3.0,7.9,2-4 hrs,8.01,3.0
STU1369,3.6,7.8,2-4 hrs,8.15,4.0
STU1370,3.5,7.8,2-4 hrs,7.45,2.8
STU1371,3.6,7.6,2-4 hrs,8.43,2.3
STU1372,0.8,8.0,<2 hrs,9.85,1.2
STU1373,1.3,8.4,<2 hrs,8.32,1.6
STU1374,2.6,8.6,2-4 hrs,8.04,3.1
STU1375,5.2,6.9,4-6 hrs,6.84,3.6
STU1376,10.4,5.4,6+ hrs,6.4,7.1
STU1377,3.1,7.2,2-4 hrs,7.85,1.6
STU1378,4.2,7.0,4-6 hrs,8.62,3.4
STU1379,0.7,8.4,<2 hrs,8.43,1.0
STU1380,4.1,6.4,4-6 hrs,7.06,3.5
STU1381,8.7,6.5,6+ hrs,5.17,6.6
STU1382,1.3,8.5,<2 hrs,8.41,1.4
STU1383,1.6,7.2,<2 hrs,8.62,1.2
STU1384,4.6,6.9,4-6 hrs,7.0,4.4
STU1385,2.5,7.9,2-4 hrs,7.88,2.4
STU1386,0.5,8.3,<2 hrs,9.97,1.0
STU1387,1.7,8.3,<2 hrs,9.47,1.0
STU1388,6.5,6.8,6+ hrs,7.14,3.8
STU1389,2.0,8.6,2-4 hrs,8.91,1.8
STU1390,2.0,7.8,2-4 hrs,8.66,1.0
STU1391,4.4,6.9,4-6 hrs,7.22,3.9
STU1392,3.2,7.2,2-4 hrs,7.49,3.3
STU1393,1.9,8.4,<2 hrs,8.86,1.0
STU1394,1.5,8.1,<2 hrs,8.12,1.0
STU1395,12.0,5.8,6+ hrs,4.0,8.4
STU1396,5.8,7.4,4-6 hrs,7.58,4.8
STU1397,3.6,6.6,2-4 hrs,9.02,3.8
STU1398,3.7,7.0,2-4 hrs,8.07,1.2
STU1399,2.3,7.4,2-4 hrs,9.13,1.4
STU1400,3.2,7.3,2-4 hrs,7.91,2.0
STU1401,2.1,7.8,2-4 hrs,7.75,1.0
STU1402,1.2,8.7,<2 hrs,9.33,1.0
STU1403,3.3,8.3,2-4 hrs,8.36,2.7
STU1404,1.9,7.9,<2 hrs,8.69,1.1
STU1405,3.4,7.5,2-4 hrs,7.82,1.1
STU1406,3.9,7.2,2-4 hrs,8.32,5.0
STU1407,3.5,7.7,2-4 hrs,7.33,2.7
STU1408,1.1,8.3,<2 hrs,8.54,1.0
STU1409,1.8,8.5,<2 hrs,8.09,1.0
STU1410,2.0,8.4,2-4 hrs,8.65,1.6
STU1411,4.9,6.1,4-6 hrs,6.64,3.3
STU1412,4.7,7.2,4-6 hrs,6.97,1.8
STU1413,1.4,8.8,<2 hrs,8.45,1.0
STU1414,0.8,8.1,<2 hrs,8.98,1.2
STU1415,10.8,6.4,6+ hrs,4.0,9.1
STU1416,3.4,7.5,2-4 hrs,8.02,2.7
STU1417,0.7,8.4,<2 hrs,9.93,1.4
STU1418,1.6,7.5,<2 hrs,8.86,1.0
STU1419,5.0,6.7,4-6 hrs,8.17,3.4
STU1420,9.1,6.6,6+ hrs,6.21,7.2
STU1421,8.2,6.9,6+ hrs,6.28,7.1
STU1422,3.3,7.7,2-4 hrs,8.06,3.4
STU1423,2.5,7.3,2-4 hrs,8.39,1.0
STU1424,1.0,8.3,<2 hrs,9.51,1.0
STU1425,2.7,8.5,2-4 hrs,8.05,2.1
STU1426,1.1,9.1,<2 hrs,7.88,1.0
STU1427,1.8,7.9,<2 hrs,8.99,1.6
STU1428,4.6,6.5,4-6 hrs,6.75,3.9
STU1429,2.1,8.4,2-4 hrs,7.98,2.3
STU1430,2.0,7.9,2-4 hrs,8.6,2.7
STU1431,2.4,8.4,2-4 hrs,8.36,1.4
STU1432,11.8,5.7,6+ hrs,4.0,7.2
STU1433,0.9,7.8,<2 hrs,9.19,1.0
STU1434,3.1,7.8,2-4 hrs,8.68,3.7
STU1435,7.7,7.2,6+ hrs,5.36,5.0
STU1436,2.4,7.8,2-4 hrs,9.18,2.2
STU1437,5.7,6.6,4-6 hrs,6.0,4.5
STU1438,0.7,7.5,<2 hrs,10.0,1.0
STU1439,2.1,7.6,2-4 hrs,8.31,1.5
STU1440,1.2,8.0,<2 hrs,9.05,1.0
STU1441,2.4,8.3,2-4 hrs,7.28,1.0
STU1442,2.4,7.3,2-4 hrs,8.38,1.0
STU1443,2.6,8.6,2-4 hrs,8.47,1.5
STU1444,4.5,6.7,4-6 hrs,7.42,4.0
STU1445,0.5,9.5,<2 hrs,8.94,1.0
STU1446,1.5,9.0,<2 hrs,8.26,1.0
STU1447,2.9,7.8,2-4 hrs,8.87,1.3
STU1448,0.5,7.6,<2 hrs,9.29,1.0
STU1449,3.9,7.5,2-4 hrs,8.67,3.8
STU1450,1.5,7.9,<2 hrs,8.51,1.9
STU1451,2.2,7.3,2-4 hrs,8.25,2.0
STU1452,4.7,7.5,4-6 hrs,7.87,2.1
STU1453,5.9,6.6,4-6 hrs,5.87,3.8
STU1454,4.0,7.1,4-6 hrs,6.97,4.4
STU1455,0.9,8.2,<2 hrs,9.75,1.5
STU1456,3.8,7.3,2-4 hrs,7.09,1.4
STU1457,4.0,8.5,4-6 hrs,6.61,2.8
STU1458,3.5,7.4,2-4 hrs,9.05,2.7
STU1459,6.5,7.1,6+ hrs,5.74,3.9
STU1460,2.7,7.9,2-4 hrs,8.4,1.0
STU1461,6.3,7.1,6+ hrs,6.71,4.5
STU1462,6.3,7.1,6+ hrs,4.98,3.8
STU1463,4.1,7.9,4-6 hrs,7.49,2.2
STU1464,3.1,7.9,2-4 hrs,8.37,1.9
STU1465,3.5,7.7,2-4 hrs,8.14,2.3
STU1466,7.4,6.7,6+ hrs,6.71,5.2
STU1467,5.2,7.1,4-6 hrs,6.93,2.9
STU1468,1.0,7.8,<2 hrs,9.48,1.0
STU1469,3.4,7.6,2-4 hrs,7.56,1.0
STU1470,1.2,8.3,<2 hrs,8.11,1.1
STU1471,1.4,8.4,<2 hrs,8.09,1.0
STU1472,1.8,8.1,<2 hrs,7.81,1.0
STU1473,0.6,8.2,<2 hrs,9.84,1.2
STU1474,1.1,8.2,<2 hrs,8.1,1.0
STU1475,6.7,6.5,6+ hrs,6.65,5.3
STU1476,1.4,8.3,<2 hrs,8.71,1.9
STU1477,4.5,7.3,4-6 hrs,7.41,1.0
STU1478,2.8,7.9,2-4 hrs,9.06,1.8
STU1479,3.7,8.1,2-4 hrs,7.57,1.0
STU1480,3.8,7.2,2-4 hrs,8.16,2.6
STU1481,1.1,8.5,<2 hrs,9.03,1.0
STU1482,4.5,7.4,4-6 hrs,7.38,1.2
STU1483,0.8,9.3,<2 hrs,10.0,2.1
STU1484,1.4,8.0,<2 hrs,8.01,1.2
STU1485,3.8,7.9,2-4 hrs,8.56,2.0
STU1486,1.0,8.3,<2 hrs,9.44,1.9
STU1487,0.5,7.7,<2 hrs,8.99,1.0
STU1488,3.2,7.4,2-4 hrs,9.04,1.3
STU1489,0.5,8.8,<2 hrs,8.17,1.0
STU1490,4.1,7.3,4-6 hrs,7.34,4.3
STU1491,2.0,6.9,2-4 hrs,7.87,1.7
STU1492,3.2,7.7,2-4 hrs,8.31,2.8
STU1493,3.2,7.2,2-4 hrs,7.39,2.5
STU1494,4.3,7.5,4-6 hrs,7.82,3.5
STU1495,3.9,8.3,2-4 hrs,7.63,2.8
STU1496,1.0,8.6,<2 hrs,8.76,1.0
STU1497,2.1,8.7,2-4 hrs,8.79,1.6
STU1498,3.2,7.4,2-4 hrs,7.9,1.8
STU1499,6.4,6.8,6+ hrs,5.97,4.4
STU1500,3.9,7.0,2-4 hrs,9.43,2.9
STU1501,6.1,6.6,6+ hrs,6.46,4.4
STU1502,3.3,7.2,2-4 hrs,6.68,1.1
STU1503,5.3,6.5,4-6 hrs,6.61,2.6
STU1504,3.0,8.4,2-4 hrs,7.39,3.0
STU1505,5.1,6.2,4-6 hrs,7.7,3.3
STU1506,1.9,8.7,<2 hrs,8.84,1.8
STU1507,6.9,7.4,6+ hrs,6.63,4.0
STU1508,3.6,7.8,2-4 hrs,7.66,1.3
STU1509,0.7,7.8,<2 hrs,9.02,1.0
STU1510,3.3,6.9,2-4 hrs,7.79,2.1
STU1511,3.9,7.3,2-4 hrs,7.7,2.2
STU1512,4.6,7.7,4-6 hrs,7.93,4.3
STU1513,8.5,6.4,6+ hrs,5.88,6.1
STU1514,1.6,7.6,<2 hrs,9.08,2.6
STU1515,8.6,6.9,6+ hrs,5.93,6.3
STU1516,2.5,8.7,2-4 hrs,8.91,1.0
STU1517,1.3,8.1,<2 hrs,9.09,1.8
STU1518,1.7,8.1,<2 hrs,8.95,1.0
STU1519,3.8,6.8,2-4 hrs,8.5,2.8
STU1520,1.2,8.0,<2 hrs,8.56,1.0
STU1521,1.9,8.3,<2 hrs,8.13,3.0
STU1522,3.2,7.9,2-4 hrs,7.35,3.4
STU1523,6.9,6.5,6+ hrs,6.5,4.2
STU1524,4.5,7.2,4-6 hrs,6.36,3.0
STU1525,2.6,7.6,2-4 hrs,8.61,2.0
STU1526,3.7,7.4,2-4 hrs,7.77,3.3
STU1527,3.0,8.0,2-4 hrs,8.83,2.1
STU1528,0.9,7.3,<2 hrs,8.69,1.0
STU1529,7.7,6.5,6+ hrs,5.91,4.8
STU1530,7.0,6.9,6+ hrs,7.02,4.9
STU1531,2.4,7.6,2-4 hrs,9.25,2.7
STU1532,1.7,7.8,<2 hrs,8.33,1.5
STU1533,0.9,8.0,<2 hrs,9.2,1.0
STU1534,3.9,7.3,2-4 hrs,7.92,3.2
STU1535,3.9,7.5,2-4 hrs,7.97,2.4
STU1536,1.2,8.3,<2 hrs,8.8,1.6
STU1537,3.0,6.7,2-4 hrs,8.92,4.1
STU1538,4.4,7.7,4-6 hrs,6.39,2.8
STU1539,1.6,8.0,<2 hrs,8.53,1.8
STU1540,2.1,8.9,2-4 hrs,8.82,1.0
STU1541,2.1,7.4,2-4 hrs,8.83,1.4
STU1542,1.3,7.7,<2 hrs,9.73,1.0
STU1543,2.2,7.8,2-4 hrs,9.23,1.4
STU1544,0.5,8.6,<2 hrs,9.1,2.3
STU1545,2.0,7.0,2-4 hrs,9.38,1.2
STU1546,2.1,7.6,2-4 hrs,8.13,1.9
STU1547,2.4,8.2,2-4 hrs,8.98,1.0
STU1548,3.5,7.2,2-4 hrs,9.01,2.8
STU1549,0.8,9.0,<2 hrs,9.87,1.5
STU1550,1.0,8.0,<2 hrs,9.11,1.0
STU1551,1.3,7.7,<2 hrs,8.72,1.0
STU1552,0.7,8.6,<2 hrs,8.27,1.0
STU1553,3.8,8.4,2-4 hrs,7.98,2.7
STU1554,1.6,8.3,<2 hrs,8.11,1.7
STU1555,2.4,8.5,2-4 hrs,7.94,3.3
STU1556,1.2,9.0,<2 hrs,8.25,1.0
STU1557,1.9,7.6,<2 hrs,8.37,1.0
STU1558,3.1,8.2,2-4 hrs,8.09,1.2
STU1559,3.2,6.9,2-4 hrs,8.22,2.4
STU1560,1.0,8.5,<2 hrs,8.69,1.1
STU1561,2.3,7.9,2-4 hrs,9.11,1.2
STU1562,1.2,8.8,<2 hrs,8.84,1.5
STU1563,2.3,8.5,2-4 hrs,7.99,2.0
STU1564,1.5,8.4,<2 hrs,8.96,1.1
STU1565,8.0,6.6,6+ hrs,7.08,4.9
STU1566,4.4,7.7,4-6 hrs,7.72,2.7
STU1567,3.3,7.7,2-4 hrs,7.8,1.0
STU1568,2.0,8.0,2-4 hrs,7.68,1.6
STU1569,4.5,8.1,4-6 hrs,7.34,3.2
STU1570,2.4,8.7,2-4 hrs,8.56,1.8
STU1571,7.5,6.6,6+ hrs,5.89,5.7
STU1572,4.8,7.4,4-6 hrs,6.34,3.7
STU1573,1.9,8.1,<2 hrs,8.13,1.2
STU1574,6.9,6.0,6+ hrs,7.27,4.9
STU1575,2.0,7.8,2-4 hrs,9.46,1.0
STU1576,8.3,7.2,6+ hrs,5.23,5.3
STU1577,7.2,6.3,6+ hrs,6.66,5.1
STU1578,3.1,8.8,2-4 hrs,7.4,1.6
STU1579,0.6,8.9,<2 hrs,10.0,1.1
STU1580,2.9,8.0,2-4 hrs,8.34,1.5
STU1581,0.9,8.6,<2 hrs,9.66,1.0
STU1582,1.5,7.7,<2 hrs,7.8,1.1
STU1583,1.6,8.0,<2 hrs,9.19,1.7
STU1584,0.9,9.0,<2 hrs,9.09,1.4
STU1585,3.0,7.4,2-4 hrs,8.66,2.7
STU1586,1.4,8.7,<2 hrs,9.42,1.0
STU1587,2.1,7.3,2-4 hrs,8.59,2.4
STU1588,1.6,7.5,<2 hrs,8.42,2.3
STU1589,3.6,8.6,2-4 hrs,8.35,2.1
STU1590,3.4,7.6,2-4 hrs,7.93,2.6
STU1591,2.0,7.7,2-4 hrs,8.08,1.0
STU1592,3.7,8.3,2-4 hrs,7.28,1.0
STU1593,5.7,7.7,4-6 hrs,6.05,3.4
STU1594,0.5,8.8,<2 hrs,8.97,1.0
STU1595,1.5,7.8,<2 hrs,9.49,1.0
STU1596,1.1,8.1,<2 hrs,9.11,1.0
STU1597,1.4,8.3,<2 hrs,8.55,1.0
STU1598,0.5,8.7,<2 hrs,9.76,1.0
STU1599,0.5,8.1,<2 hrs,8.78,1.0
STU1600,1.7,8.2,<2 hrs,8.79,1.6
STU1601,1.6,8.2,<2 hrs,8.67,1.7
STU1602,6.3,7.6,6+ hrs,7.13,6.3
STU1603,2.8,8.2,2-4 hrs,7.29,2.9
STU1604,3.6,6.8,2-4 hrs,7.37,2.7
STU1605,12.0,5.4,6+ hrs,4.0,7.9
STU1606,7.5,6.2,6+ hrs,5.97,5.5
STU1607,2.4,8.2,2-4 hrs,9.15,1.9
STU1608,1.8,8.5,<2 hrs,8.39,1.0
STU1609,1.6,8.2,<2 hrs,8.47,1.7
STU1610,3.2,7.6,2-4 hrs,8.58,1.1
STU1611,1.8,8.1,<2 hrs,9.33,1.1
STU1612,0.9,8.4,<2 hrs,9.04,1.1
STU1613,1.6,7.8,<2 hrs,9.19,1.0
STU1614,3.3,7.1,2-4 hrs,7.37,2.1
STU1615,4.1,6.4,4-6 hrs,8.48,2.8
STU1616,8.1,7.1,6+ hrs,7.14,5.0
STU1617,2.7,8.1,2-4 hrs,8.6,2.8
STU1618,5.9,7.2,4-6 hrs,5.59,3.3
STU1619,2.1,8.6,2-4 hrs,8.22,1.7
STU1620,2.4,7.3,2-4 hrs,8.79,2.0
STU1621,2.3,7.1,2-4 hrs,8.21,1.0
STU1622,2.9,8.0,2-4 hrs,8.96,2.1
STU1623,4.6,7.5,4-6 hrs,7.78,2.5
STU1624,1.7,7.2,<2 hrs,8.31,2.3
STU1625,1.1,8.4,<2 hrs,9.02,1.0
STU1626,4.8,7.1,4-6 hrs,6.8,2.8
STU1627,4.6,6.9,4-6 hrs,7.32,2.2
STU1628,6.6,6.7,6+ hrs,6.2,3.5
STU1629,1.5,6.9,<2 hrs,9.53,2.3
STU1630,2.1,7.7,2-4 hrs,9.82,1.9
STU1631,5.0,6.9,4-6 hrs,6.39,3.6
STU1632,1.7,8.4,<2 hrs,7.58,1.0
STU1633,4.0,7.4,4-6 hrs,7.55,3.5
STU1634,2.1,8.3,2-4 hrs,7.64,1.0
STU1635,3.2,6.4,2-4 hrs,8.09,2.9
STU1636,0.9,7.9,<2 hrs,9.54,1.0
STU1637,2.7,8.1,2-4 hrs,9.18,1.4
STU1638,5.6,6.9,4-6 hrs,7.1,4.5
STU1639,4.3,7.8,4-6 hrs,7.45,3.7
STU1640,1.1,7.3,<2 hrs,7.82,1.2
STU1641,7.6,7.0,6+ hrs,6.1,4.5
STU1642,5.4,6.8,4-6 hrs,7.11,3.4
STU1643,0.9,7.9,<2 hrs,9.48,1.0
STU1644,1.6,8.6,<2 hrs,8.35,1.0
STU1645,1.0,8.8,<2 hrs,8.79,1.8
STU1646,3.2,8.2,2-4 hrs,7.17,1.0
STU1647,1.6,9.1,<2 hrs,7.41,1.0
STU1648,0.5,9.0,<2 hrs,8.61,1.0
STU1649,2.4,7.5,2-4 hrs,7.48,1.0
STU1650,4.7,7.4,4-6 hrs,7.59,2.2
STU1651,2.7,7.6,2-4 hrs,7.97,2.4
STU1652,3.7,8.6,2-4 hrs,7.51,2.6
STU1653,2.9,8.3,2-4 hrs,7.6,3.3
STU1654,4.2,7.4,4-6 hrs,5.67,4.2
STU1655,3.1,8.2,2-4 hrs,9.01,2.5
STU1656,2.3,7.3,2-4 hrs,7.86,1.9
STU1657,2.7,8.0,2-4 hrs,8.04,1.9
STU1658,6.7,6.4,6+ hrs,5.61,2.6
STU1659,3.9,6.7,2-4 hrs,8.33,1.6
STU1660,1.1,8.6,<2 hrs,9.09,1.0
STU1661,2.7,8.3,2-4 hrs,7.79,2.4
STU1662,3.2,7.9,2-4 hrs,7.82,2.5
STU1663,2.2,7.9,2-4 hrs,9.52,1.0
STU1664,0.5,7.7,<2 hrs,9.23,1.1
STU1665,1.2,7.6,<2 hrs,8.85,2.0
STU1666,1.8,7.6,<2 hrs,8.13,2.0
STU1667,8.2,6.3,6+ hrs,4.67,6.5
STU1668,3.6,8.1,2-4 hrs,7.78,2.1
STU1669,0.5,8.9,<2 hrs,9.47,1.2
STU1670,2.3,7.1,2-4 hrs,9.12,1.7
STU1671,6.0,6.7,6+ hrs,5.45,4.6
STU1672,1.5,7.8,<2 hrs,8.15,1.3
STU1673,5.1,6.0,4-6 hrs,6.86,3.5
STU1674,0.6,8.6,<2 hrs,9.23,1.0
STU1675,0.5,8.3,<2 hrs,9.19,1.0
STU1676,5.6,7.0,4-6 hrs,6.91,4.7
STU1677,1.7,8.7,<2 hrs,8.98,1.0
STU1678,1.8,8.1,<2 hrs,8.15,2.0
STU1679,2.9,7.6,2-4 hrs,8.76,2.6
STU1680,3.5,7.9,2-4 hrs,8.19,2.2
STU1681,0.5,8.9,<2 hrs,9.08,1.5
STU1682,1.4,8.3,<2 hrs,9.83,1.0
STU1683,2.6,8.2,2-4 hrs,9.26,3.0
STU1684,3.5,7.6,2-4 hrs,8.48,2.8
STU1685,1.1,8.2,<2 hrs,7.19,1.0
STU1686,2.1,8.0,2-4 hrs,9.5,1.0
STU1687,1.5,7.7,<2 hrs,9.3,1.0
STU1688,3.0,7.5,2-4 hrs,9.35,1.9
STU1689,5.5,7.8,4-6 hrs,7.77,2.8
STU1690,1.9,9.0,<2 hrs,9.59,1.2
STU1691,0.7,9.1,<2 hrs,9.71,1.0
STU1692,1.4,7.5,<2 hrs,9.68,1.4
STU1693,7.6,5.9,6+ hrs,7.28,6.4
STU1694,1.2,7.6,<2 hrs,9.09,1.0
STU1695,0.8,8.4,<2 hrs,8.2,1.9
STU1696,1.8,6.6,<2 hrs,8.51,1.2
STU1697,2.3,7.6,2-4 hrs,8.7,1.0
STU1698,1.6,8.8,<2 hrs,8.82,1.7
STU1699,0.6,8.8,<2 hrs,8.48,1.0
STU1700,3.2,7.4,2-4 hrs,7.08,2.2
STU1701,3.0,7.5,2-4 hrs,7.71,1.8
STU1702,4.1,7.8,4-6 hrs,8.14,2.2
STU1703,2.9,8.2,2-4 hrs,9.14,2.6
STU1704,7.2,6.4,6+ hrs,6.81,4.8
STU1705,4.3,7.3,4-6 hrs,8.2,1.9
STU1706,3.7,7.3,2-4 hrs,7.79,3.0
STU1707,5.6,6.4,4-6 hrs,5.93,3.0
STU1708,2.8,7.7,2-4 hrs,7.97,1.0
STU1709,2.2,7.8,2-4 hrs,8.35,2.5
STU1710,3.1,7.1,2-4 hrs,7.81,1.2
STU1711,0.5,8.7,<2 hrs,9.31,1.0
STU1712,2.8,8.0,2-4 hrs,8.5,2.5
STU1713,2.3,8.3,2-4 hrs,8.98,1.4
STU1714,3.4,7.3,2-4 hrs,7.8,2.2
STU1715,5.1,6.2,4-6 hrs,6.06,3.3
STU1716,3.8,7.8,2-4 hrs,7.5,2.8
STU1717,1.4,7.8,<2 hrs,8.9,1.0
STU1718,4.5,6.9,4-6 hrs,8.21,4.3
STU1719,7.2,6.1,6+ hrs,5.92,3.9
STU1720,5.2,7.1,4-6 hrs,7.47,4.0
STU1721,0.7,9.1,<2 hrs,9.36,1.0
STU1722,3.8,7.3,2-4 hrs,7.82,2.1
STU1723,0.9,7.7,<2 hrs,9.65,1.0
STU1724,2.0,8.3,2-4 hrs,8.2,2.2
STU1725,3.3,7.8,2-4 hrs,7.67,1.5
STU1726,3.0,6.7,2-4 hrs,8.14,1.6
STU1727,5.1,7.6,4-6 hrs,6.82,4.3
STU1728,7.3,7.7,6+ hrs,6.52,5.1
STU1729,3.6,6.3,2-4 hrs,7.45,1.1
STU1730,1.9,7.4,<2 hrs,8.78,2.7
STU1731,0.5,7.0,<2 hrs,9.21,1.0
STU1732,6.0,7.0,6+ hrs,6.93,3.9
STU1733,2.3,8.4,2-4 hrs,8.19,1.8
STU1734,2.4,8.0,2-4 hrs,8.22,2.2
STU1735,2.6,8.5,2-4 hrs,8.39,3.4
STU1736,3.5,8.0,2-4 hrs,8.05,1.1
STU1737,3.5,8.5,2-4 hrs,7.92,3.1
STU1738,2.0,8.6,2-4 hrs,9.62,2.0
STU1739,2.3,7.7,2-4 hrs,7.87,1.5
STU1740,1.5,8.2,<2 hrs,8.79,1.7
STU1741,1.4,7.7,<2 hrs,7.93,1.7
STU1742,1.4,8.0,<2 hrs,9.09,1.0
STU1743,2.3,8.0,2-4 hrs,7.8,3.0
STU1744,1.1,8.2,<2 hrs,8.84,1.0
STU1745,0.5,9.0,<2 hrs,9.05,1.0
STU1746,1.8,7.9,<2 hrs,8.86,1.1
STU1747,0.8,7.8,<2 hrs,8.81,2.1
STU1748,2.7,7.4,2-4 hrs,7.93,1.6
STU1749,1.5,8.5,<2 hrs,9.69,1.0
STU1750,3.5,6.9,2-4 hrs,8.1,3.6
STU1751,0.9,8.2,<2 hrs,8.76,1.0
STU1752,0.5,9.0,<2 hrs,9.12,1.0
STU1753,2.3,8.1,2-4 hrs,9.45,1.3
STU1754,1.8,8.0,<2 hrs,8.55,2.4
STU1755,0.7,8.3,<2 hrs,8.77,1.0
STU1756,4.3,6.9,4-6 hrs,7.15,4.6
STU1757,1.0,7.8,<2 hrs,8.72,1.3
STU1758,1.3,8.1,<2 hrs,8.56,1.0
STU1759,4.9,7.4,4-6 hrs,6.53,3.5
STU1760,3.6,8.1,2-4 hrs,7.21,1.8
STU1761,0.9,8.3,<2 hrs,8.6,1.0
STU1762,1.9,8.7,<2 hrs,9.0,4.9
STU1763,0.8,9.1,<2 hrs,8.91,1.4
STU1764,4.7,7.7,4-6 hrs,7.26,4.0
STU1765,4.7,7.9,4-6 hrs,8.15,2.8
STU1766,8.0,6.0,6+ hrs,6.68,6.9
STU1767,10.0,5.4,6+ hrs,4.83,7.9
STU1768,1.5,8.4,<2 hrs,8.45,2.6
STU1769,4.1,6.8,4-6 hrs,7.14,4.3
STU1770,0.5,8.2,<2 hrs,9.69,1.0
STU1771,2.9,8.2,2-4 hrs,8.07,1.1
STU1772,3.4,8.4,2-4 hrs,7.74,1.6
STU1773,1.1,8.1,<2 hrs,8.52,1.0
STU1774,1.4,7.8,<2 hrs,8.41,1.2
STU1775,4.7,7.5,4-6 hrs,7.58,2.8
STU1776,3.5,7.1,2-4 hrs,7.14,4.1
STU1777,7.3,6.6,6+ hrs,6.81,6.6
STU1778,6.8,6.8,6+ hrs,6.12,4.8
STU1779,0.5,8.4,<2 hrs,9.19,1.9
STU1780,1.6,8.1,<2 hrs,7.98,2.3
STU1781,1.0,7.8,<2 hrs,9.04,1.0
STU1782,4.3,7.1,4-6 hrs,7.37,1.4
STU1783,3.1,7.4,2-4 hrs,8.07,2.0
STU1784,1.0,7.4,<2 hrs,9.93,1.0
STU1785,1.2,8.4,<2 hrs,9.07,1.0
STU1786,5.8,7.5,4-6 hrs,6.41,4.1
STU1787,1.8,8.4,<2 hrs,8.26,1.3
STU1788,0.5,8.2,<2 hrs,9.63,1.0
STU1789,0.9,7.9,<2 hrs,9.87,1.0
STU1790,8.3,6.8,6+ hrs,5.93,6.1
STU1791,5.0,7.6,4-6 hrs,7.66,3.1
STU1792,0.8,8.4,<2 hrs,9.51,1.0
STU1793,2.9,8.6,2-4 hrs,9.05,2.8
STU1794,4.8,7.3,4-6 hrs,6.17,2.4
STU1795,0.5,8.2,<2 hrs,9.68,1.0
STU1796,5.2,7.0,4-6 hrs,7.75,3.5
STU1797,3.5,6.8,2-4 hrs,7.12,2.0
STU1798,1.3,8.5,<2 hrs,8.38,1.6
STU1799,3.9,7.5,2-4 hrs,7.23,2.2
STU1800,3.1,8.0,2-4 hrs,7.67,1.7
STU1801,3.3,8.6,2-4 hrs,7.73,1.7
STU1802,2.8,7.6,2-4 hrs,8.39,2.8
STU1803,1.2,7.0,<2 hrs,9.48,1.0
STU1804,1.4,8.4,<2 hrs,9.52,1.3
STU1805,2.1,8.1,2-4 hrs,8.05,3.1
STU1806,2.6,7.5,2-4 hrs,7.82,1.8
STU1807,4.0,7.7,4-6 hrs,8.49,3.7
STU1808,8.5,6.8,6+ hrs,6.06,7.3
STU1809,3.0,7.3,2-4 hrs,8.2,2.9
STU1810,4.0,7.3,4-6 hrs,7.98,2.8
STU1811,4.6,8.1,4-6 hrs,7.41,3.7
STU1812,4.2,7.1,4-6 hrs,7.92,1.9
STU1813,1.1,8.3,<2 hrs,8.8,1.0
STU1814,6.2,5.6,6+ hrs,6.87,3.9
STU1815,5.5,6.4,4-6 hrs,6.12,5.6
STU1816,2.8,7.9,2-4 hrs,7.83,1.3
STU1817,1.2,8.8,<2 hrs,8.55,1.0
STU1818,2.6,7.2,2-4 hrs,8.11,1.0
STU1819,0.5,8.4,<2 hrs,8.72,1.0
STU1820,6.7,6.6,6+ hrs,6.16,4.8
STU1821,1.5,8.6,<2 hrs,7.92,1.9
STU1822,2.0,7.4,2-4 hrs,8.93,1.9
STU1823,6.4,7.1,6+ hrs,6.57,3.4
STU1824,5.9,6.7,4-6 hrs,5.82,3.5
STU1825,3.2,7.8,2-4 hrs,7.56,3.3
STU1826,7.4,6.7,6+ hrs,6.37,5.0
STU1827,1.1,8.1,<2 hrs,8.68,1.7
STU1828,3.2,7.9,2-4 hrs,7.64,2.1
STU1829,1.1,8.2,<2 hrs,8.96,1.0
STU1830,5.3,7.1,4-6 hrs,7.32,3.5
STU1831,5.2,7.0,4-6 hrs,6.3,2.9
STU1832,7.7,6.6,6+ hrs,6.37,4.9
STU1833,2.5,8.0,2-4 hrs,7.89,1.9
STU1834,9.1,5.7,6+ hrs,5.39,6.8
STU1835,1.0,8.1,<2 hrs,9.03,1.0
STU1836,2.4,7.4,2-4 hrs,8.1,1.7
STU1837,1.0,8.2,<2 hrs,8.44,1.0
STU1838,2.9,7.5,2-4 hrs,8.02,1.5
STU1839,1.1,8.6,<2 hrs,9.98,1.0
STU1840,5.3,7.5,4-6 hrs,6.3,3.3
STU1841,3.5,7.2,2-4 hrs,8.94,3.6
STU1842,0.9,8.3,<2 hrs,8.94,1.6
STU1843,4.5,7.7,4-6 hrs,7.5,4.1
STU1844,7.0,6.7,6+ hrs,5.7,4.5
STU1845,3.8,7.2,2-4 hrs,7.33,1.9
STU1846,0.7,7.8,<2 hrs,8.88,1.0
STU1847,2.2,8.4,2-4 hrs,7.88,1.4
STU1848,4.1,7.9,4-6 hrs,7.53,2.4
STU1849,2.1,7.9,2-4 hrs,8.31,1.0
STU1850,1.0,8.6,<2 hrs,10.0,1.0
STU1851,5.7,5.6,4-6 hrs,6.24,3.7
STU1852,2.0,8.7,2-4 hrs,8.66,2.0
STU1853,7.0,6.7,6+ hrs,6.5,5.4
STU1854,1.6,8.2,<2 hrs,8.14,2.0
STU1855,1.9,7.9,<2 hrs,9.06,1.0
STU1856,1.5,8.8,<2 hrs,8.59,1.4
STU1857,2.2,7.4,2-4 hrs,7.01,1.0
STU1858,3.5,8.4,2-4 hrs,8.32,1.5
STU1859,1.0,8.4,<2 hrs,8.38,1.0
STU1860,0.9,8.6,<2 hrs,8.47,1.5
STU1861,0.5,8.2,<2 hrs,9.69,1.0
STU1862,0.5,7.7,<2 hrs,9.07,1.6
STU1863,0.7,8.8,<2 hrs,9.74,1.0
STU1864,1.6,8.3,<2 hrs,9.51,1.0
STU1865,2.9,8.5,2-4 hrs,7.81,3.0
STU1866,3.4,7.6,2-4 hrs,8.45,2.7
STU1867,2.8,7.6,2-4 hrs,7.79,1.2
STU1868,6.5,7.6,6+ hrs,7.91,6.0
STU1869,7.9,7.5,6+ hrs,5.53,5.7
STU1870,2.0,8.0,2-4 hrs,9.22,1.4
STU1871,1.1,7.8,<2 hrs,9.51,1.0
STU1872,9.5,6.5,6+ hrs,5.41,7.6
STU1873,5.6,7.0,4-6 hrs,6.58,4.3
STU1874,5.3,7.5,4-6 hrs,7.02,4.2
STU1875,1.6,8.0,<2 hrs,7.49,1.0
STU1876,4.6,8.1,4-6 hrs,7.56,3.9
STU1877,2.8,7.5,2-4 hrs,8.45,2.7
STU1878,2.4,8.1,2-4 hrs,8.5,1.1
STU1879,2.4,7.7,2-4 hrs,6.64,1.0
STU1880,3.6,7.5,2-4 hrs,7.12,3.0
STU1881,6.6,6.6,6+ hrs,6.08,3.4
STU1882,10.0,6.4,6+ hrs,5.17,7.1
STU1883,1.8,8.5,<2 hrs,8.86,1.0
STU1884,2.9,8.1,2-4 hrs,8.09,3.0
STU1885,2.3,7.9,2-4 hrs,8.85,1.3
STU1886,3.4,7.7,2-4 hrs,7.35,3.3
STU1887,2.1,8.4,2-4 hrs,8.92,1.1
STU1888,1.4,8.6,<2 hrs,9.15,1.8
STU1889,1.8,6.7,<2 hrs,8.92,2.9
STU1890,1.6,8.0,<2 hrs,8.67,1.0
STU1891,2.2,7.8,2-4 hrs,9.61,1.8
STU1892,0.7,8.7,<2 hrs,9.48,2.7
STU1893,1.6,8.1,<2 hrs,8.2,1.2
STU1894,3.4,8.0,2-4 hrs,8.12,2.4
STU1895,3.4,7.1,2-4 hrs,8.42,3.0
STU1896,3.0,7.9,2-4 hrs,7.8,2.1
STU1897,6.3,7.4,6+ hrs,7.32,3.0
STU1898,3.5,6.9,2-4 hrs,8.15,3.4
STU1899,6.1,8.2,6+ hrs,5.35,2.7
STU1900,10.0,6.6,6+ hrs,5.18,6.7
STU1901,4.6,7.4,4-6 hrs,7.19,4.2
STU1902,0.7,7.9,<2 hrs,9.51,1.0
STU1903,3.1,7.6,2-4 hrs,8.67,1.6
STU1904,2.8,7.8,2-4 hrs,8.36,2.7
STU1905,7.0,7.0,6+ hrs,7.35,4.2
STU1906,2.3,8.7,2-4 hrs,8.36,1.0
STU1907,1.2,8.0,<2 hrs,9.33,1.1
STU1908,1.7,8.4,<2 hrs,9.22,1.0
STU1909,0.8,7.7,<2 hrs,9.08,1.0
STU1910,9.0,6.0,6+ hrs,5.92,6.8
STU1911,2.5,8.1,2-4 hrs,8.02,2.1
STU1912,0.8,8.6,<2 hrs,8.89,1.0
STU1913,7.4,6.3,6+ hrs,5.38,4.9
STU1914,8.3,6.2,6+ hrs,5.91,6.2
STU1915,2.9,8.5,2-4 hrs,8.39,3.0
STU1916,0.7,8.9,<2 hrs,9.89,1.0
STU1917,1.7,8.2,<2 hrs,9.21,1.7
STU1918,2.1,6.9,2-4 hrs,8.38,1.9
STU1919,2.6,9.1,2-4 hrs,7.62,2.5
STU1920,1.0,8.2,<2 hrs,9.31,1.0
STU1921,4.9,7.1,4-6 hrs,7.96,2.7
STU1922,0.5,8.1,<2 hrs,9.73,1.0
STU1923,5.5,7.3,4-6 hrs,7.68,4.1
STU1924,6.3,7.1,6+ hrs,6.54,5.9
STU1925,1.9,8.5,<2 hrs,8.37,1.0
STU1926,2.4,7.4,2-4 hrs,7.98,2.3
STU1927,6.8,6.6,6+ hrs,6.41,4.5
STU1928,4.0,8.5,4-6 hrs,7.65,2.9
STU1929,1.9,8.1,<2 hrs,8.77,2.5
STU1930,2.1,7.9,2-4 hrs,8.48,2.1
STU1931,3.6,7.1,2-4 hrs,7.8,1.5
STU1932,8.4,6.7,6+ hrs,5.25,5.4
STU1933,2.2,8.5,2-4 hrs,9.07,2.5
STU1934,1.9,8.5,<2 hrs,8.69,1.4
STU1935,2.6,7.7,2-4 hrs,8.23,1.0
STU1936,2.6,8.0,2-4 hrs,7.88,1.2
STU1937,3.2,8.5,2-4 hrs,7.26,2.8
STU1938,2.4,8.4,2-4 hrs,9.2,2.5
STU1939,5.7,6.7,4-6 hrs,7.27,4.0
STU1940,1.2,6.9,<2 hrs,7.99,2.8
STU1941,3.4,7.8,2-4 hrs,8.43,3.0
STU1942,3.5,8.0,2-4 hrs,8.48,2.3
STU1943,1.3,7.6,<2 hrs,8.99,1.0
STU1944,3.4,7.6,2-4 hrs,8.93,1.6
STU1945,3.6,7.5,2-4 hrs,8.01,2.8
STU1946,0.5,8.4,<2 hrs,8.42,1.0
STU1947,1.1,8.0,<2 hrs,9.22,2.1
STU1948,7.2,7.3,6+ hrs,6.41,6.2
STU1949,1.5,8.2,<2 hrs,8.46,1.6
STU1950,0.8,7.9,<2 hrs,9.48,1.0
STU1951,0.5,8.8,<2 hrs,8.27,1.0
STU1952,1.0,7.6,<2 hrs,9.64,1.7
STU1953,2.3,8.6,2-4 hrs,7.94,1.2
STU1954,0.8,8.8,<2 hrs,8.55,1.5
STU1955,4.1,8.2,4-6 hrs,7.59,3.2
STU1956,1.2,8.1,<2 hrs,9.22,1.0
STU1957,3.2,7.5,2-4 hrs,8.16,1.7
STU1958,6.5,6.9,6+ hrs,6.13,4.5
STU1959,6.2,6.9,6+ hrs,6.41,4.5
STU1960,3.2,7.4,2-4 hrs,7.38,3.1
STU1961,0.9,8.0,<2 hrs,8.96,1.0
STU1962,2.4,7.7,2-4 hrs,9.07,1.5
STU1963,3.2,7.1,2-4 hrs,8.06,2.3
STU1964,11.2,6.0,6+ hrs,4.98,8.4
STU1965,0.5,8.3,<2 hrs,10.0,1.0
STU1966,2.4,7.7,2-4 hrs,8.07,1.0
STU1967,4.0,6.9,4-6 hrs,7.59,3.3
STU1968,2.7,7.2,2-4 hrs,9.59,1.0
STU1969,3.0,8.7,2-4 hrs,9.02,3.1
STU1970,1.3,7.9,<2 hrs,7.91,1.0
STU1971,4.9,7.6,4-6 hrs,7.53,2.2
STU1972,2.6,7.9,2-4 hrs,8.33,1.4
STU1973,3.0,6.4,2-4 hrs,8.65,2.4
STU1974,5.2,8.1,4-6 hrs,6.71,3.2
STU1975,2.0,8.3,2-4 hrs,8.1,1.4
STU1976,6.0,6.6,6+ hrs,6.39,4.8
STU1977,0.8,8.3,<2 hrs,8.8,1.0
STU1978,3.1,7.2,2-4 hrs,8.59,1.4
STU1979,1.2,9.1,<2 hrs,8.25,1.0
STU1980,1.0,7.8,<2 hrs,8.68,1.8
STU1981,8.4,6.1,6+ hrs,4.65,7.2
STU1982,0.8,7.9,<2 hrs,9.74,1.0
STU1983,2.6,7.9,2-4 hrs,9.09,2.7
STU1984,0.7,9.0,<2 hrs,8.99,1.0
STU1985,5.8,7.9,4-6 hrs,6.71,4.8
STU1986,1.8,7.9,<2 hrs,8.96,1.0
STU1987,5.2,7.4,4-6 hrs,8.04,2.2
STU1988,3.9,7.6,2-4 hrs,7.99,3.2
STU1989,10.1,5.5,6+ hrs,4.54,6.3
STU1990,0.6,9.6,<2 hrs,8.26,1.0
STU1991,1.0,8.9,<2 hrs,8.38,1.0
STU1992,5.0,7.3,4-6 hrs,7.29,4.0
STU1993,3.2,8.5,2-4 hrs,7.67,2.4
STU1994,2.1,8.6,2-4 hrs,8.67,2.1
STU1995,8.9,6.3,6+ hrs,5.16,6.8
STU1996,2.5,8.0,2-4 hrs,7.74,1.4
STU1997,1.3,8.9,<2 hrs,8.21,1.0
STU1998,5.2,6.7,4-6 hrs,8.1,3.2
STU1999,2.6,8.7,2-4 hrs,8.86,1.7
STU2000,2.7,7.7,2-4 hrs,9.32,1.1
STU2001,4.1,8.2,4-6 hrs,7.98,3.2
STU2002,4.2,7.4,4-6 hrs,7.35,3.8
STU2003,1.0,8.4,<2 hrs,9.84,1.0
STU2004,2.0,8.0,2-4 hrs,8.58,2.4
STU2005,0.7,8.1,<2 hrs,9.32,1.0
STU2006,3.2,7.6,2-4 hrs,8.03,2.4
STU2007,8.3,7.1,6+ hrs,4.0,4.5
STU2008,1.1,7.1,<2 hrs,9.97,1.0
STU2009,0.5,7.8,<2 hrs,9.57,1.0
STU2010,1.5,7.8,<2 hrs,9.02,1.7
STU2011,2.1,7.4,2-4 hrs,8.52,1.0
STU2012,4.2,8.2,4-6 hrs,7.71,4.3
STU2013,1.9,8.7,<2 hrs,8.29,1.9
STU2014,3.3,8.0,2-4 hrs,8.38,1.6
STU2015,1.7,7.8,<2 hrs,7.95,1.2
STU2016,2.2,8.6,2-4 hrs,8.62,3.5
STU2017,1.2,7.4,<2 hrs,9.3,1.0
STU2018,0.9,9.3,<2 hrs,8.98,1.1
STU2019,4.3,7.1,4-6 hrs,7.79,2.8
STU2020,1.8,7.9,<2 hrs,8.1,1.8
STU2021,3.5,7.4,2-4 hrs,7.35,3.5
STU2022,1.2,7.7,<2 hrs,9.1,1.0
STU2023,2.5,8.8,2-4 hrs,8.78,2.6
STU2024,0.5,8.8,<2 hrs,8.15,2.1
STU2025,1.9,8.6,<2 hrs,8.96,1.4
STU2026,1.3,7.6,<2 hrs,8.59,1.5
STU2027,5.6,7.2,4-6 hrs,6.86,3.4
STU2028,0.8,8.6,<2 hrs,8.34,1.0
STU2029,2.2,8.1,2-4 hrs,8.0,1.4
STU2030,3.2,7.1,2-4 hrs,8.64,2.9
STU2031,5.1,7.8,4-6 hrs,7.22,4.5
STU2032,4.6,7.4,4-6 hrs,7.2,3.1
STU2033,2.4,7.4,2-4 hrs,8.35,2.9
STU2034,2.6,6.9,2-4 hrs,8.62,3.0
STU2035,5.6,7.4,4-6 hrs,7.24,4.6
STU2036,2.3,9.2,2-4 hrs,8.42,1.2
STU2037,2.9,7.3,2-4 hrs,8.85,1.5
STU2038,5.7,7.2,4-6 hrs,7.52,3.3
STU2039,11.1,6.3,6+ hrs,4.75,8.5
STU2040,3.0,7.1,2-4 hrs,8.18,1.1
STU2041,3.7,7.3,2-4 hrs,8.23,3.1
STU2042,4.5,6.9,4-6 hrs,7.66,2.3
STU2043,5.7,7.6,4-6 hrs,7.57,4.6
STU2044,5.2,7.9,4-6 hrs,7.7,3.7
STU2045,1.5,8.2,<2 hrs,8.21,2.1
STU2046,3.2,7.3,2-4 hrs,7.41,3.2
STU2047,5.2,7.0,4-6 hrs,6.74,4.8
STU2048,6.5,6.6,6+ hrs,7.16,5.7
STU2049,2.2,7.5,2-4 hrs,7.56,1.7
STU2050,3.1,7.7,2-4 hrs,8.34,1.2
STU2051,3.4,7.9,2-4 hrs,8.19,1.5
STU2052,2.6,8.1,2-4 hrs,9.03,1.0
STU2053,3.1,7.7,2-4 hrs,8.21,1.3
STU2054,12.0,5.5,6+ hrs,4.0,8.5
STU2055,2.2,7.9,2-4 hrs,7.93,1.1
STU2056,2.3,7.3,2-4 hrs,7.76,1.5
STU2057,0.5,8.5,<2 hrs,8.95,1.0
STU2058,0.5,8.1,<2 hrs,9.17,1.0
STU2059,3.6,6.9,2-4 hrs,7.18,1.6
STU2060,5.2,7.4,4-6 hrs,8.04,3.6
STU2061,4.6,7.0,4-6 hrs,6.63,2.5
STU2062,1.2,8.3,<2 hrs,9.77,1.0
STU2063,4.4,7.8,4-6 hrs,8.23,4.2
STU2064,2.3,7.4,2-4 hrs,9.0,1.4
STU2065,1.8,8.1,<2 hrs,8.27,2.7
STU2066,0.7,7.4,<2 hrs,9.39,1.6
STU2067,1.4,8.9,<2 hrs,8.1,1.0
STU2068,3.7,6.9,2-4 hrs,8.38,1.7
STU2069,3.2,7.4,2-4 hrs,8.02,2.2
STU2070,2.8,8.5,2-4 hrs,7.99,2.9
STU2071,0.5,8.3,<2 hrs,8.54,1.0
STU2072,2.9,7.2,2-4 hrs,6.71,2.8
STU2073,1.5,8.5,<2 hrs,8.2,2.0
STU2074,3.2,8.0,2-4 hrs,8.73,1.6
STU2075,5.8,6.7,4-6 hrs,6.65,3.5
STU2076,1.7,7.8,<2 hrs,8.63,1.8
STU2077,2.7,7.6,2-4 hrs,8.68,2.0
STU2078,8.9,6.2,6+ hrs,6.58,5.7
STU2079,3.1,6.8,2-4 hrs,8.9,1.9
STU2080,2.5,7.8,2-4 hrs,7.79,1.7
STU2081,1.2,9.1,<2 hrs,7.79,1.0
STU2082,4.5,6.9,4-6 hrs,8.89,3.8
STU2083,1.0,8.0,<2 hrs,10.0,1.0
STU2084,6.0,6.4,6+ hrs,6.91,2.0
STU2085,4.0,7.8,4-6 hrs,6.94,2.8
STU2086,1.6,8.7,<2 hrs,9.36,1.0
STU2087,1.3,8.8,<2 hrs,8.85,2.3
STU2088,1.3,7.6,<2 hrs,8.85,1.0
STU2089,0.5,8.6,<2 hrs,9.81,1.0
STU2090,3.5,8.3,2-4 hrs,8.13,2.9
STU2091,0.5,8.6,<2 hrs,8.56,1.0
STU2092,2.3,8.2,2-4 hrs,8.27,1.0
STU2093,2.2,7.7,2-4 hrs,8.91,1.9
STU2094,1.9,8.1,<2 hrs,8.95,1.0
STU2095,3.5,8.2,2-4 hrs,8.08,1.3
STU2096,1.6,8.3,<2 hrs,9.34,2.5
STU2097,2.9,7.2,2-4 hrs,7.98,2.5
STU2098,6.0,6.8,6+ hrs,6.91,4.0
STU2099,3.8,8.2,2-4 hrs,5.76,2.7
STU2100,1.8,8.2,<2 hrs,8.42,1.7
STU2101,2.5,7.9,2-4 hrs,8.83,2.5
STU2102,1.9,7.7,<2 hrs,8.41,1.0
STU2103,2.2,8.5,2-4 hrs,8.23,1.8
STU2104,2.9,8.6,2-4 hrs,7.57,1.6
STU2105,0.7,9.0,<2 hrs,9.79,1.0
STU2106,0.5,9.1,<2 hrs,9.6,1.0
STU2107,1.1,8.0,<2 hrs,9.5,1.0
STU2108,3.6,7.3,2-4 hrs,6.84,3.1
STU2109,4.0,7.4,4-6 hrs,7.6,3.2
STU2110,4.4,7.4,4-6 hrs,7.35,1.9
STU2111,1.2,8.9,<2 hrs,8.79,1.0
STU2112,2.7,8.4,2-4 hrs,7.92,1.6
STU2113,1.8,8.3,<2 hrs,8.48,2.7
STU2114,2.3,7.2,2-4 hrs,8.97,1.0
STU2115,1.8,7.2,<2 hrs,7.54,1.1
STU2116,3.1,7.8,2-4 hrs,9.17,1.7
STU2117,1.4,8.6,<2 hrs,9.16,1.0
STU2118,5.5,7.1,4-6 hrs,7.0,4.0
STU2119,5.6,8.1,4-6 hrs,7.52,5.0
STU2120,3.6,7.1,2-4 hrs,7.01,2.9
STU2121,5.1,6.6,4-6 hrs,6.81,2.9
STU2122,0.6,8.0,<2 hrs,9.16,2.6
STU2123,5.7,6.7,4-6 hrs,7.75,4.1
STU2124,3.3,7.9,2-4 hrs,7.99,1.8
STU2125,1.5,7.9,<2 hrs,9.1,2.2
STU2126,1.4,7.4,<2 hrs,8.52,1.0
STU2127,7.1,7.2,6+ hrs,6.6,6.3
STU2128,4.5,6.5,4-6 hrs,8.48,2.5
STU2129,2.2,7.4,2-4 hrs,9.11,2.7
STU2130,0.6,7.5,<2 hrs,9.18,1.0
STU2131,5.9,7.1,4-6 hrs,7.25,5.2
STU2132,0.9,8.4,<2 hrs,9.44,2.2
STU2133,1.9,9.0,<2 hrs,8.95,1.0
STU2134,2.2,8.4,2-4 hrs,9.18,2.6
STU2135,1.3,8.9,<2 hrs,9.58,1.0
STU2136,2.1,8.1,2-4 hrs,8.48,1.0
STU2137,2.5,7.4,2-4 hrs,8.76,1.1
STU2138,2.1,8.0,2-4 hrs,8.33,1.9
STU2139,3.2,8.0,2-4 hrs,7.51,2.3
STU2140,7.3,7.0,6+ hrs,6.05,5.0
STU2141,0.7,8.1,<2 hrs,9.14,1.0
STU2142,2.8,8.0,2-4 hrs,7.24,2.4
STU2143,0.9,7.8,<2 hrs,9.61,1.2
STU2144,0.6,7.8,<2 hrs,7.57,1.3
STU2145,4.8,6.7,4-6 hrs,8.97,4.8
STU2146,3.0,7.8,2-4 hrs,9.05,2.1
STU2147,0.6,7.8,<2 hrs,9.07,1.0
STU2148,2.1,7.8,2-4 hrs,8.56,2.0
STU2149,1.1,8.7,<2 hrs,9.19,1.0
STU2150,2.2,7.4,2-4 hrs,8.16,1.0
STU2151,4.1,7.2,4-6 hrs,7.77,3.7
STU2152,3.8,7.6,2-4 hrs,7.7,2.6
STU2153,1.8,8.2,<2 hrs,8.63,1.0
STU2154,5.0,7.0,4-6 hrs,7.36,2.3
STU2155,6.3,7.3,6+ hrs,5.88,4.4
STU2156,4.1,7.8,4-6 hrs,7.68,3.8
STU2157,1.6,8.7,<2 hrs,8.88,2.0
STU2158,2.3,7.9,2-4 hrs,8.54,1.7
STU2159,7.1,6.5,6+ hrs,6.18,6.6
STU2160,1.9,7.7,<2 hrs,9.33,1.2
STU2161,3.8,7.7,2-4 hrs,7.58,2.5
STU2162,1.3,8.0,<2 hrs,9.05,1.0
STU2163,5.0,7.0,4-6 hrs,8.03,3.1
STU2164,1.2,8.0,<2 hrs,8.91,1.5
STU2165,2.3,7.6,2-4 hrs,8.59,2.9
STU2166,3.7,7.7,2-4 hrs,7.78,1.9
STU2167,8.1,5.8,6+ hrs,6.6,6.0
STU2168,3.0,7.9,2-4 hrs,8.0,2.9
STU2169,2.0,8.3,2-4 hrs,9.37,1.4
STU2170,1.9,7.7,<2 hrs,8.58,1.0
STU2171,4.9,8.2,4-6 hrs,6.78,3.6
STU2172,3.5,7.6,2-4 hrs,8.33,3.1
STU2173,4.0,6.7,4-6 hrs,7.52,2.0
STU2174,6.8,6.7,6+ hrs,6.81,4.6
STU2175,2.6,7.9,2-4 hrs,6.69,1.0
STU2176,3.3,7.9,2-4 hrs,8.02,1.0
STU2177,1.9,7.9,<2 hrs,8.37,2.2
STU2178,1.3,7.7,<2 hrs,8.28,1.0
STU2179,1.5,7.6,<2 hrs,8.49,2.3
STU2180,0.5,8.0,<2 hrs,8.93,1.0
STU2181,3.7,7.3,2-4 hrs,7.81,2.3
STU2182,3.4,7.1,2-4 hrs,7.15,2.3
STU2183,3.6,7.2,2-4 hrs,8.07,3.0
STU2184,1.2,8.5,<2 hrs,9.78,1.6
STU2185,1.5,8.9,<2 hrs,8.99,1.3
STU2186,1.5,8.5,<2 hrs,9.31,1.9
STU2187,5.3,7.8,4-6 hrs,7.77,3.5
STU2188,2.9,8.3,2-4 hrs,8.94,1.2
STU2189,2.6,8.3,2-4 hrs,9.45,1.8
STU2190,4.3,7.3,4-6 hrs,7.27,3.2
STU2191,1.5,8.2,<2 hrs,8.39,1.0
STU2192,3.3,7.5,2-4 hrs,8.49,1.2
STU2193,8.8,6.2,6+ hrs,5.96,6.5
STU2194,5.9,7.1,4-6 hrs,7.31,3.8
STU2195,3.2,8.1,2-4 hrs,9.19,2.1
STU2196,2.7,8.0,2-4 hrs,8.29,1.6
STU2197,3.6,7.5,2-4 hrs,8.14,3.7
STU2198,6.5,6.9,6+ hrs,5.99,5.6
STU2199,6.2,7.2,6+ hrs,7.99,3.4
STU2200,7.2,7.0,6+ hrs,6.06,4.6
STU2201,3.0,7.0,2-4 hrs,7.97,2.8
STU2202,0.5,7.8,<2 hrs,9.07,1.0
STU2203,8.4,7.0,6+ hrs,5.33,5.8
STU2204,1.3,8.1,<2 hrs,8.48,1.0
STU2205,4.3,7.2,4-6 hrs,7.25,2.5
STU2206,0.5,8.2,<2 hrs,8.46,1.0
STU2207,2.6,7.7,2-4 hrs,7.86,2.0
STU2208,1.9,8.3,<2 hrs,9.81,2.7
STU2209,7.2,6.1,6+ hrs,6.7,4.5
STU2210,3.3,7.7,2-4 hrs,8.57,1.5
STU2211,2.5,8.0,2-4 hrs,9.08,1.7
STU2212,3.5,7.8,2-4 hrs,9.03,3.3
STU2213,0.5,8.5,<2 hrs,8.21,1.0
STU2214,1.5,8.4,<2 hrs,8.09,2.2
STU2215,1.7,7.8,<2 hrs,8.25,1.1
STU2216,3.9,7.1,2-4 hrs,7.46,2.1
STU2217,1.0,9.5,<2 hrs,8.87,1.0
STU2218,2.9,7.6,2-4 hrs,7.93,2.6
STU2219,2.3,7.8,2-4 hrs,8.6,1.5
STU2220,1.5,8.5,<2 hrs,8.85,1.2
STU2221,1.6,8.9,<2 hrs,8.35,1.0
STU2222,2.3,7.7,2-4 hrs,7.16,1.4
STU2223,0.5,7.9,<2 hrs,8.68,1.0
STU2224,4.3,6.8,4-6 hrs,7.24,2.9
STU2225,1.3,9.0,<2 hrs,8.77,1.0
STU2226,2.0,7.5,2-4 hrs,7.92,1.0
STU2227,7.0,6.7,6+ hrs,6.06,7.1
STU2228,4.4,6.9,4-6 hrs,6.84,2.0
STU2229,0.9,7.6,<2 hrs,9.02,1.0
STU2230,0.5,8.2,<2 hrs,8.63,1.0
STU2231,3.6,7.1,2-4 hrs,7.37,1.0
STU2232,2.1,7.6,2-4 hrs,7.77,1.5
STU2233,2.9,8.8,2-4 hrs,8.1,2.2
STU2234,4.3,7.6,4-6 hrs,7.05,4.0
STU2235,4.8,7.8,4-6 hrs,7.88,3.7
STU2236,1.8,8.5,<2 hrs,8.93,1.1
STU2237,2.3,7.9,2-4 hrs,8.42,1.0
STU2238,3.3,7.5,2-4 hrs,7.54,3.5
STU2239,3.5,7.7,2-4 hrs,8.15,3.2
STU2240,2.9,7.9,2-4 hrs,8.61,1.0
STU2241,6.5,6.6,6+ hrs,6.66,4.6
STU2242,3.5,7.7,2-4 hrs,8.89,2.6
STU2243,4.3,7.1,4-6 hrs,7.84,2.7
STU2244,3.1,7.6,2-4 hrs,8.65,2.8
STU2245,1.0,8.1,<2 hrs,9.13,1.4
STU2246,1.5,7.5,<2 hrs,9.23,1.0
STU2247,0.8,7.1,<2 hrs,8.66,1.0
STU2248,5.1,6.8,4-6 hrs,6.93,4.8
STU2249,0.5,9.3,<2 hrs,9.48,1.1
STU2250,2.2,7.8,2-4 hrs,8.72,1.6
STU2251,1.9,8.4,<2 hrs,8.95,1.0
STU2252,1.8,7.0,<2 hrs,9.35,1.5
STU2253,2.0,7.5,2-4 hrs,7.75,2.0
STU2254,7.4,6.0,6+ hrs,5.59,3.0
STU2255,0.5,8.3,<2 hrs,9.41,1.0
STU2256,6.0,8.2,6+ hrs,6.37,3.9
STU2257,2.1,8.2,2-4 hrs,10.0,1.3
STU2258,4.6,8.2,4-6 hrs,7.74,2.5
STU2259,2.7,7.7,2-4 hrs,8.24,1.8
STU2260,0.9,9.0,<2 hrs,8.79,1.7
STU2261,6.4,7.9,6+ hrs,6.33,4.1
STU2262,5.7,7.0,4-6 hrs,6.95,4.8
STU2263,1.0,8.0,<2 hrs,9.12,1.0
STU2264,3.8,6.9,2-4 hrs,7.52,3.3
STU2265,1.5,8.0,<2 hrs,8.66,1.1
STU2266,0.6,8.4,<2 hrs,10.0,1.0
STU2267,1.3,9.2,<2 hrs,9.75,1.0
STU2268,6.1,6.3,6+ hrs,6.91,4.8
STU2269,4.6,7.4,4-6 hrs,6.63,1.2
STU2270,2.0,7.1,2-4 hrs,8.92,1.0
STU2271,6.2,6.7,6+ hrs,7.64,4.7
STU2272,5.4,7.3,4-6 hrs,7.89,2.1
STU2273,1.3,8.4,<2 hrs,9.36,1.0
STU2274,7.2,7.0,6+ hrs,7.11,5.0
STU2275,1.8,8.2,<2 hrs,8.72,1.0
STU2276,2.1,8.3,2-4 hrs,8.93,1.0
STU2277,0.5,8.4,<2 hrs,8.87,1.0
STU2278,1.5,7.6,<2 hrs,9.0,1.9
STU2279,2.2,7.0,2-4 hrs,9.31,1.0
STU2280,3.1,7.5,2-4 hrs,7.75,1.7
STU2281,0.9,8.2,<2 hrs,8.58,1.0
STU2282,1.3,8.8,<2 hrs,8.97,1.0
STU2283,7.3,6.6,6+ hrs,6.08,5.2
STU2284,5.2,7.1,4-6 hrs,7.55,4.4
STU2285,5.9,7.2,4-6 hrs,6.57,4.9
STU2286,2.4,7.8,2-4 hrs,9.45,1.0
STU2287,3.2,8.1,2-4 hrs,7.29,1.2
STU2288,3.9,8.5,2-4 hrs,8.5,2.7
STU2289,7.2,7.8,6+ hrs,5.8,5.7
STU2290,0.6,8.4,<2 hrs,8.15,1.0
STU2291,1.6,8.3,<2 hrs,8.92,1.4
STU2292,3.0,8.5,2-4 hrs,8.0,3.0
STU2293,2.7,7.8,2-4 hrs,7.62,1.3
STU2294,1.3,8.5,<2 hrs,7.91,1.0
STU2295,3.7,7.0,2-4 hrs,7.83,3.9
STU2296,1.7,7.9,<2 hrs,9.32,1.0
STU2297,2.5,8.5,2-4 hrs,8.73,1.0
STU2298,3.5,7.3,2-4 hrs,7.96,1.9
STU2299,1.8,8.0,<2 hrs,8.98,1.0
STU2300,4.4,6.6,4-6 hrs,7.5,3.4
STU2301,4.9,8.3,4-6 hrs,6.44,2.7
STU2302,1.4,8.8,<2 hrs,8.02,1.2
STU2303,1.7,8.2,<2 hrs,8.61,1.0
STU2304,1.1,8.5,<2 hrs,8.91,1.0
STU2305,2.5,8.1,2-4 hrs,8.89,2.0
STU2306,3.1,8.4,2-4 hrs,8.56,2.3
STU2307,1.9,7.8,<2 hrs,9.01,1.7
STU2308,3.1,8.1,2-4 hrs,7.94,1.6
STU2309,1.6,8.6,<2 hrs,7.95,1.0
STU2310,1.7,8.7,<2 hrs,8.98,1.5
STU2311,3.3,6.5,2-4 hrs,8.33,3.5
STU2312,1.8,7.8,<2 hrs,7.26,1.3
STU2313,2.4,7.4,2-4 hrs,7.92,2.0
STU2314,3.3,7.7,2-4 hrs,7.6,2.1
STU2315,3.0,6.7,2-4 hrs,8.22,1.0
STU2316,1.7,7.1,<2 hrs,8.25,2.0
STU2317,5.3,8.3,4-6 hrs,7.09,4.4
STU2318,3.8,7.9,2-4 hrs,7.66,3.2
STU2319,3.0,7.8,2-4 hrs,8.05,2.0
STU2320,0.9,8.5,<2 hrs,8.67,1.1
STU2321,2.7,7.9,2-4 hrs,7.9,2.6
STU2322,1.5,8.6,<2 hrs,8.18,2.3
STU2323,3.6,7.3,2-4 hrs,8.11,3.3
STU2324,0.5,8.5,<2 hrs,9.62,1.0
STU2325,2.0,8.1,2-4 hrs,8.14,1.0
STU2326,1.6,7.6,<2 hrs,9.69,1.2
STU2327,4.4,8.0,4-6 hrs,7.33,3.3
STU2328,0.5,8.2,<2 hrs,10.0,1.0
STU2329,2.6,8.4,2-4 hrs,7.94,2.9
STU2330,3.7,7.6,2-4 hrs,6.62,2.5
STU2331,8.1,7.3,6+ hrs,6.1,7.4
STU2332,1.7,7.6,<2 hrs,8.88,1.0
STU2333,3.2,7.2,2-4 hrs,8.08,2.6
STU2334,0.5,7.9,<2 hrs,8.89,1.0
STU2335,2.5,7.9,2-4 hrs,8.35,1.0
STU2336,5.5,7.9,4-6 hrs,6.72,3.7
STU2337,8.1,7.3,6+ hrs,5.67,4.5
STU2338,3.4,6.5,2-4 hrs,8.47,2.3
STU2339,0.5,8.5,<2 hrs,9.39,1.0
STU2340,6.2,5.3,6+ hrs,7.08,5.2
STU2341,0.5,8.8,<2 hrs,9.14,1.0
STU2342,0.8,8.9,<2 hrs,8.93,1.3
STU2343,6.5,6.9,6+ hrs,5.88,4.6
STU2344,2.4,7.9,2-4 hrs,8.2,2.5
STU2345,1.5,8.2,<2 hrs,6.83,1.0
STU2346,4.1,7.1,4-6 hrs,7.3,1.8
STU2347,2.8,8.0,2-4 hrs,8.19,1.0
STU2348,5.2,7.1,4-6 hrs,7.5,2.6
STU2349,2.9,8.2,2-4 hrs,8.03,2.4
STU2350,3.0,7.7,2-4 hrs,8.36,3.3
STU2351,5.1,6.8,4-6 hrs,5.9,3.1
STU2352,2.3,7.2,2-4 hrs,8.43,2.1
STU2353,1.1,7.3,<2 hrs,8.0,1.0
STU2354,4.3,8.1,4-6 hrs,6.84,3.2
STU2355,2.0,7.8,2-4 hrs,8.49,1.9
STU2356,3.1,7.9,2-4 hrs,8.87,1.0
STU2357,0.5,9.3,<2 hrs,9.5,1.0
STU2358,2.3,7.6,2-4 hrs,8.48,2.2
STU2359,1.6,7.8,<2 hrs,8.77,1.0
STU2360,0.5,8.3,<2 hrs,8.85,1.4
STU2361,2.3,7.9,2-4 hrs,8.14,1.9
STU2362,2.4,8.8,2-4 hrs,8.68,2.3
STU2363,3.3,8.5,2-4 hrs,7.18,2.0
STU2364,5.5,7.4,4-6 hrs,7.38,2.5
STU2365,4.9,8.0,4-6 hrs,7.06,3.9
STU2366,1.7,8.0,<2 hrs,9.23,1.1
STU2367,2.9,7.9,2-4 hrs,8.77,2.1
STU2368,3.6,7.4,2-4 hrs,6.88,3.4
STU2369,1.8,7.4,<2 hrs,8.34,1.9
STU2370,0.6,9.0,<2 hrs,8.72,2.0
STU2371,2.1,8.2,2-4 hrs,7.47,1.6
STU2372,5.6,7.1,4-6 hrs,6.36,3.4
STU2373,0.6,8.3,<2 hrs,10.0,1.0
STU2374,1.0,7.5,<2 hrs,9.42,1.0
STU2375,1.3,7.7,<2 hrs,10.0,1.7
STU2376,1.0,8.4,<2 hrs,9.55,1.0
STU2377,4.1,7.2,4-6 hrs,7.21,2.9
STU2378,1.5,8.0,<2 hrs,8.6,2.3
STU2379,4.2,7.4,4-6 hrs,7.96,2.7
STU2380,2.6,7.5,2-4 hrs,8.59,2.6
STU2381,0.5,7.9,<2 hrs,8.93,1.0
STU2382,1.8,7.2,<2 hrs,7.78,2.0
STU2383,5.0,7.2,4-6 hrs,9.22,2.9
STU2384,2.8,8.1,2-4 hrs,8.16,1.3
STU2385,1.9,7.2,<2 hrs,8.45,1.3
STU2386,5.7,7.1,4-6 hrs,7.0,2.8
STU2387,0.9,8.4,<2 hrs,8.95,1.0
STU2388,1.5,7.6,<2 hrs,8.9,1.3
STU2389,4.7,8.0,4-6 hrs,8.16,4.7
STU2390,4.1,7.3,4-6 hrs,7.58,3.2
STU2391,0.9,8.2,<2 hrs,8.4,1.1
STU2392,3.5,7.5,2-4 hrs,7.83,3.4
STU2393,1.4,7.3,<2 hrs,8.59,1.0
STU2394,0.5,8.9,<2 hrs,10.0,1.0
STU2395,1.9,7.5,<2 hrs,9.35,3.3
STU2396,8.5,6.3,6+ hrs,5.74,5.9
STU2397,5.1,7.5,4-6 hrs,6.44,4.5
STU2398,2.4,8.6,2-4 hrs,7.68,2.5
STU2399,0.5,7.8,<2 hrs,9.28,1.0
STU2400,0.5,8.2,<2 hrs,9.48,1.0
STU2401,2.6,8.5,2-4 hrs,8.11,1.9
STU2402,3.4,7.9,2-4 hrs,7.68,2.6
STU2403,4.2,7.8,4-6 hrs,7.25,2.3
STU2404,3.8,7.0,2-4 hrs,7.78,1.8
STU2405,4.1,7.3,4-6 hrs,6.23,2.5
STU2406,3.1,7.6,2-4 hrs,7.44,2.1
STU2407,5.6,6.7,4-6 hrs,6.6,4.9
STU2408,1.6,7.3,<2 hrs,9.5,2.6
STU2409,2.6,7.6,2-4 hrs,7.84,2.9
STU2410,0.5,9.1,<2 hrs,9.38,1.0
STU2411,1.6,8.1,<2 hrs,8.92,1.0
STU2412,5.0,7.9,4-6 hrs,8.03,3.2
STU2413,4.0,7.6,4-6 hrs,8.46,3.0
STU2414,0.5,8.0,<2 hrs,9.24,1.0
STU2415,8.9,6.9,6+ hrs,5.21,6.7
STU2416,2.8,7.9,2-4 hrs,7.84,2.5
STU2417,2.9,8.3,2-4 hrs,8.05,2.5
STU2418,1.5,7.6,<2 hrs,8.56,1.9
STU2419,1.8,8.6,<2 hrs,9.02,1.0
STU2420,2.8,8.3,2-4 hrs,8.49,2.7
STU2421,3.8,7.7,2-4 hrs,8.15,2.1
STU2422,3.2,7.3,2-4 hrs,8.82,1.5
STU2423,1.6,8.1,<2 hrs,9.9,1.5
STU2424,1.1,8.5,<2 hrs,9.08,1.7
STU2425,1.1,8.3,<2 hrs,9.66,1.2
STU2426,5.2,7.5,4-6 hrs,6.95,3.7
STU2427,4.8,7.8,4-6 hrs,8.05,3.6
STU2428,3.6,7.3,2-4 hrs,8.52,2.6
STU2429,5.2,6.6,4-6 hrs,7.77,2.7
STU2430,2.3,7.9,2-4 hrs,8.52,1.0
STU2431,4.5,7.2,4-6 hrs,7.07,3.1
STU2432,3.7,8.0,2-4 hrs,7.0,2.7
STU2433,4.6,6.8,4-6 hrs,7.41,3.2
STU2434,1.0,8.8,<2 hrs,9.97,1.2
STU2435,3.0,8.4,2-4 hrs,7.96,1.9
STU2436,1.9,8.0,<2 hrs,9.12,1.8
STU2437,0.5,8.4,<2 hrs,9.78,1.0
STU2438,5.8,6.7,4-6 hrs,6.72,5.5
STU2439,4.8,7.0,4-6 hrs,8.13,3.4
STU2440,3.2,7.5,2-4 hrs,6.31,4.1
STU2441,1.2,8.9,<2 hrs,8.23,1.1
STU2442,0.5,8.3,<2 hrs,8.73,1.0
STU2443,0.5,7.7,<2 hrs,8.78,1.0
STU2444,1.6,8.2,<2 hrs,8.98,1.0
STU2445,4.1,7.9,4-6 hrs,7.83,2.1
STU2446,1.9,8.0,<2 hrs,8.88,1.0
STU2447,3.6,8.3,2-4 hrs,8.24,2.8
STU2448,3.7,8.0,2-4 hrs,7.26,2.2
STU2449,4.1,7.0,4-6 hrs,6.92,3.0
STU2450,0.5,8.1,<2 hrs,9.51,1.4
STU2451,1.3,8.3,<2 hrs,8.54,1.0
STU2452,3.6,6.8,2-4 hrs,6.94,4.2
STU2453,6.7,7.0,6+ hrs,7.07,3.7
STU2454,5.5,6.2,4-6 hrs,7.86,3.7
STU2455,3.1,8.2,2-4 hrs,9.04,1.7
STU2456,5.8,7.5,4-6 hrs,7.0,4.8
STU2457,3.1,8.0,2-4 hrs,8.48,1.0
STU2458,0.5,8.0,<2 hrs,10.0,1.0
STU2459,4.0,7.6,4-6 hrs,7.32,2.7
STU2460,5.6,6.8,4-6 hrs,7.65,5.2
STU2461,8.1,6.0,6+ hrs,6.02,5.9
STU2462,1.5,8.0,<2 hrs,9.37,1.0
STU2463,0.9,8.6,<2 hrs,9.21,1.0
STU2464,4.5,7.4,4-6 hrs,8.25,4.5
STU2465,3.4,8.4,2-4 hrs,8.1,1.9
STU2466,3.2,8.1,2-4 hrs,7.17,1.5
STU2467,5.9,7.4,4-6 hrs,7.72,5.3
STU2468,4.5,6.6,4-6 hrs,6.91,4.0
STU2469,3.6,7.5,2-4 hrs,8.63,3.5
STU2470,1.7,7.5,<2 hrs,8.68,1.0
STU2471,4.3,7.3,4-6 hrs,8.27,1.8
STU2472,0.8,8.0,<2 hrs,9.82,1.0
STU2473,3.1,7.5,2-4 hrs,8.36,2.4
STU2474,2.4,8.4,2-4 hrs,8.73,2.0
STU2475,0.5,8.6,<2 hrs,9.53,1.5
STU2476,3.4,8.2,2-4 hrs,6.76,1.0
STU2477,1.5,7.3,<2 hrs,8.9,1.7
STU2478,3.3,7.7,2-4 hrs,7.35,1.4
STU2479,1.1,8.7,<2 hrs,9.11,1.5
STU2480,4.6,8.1,4-6 hrs,6.74,2.8
STU2481,7.4,5.9,6+ hrs,5.46,4.5
STU2482,0.8,8.1,<2 hrs,10.0,1.0
STU2483,1.1,8.7,<2 hrs,9.65,1.0
STU2484,0.7,8.2,<2 hrs,9.18,1.0
STU2485,2.1,7.5,2-4 hrs,8.67,1.0
STU2486,3.3,6.9,2-4 hrs,7.87,2.9
STU2487,4.1,7.0,4-6 hrs,8.0,3.4
STU2488,3.1,6.9,2-4 hrs,7.7,3.5
STU2489,4.0,7.5,4-6 hrs,8.3,3.1
STU2490,2.4,8.3,2-4 hrs,8.27,2.1
STU2491,1.5,7.5,<2 hrs,8.57,2.2
STU2492,1.1,8.4,<2 hrs,9.02,1.0
STU2493,2.2,8.4,2-4 hrs,8.16,1.0
STU2494,1.1,8.2,<2 hrs,9.2,1.0
STU2495,3.2,6.9,2-4 hrs,7.74,1.1
STU2496,1.1,8.4,<2 hrs,9.29,2.7
STU2497,1.7,8.0,<2 hrs,9.46,2.4
STU2498,5.2,7.1,4-6 hrs,6.73,5.4
STU2499,5.6,6.8,4-6 hrs,6.9,4.0
STU2500,5.4,7.2,4-6 hrs,7.35,4.2
STU2501,2.4,8.2,2-4 hrs,8.16,1.3
STU2502,1.6,9.3,<2 hrs,9.06,1.8
STU2503,3.6,7.7,2-4 hrs,8.21,1.5
STU2504,1.2,9.0,<2 hrs,9.61,1.0
STU2505,4.2,7.6,4-6 hrs,7.25,2.3
STU2506,1.5,8.1,<2 hrs,8.26,1.0
STU2507,2.1,8.0,2-4 hrs,8.37,2.7
STU2508,4.3,6.8,4-6 hrs,6.98,4.5
STU2509,0.5,8.5,<2 hrs,9.61,1.0
STU2510,1.5,7.1,<2 hrs,8.13,2.1
STU2511,3.3,7.2,2-4 hrs,9.41,3.1
STU2512,3.8,7.6,2-4 hrs,8.57,1.4
STU2513,3.4,8.2,2-4 hrs,7.98,2.1
STU2514,2.1,8.7,2-4 hrs,9.08,1.0
STU2515,4.6,7.2,4-6 hrs,6.45,3.8
STU2516,1.1,8.3,<2 hrs,10.0,1.0
STU2517,1.0,8.7,<2 hrs,8.7,1.0
STU2518,3.3,7.0,2-4 hrs,7.94,1.8
STU2519,0.9,8.5,<2 hrs,7.98,1.0
STU2520,7.5,6.2,6+ hrs,6.42,5.1
STU2521,1.5,8.0,<2 hrs,8.16,1.0
STU2522,4.5,7.1,4-6 hrs,7.54,3.0
STU2523,0.8,8.5,<2 hrs,8.81,2.2
STU2524,6.5,7.2,6+ hrs,5.93,4.2
STU2525,2.5,8.3,2-4 hrs,7.89,1.0
STU2526,1.5,8.3,<2 hrs,8.96,1.5
STU2527,2.0,8.1,2-4 hrs,7.83,1.3
STU2528,1.3,9.1,<2 hrs,8.47,1.0
STU2529,2.1,7.2,2-4 hrs,8.95,3.3
STU2530,0.8,9.1,<2 hrs,10.0,1.0
STU2531,1.6,8.0,<2 hrs,9.07,1.0
STU2532,4.5,7.7,4-6 hrs,6.92,3.3
STU2533,2.9,7.6,2-4 hrs,7.97,3.4
STU2534,1.0,7.9,<2 hrs,9.07,1.0
STU2535,2.2,8.2,2-4 hrs,8.3,1.8
STU2536,5.6,7.6,4-6 hrs,7.52,5.6
STU2537,1.7,8.3,<2 hrs,8.87,1.3
STU2538,0.9,8.0,<2 hrs,9.64,1.0
STU2539,3.7,9.4,2-4 hrs,7.65,2.1
STU2540,0.5,9.0,<2 hrs,10.0,1.0
STU2541,2.0,8.5,2-4 hrs,8.5,2.5
STU2542,5.9,6.8,4-6 hrs,6.26,3.9
STU2543,2.1,7.7,2-4 hrs,9.86,2.1
STU2544,4.8,7.2,4-6 hrs,6.25,2.2
STU2545,0.9,8.8,<2 hrs,8.65,1.0
STU2546,2.0,7.5,2-4 hrs,8.22,1.0
STU2547,1.9,7.5,<2 hrs,10.0,2.5
STU2548,3.6,7.9,2-4 hrs,8.96,2.6
STU2549,2.6,8.0,2-4 hrs,9.23,2.1
STU2550,6.5,6.5,6+ hrs,6.38,4.8
STU2551,1.6,7.6,<2 hrs,10.0,2.0
STU2552,2.6,8.6,2-4 hrs,8.55,1.3
STU2553,1.9,8.2,<2 hrs,9.23,1.9
STU2554,2.5,7.2,2-4 hrs,8.48,1.1
STU2555,2.3,7.3,2-4 hrs,8.44,3.2
STU2556,1.1,8.0,<2 hrs,8.85,1.0
STU2557,4.3,7.8,4-6 hrs,7.44,2.3
STU2558,1.4,8.4,<2 hrs,9.24,1.4
STU2559,1.3,8.7,<2 hrs,9.14,1.0
STU2560,0.5,7.6,<2 hrs,9.26,1.0
STU2561,1.6,8.2,<2 hrs,9.69,1.3
STU2562,1.4,8.9,<2 hrs,7.09,1.0
STU2563,0.5,9.0,<2 hrs,9.58,1.6
STU2564,2.1,8.2,2-4 hrs,8.99,2.2
STU2565,6.3,8.1,6+ hrs,7.35,5.5
STU2566,0.7,8.6,<2 hrs,9.15,1.0
STU2567,2.4,8.4,2-4 hrs,8.54,2.0
STU2568,2.0,8.0,2-4 hrs,9.19,1.6
STU2569,3.9,7.1,2-4 hrs,8.64,3.6
STU2570,4.1,7.0,4-6 hrs,7.47,3.8
STU2571,9.4,6.2,6+ hrs,5.43,6.7
STU2572,3.0,7.6,2-4 hrs,9.16,1.0
STU2573,1.2,7.3,<2 hrs,7.69,2.3
STU2574,1.6,7.6,<2 hrs,8.37,1.6
STU2575,1.7,7.9,<2 hrs,9.61,1.0
STU2576,1.5,8.5,<2 hrs,9.48,1.4
STU2577,7.3,6.7,6+ hrs,6.53,3.9
STU2578,4.0,7.5,4-6 hrs,7.43,3.6
STU2579,3.6,7.1,2-4 hrs,7.35,1.3
STU2580,1.0,8.3,<2 hrs,8.7,1.0
STU2581,4.1,8.1,4-6 hrs,8.58,3.1
STU2582,5.3,7.3,4-6 hrs,6.74,4.5
STU2583,2.1,7.2,2-4 hrs,8.62,1.6
STU2584,1.5,7.5,<2 hrs,8.37,1.6
STU2585,6.6,7.1,6+ hrs,7.04,4.6
STU2586,1.4,8.0,<2 hrs,8.55,1.0
STU2587,1.3,8.1,<2 hrs,8.86,1.0
STU2588,1.1,7.9,<2 hrs,7.99,1.0
STU2589,2.3,8.2,2-4 hrs,7.5,1.0
STU2590,3.0,7.6,2-4 hrs,8.15,1.5
STU2591,4.8,7.2,4-6 hrs,6.54,3.6
STU2592,3.7,7.1,2-4 hrs,9.1,2.4
STU2593,3.6,8.1,2-4 hrs,6.64,2.4
STU2594,5.9,6.9,4-6 hrs,6.36,3.9
STU2595,1.0,8.6,<2 hrs,9.06,1.0
STU2596,0.6,7.8,<2 hrs,9.01,1.0
STU2597,3.8,8.4,2-4 hrs,7.13,2.4
STU2598,2.3,8.6,2-4 hrs,7.89,1.6
STU2599,4.8,6.3,4-6 hrs,6.75,3.7
STU2600,2.4,7.5,2-4 hrs,8.25,1.5
STU2601,1.5,8.4,<2 hrs,10.0,1.0
STU2602,3.8,6.9,2-4 hrs,7.84,1.5
STU2603,2.7,7.8,2-4 hrs,8.99,4.0
STU2604,2.4,8.1,2-4 hrs,8.72,1.0
STU2605,10.6,5.8,6+ hrs,5.4,7.0
STU2606,5.6,7.4,4-6 hrs,5.3,4.3
STU2607,4.2,7.1,4-6 hrs,7.43,3.2
STU2608,2.7,6.7,2-4 hrs,9.07,2.3
STU2609,2.6,8.3,2-4 hrs,7.99,1.5
STU2610,2.0,8.5,2-4 hrs,9.66,1.6
STU2611,2.9,9.0,2-4 hrs,9.09,2.1
STU2612,1.7,7.0,<2 hrs,8.45,1.0
STU2613,0.8,8.7,<2 hrs,8.84,1.0
STU2614,2.4,6.9,2-4 hrs,7.81,2.5
STU2615,3.1,8.6,2-4 hrs,7.73,2.2
STU2616,4.9,7.5,4-6 hrs,6.56,3.4
STU2617,1.3,7.7,<2 hrs,9.17,1.8
STU2618,2.6,8.2,2-4 hrs,7.46,2.6
STU2619,3.6,7.3,2-4 hrs,8.24,3.8
STU2620,3.6,7.8,2-4 hrs,8.26,1.1
STU2621,7.1,6.8,6+ hrs,5.31,5.7
STU2622,2.0,8.9,2-4 hrs,9.53,1.9
STU2623,1.2,9.1,<2 hrs,9.27,1.0
STU2624,2.7,7.5,2-4 hrs,8.73,2.1
STU2625,2.1,8.5,2-4 hrs,8.1,2.3
STU2626,1.8,8.2,<2 hrs,9.06,1.0
STU2627,1.6,7.4,<2 hrs,9.46,1.5
STU2628,3.1,7.4,2-4 hrs,8.05,2.9
STU2629,1.4,9.3,<2 hrs,10.0,1.0
STU2630,4.2,7.6,4-6 hrs,7.64,2.8
STU2631,4.0,8.0,4-6 hrs,8.38,3.0
STU2632,3.3,7.6,2-4 hrs,8.19,1.7
STU2633,1.0,8.0,<2 hrs,9.4,1.0
STU2634,3.0,7.8,2-4 hrs,7.15,2.0
STU2635,5.1,7.1,4-6 hrs,7.43,4.2
STU2636,4.4,6.7,4-6 hrs,7.08,3.6
STU2637,4.0,7.0,4-6 hrs,7.19,2.1
STU2638,2.5,8.2,2-4 hrs,9.42,2.3
STU2639,2.5,7.7,2-4 hrs,8.25,1.1
STU2640,5.6,7.1,4-6 hrs,6.38,2.6
STU2641,3.1,7.8,2-4 hrs,7.89,1.9
STU2642,3.1,7.9,2-4 hrs,7.32,3.1
STU2643,12.0,6.1,6+ hrs,4.96,8.9
STU2644,2.0,7.5,2-4 hrs,8.18,1.4
STU2645,0.5,8.7,<2 hrs,9.59,1.0
STU2646,2.2,8.3,2-4 hrs,9.32,1.2
STU2647,2.3,8.4,2-4 hrs,8.16,1.7
STU2648,3.0,7.0,2-4 hrs,8.47,1.2
STU2649,3.6,7.7,2-4 hrs,7.26,2.2
STU2650,0.5,9.2,<2 hrs,10.0,1.0
STU2651,3.6,7.6,2-4 hrs,8.44,1.4
STU2652,2.4,8.1,2-4 hrs,8.3,1.0
STU2653,2.0,8.4,2-4 hrs,8.14,1.7
STU2654,0.5,7.9,<2 hrs,9.21,1.0
STU2655,6.4,7.8,6+ hrs,6.42,4.2
STU2656,1.8,8.3,<2 hrs,9.86,1.0
STU2657,4.0,7.8,4-6 hrs,6.96,4.1
STU2658,1.2,7.4,<2 hrs,9.04,1.0
STU2659,3.1,8.1,2-4 hrs,8.09,2.4
STU2660,2.1,8.2,2-4 hrs,8.48,1.1
STU2661,3.9,8.3,2-4 hrs,7.68,2.8
STU2662,2.0,7.8,2-4 hrs,8.53,1.8
STU2663,1.2,7.7,<2 hrs,9.48,1.0
STU2664,2.5,7.5,2-4 hrs,8.74,1.7
STU2665,2.4,7.6,2-4 hrs,8.67,2.6
STU2666,3.0,7.2,2-4 hrs,6.33,3.5
STU2667,4.7,8.0,4-6 hrs,7.56,3.2
STU2668,1.0,8.9,<2 hrs,8.06,1.0
STU2669,4.6,7.3,4-6 hrs,7.82,5.0
STU2670,0.8,8.1,<2 hrs,10.0,1.5
STU2671,3.8,6.6,2-4 hrs,7.23,2.2
STU2672,3.9,7.9,2-4 hrs,7.59,2.2
STU2673,1.7,8.9,<2 hrs,8.38,2.0
STU2674,1.3,7.9,<2 hrs,9.66,1.0
STU2675,1.2,8.1,<2 hrs,9.02,1.7
STU2676,2.6,8.1,2-4 hrs,9.37,2.1
STU2677,4.1,8.3,4-6 hrs,7.9,3.3
STU2678,2.2,8.0,2-4 hrs,8.66,1.3
STU2679,0.5,8.5,<2 hrs,9.32,1.0
STU2680,1.6,8.2,<2 hrs,9.27,2.3
STU2681,1.6,7.4,<2 hrs,7.74,1.0
STU2682,3.5,6.9,2-4 hrs,7.98,2.1
STU2683,3.7,7.2,2-4 hrs,7.79,2.5
STU2684,2.8,8.3,2-4 hrs,8.68,2.1
STU2685,4.6,7.2,4-6 hrs,7.32,2.4
STU2686,4.8,7.0,4-6 hrs,6.72,2.9
STU2687,1.7,7.8,<2 hrs,8.74,1.0
STU2688,1.2,8.1,<2 hrs,8.31,1.5
STU2689,2.4,8.8,2-4 hrs,7.26,1.0
STU2690,2.8,7.7,2-4 hrs,8.68,1.0
STU2691,1.6,7.7,<2 hrs,9.13,1.0
STU2692,12.0,5.5,6+ hrs,4.38,7.2
STU2693,6.2,7.8,6+ hrs,7.49,5.4
STU2694,1.5,7.9,<2 hrs,8.43,1.1
STU2695,1.0,7.7,<2 hrs,8.19,1.1
STU2696,1.4,7.9,<2 hrs,8.83,1.4
STU2697,4.9,7.3,4-6 hrs,7.09,3.5
STU2698,5.0,7.6,4-6 hrs,6.74,3.4
STU2699,6.2,7.5,6+ hrs,6.66,5.2
STU2700,1.2,7.7,<2 hrs,8.59,1.0
STU2701,3.5,7.1,2-4 hrs,6.82,3.6
STU2702,1.3,8.0,<2 hrs,8.65,1.4
STU2703,7.1,7.1,6+ hrs,5.62,4.5
STU2704,1.2,7.6,<2 hrs,9.1,1.0
STU2705,0.8,8.0,<2 hrs,8.75,1.0
STU2706,1.0,8.0,<2 hrs,9.72,1.7
STU2707,2.5,8.3,2-4 hrs,9.34,1.4
STU2708,4.0,7.8,4-6 hrs,8.11,2.2
STU2709,3.9,8.0,2-4 hrs,6.81,3.0
STU2710,1.0,8.9,<2 hrs,9.95,1.0
STU2711,1.8,7.9,<2 hrs,9.64,1.5
STU2712,1.7,7.5,<2 hrs,8.75,2.7
STU2713,0.9,7.7,<2 hrs,9.89,1.4
STU2714,1.6,7.2,<2 hrs,8.45,1.1
STU2715,6.0,6.8,6+ hrs,5.68,3.1
STU2716,0.8,8.1,<2 hrs,8.68,1.0
STU2717,2.9,8.2,2-4 hrs,9.23,2.6
STU2718,6.1,7.0,6+ hrs,5.86,3.3
STU2719,5.9,6.8,4-6 hrs,6.84,5.8
STU2720,7.3,6.6,6+ hrs,6.24,5.1
STU2721,3.1,7.2,2-4 hrs,7.8,2.2
STU2722,3.5,8.1,2-4 hrs,7.66,1.9
STU2723,1.6,7.7,<2 hrs,8.82,1.5
STU2724,0.7,7.8,<2 hrs,8.85,1.0
STU2725,2.2,8.4,2-4 hrs,7.66,3.3
STU2726,5.3,7.5,4-6 hrs,7.24,4.8
STU2727,0.5,7.5,<2 hrs,9.92,1.1
STU2728,1.7,8.5,<2 hrs,9.26,1.0
STU2729,3.7,7.2,2-4 hrs,7.35,2.8
STU2730,2.5,7.7,2-4 hrs,7.62,2.7
STU2731,5.7,7.2,4-6 hrs,6.76,4.5
STU2732,4.9,7.6,4-6 hrs,8.24,2.6
STU2733,0.7,8.5,<2 hrs,9.57,1.0
STU2734,2.7,7.8,2-4 hrs,8.71,1.5
STU2735,1.3,8.0,<2 hrs,9.45,1.0
STU2736,1.3,8.4,<2 hrs,9.17,2.1
STU2737,0.7,8.3,<2 hrs,9.26,1.0
STU2738,3.0,8.7,2-4 hrs,8.55,2.6
STU2739,5.8,7.3,4-6 hrs,6.56,3.0
STU2740,3.2,7.2,2-4 hrs,7.21,1.5
STU2741,0.7,8.1,<2 hrs,9.62,1.0
STU2742,2.4,7.9,2-4 hrs,9.16,1.2
STU2743,3.6,8.2,2-4 hrs,7.21,3.7
STU2744,2.3,8.6,2-4 hrs,8.96,1.8
STU2745,3.1,7.5,2-4 hrs,9.11,1.2
STU2746,1.4,7.7,<2 hrs,8.87,1.8
STU2747,2.1,7.4,2-4 hrs,8.06,2.5
STU2748,2.0,8.1,2-4 hrs,8.67,1.5
STU2749,6.5,8.0,6+ hrs,6.24,6.2
STU2750,1.0,8.5,<2 hrs,8.68,1.4
STU2751,0.5,7.6,<2 hrs,9.53,1.0
STU2752,6.2,6.6,6+ hrs,5.75,3.7
STU2753,2.7,7.5,2-4 hrs,7.42,2.4
STU2754,0.8,7.9,<2 hrs,9.15,1.0
STU2755,4.6,7.2,4-6 hrs,7.42,3.6
STU2756,3.8,7.7,2-4 hrs,8.0,2.1
STU2757,7.2,7.0,6+ hrs,7.39,5.1
STU2758,2.9,8.3,2-4 hrs,8.26,1.4
STU2759,10.6,6.1,6+ hrs,5.09,5.7
STU2760,2.3,6.9,2-4 hrs,7.88,2.4
STU2761,3.8,7.0,2-4 hrs,8.25,1.5
STU2762,4.1,7.4,4-6 hrs,7.34,3.0
STU2763,1.8,8.1,<2 hrs,8.73,1.5
STU2764,1.7,8.5,<2 hrs,8.67,1.5
STU2765,4.2,7.5,4-6 hrs,8.23,2.7
STU2766,0.8,8.3,<2 hrs,8.35,1.0
STU2767,1.3,8.3,<2 hrs,7.55,1.3
STU2768,2.2,7.8,2-4 hrs,8.38,2.1
STU2769,7.0,6.8,6+ hrs,6.63,6.3
STU2770,4.2,8.0,4-6 hrs,7.7,3.1
STU2771,2.7,7.8,2-4 hrs,9.02,1.9
STU2772,1.6,8.1,<2 hrs,9.04,1.0
STU2773,8.9,6.3,6+ hrs,5.16,6.6
STU2774,2.4,8.5,2-4 hrs,7.02,2.2
STU2775,1.3,7.6,<2 hrs,8.77,1.0
STU2776,10.0,6.9,6+ hrs,5.62,7.4
STU2777,0.8,7.7,<2 hrs,8.9,1.0
STU2778,5.9,6.7,4-6 hrs,6.86,4.7
STU2779,2.5,8.2,2-4 hrs,8.63,2.5
STU2780,4.2,8.0,4-6 hrs,7.0,3.7
STU2781,3.7,6.9,2-4 hrs,8.21,2.7
STU2782,4.2,6.9,4-6 hrs,8.59,2.1
STU2783,10.6,6.0,6+ hrs,4.63,6.9
STU2784,9.6,7.3,6+ hrs,4.5,7.2
STU2785,1.4,8.8,<2 hrs,8.83,2.9
STU2786,3.6,7.5,2-4 hrs,6.55,2.2
STU2787,0.5,7.2,<2 hrs,9.48,1.0
STU2788,4.5,7.4,4-6 hrs,7.75,2.7
STU2789,5.2,7.4,4-6 hrs,8.17,2.9
STU2790,0.5,8.2,<2 hrs,9.16,1.0
STU2791,2.5,7.4,2-4 hrs,8.62,1.0
STU2792,4.2,7.5,4-6 hrs,7.09,4.0
STU2793,3.2,7.2,2-4 hrs,7.85,1.0
STU2794,0.8,9.2,<2 hrs,8.22,1.0
STU2795,0.9,9.0,<2 hrs,8.98,1.0
STU2796,2.2,8.3,2-4 hrs,8.33,1.0
STU2797,1.8,8.1,<2 hrs,8.87,2.4
STU2798,1.9,7.7,<2 hrs,8.27,1.5
STU2799,0.7,8.3,<2 hrs,9.24,1.0
STU2800,2.6,8.7,2-4 hrs,8.13,1.3
STU2801,7.1,7.2,6+ hrs,6.11,4.4
STU2802,0.8,8.4,<2 hrs,9.19,1.0
STU2803,2.1,8.4,2-4 hrs,8.58,1.6
STU2804,3.9,7.8,2-4 hrs,8.2,4.2
STU2805,0.5,8.6,<2 hrs,9.2,1.0
STU2806,2.6,8.3,2-4 hrs,8.12,1.8
STU2807,5.1,7.5,4-6 hrs,7.1,3.3
STU2808,1.0,8.7,<2 hrs,8.62,1.5
STU2809,2.8,7.9,2-4 hrs,8.02,2.2
STU2810,4.8,7.2,4-6 hrs,8.56,3.8
STU2811,10.2,5.7,6+ hrs,4.36,7.4
STU2812,2.7,7.5,2-4 hrs,8.12,1.1
STU2813,1.4,7.3,<2 hrs,8.64,1.9
STU2814,1.4,7.7,<2 hrs,8.72,1.6
STU2815,0.7,7.9,<2 hrs,8.99,1.2
STU2816,7.5,6.4,6+ hrs,6.29,6.3
STU2817,4.6,8.1,4-6 hrs,6.4,3.6
STU2818,0.9,8.2,<2 hrs,9.72,1.8
STU2819,1.3,8.3,<2 hrs,9.29,1.2
STU2820,2.6,8.0,2-4 hrs,7.58,1.6
STU2821,5.1,8.0,4-6 hrs,5.84,3.6
STU2822,3.6,7.3,2-4 hrs,7.29,2.5
STU2823,3.4,7.5,2-4 hrs,7.82,2.0
STU2824,2.9,7.7,2-4 hrs,9.74,3.3
STU2825,0.9,8.8,<2 hrs,9.42,1.0
STU2826,2.7,8.5,2-4 hrs,7.2,2.0
STU2827,2.4,8.1,2-4 hrs,8.01,2.0
STU2828,0.6,9.0,<2 hrs,9.2,2.8
STU2829,7.3,6.8,6+ hrs,6.37,4.2
STU2830,1.5,8.0,<2 hrs,8.04,1.0
STU2831,0.7,8.9,<2 hrs,9.1,1.0
STU2832,1.7,8.3,<2 hrs,8.3,1.0
STU2833,2.0,7.6,2-4 hrs,7.94,1.6
STU2834,2.4,8.4,2-4 hrs,8.58,1.3
STU2835,2.0,7.9,2-4 hrs,9.06,1.0
STU2836,2.5,7.7,2-4 hrs,8.88,1.9
STU2837,2.8,8.2,2-4 hrs,8.58,1.6
STU2838,2.7,7.8,2-4 hrs,7.99,2.1
STU2839,3.3,7.9,2-4 hrs,8.44,3.2
STU2840,3.5,8.0,2-4 hrs,8.11,3.0
STU2841,3.5,7.2,2-4 hrs,8.01,3.2
STU2842,4.2,7.6,4-6 hrs,7.24,3.8
STU2843,1.4,8.8,<2 hrs,8.57,1.2
STU2844,1.4,7.7,<2 hrs,8.91,1.0
STU2845,5.1,7.4,4-6 hrs,8.67,3.0
STU2846,1.8,7.6,<2 hrs,8.87,1.0
STU2847,2.3,8.4,2-4 hrs,8.1,1.2
STU2848,2.1,8.5,2-4 hrs,8.06,2.1
STU2849,10.0,5.8,6+ hrs,4.7,7.3
STU2850,1.2,9.3,<2 hrs,10.0,1.4
STU2851,1.2,8.8,<2 hrs,8.72,1.0
STU2852,2.5,8.2,2-4 hrs,8.92,2.9
STU2853,2.2,8.3,2-4 hrs,8.28,1.2
STU2854,0.9,8.8,<2 hrs,9.25,1.0
STU2855,2.3,7.4,2-4 hrs,8.94,1.3
STU2856,2.5,8.0,2-4 hrs,8.03,3.7
STU2857,1.6,8.3,<2 hrs,8.4,1.0
STU2858,2.2,7.7,2-4 hrs,9.51,1.3
STU2859,1.3,8.4,<2 hrs,9.51,1.0
STU2860,0.9,8.9,<2 hrs,9.57,1.0
STU2861,1.8,7.8,<2 hrs,9.16,1.0
STU2862,1.0,8.2,<2 hrs,9.33,1.0
STU2863,0.7,7.9,<2 hrs,10.0,1.4
STU2864,0.5,7.5,<2 hrs,9.3,1.0
STU2865,2.9,8.2,2-4 hrs,8.54,1.1
STU2866,1.7,8.1,<2 hrs,7.86,1.0
STU2867,5.1,7.2,4-6 hrs,6.71,3.1
STU2868,1.9,7.5,<2 hrs,7.92,1.4
STU2869,2.9,7.7,2-4 hrs,8.96,3.1
STU2870,1.5,8.7,<2 hrs,7.29,1.0
STU2871,2.4,7.9,2-4 hrs,8.18,1.6
STU2872,0.5,8.4,<2 hrs,7.48,1.8
STU2873,1.8,8.2,<2 hrs,8.19,2.0
STU2874,1.2,7.6,<2 hrs,8.67,1.3
STU2875,4.8,7.6,4-6 hrs,8.17,4.9
STU2876,2.8,7.2,2-4 hrs,8.48,2.4
STU2877,4.3,7.0,4-6 hrs,7.07,1.4
STU2878,5.5,6.6,4-6 hrs,7.66,4.5
STU2879,1.6,8.0,<2 hrs,8.79,1.0
STU2880,2.7,7.6,2-4 hrs,8.31,2.3
STU2881,0.9,8.3,<2 hrs,8.37,1.0
STU2882,3.3,7.2,2-4 hrs,7.42,1.9
STU2883,3.6,8.1,2-4 hrs,7.38,2.2
STU2884,3.1,8.1,2-4 hrs,8.13,1.6
STU2885,1.6,8.0,<2 hrs,8.83,1.0
STU2886,7.8,6.3,6+ hrs,6.92,6.3
STU2887,2.5,7.6,2-4 hrs,8.61,1.2
STU2888,0.9,8.1,<2 hrs,7.47,1.1
STU2889,3.9,6.8,2-4 hrs,7.9,2.0
STU2890,4.9,6.8,4-6 hrs,6.42,3.3
STU2891,1.0,8.7,<2 hrs,8.47,1.0
STU2892,2.0,8.2,2-4 hrs,8.11,1.0
STU2893,0.7,9.1,<2 hrs,8.79,1.0
STU2894,5.6,7.0,4-6 hrs,6.15,4.3
STU2895,2.3,7.7,2-4 hrs,8.59,2.5
STU2896,1.2,8.0,<2 hrs,8.11,1.0
STU2897,4.9,7.1,4-6 hrs,7.51,3.1
STU2898,2.5,7.5,2-4 hrs,9.72,1.9
STU2899,4.4,7.5,4-6 hrs,6.72,3.1
STU2900,3.4,7.7,2-4 hrs,7.8,2.6
STU2901,1.1,8.0,<2 hrs,7.49,1.0
STU2902,1.6,8.7,<2 hrs,8.6,1.0
STU2903,1.2,9.1,<2 hrs,9.35,1.0
STU2904,0.9,8.9,<2 hrs,9.53,1.0
STU2905,0.5,8.7,<2 hrs,9.32,1.0
STU2906,8.8,6.7,6+ hrs,6.07,6.7
STU2907,3.1,8.7,2-4 hrs,9.63,2.4
STU2908,3.4,8.0,2-4 hrs,9.0,1.3
STU2909,5.3,6.9,4-6 hrs,6.8,4.9
STU2910,1.6,8.3,<2 hrs,7.91,2.1
STU2911,0.7,8.6,<2 hrs,8.94,1.0
STU2912,4.2,7.0,4-6 hrs,7.04,3.2
STU2913,0.8,8.2,<2 hrs,9.41,1.0
STU2914,4.1,8.0,4-6 hrs,6.95,3.0
STU2915,0.6,7.4,<2 hrs,9.19,1.3
STU2916,0.8,7.7,<2 hrs,9.64,2.3
STU2917,1.5,8.0,<2 hrs,8.76,1.7
STU2918,4.0,7.7,4-6 hrs,7.13,3.0
STU2919,7.1,6.0,6+ hrs,7.01,4.7
STU2920,3.4,7.6,2-4 hrs,6.84,2.5
STU2921,1.5,8.7,<2 hrs,8.63,2.1
STU2922,4.7,7.4,4-6 hrs,7.36,3.3
STU2923,0.6,8.8,<2 hrs,9.24,1.0
STU2924,1.1,7.9,<2 hrs,9.11,1.0
STU2925,2.7,7.4,2-4 hrs,8.65,2.3
STU2926,4.3,7.8,4-6 hrs,7.54,3.2
STU2927,2.1,8.2,2-4 hrs,8.33,1.0
STU2928,1.9,7.4,<2 hrs,8.4,2.2
STU2929,2.0,7.6,2-4 hrs,8.23,1.1
STU2930,5.2,8.0,4-6 hrs,7.63,3.5
STU2931,1.3,7.7,<2 hrs,8.53,1.0
STU2932,1.0,8.7,<2 hrs,9.56,1.0
STU2933,2.0,7.8,2-4 hrs,8.61,1.6
STU2934,5.7,7.1,4-6 hrs,6.62,4.9
STU2935,1.4,8.3,<2 hrs,9.24,1.0
STU2936,2.0,6.9,2-4 hrs,8.16,1.8
STU2937,0.6,7.6,<2 hrs,9.61,1.0
STU2938,2.1,8.0,2-4 hrs,8.68,1.6
STU2939,3.0,7.4,2-4 hrs,7.79,2.8
STU2940,0.8,8.8,<2 hrs,9.46,1.0
STU2941,5.2,6.4,4-6 hrs,7.49,4.0
STU2942,2.9,8.1,2-4 hrs,8.89,2.6
STU2943,1.6,7.4,<2 hrs,9.36,1.0
STU2944,2.9,7.6,2-4 hrs,8.49,2.3
STU2945,3.5,7.1,2-4 hrs,7.25,2.2
STU2946,0.5,9.3,<2 hrs,10.0,1.0
STU2947,3.0,7.1,2-4 hrs,7.31,1.8
STU2948,5.6,7.0,4-6 hrs,7.55,4.3
STU2949,1.3,7.3,<2 hrs,9.17,1.0
STU2950,1.7,8.9,<2 hrs,8.03,1.5
STU2951,1.9,8.2,<2 hrs,8.57,1.3
STU2952,4.3,7.5,4-6 hrs,7.52,1.7
STU2953,1.0,9.0,<2 hrs,9.83,1.0
STU2954,3.4,7.7,2-4 hrs,7.54,2.4
STU2955,1.9,8.1,<2 hrs,8.49,1.5
STU2956,7.3,6.7,6+ hrs,4.81,4.6
STU2957,2.0,8.3,2-4 hrs,9.64,1.0
STU2958,0.5,8.1,<2 hrs,8.63,1.0
STU2959,3.9,7.4,2-4 hrs,7.94,2.5
STU2960,3.3,8.1,2-4 hrs,7.95,2.4
STU2961,2.8,7.9,2-4 hrs,8.18,1.7
STU2962,5.5,7.1,4-6 hrs,7.51,3.8
STU2963,0.5,7.7,<2 hrs,10.0,1.0
STU2964,1.1,9.0,<2 hrs,9.16,1.0
STU2965,2.4,7.6,2-4 hrs,8.81,2.1
STU2966,2.7,8.3,2-4 hrs,8.48,1.4
STU2967,2.1,8.1,2-4 hrs,9.17,1.6
STU2968,0.6,7.7,<2 hrs,8.95,1.0
STU2969,1.7,8.7,<2 hrs,9.38,1.0
STU2970,7.0,6.9,6+ hrs,7.02,3.9
STU2971,0.9,8.9,<2 hrs,9.74,2.6
STU2972,2.4,7.8,2-4 hrs,8.02,1.3
STU2973,3.4,8.0,2-4 hrs,7.87,2.9
STU2974,4.2,6.6,4-6 hrs,7.75,4.5
STU2975,3.9,7.3,2-4 hrs,6.92,3.4
STU2976,1.6,7.5,<2 hrs,9.74,1.0
STU2977,1.1,8.0,<2 hrs,9.0,1.0
STU2978,7.4,6.9,6+ hrs,6.34,4.5
STU2979,4.5,7.1,4-6 hrs,7.13,3.9
STU2980,2.5,8.3,2-4 hrs,7.58,2.2
STU2981,6.1,6.5,6+ hrs,6.39,3.9
STU2982,0.7,8.8,<2 hrs,9.32,1.0
STU2983,0.5,9.0,<2 hrs,9.68,1.0
STU2984,2.7,8.3,2-4 hrs,8.38,2.7
STU2985,2.8,7.6,2-4 hrs,8.45,2.1
STU2986,0.6,7.3,<2 hrs,9.03,1.0
STU2987,4.4,7.7,4-6 hrs,7.82,2.4
STU2988,0.5,8.3,<2 hrs,10.0,1.0
STU2989,3.2,7.2,2-4 hrs,8.48,3.0
STU2990,3.7,7.3,2-4 hrs,8.32,2.6
STU2991,2.7,8.5,2-4 hrs,8.46,2.6
STU2992,0.6,7.8,<2 hrs,8.33,1.0
STU2993,5.5,7.4,4-6 hrs,6.4,3.7
STU2994,1.6,8.2,<2 hrs,9.05,1.7
STU2995,1.6,7.9,<2 hrs,8.77,1.7
STU2996,1.4,8.5,<2 hrs,9.13,1.6
STU2997,4.0,8.3,4-6 hrs,8.71,2.6
STU2998,1.6,8.0,<2 hrs,9.22,1.6
STU2999,0.8,8.2,<2 hrs,9.9,1.4
STU3000,4.8,7.6,4-6 hrs,7.4,3.3
STU3001,2.3,8.4,2-4 hrs,7.98,1.2
STU3002,4.9,7.2,4-6 hrs,7.26,4.5
STU3003,2.5,7.7,2-4 hrs,7.89,1.2
STU3004,1.3,7.1,<2 hrs,9.85,1.4
STU3005,0.5,8.0,<2 hrs,9.75,1.0
STU3006,2.7,7.3,2-4 hrs,8.6,1.0
STU3007,1.9,8.4,<2 hrs,9.39,2.2
STU3008,4.1,7.4,4-6 hrs,6.44,1.0
STU3009,1.5,8.0,<2 hrs,9.18,1.0
STU3010,3.2,7.7,2-4 hrs,7.27,2.7
STU3011,2.4,7.5,2-4 hrs,8.42,2.1
STU3012,1.2,9.0,<2 hrs,8.77,1.0
STU3013,1.6,8.7,<2 hrs,9.18,1.2
STU3014,0.7,9.1,<2 hrs,9.32,1.0
STU3015,7.7,6.9,6+ hrs,6.84,6.0
STU3016,3.2,7.7,2-4 hrs,7.7,2.4
STU3017,0.6,9.2,<2 hrs,9.66,1.0
STU3018,7.5,6.3,6+ hrs,6.22,5.3
STU3019,0.9,7.8,<2 hrs,8.11,1.0
STU3020,1.5,7.8,<2 hrs,8.27,1.0
STU3021,2.0,8.3,2-4 hrs,8.51,1.0
STU3022,2.4,7.5,2-4 hrs,9.09,3.4
STU3023,4.0,7.4,4-6 hrs,7.98,3.8
STU3024,0.5,7.6,<2 hrs,8.57,1.0
STU3025,2.5,8.1,2-4 hrs,8.29,1.5
STU3026,1.9,7.3,<2 hrs,9.86,1.1
STU3027,2.7,7.4,2-4 hrs,8.35,2.8
STU3028,1.8,8.7,<2 hrs,8.49,1.0
STU3029,1.7,8.7,<2 hrs,9.03,1.0
STU3030,2.2,8.1,2-4 hrs,8.97,1.0
STU3031,7.2,6.8,6+ hrs,5.99,4.8
STU3032,1.7,7.8,<2 hrs,9.04,1.0
STU3033,5.3,6.8,4-6 hrs,6.92,3.8
STU3034,2.7,7.6,2-4 hrs,8.72,1.4
STU3035,2.6,7.1,2-4 hrs,8.43,1.2
STU3036,2.8,7.9,2-4 hrs,8.53,2.5
STU3037,3.4,7.7,2-4 hrs,7.51,2.7
STU3038,1.8,7.6,<2 hrs,8.2,1.7
STU3039,5.0,8.0,4-6 hrs,7.82,3.4
STU3040,3.4,8.0,2-4 hrs,7.92,1.9
STU3041,0.8,8.6,<2 hrs,9.31,1.0
STU3042,0.5,8.1,<2 hrs,9.09,1.0
STU3043,7.1,6.7,6+ hrs,6.84,3.2
STU3044,2.8,8.1,2-4 hrs,7.88,2.3
STU3045,0.7,8.4,<2 hrs,9.1,1.0
STU3046,1.7,8.9,<2 hrs,9.21,1.2
STU3047,4.5,7.3,4-6 hrs,8.18,3.0
STU3048,2.1,7.7,2-4 hrs,8.24,1.0
STU3049,2.2,8.3,2-4 hrs,9.69,1.2
STU3050,3.9,6.9,2-4 hrs,7.93,4.2
STU3051,3.0,8.2,2-4 hrs,7.52,2.1
STU3052,3.6,6.9,2-4 hrs,8.1,2.3
STU3053,3.9,7.8,2-4 hrs,7.52,2.7
STU3054,1.3,7.9,<2 hrs,9.18,1.2
STU3055,1.4,8.4,<2 hrs,8.84,1.5
STU3056,1.2,8.7,<2 hrs,9.0,1.0
STU3057,1.5,8.2,<2 hrs,8.28,1.4
STU3058,2.2,7.4,2-4 hrs,9.1,2.9
STU3059,2.3,7.5,2-4 hrs,7.77,2.4
STU3060,6.0,6.6,6+ hrs,6.13,6.1
STU3061,2.9,6.8,2-4 hrs,8.42,1.5
STU3062,2.2,8.5,2-4 hrs,9.47,2.9
STU3063,1.0,8.3,<2 hrs,8.84,1.0
STU3064,1.9,7.5,<2 hrs,9.07,1.6
STU3065,7.4,7.4,6+ hrs,6.81,5.8
STU3066,7.3,6.3,6+ hrs,6.7,4.7
STU3067,1.9,8.2,<2 hrs,8.46,1.4
STU3068,0.5,8.0,<2 hrs,8.62,1.1
STU3069,1.7,7.1,<2 hrs,7.41,1.0
STU3070,6.1,6.3,6+ hrs,6.6,5.6
STU3071,2.2,7.7,2-4 hrs,9.22,1.0
STU3072,4.0,7.9,4-6 hrs,7.03,4.4
STU3073,2.4,8.1,2-4 hrs,8.84,2.5
STU3074,0.6,8.4,<2 hrs,8.66,1.0
STU3075,2.4,6.9,2-4 hrs,8.48,1.4
STU3076,4.3,8.1,4-6 hrs,7.99,2.6
STU3077,1.5,8.2,<2 hrs,8.43,1.0
STU3078,4.2,7.4,4-6 hrs,7.71,2.9
STU3079,2.6,8.4,2-4 hrs,8.08,2.8
STU3080,4.1,8.1,4-6 hrs,8.08,4.4
STU3081,3.1,8.3,2-4 hrs,8.25,2.3
STU3082,1.0,8.1,<2 hrs,9.08,1.0
STU3083,1.9,7.5,<2 hrs,9.58,1.0
STU3084,1.8,8.5,<2 hrs,9.09,1.1
STU3085,1.4,7.5,<2 hrs,8.46,1.0
STU3086,2.9,8.7,2-4 hrs,8.14,1.1
STU3087,8.3,6.4,6+ hrs,5.72,7.5
STU3088,5.1,6.7,4-6 hrs,7.25,3.8
STU3089,5.5,6.5,4-6 hrs,8.54,3.2
STU3090,1.3,7.5,<2 hrs,9.14,1.6
STU3091,5.6,7.2,4-6 hrs,5.76,3.0
STU3092,6.8,6.8,6+ hrs,6.11,3.9
STU3093,1.3,7.6,<2 hrs,7.76,1.0
STU3094,3.3,7.5,2-4 hrs,7.82,3.6
STU3095,3.4,7.0,2-4 hrs,6.78,2.2
STU3096,2.0,8.3,2-4 hrs,8.08,1.0
STU3097,2.7,7.8,2-4 hrs,7.37,2.9
STU3098,3.5,7.4,2-4 hrs,8.16,2.2
STU3099,2.1,7.3,2-4 hrs,8.56,1.0
STU3100,4.9,7.1,4-6 hrs,7.48,3.2
STU3101,0.8,8.1,<2 hrs,9.08,1.0
STU3102,1.8,8.2,<2 hrs,7.85,1.6
STU3103,4.0,7.6,4-6 hrs,8.01,4.2
STU3104,7.7,7.0,6+ hrs,7.19,4.7
STU3105,5.1,7.0,4-6 hrs,7.45,3.6
STU3106,2.7,6.9,2-4 hrs,8.03,1.3
STU3107,2.2,8.4,2-4 hrs,7.65,1.0
STU3108,1.9,7.6,<2 hrs,8.1,2.0
STU3109,1.9,7.5,<2 hrs,8.92,1.7
STU3110,0.5,8.4,<2 hrs,9.92,1.0
STU3111,7.5,6.8,6+ hrs,6.28,5.6
STU3112,2.3,7.7,2-4 hrs,8.94,1.1
STU3113,1.2,7.9,<2 hrs,9.38,1.0
STU3114,3.3,7.5,2-4 hrs,8.32,2.3
STU3115,1.3,8.9,<2 hrs,8.52,1.8
STU3116,4.6,7.3,4-6 hrs,7.53,4.5
STU3117,1.3,7.7,<2 hrs,8.41,1.5
STU3118,4.1,7.0,4-6 hrs,7.67,2.9
STU3119,1.9,7.9,<2 hrs,8.84,1.5
STU3120,3.0,7.9,2-4 hrs,9.16,2.1
STU3121,4.4,7.6,4-6 hrs,6.73,2.3
STU3122,1.6,8.2,<2 hrs,9.07,1.1
STU3123,4.3,7.0,4-6 hrs,8.45,1.9
STU3124,0.5,8.2,<2 hrs,9.73,1.0
STU3125,6.5,7.2,6+ hrs,7.07,5.9
STU3126,4.8,6.7,4-6 hrs,7.69,4.0
STU3127,2.3,7.7,2-4 hrs,9.24,1.0
STU3128,5.4,7.4,4-6 hrs,6.42,3.7
STU3129,5.0,7.7,4-6 hrs,6.42,2.8
STU3130,2.4,7.8,2-4 hrs,8.42,1.6
STU3131,2.4,7.7,2-4 hrs,7.12,2.5
STU3132,1.1,7.6,<2 hrs,9.74,1.3
STU3133,2.5,8.1,2-4 hrs,9.11,3.7
STU3134,0.6,9.0,<2 hrs,8.97,1.4
STU3135,4.1,8.8,4-6 hrs,7.43,3.0
STU3136,4.2,7.6,4-6 hrs,7.57,3.5
STU3137,0.5,8.3,<2 hrs,9.31,1.0
STU3138,6.1,6.5,6+ hrs,6.83,3.4
STU3139,1.5,7.2,<2 hrs,9.16,2.1
STU3140,12.0,5.6,6+ hrs,4.0,9.2
STU3141,2.9,9.0,2-4 hrs,8.76,1.8
STU3142,6.1,7.6,6+ hrs,7.02,4.5
STU3143,1.1,8.8,<2 hrs,8.64,1.8
STU3144,1.9,8.1,<2 hrs,9.45,2.0
STU3145,1.6,8.3,<2 hrs,7.97,1.0
STU3146,0.6,7.1,<2 hrs,9.17,1.0
STU3147,0.8,8.7,<2 hrs,9.72,1.0
STU3148,2.2,7.7,2-4 hrs,8.08,2.4
STU3149,3.2,7.3,2-4 hrs,8.25,3.1
STU3150,1.0,8.1,<2 hrs,9.38,1.8
STU3151,1.8,7.9,<2 hrs,8.17,1.0
STU3152,1.3,7.8,<2 hrs,8.87,1.0
STU3153,2.3,7.9,2-4 hrs,8.37,2.5
STU3154,3.9,7.2,2-4 hrs,7.41,2.3
STU3155,2.6,7.9,2-4 hrs,9.71,1.0
STU3156,1.5,7.4,<2 hrs,8.37,1.5
STU3157,4.9,7.2,4-6 hrs,7.9,3.0
STU3158,3.1,7.2,2-4 hrs,7.87,3.6
STU3159,2.7,7.5,2-4 hrs,7.63,2.1
STU3160,1.0,8.3,<2 hrs,9.11,1.0
STU3161,4.6,6.5,4-6 hrs,7.82,2.9
STU3162,3.4,7.2,2-4 hrs,8.52,3.7
STU3163,3.5,7.9,2-4 hrs,8.86,2.7
STU3164,2.0,7.3,2-4 hrs,10.0,1.1
STU3165,1.8,8.9,<2 hrs,8.84,1.0
STU3166,7.5,7.2,6+ hrs,5.73,5.2
STU3167,1.7,7.8,<2 hrs,9.01,1.0
STU3168,0.8,7.9,<2 hrs,8.98,1.4
STU3169,2.8,7.9,2-4 hrs,8.8,1.0
STU3170,2.4,7.2,2-4 hrs,7.64,1.6
STU3171,5.0,6.2,4-6 hrs,8.67,4.0
STU3172,2.1,7.7,2-4 hrs,9.07,1.7
STU3173,3.8,7.5,2-4 hrs,6.78,2.1
STU3174,6.4,6.9,6+ hrs,6.19,5.0
STU3175,3.2,7.4,2-4 hrs,8.55,1.5
STU3176,1.0,8.9,<2 hrs,9.76,1.0
STU3177,3.3,6.9,2-4 hrs,7.25,2.8
STU3178,1.8,7.5,<2 hrs,9.12,1.6
STU3179,2.9,8.0,2-4 hrs,7.03,1.5
STU3180,2.4,7.3,2-4 hrs,8.37,2.6
STU3181,0.8,7.7,<2 hrs,9.81,1.0
STU3182,2.1,8.0,2-4 hrs,8.22,2.1
STU3183,1.0,7.7,<2 hrs,8.15,1.9
STU3184,1.6,8.0,<2 hrs,8.87,2.0
STU3185,4.5,7.0,4-6 hrs,7.11,4.0
STU3186,2.6,7.4,2-4 hrs,8.71,2.0
STU3187,3.6,6.5,2-4 hrs,7.35,3.2
STU3188,2.7,7.9,2-4 hrs,7.82,2.1
STU3189,1.9,7.4,<2 hrs,7.43,1.0
STU3190,2.9,7.7,2-4 hrs,8.3,2.3
STU3191,0.5,8.1,<2 hrs,9.18,1.0
STU3192,4.1,7.4,4-6 hrs,6.94,3.3
STU3193,1.2,8.1,<2 hrs,9.08,1.0
STU3194,3.5,7.7,2-4 hrs,8.54,1.8
STU3195,1.9,7.7,<2 hrs,8.52,1.9
STU3196,0.8,8.9,<2 hrs,9.3,1.0
STU3197,1.4,7.2,<2 hrs,9.03,2.1
STU3198,3.5,7.5,2-4 hrs,7.2,2.3
STU3199,9.2,6.6,6+ hrs,6.59,6.6
STU3200,2.3,8.2,2-4 hrs,8.18,2.1
STU3201,8.5,5.9,6+ hrs,6.07,6.4
STU3202,0.5,8.0,<2 hrs,9.74,1.0
STU3203,2.0,7.5,2-4 hrs,8.52,2.1
STU3204,2.3,8.2,2-4 hrs,8.83,1.9
STU3205,3.6,7.2,2-4 hrs,8.03,2.0
STU3206,1.4,8.3,<2 hrs,8.02,1.0
STU3207,3.1,7.9,2-4 hrs,7.91,1.9
STU3208,2.1,9.2,2-4 hrs,8.19,1.0
STU3209,5.5,7.3,4-6 hrs,6.75,5.2
STU3210,2.8,7.4,2-4 hrs,7.46,3.1
STU3211,12.0,4.8,6+ hrs,4.78,8.8
STU3212,2.1,7.8,2-4 hrs,9.52,1.3
STU3213,5.3,7.1,4-6 hrs,7.7,3.6
STU3214,6.5,5.8,6+ hrs,7.34,5.2
STU3215,0.5,8.0,<2 hrs,9.07,1.8
STU3216,4.1,7.6,4-6 hrs,7.27,2.4
STU3217,2.0,7.7,2-4 hrs,8.13,1.0
STU3218,0.9,8.8,<2 hrs,9.48,1.9
STU3219,5.6,6.3,4-6 hrs,7.12,2.5
STU3220,1.5,8.5,<2 hrs,8.78,1.0
STU3221,0.5,8.8,<2 hrs,10.0,1.0
STU3222,2.8,8.3,2-4 hrs,8.48,1.0
STU3223,6.2,6.2,6+ hrs,6.21,5.2
STU3224,0.9,8.4,<2 hrs,8.69,1.3
STU3225,4.4,7.1,4-6 hrs,7.93,2.6
STU3226,0.5,7.7,<2 hrs,9.9,1.4
STU3227,6.5,6.7,6+ hrs,6.91,5.7
STU3228,3.3,7.2,2-4 hrs,9.15,2.2
STU3229,0.8,8.8,<2 hrs,10.0,1.0
STU3230,4.2,7.7,4-6 hrs,7.87,4.7
STU3231,1.6,7.5,<2 hrs,8.28,1.7
STU3232,1.1,7.9,<2 hrs,8.22,1.0
STU3233,1.6,7.9,<2 hrs,8.55,2.2
STU3234,3.9,7.5,2-4 hrs,8.2,3.0
STU3235,1.0,8.8,<2 hrs,10.0,1.0
STU3236,0.5,8.7,<2 hrs,9.53,1.0
STU3237,1.6,8.1,<2 hrs,9.48,2.0
STU3238,5.8,6.9,4-6 hrs,6.74,2.5
STU3239,5.7,6.2,4-6 hrs,7.31,3.8
STU3240,1.6,8.7,<2 hrs,9.27,2.2
STU3241,1.5,7.9,<2 hrs,7.64,1.0
STU3242,1.4,8.9,<2 hrs,8.62,2.2
STU3243,1.4,8.2,<2 hrs,9.44,2.1
STU3244,1.5,9.1,<2 hrs,8.99,1.0
STU3245,2.9,8.1,2-4 hrs,7.48,1.6
STU3246,5.9,6.3,4-6 hrs,5.39,3.9
STU3247,1.0,7.9,<2 hrs,8.83,2.8
STU3248,1.2,8.1,<2 hrs,8.92,2.3
STU3249,3.2,7.3,2-4 hrs,7.53,2.3
STU3250,4.0,7.3,4-6 hrs,7.79,2.3
STU3251,0.6,7.7,<2 hrs,9.53,1.0
STU3252,7.3,6.7,6+ hrs,6.62,5.3
STU3253,1.9,8.1,<2 hrs,7.23,1.0
STU3254,0.7,7.8,<2 hrs,8.4,1.0
STU3255,0.6,9.3,<2 hrs,9.05,1.5
STU3256,0.5,8.4,<2 hrs,9.62,1.0
STU3257,5.2,6.8,4-6 hrs,7.45,4.3
STU3258,2.6,7.0,2-4 hrs,8.61,2.9
STU3259,5.3,7.2,4-6 hrs,6.88,3.3
STU3260,2.2,7.8,2-4 hrs,8.31,2.9
STU3261,5.2,7.6,4-6 hrs,6.72,3.1
STU3262,2.2,7.9,2-4 hrs,8.97,1.9
STU3263,3.6,7.0,2-4 hrs,7.33,2.3
STU3264,2.3,8.8,2-4 hrs,8.98,1.4
STU3265,2.1,8.2,2-4 hrs,8.68,1.0
STU3266,1.1,8.1,<2 hrs,8.98,1.3
STU3267,4.0,7.6,4-6 hrs,7.31,3.5
STU3268,0.9,8.5,<2 hrs,8.28,1.0
STU3269,4.0,6.8,4-6 hrs,7.31,1.7
STU3270,2.7,7.9,2-4 hrs,8.09,2.2
STU3271,4.0,7.3,4-6 hrs,6.28,3.1
STU3272,2.8,8.1,2-4 hrs,8.12,1.8
STU3273,5.6,6.7,4-6 hrs,7.53,5.4
STU3274,3.4,7.3,2-4 hrs,8.31,1.1
STU3275,2.7,8.7,2-4 hrs,7.99,1.0
STU3276,0.5,9.0,<2 hrs,9.3,1.0
STU3277,5.7,5.4,4-6 hrs,6.6,4.6
STU3278,0.5,9.0,<2 hrs,9.36,1.0
STU3279,0.7,8.3,<2 hrs,10.0,1.0
STU3280,4.3,7.1,4-6 hrs,8.15,3.8
STU3281,2.5,7.4,2-4 hrs,8.69,2.1
STU3282,0.5,7.9,<2 hrs,8.98,1.0
STU3283,1.5,7.8,<2 hrs,9.27,1.7
STU3284,5.5,6.6,4-6 hrs,6.01,3.5
STU3285,2.8,7.1,2-4 hrs,8.09,1.7
STU3286,2.5,7.4,2-4 hrs,8.73,2.4
STU3287,1.4,8.3,<2 hrs,9.31,1.0
STU3288,4.4,7.4,4-6 hrs,7.92,1.4
STU3289,2.3,8.2,2-4 hrs,8.64,1.3
STU3290,3.9,7.5,2-4 hrs,7.63,3.5
STU3291,1.2,7.5,<2 hrs,9.28,1.0
STU3292,9.2,6.4,6+ hrs,4.79,7.1
STU3293,6.2,6.4,6+ hrs,6.2,2.7
STU3294,2.8,8.1,2-4 hrs,8.28,2.2
STU3295,3.2,7.1,2-4 hrs,8.16,2.8
STU3296,1.5,7.8,<2 hrs,7.73,1.0
STU3297,4.1,7.3,4-6 hrs,7.93,3.6
STU3298,0.5,8.7,<2 hrs,9.74,1.0
STU3299,7.3,6.8,6+ hrs,6.17,7.6
STU3300,3.9,7.5,2-4 hrs,9.17,1.0
STU3301,1.0,9.2,<2 hrs,8.64,1.8
STU3302,7.1,5.8,6+ hrs,6.09,4.7
STU3303,8.7,5.8,6+ hrs,5.35,4.8
STU3304,3.3,7.1,2-4 hrs,7.97,1.9
STU3305,1.3,7.3,<2 hrs,8.72,1.1
STU3306,2.6,7.5,2-4 hrs,7.49,2.6
STU3307,3.7,7.9,2-4 hrs,7.51,4.0
STU3308,3.1,7.4,2-4 hrs,8.05,3.3
STU3309,1.0,8.1,<2 hrs,9.79,1.0
STU3310,3.6,6.7,2-4 hrs,9.2,3.4
STU3311,5.5,6.7,4-6 hrs,7.83,4.2
STU3312,0.8,8.1,<2 hrs,8.67,1.0
STU3313,0.9,8.6,<2 hrs,8.68,1.0
STU3314,1.5,7.3,<2 hrs,8.73,1.0
STU3315,2.1,7.7,2-4 hrs,9.63,1.5
STU3316,4.5,7.9,4-6 hrs,7.38,2.6
STU3317,5.4,6.9,4-6 hrs,6.27,3.0
STU3318,1.2,7.1,<2 hrs,8.66,1.2
STU3319,2.9,8.4,2-4 hrs,8.65,2.5
STU3320,5.3,7.5,4-6 hrs,7.53,3.6
STU3321,9.5,6.6,6+ hrs,5.1,7.7
STU3322,2.9,6.9,2-4 hrs,8.61,1.8
STU3323,3.0,8.5,2-4 hrs,6.79,1.9
STU3324,3.4,7.3,2-4 hrs,8.03,2.9
STU3325,1.9,7.8,<2 hrs,9.16,1.2
STU3326,2.7,7.5,2-4 hrs,7.79,2.0
STU3327,0.5,8.8,<2 hrs,8.77,1.0
STU3328,1.5,8.0,<2 hrs,7.71,1.1
STU3329,3.6,7.8,2-4 hrs,8.83,1.1
STU3330,1.1,8.3,<2 hrs,8.57,1.0
STU3331,4.6,7.3,4-6 hrs,7.57,2.2
STU3332,0.5,7.9,<2 hrs,9.64,1.0
STU3333,4.4,8.3,4-6 hrs,8.43,2.6
STU3334,4.4,6.7,4-6 hrs,7.43,2.7
STU3335,9.6,6.3,6+ hrs,4.86,7.3
STU3336,1.9,8.2,<2 hrs,8.75,1.5
STU3337,2.5,8.5,2-4 hrs,9.15,1.0
STU3338,6.8,7.5,6+ hrs,6.34,4.8
STU3339,6.2,6.9,6+ hrs,6.14,4.6
STU3340,5.0,7.5,4-6 hrs,6.33,3.2
STU3341,3.2,8.6,2-4 hrs,7.33,2.2
STU3342,6.7,6.8,6+ hrs,7.0,4.8
STU3343,11.9,5.0,6+ hrs,4.0,8.9
STU3344,3.8,7.4,2-4 hrs,7.43,1.4
STU3345,2.6,7.2,2-4 hrs,7.9,1.6
STU3346,4.2,7.6,4-6 hrs,7.66,4.1
STU3347,2.9,8.3,2-4 hrs,8.05,3.2
STU3348,2.0,7.9,2-4 hrs,8.44,2.1
STU3349,4.6,6.5,4-6 hrs,8.24,3.6
STU3350,1.7,8.6,<2 hrs,9.66,2.5
STU3351,3.8,6.7,2-4 hrs,6.82,4.2
STU3352,0.6,7.6,<2 hrs,9.43,1.0
STU3353,7.5,6.5,6+ hrs,5.66,4.5
STU3354,1.3,8.3,<2 hrs,8.77,1.0
STU3355,0.7,8.5,<2 hrs,9.37,3.0
STU3356,6.1,6.9,6+ hrs,6.63,3.0
STU3357,6.9,7.7,6+ hrs,6.53,4.5
STU3358,3.2,7.7,2-4 hrs,8.46,1.1
STU3359,2.3,8.4,2-4 hrs,8.64,1.7
STU3360,1.9,8.4,<2 hrs,8.26,1.0
STU3361,3.0,7.1,2-4 hrs,7.77,2.0
STU3362,2.4,7.8,2-4 hrs,7.56,1.0
STU3363,2.2,9.0,2-4 hrs,8.0,2.0
STU3364,1.2,7.9,<2 hrs,10.0,1.8
STU3365,0.9,7.9,<2 hrs,8.62,1.0
STU3366,2.7,7.9,2-4 hrs,7.57,1.8
STU3367,3.0,7.5,2-4 hrs,8.34,2.0
STU3368,1.4,7.8,<2 hrs,8.8,1.1
STU3369,1.5,7.9,<2 hrs,8.71,1.0
STU3370,3.0,8.5,2-4 hrs,9.0,2.7
STU3371,1.1,8.2,<2 hrs,9.33,1.8
STU3372,5.2,6.5,4-6 hrs,6.84,3.0
STU3373,3.7,6.8,2-4 hrs,7.58,2.3
STU3374,1.3,9.3,<2 hrs,8.61,1.6
STU3375,3.6,7.5,2-4 hrs,8.4,1.4
STU3376,1.2,8.4,<2 hrs,8.78,1.0
STU3377,4.5,7.0,4-6 hrs,6.4,3.3
STU3378,1.2,8.4,<2 hrs,8.93,1.2
STU3379,2.3,8.7,2-4 hrs,7.54,1.0
STU3380,2.8,7.5,2-4 hrs,9.55,1.5
STU3381,6.8,7.0,6+ hrs,5.86,4.2
STU3382,1.3,7.5,<2 hrs,8.82,1.0
STU3383,1.2,9.2,<2 hrs,9.11,1.4
STU3384,0.6,8.5,<2 hrs,9.06,1.0
STU3385,8.1,6.3,6+ hrs,5.68,5.5
STU3386,2.6,7.7,2-4 hrs,8.58,1.1
STU3387,5.3,6.9,4-6 hrs,8.03,2.5
STU3388,1.5,7.9,<2 hrs,9.29,1.7
STU3389,1.7,6.9,<2 hrs,9.62,1.0
STU3390,2.4,7.9,2-4 hrs,7.79,1.8
STU3391,2.5,7.8,2-4 hrs,8.57,1.0
STU3392,4.1,7.7,4-6 hrs,7.75,2.3
STU3393,2.6,7.6,2-4 hrs,8.54,2.4
STU3394,1.8,7.7,<2 hrs,9.52,3.3
STU3395,8.2,6.4,6+ hrs,5.68,4.2
STU3396,1.1,7.4,<2 hrs,8.76,1.0
STU3397,1.3,8.2,<2 hrs,9.24,1.2
STU3398,1.2,7.3,<2 hrs,7.89,1.0
STU3399,4.2,8.0,4-6 hrs,7.47,3.6
STU3400,3.5,8.0,2-4 hrs,7.84,1.8
STU3401,2.2,7.5,2-4 hrs,7.96,1.7
STU3402,1.1,8.6,<2 hrs,9.64,1.0
STU3403,2.8,7.9,2-4 hrs,7.6,2.9
STU3404,4.6,6.8,4-6 hrs,7.35,2.7
STU3405,7.0,5.7,6+ hrs,6.53,4.6
STU3406,1.5,8.3,<2 hrs,9.64,1.8
STU3407,2.2,7.6,2-4 hrs,8.5,1.0
STU3408,3.4,8.2,2-4 hrs,8.53,2.4
STU3409,1.8,8.1,<2 hrs,9.11,1.0
STU3410,0.7,8.0,<2 hrs,9.26,1.0
STU3411,2.2,8.8,2-4 hrs,7.86,1.8
STU3412,0.8,8.6,<2 hrs,8.28,1.0
STU3413,4.9,5.4,4-6 hrs,7.36,3.0
STU3414,2.0,7.8,2-4 hrs,8.27,1.8
STU3415,2.4,7.2,2-4 hrs,8.97,1.2
STU3416,1.3,7.8,<2 hrs,9.36,1.6
STU3417,2.5,7.8,2-4 hrs,8.26,1.9
STU3418,5.9,7.2,4-6 hrs,6.15,4.5
STU3419,5.2,7.3,4-6 hrs,7.47,4.6
STU3420,0.9,8.8,<2 hrs,8.48,1.0
STU3421,0.5,8.7,<2 hrs,8.82,1.6
STU3422,2.2,8.2,2-4 hrs,7.92,2.3
STU3423,2.0,8.1,2-4 hrs,8.52,1.0
STU3424,1.9,8.7,<2 hrs,9.35,2.4
STU3425,1.6,7.9,<2 hrs,8.78,1.3
STU3426,0.9,8.1,<2 hrs,8.83,1.0
STU3427,10.1,5.0,6+ hrs,4.04,7.3
STU3428,8.1,7.0,6+ hrs,6.19,6.6
STU3429,1.8,8.0,<2 hrs,8.22,1.6
STU3430,2.8,9.3,2-4 hrs,8.31,3.4
STU3431,4.9,7.1,4-6 hrs,7.08,4.3
STU3432,2.8,7.8,2-4 hrs,8.74,2.4
STU3433,1.7,8.3,<2 hrs,8.64,1.0
STU3434,0.7,7.8,<2 hrs,9.15,1.0
STU3435,2.5,8.1,2-4 hrs,8.67,1.8
STU3436,0.8,8.3,<2 hrs,10.0,1.1
STU3437,5.6,6.9,4-6 hrs,7.51,4.4
STU3438,2.4,8.5,2-4 hrs,8.37,1.8
STU3439,3.7,7.1,2-4 hrs,7.84,2.7
STU3440,1.9,8.2,<2 hrs,8.33,1.9
STU3441,4.5,8.1,4-6 hrs,6.91,2.5
STU3442,1.5,7.8,<2 hrs,8.49,2.4
STU3443,3.1,7.6,2-4 hrs,7.64,1.0
STU3444,1.9,9.2,<2 hrs,9.04,2.5
STU3445,2.1,8.2,2-4 hrs,7.91,1.4
STU3446,4.9,7.0,4-6 hrs,8.09,4.2
STU3447,1.3,8.6,<2 hrs,9.37,1.2
STU3448,3.3,7.4,2-4 hrs,8.03,2.6
STU3449,6.1,6.2,6+ hrs,6.76,4.7
STU3450,4.8,8.0,4-6 hrs,7.01,4.0
STU3451,1.5,7.6,<2 hrs,8.99,1.0
STU3452,3.6,8.8,2-4 hrs,8.53,3.3
STU3453,0.5,8.1,<2 hrs,8.85,1.0
STU3454,5.0,8.3,4-6 hrs,6.33,3.5
STU3455,11.9,4.8,6+ hrs,4.57,9.0
STU3456,3.1,8.2,2-4 hrs,8.3,3.0
STU3457,6.3,7.2,6+ hrs,5.99,4.8
STU3458,0.7,8.7,<2 hrs,8.74,1.0
STU3459,1.0,8.7,<2 hrs,8.53,1.4
STU3460,1.9,7.8,<2 hrs,8.21,1.0
STU3461,2.2,7.3,2-4 hrs,8.32,2.9
STU3462,3.1,7.7,2-4 hrs,7.95,2.1
STU3463,1.5,8.2,<2 hrs,8.43,1.0
STU3464,2.8,7.6,2-4 hrs,7.79,1.0
STU3465,4.9,7.4,4-6 hrs,7.16,3.5
STU3466,3.6,7.8,2-4 hrs,7.98,2.6
STU3467,1.9,7.6,<2 hrs,8.46,2.9
STU3468,4.2,7.6,4-6 hrs,8.31,2.1
STU3469,1.8,7.9,<2 hrs,8.99,1.3
STU3470,2.7,7.5,2-4 hrs,7.33,1.0
STU3471,4.7,7.7,4-6 hrs,7.7,2.9
STU3472,2.2,7.6,2-4 hrs,8.87,2.9
STU3473,0.8,8.1,<2 hrs,8.88,1.0
STU3474,2.6,7.9,2-4 hrs,7.43,2.3
STU3475,4.7,8.0,4-6 hrs,7.39,3.6
STU3476,5.0,7.3,4-6 hrs,7.25,3.5
STU3477,1.0,8.5,<2 hrs,8.38,1.1
STU3478,4.1,7.3,4-6 hrs,6.78,1.9
STU3479,2.1,7.9,2-4 hrs,8.5,2.8
STU3480,6.6,6.8,6+ hrs,6.39,6.2
STU3481,0.8,8.4,<2 hrs,8.89,1.0
STU3482,4.1,7.3,4-6 hrs,7.6,4.8
STU3483,1.9,8.7,<2 hrs,7.98,1.0
STU3484,1.5,7.9,<2 hrs,8.56,1.4
STU3485,4.9,6.4,4-6 hrs,7.61,4.6
STU3486,5.4,8.5,4-6 hrs,6.86,3.4
STU3487,0.5,8.2,<2 hrs,8.27,1.0
STU3488,4.9,7.9,4-6 hrs,7.01,2.1
STU3489,2.4,8.6,2-4 hrs,7.78,3.3
STU3490,2.6,8.3,2-4 hrs,8.49,1.4
STU3491,0.8,8.2,<2 hrs,9.33,1.0
STU3492,3.9,7.7,2-4 hrs,6.75,1.8
STU3493,10.2,5.3,6+ hrs,5.37,7.9
STU3494,1.6,9.1,<2 hrs,8.11,1.0
STU3495,5.7,6.6,4-6 hrs,7.87,3.6
STU3496,2.5,7.7,2-4 hrs,8.35,2.0
STU3497,1.7,8.1,<2 hrs,7.99,1.0
STU3498,0.6,8.3,<2 hrs,8.54,1.0
STU3499,6.3,6.6,6+ hrs,6.87,5.5
STU3500,2.7,8.5,2-4 hrs,8.05,2.2
STU3501,1.7,8.6,<2 hrs,8.68,1.3
STU3502,2.0,8.2,2-4 hrs,9.57,1.6
STU3503,4.1,7.3,4-6 hrs,7.24,2.6
STU3504,1.7,8.6,<2 hrs,8.77,2.8
STU3505,1.1,8.0,<2 hrs,9.86,1.0
STU3506,2.3,8.7,2-4 hrs,8.63,1.8
STU3507,2.2,8.0,2-4 hrs,7.55,1.6
STU3508,2.2,8.6,2-4 hrs,8.81,2.3
STU3509,1.8,8.0,<2 hrs,7.99,2.1
STU3510,5.9,7.1,4-6 hrs,7.69,4.1
STU3511,12.0,6.1,6+ hrs,4.0,8.6
STU3512,1.0,9.3,<2 hrs,10.0,1.0
STU3513,0.5,9.2,<2 hrs,10.0,1.0
STU3514,2.1,8.4,2-4 hrs,8.08,1.0
STU3515,0.5,8.7,<2 hrs,9.29,1.0
STU3516,0.6,8.1,<2 hrs,9.68,1.0
STU3517,1.6,8.2,<2 hrs,9.25,1.0
STU3518,4.1,7.0,4-6 hrs,7.92,3.5
STU3519,2.1,8.2,2-4 hrs,9.31,1.5
STU3520,0.5,8.6,<2 hrs,9.2,1.0
STU3521,2.0,7.0,2-4 hrs,8.38,1.0
STU3522,2.2,8.0,2-4 hrs,8.3,1.5
STU3523,2.2,8.2,2-4 hrs,9.03,1.0
STU3524,5.3,7.1,4-6 hrs,7.33,3.6
STU3525,4.7,7.5,4-6 hrs,7.56,3.3
STU3526,2.6,7.2,2-4 hrs,8.81,2.0
STU3527,9.0,5.9,6+ hrs,4.22,5.0
STU3528,1.6,8.6,<2 hrs,8.97,1.3
STU3529,2.3,7.9,2-4 hrs,8.6,1.0
STU3530,2.5,8.0,2-4 hrs,9.38,1.1
STU3531,0.6,8.1,<2 hrs,8.31,1.0
STU3532,2.5,7.9,2-4 hrs,9.31,3.4
STU3533,0.5,7.2,<2 hrs,9.32,1.0
STU3534,1.4,8.6,<2 hrs,9.16,1.0
STU3535,2.7,8.7,2-4 hrs,9.29,2.0
STU3536,0.7,7.8,<2 hrs,9.52,1.2
STU3537,3.2,7.2,2-4 hrs,8.3,2.7
STU3538,1.2,8.4,<2 hrs,9.11,3.0
STU3539,1.9,8.8,<2 hrs,8.35,1.0
STU3540,3.6,7.6,2-4 hrs,7.86,2.7
STU3541,2.3,7.3,2-4 hrs,8.04,2.8
STU3542,3.1,7.6,2-4 hrs,8.08,3.4
STU3543,3.5,7.1,2-4 hrs,6.52,1.0
STU3544,2.3,7.6,2-4 hrs,8.72,1.6
STU3545,3.3,7.5,2-4 hrs,7.94,3.5
STU3546,1.4,7.7,<2 hrs,8.67,3.3
STU3547,3.6,7.2,2-4 hrs,8.01,3.1
STU3548,2.1,8.0,2-4 hrs,7.69,1.2
STU3549,6.0,7.1,6+ hrs,7.96,3.4
STU3550,2.8,7.1,2-4 hrs,8.18,3.7
STU3551,1.6,8.3,<2 hrs,8.69,1.7
STU3552,3.6,7.4,2-4 hrs,7.3,1.8
STU3553,6.1,7.3,6+ hrs,6.77,4.1
STU3554,1.7,8.5,<2 hrs,9.57,1.4
STU3555,1.5,7.9,<2 hrs,9.45,1.5
STU3556,0.5,8.7,<2 hrs,9.79,1.0
STU3557,2.8,7.4,2-4 hrs,8.57,1.5
STU3558,1.9,8.7,<2 hrs,8.43,1.0
STU3559,3.6,7.2,2-4 hrs,7.01,3.4
STU3560,3.7,7.8,2-4 hrs,7.71,2.3
STU3561,0.7,8.2,<2 hrs,9.04,1.0
STU3562,4.7,6.8,4-6 hrs,8.01,4.4
STU3563,1.3,8.6,<2 hrs,9.1,1.1
STU3564,1.7,7.8,<2 hrs,9.7,1.1
STU3565,3.2,6.8,2-4 hrs,8.78,2.4
STU3566,0.9,6.8,<2 hrs,8.82,1.0
STU3567,1.5,7.7,<2 hrs,7.75,2.0
STU3568,0.8,9.0,<2 hrs,9.97,1.0
STU3569,5.0,7.9,4-6 hrs,8.07,3.1
STU3570,1.8,7.7,<2 hrs,7.87,2.1
STU3571,0.8,8.1,<2 hrs,10.0,1.5
STU3572,0.8,8.1,<2 hrs,9.37,1.0
STU3573,4.4,6.7,4-6 hrs,7.62,4.3
STU3574,1.2,7.7,<2 hrs,9.93,1.1
STU3575,1.7,8.6,<2 hrs,9.54,1.4
STU3576,2.6,8.1,2-4 hrs,8.72,2.6
STU3577,1.9,8.2,<2 hrs,8.93,1.0
STU3578,0.5,7.7,<2 hrs,9.64,1.1
STU3579,3.9,7.6,2-4 hrs,7.5,2.4
STU3580,2.1,6.8,2-4 hrs,8.52,1.0
STU3581,3.1,8.1,2-4 hrs,7.56,1.4
STU3582,4.1,7.6,4-6 hrs,7.46,3.3
STU3583,0.5,7.7,<2 hrs,9.06,1.0
STU3584,4.1,8.3,4-6 hrs,7.27,4.2
STU3585,11.1,4.8,6+ hrs,4.59,8.7
STU3586,3.4,7.9,2-4 hrs,7.78,3.4
STU3587,6.0,7.3,6+ hrs,7.1,4.3
STU3588,4.9,6.7,4-6 hrs,6.32,3.6
STU3589,4.0,7.5,4-6 hrs,7.63,1.8
STU3590,5.0,6.4,4-6 hrs,7.33,4.3
STU3591,5.6,5.7,4-6 hrs,6.79,4.2
STU3592,5.7,6.5,4-6 hrs,6.83,4.4
STU3593,0.8,8.0,<2 hrs,8.19,1.9
STU3594,5.2,7.5,4-6 hrs,7.37,3.2
STU3595,2.0,8.0,2-4 hrs,8.99,1.3
STU3596,5.8,7.1,4-6 hrs,7.19,4.3
STU3597,3.6,7.1,2-4 hrs,8.5,1.8
STU3598,0.8,8.0,<2 hrs,9.26,1.0
STU3599,6.4,6.4,6+ hrs,6.91,4.9
STU3600,1.3,7.6,<2 hrs,9.01,1.0
STU3601,2.0,7.7,2-4 hrs,9.01,2.4
STU3602,7.4,6.7,6+ hrs,5.22,4.0
STU3603,2.8,7.5,2-4 hrs,7.7,2.9
STU3604,1.9,7.9,<2 hrs,9.6,1.9
STU3605,2.4,8.2,2-4 hrs,6.94,1.2
STU3606,1.9,7.8,<2 hrs,8.56,1.0
STU3607,4.4,6.7,4-6 hrs,8.22,1.4
STU3608,1.9,8.3,<2 hrs,8.59,1.0
STU3609,2.4,8.0,2-4 hrs,8.18,2.5
STU3610,3.8,7.7,2-4 hrs,7.87,2.6
STU3611,3.5,7.9,2-4 hrs,7.71,3.4
STU3612,1.4,8.4,<2 hrs,8.89,1.0
STU3613,4.4,7.4,4-6 hrs,7.11,3.6
STU3614,1.6,9.3,<2 hrs,9.45,1.0
STU3615,1.0,7.6,<2 hrs,9.9,1.0
STU3616,0.5,8.1,<2 hrs,9.19,1.0
STU3617,2.2,8.4,2-4 hrs,7.68,1.0
STU3618,0.5,8.4,<2 hrs,8.96,1.0
STU3619,1.2,8.6,<2 hrs,8.85,1.0
STU3620,2.5,8.0,2-4 hrs,8.68,1.8
STU3621,5.5,7.8,4-6 hrs,6.42,4.9
STU3622,2.0,7.5,2-4 hrs,8.14,2.1
STU3623,0.6,9.0,<2 hrs,9.54,1.4
STU3624,2.3,8.5,2-4 hrs,9.03,2.2
STU3625,5.3,6.6,4-6 hrs,6.74,4.0
STU3626,2.0,8.3,2-4 hrs,7.8,1.0
STU3627,6.1,7.0,6+ hrs,8.73,4.4
STU3628,2.5,7.6,2-4 hrs,8.84,2.2
STU3629,4.1,6.5,4-6 hrs,7.49,4.0
STU3630,2.9,7.3,2-4 hrs,8.72,2.6
STU3631,5.9,7.4,4-6 hrs,6.77,5.1
STU3632,9.4,6.6,6+ hrs,5.79,5.8
STU3633,1.7,8.0,<2 hrs,8.83,1.0
STU3634,2.8,8.2,2-4 hrs,8.29,2.3
STU3635,5.5,7.6,4-6 hrs,6.96,4.8
STU3636,3.0,7.8,2-4 hrs,7.28,2.0
STU3637,0.5,8.0,<2 hrs,10.0,1.0
STU3638,2.0,8.2,2-4 hrs,8.04,1.9
STU3639,3.0,8.0,2-4 hrs,7.33,1.2
STU3640,7.0,7.1,6+ hrs,6.22,6.2
STU3641,2.7,8.3,2-4 hrs,7.71,1.2
STU3642,1.2,7.5,<2 hrs,8.93,1.0
STU3643,3.1,7.5,2-4 hrs,8.52,2.2
STU3644,6.6,5.9,6+ hrs,7.13,6.0
STU3645,1.5,8.5,<2 hrs,9.31,1.5
STU3646,1.6,8.0,<2 hrs,8.6,1.7
STU3647,1.5,8.3,<2 hrs,8.85,1.1
STU3648,0.7,7.6,<2 hrs,9.43,1.0
STU3649,2.6,8.6,2-4 hrs,7.28,1.0
STU3650,2.4,7.3,2-4 hrs,8.76,1.0
STU3651,0.5,8.8,<2 hrs,8.4,1.0
STU3652,1.2,8.3,<2 hrs,10.0,1.9
STU3653,2.9,7.7,2-4 hrs,7.95,2.3
STU3654,4.1,7.3,4-6 hrs,7.54,3.4
STU3655,4.9,7.0,4-6 hrs,6.83,4.7
STU3656,4.3,8.1,4-6 hrs,7.19,3.3
STU3657,2.5,7.9,2-4 hrs,9.74,1.7
STU3658,0.6,7.7,<2 hrs,9.79,1.0
STU3659,2.1,7.8,2-4 hrs,7.63,3.1
STU3660,0.5,8.4,<2 hrs,10.0,1.0
STU3661,2.9,8.2,2-4 hrs,8.91,1.3
STU3662,1.4,7.8,<2 hrs,8.7,1.0
STU3663,0.5,8.1,<2 hrs,9.46,1.4
STU3664,3.3,7.7,2-4 hrs,8.01,1.5
STU3665,6.5,7.3,6+ hrs,7.76,6.0
STU3666,0.5,7.7,<2 hrs,8.8,1.0
STU3667,3.5,7.9,2-4 hrs,8.01,3.6
STU3668,1.8,7.8,<2 hrs,8.43,1.6
STU3669,1.3,8.0,<2 hrs,8.06,1.0
STU3670,1.3,9.2,<2 hrs,10.0,1.0
STU3671,1.8,8.0,<2 hrs,7.98,2.8
STU3672,1.8,8.4,<2 hrs,8.82,1.8
STU3673,2.4,8.3,2-4 hrs,7.38,1.0
STU3674,1.2,7.6,<2 hrs,8.72,1.0
STU3675,1.4,7.2,<2 hrs,9.12,1.1
STU3676,3.7,8.0,2-4 hrs,7.34,2.6
STU3677,1.1,7.7,<2 hrs,9.36,1.0
STU3678,3.0,6.9,2-4 hrs,7.99,2.1
STU3679,1.9,8.5,<2 hrs,9.34,1.0
STU3680,1.6,7.6,<2 hrs,9.6,1.1
STU3681,7.9,6.1,6+ hrs,5.59,6.1
STU3682,0.8,9.3,<2 hrs,9.19,1.8
STU3683,6.8,6.0,6+ hrs,6.55,5.5
STU3684,4.5,6.7,4-6 hrs,7.85,2.6
STU3685,1.5,7.9,<2 hrs,8.83,1.3
STU3686,4.6,7.2,4-6 hrs,7.54,3.3
STU3687,0.5,7.9,<2 hrs,9.13,1.0
STU3688,1.3,7.6,<2 hrs,8.98,1.2
STU3689,1.1,9.0,<2 hrs,9.78,2.3
STU3690,3.3,7.8,2-4 hrs,8.4,2.3
STU3691,4.1,7.8,4-6 hrs,8.08,1.6
STU3692,3.3,7.6,2-4 hrs,8.45,2.3
STU3693,2.7,8.0,2-4 hrs,8.19,1.0
STU3694,4.8,7.8,4-6 hrs,7.53,4.1
STU3695,4.3,6.9,4-6 hrs,6.91,3.4
STU3696,1.4,8.3,<2 hrs,9.63,1.0
STU3697,1.6,8.4,<2 hrs,7.11,1.0
STU3698,4.2,8.2,4-6 hrs,7.56,2.8
STU3699,2.4,8.9,2-4 hrs,9.1,1.7
STU3700,2.5,7.9,2-4 hrs,7.56,1.1
STU3701,2.8,8.4,2-4 hrs,8.48,1.0
STU3702,0.5,7.0,<2 hrs,8.87,1.3
STU3703,1.4,8.9,<2 hrs,8.65,1.0
STU3704,3.5,7.3,2-4 hrs,8.49,2.6
STU3705,1.4,8.0,<2 hrs,8.99,1.2
STU3706,2.1,8.2,2-4 hrs,7.33,1.7
STU3707,3.5,7.5,2-4 hrs,7.34,1.5
STU3708,5.0,7.3,4-6 hrs,7.84,2.2
STU3709,5.4,7.9,4-6 hrs,7.34,3.3
STU3710,5.6,6.9,4-6 hrs,8.03,4.2
STU3711,2.2,7.4,2-4 hrs,9.52,1.0
STU3712,2.0,8.9,2-4 hrs,8.39,1.1
STU3713,0.9,8.5,<2 hrs,10.0,2.3
STU3714,6.5,7.8,6+ hrs,6.59,3.1
STU3715,2.0,8.4,2-4 hrs,8.02,1.0
STU3716,6.4,6.2,6+ hrs,6.24,6.0
STU3717,3.1,8.0,2-4 hrs,6.75,2.1
STU3718,5.1,6.7,4-6 hrs,8.17,3.0
STU3719,2.3,7.9,2-4 hrs,9.42,2.5
STU3720,3.8,7.5,2-4 hrs,7.18,2.7
STU3721,5.2,6.4,4-6 hrs,7.02,3.4
STU3722,1.7,7.7,<2 hrs,8.79,1.3
STU3723,5.6,8.2,4-6 hrs,6.4,3.4
STU3724,1.0,8.4,<2 hrs,8.0,1.0
STU3725,7.8,6.5,6+ hrs,5.86,5.4
STU3726,2.8,8.7,2-4 hrs,8.05,1.2
STU3727,1.4,8.0,<2 hrs,8.64,1.0
STU3728,4.4,7.4,4-6 hrs,7.65,3.4
STU3729,3.2,8.2,2-4 hrs,8.92,2.9
STU3730,0.5,8.2,<2 hrs,9.09,1.3
STU3731,1.8,7.7,<2 hrs,8.79,1.0
STU3732,1.0,7.1,<2 hrs,9.49,1.1
STU3733,1.1,7.8,<2 hrs,9.34,1.2
STU3734,1.1,7.8,<2 hrs,8.64,1.0
STU3735,3.6,7.7,2-4 hrs,7.94,2.1
STU3736,4.7,7.0,4-6 hrs,7.71,2.5
STU3737,1.3,9.3,<2 hrs,8.24,1.3
STU3738,0.5,7.8,<2 hrs,10.0,1.0
STU3739,9.0,7.0,6+ hrs,6.31,6.1
STU3740,2.8,7.9,2-4 hrs,7.81,1.0
STU3741,4.4,7.8,4-6 hrs,7.64,2.0
STU3742,2.1,8.3,2-4 hrs,8.94,1.0
STU3743,0.5,7.3,<2 hrs,8.95,1.2
STU3744,3.4,7.6,2-4 hrs,8.26,2.9
STU3745,7.3,6.5,6+ hrs,6.31,4.7
STU3746,1.5,7.6,<2 hrs,7.94,1.6
STU3747,0.5,8.6,<2 hrs,9.55,1.1
STU3748,0.9,9.1,<2 hrs,8.43,1.0
STU3749,4.6,6.0,4-6 hrs,7.99,2.1
STU3750,3.2,7.4,2-4 hrs,7.66,2.1
STU3751,5.6,6.5,4-6 hrs,6.88,3.8
STU3752,2.5,7.9,2-4 hrs,9.2,1.0
STU3753,4.1,7.3,4-6 hrs,7.95,3.2
STU3754,1.8,7.7,<2 hrs,8.04,1.5
STU3755,0.9,8.6,<2 hrs,8.49,1.0
STU3756,4.1,8.3,4-6 hrs,7.3,3.1
STU3757,4.7,8.7,4-6 hrs,7.62,3.9
STU3758,1.5,7.8,<2 hrs,9.04,1.0
STU3759,6.8,5.9,6+ hrs,5.93,4.9
STU3760,6.9,7.1,6+ hrs,5.69,4.5
STU3761,1.1,9.0,<2 hrs,9.17,1.0
STU3762,1.1,8.6,<2 hrs,8.9,1.8
STU3763,1.2,9.0,<2 hrs,10.0,1.0
STU3764,2.3,7.8,2-4 hrs,8.49,2.3
STU3765,1.8,7.7,<2 hrs,9.78,1.0
STU3766,0.7,8.4,<2 hrs,8.48,1.0
STU3767,1.2,8.0,<2 hrs,8.02,1.0
STU3768,0.5,8.7,<2 hrs,8.6,1.0
STU3769,0.5,8.9,<2 hrs,9.99,1.0
STU3770,0.6,8.9,<2 hrs,10.0,1.0
STU3771,8.7,6.6,6+ hrs,5.12,5.9
STU3772,8.0,6.6,6+ hrs,5.62,5.0
STU3773,4.2,7.8,4-6 hrs,6.91,4.2
STU3774,1.5,7.1,<2 hrs,7.74,2.5
STU3775,0.6,8.5,<2 hrs,9.66,1.0
STU3776,2.5,7.9,2-4 hrs,8.51,2.2
STU3777,3.5,7.7,2-4 hrs,7.93,3.1
STU3778,1.3,8.1,<2 hrs,8.07,1.3
STU3779,3.3,7.9,2-4 hrs,9.0,1.8
STU3780,0.8,8.0,<2 hrs,8.84,1.0
STU3781,1.5,8.7,<2 hrs,9.15,1.0
STU3782,2.0,8.2,2-4 hrs,7.73,1.1
STU3783,8.2,6.5,6+ hrs,5.7,4.8
STU3784,1.2,7.9,<2 hrs,9.13,1.0
STU3785,3.4,8.1,2-4 hrs,8.17,1.2
STU3786,1.0,8.4,<2 hrs,9.14,1.0
STU3787,0.9,7.9,<2 hrs,9.39,1.0
STU3788,1.3,8.1,<2 hrs,8.24,1.1
STU3789,2.5,8.2,2-4 hrs,8.49,1.2
STU3790,7.4,6.9,6+ hrs,6.24,5.4
STU3791,1.5,8.4,<2 hrs,8.96,1.9
STU3792,4.7,7.4,4-6 hrs,7.43,4.6
STU3793,8.4,6.9,6+ hrs,4.96,3.9
STU3794,3.0,8.4,2-4 hrs,7.36,1.4
STU3795,5.3,7.5,4-6 hrs,5.79,3.5
STU3796,1.2,7.9,<2 hrs,9.45,1.2
STU3797,3.4,7.1,2-4 hrs,8.47,1.1
STU3798,4.0,7.2,4-6 hrs,8.21,2.0
STU3799,0.7,9.3,<2 hrs,9.37,1.0
STU3800,1.1,8.4,<2 hrs,7.73,1.0
STU3801,2.0,9.1,2-4 hrs,7.98,1.7
STU3802,1.3,8.1,<2 hrs,9.02,1.3
STU3803,2.2,7.8,2-4 hrs,8.59,1.8
STU3804,0.6,8.3,<2 hrs,9.1,1.0
STU3805,7.9,6.5,6+ hrs,6.17,5.6
STU3806,5.0,6.9,4-6 hrs,7.26,4.0
STU3807,12.0,4.9,6+ hrs,4.17,6.6
STU3808,0.8,8.6,<2 hrs,8.76,1.8
STU3809,3.5,8.2,2-4 hrs,8.51,1.0
STU3810,1.3,9.4,<2 hrs,8.66,1.0
STU3811,0.9,8.1,<2 hrs,8.3,1.0
STU3812,4.8,7.1,4-6 hrs,6.88,3.9
STU3813,2.6,7.5,2-4 hrs,8.12,1.0
STU3814,1.9,8.6,<2 hrs,9.24,1.3
STU3815,3.1,8.1,2-4 hrs,8.08,2.8
STU3816,1.2,7.8,<2 hrs,8.85,1.6
STU3817,1.1,7.8,<2 hrs,8.26,1.0
STU3818,1.4,8.6,<2 hrs,9.34,1.0
STU3819,5.5,7.3,4-6 hrs,6.63,3.4
STU3820,5.2,7.6,4-6 hrs,7.1,3.3
STU3821,0.7,7.9,<2 hrs,10.0,1.0
STU3822,7.7,5.6,6+ hrs,6.34,4.7
STU3823,2.4,7.5,2-4 hrs,7.44,2.0
STU3824,3.4,8.0,2-4 hrs,6.91,2.5
STU3825,1.4,9.2,<2 hrs,8.83,1.4
STU3826,2.5,7.7,2-4 hrs,7.65,1.9
STU3827,0.9,9.4,<2 hrs,9.48,1.2
STU3828,1.3,8.6,<2 hrs,8.94,1.6
STU3829,4.5,6.7,4-6 hrs,7.57,1.8
STU3830,4.6,7.5,4-6 hrs,7.01,2.5
STU3831,3.6,8.0,2-4 hrs,8.92,2.3
STU3832,1.8,6.8,<2 hrs,10.0,1.2
STU3833,0.7,8.6,<2 hrs,9.02,1.0
STU3834,6.0,7.6,6+ hrs,7.01,4.9
STU3835,4.9,7.5,4-6 hrs,7.35,5.0
STU3836,0.5,8.3,<2 hrs,9.12,1.0
STU3837,4.7,7.2,4-6 hrs,6.89,3.4
STU3838,1.9,7.9,<2 hrs,7.99,2.0
STU3839,4.1,6.9,4-6 hrs,6.97,1.4
STU3840,0.6,8.0,<2 hrs,9.47,1.0
STU3841,1.4,7.9,<2 hrs,8.56,1.8
STU3842,2.7,7.9,2-4 hrs,6.74,1.4
STU3843,7.9,6.2,6+ hrs,6.21,4.5
STU3844,2.7,7.4,2-4 hrs,8.26,1.7
STU3845,5.3,7.6,4-6 hrs,7.92,3.7
STU3846,3.0,7.9,2-4 hrs,8.37,1.4
STU3847,2.9,7.5,2-4 hrs,7.31,3.7
STU3848,3.7,7.8,2-4 hrs,6.5,2.2
STU3849,2.4,7.7,2-4 hrs,7.99,1.0
STU3850,4.5,7.4,4-6 hrs,7.1,3.1
STU3851,1.0,8.7,<2 hrs,9.62,1.4
STU3852,2.4,7.6,2-4 hrs,8.41,1.7
STU3853,8.3,5.8,6+ hrs,6.45,6.2
STU3854,5.5,7.1,4-6 hrs,6.23,3.2
STU3855,3.2,7.0,2-4 hrs,8.64,3.4
STU3856,5.0,7.1,4-6 hrs,7.68,3.9
STU3857,6.9,6.6,6+ hrs,5.18,5.7
STU3858,0.5,7.1,<2 hrs,10.0,1.0
STU3859,2.0,8.3,2-4 hrs,8.66,2.1
STU3860,1.4,8.1,<2 hrs,9.11,1.0
STU3861,0.6,8.9,<2 hrs,8.71,1.0
STU3862,9.1,6.3,6+ hrs,6.17,7.4
STU3863,3.8,7.9,2-4 hrs,7.08,3.9
STU3864,4.9,7.9,4-6 hrs,7.79,2.5
STU3865,1.5,8.1,<2 hrs,9.32,1.2
STU3866,2.0,8.0,2-4 hrs,8.02,1.1
STU3867,2.5,7.1,2-4 hrs,9.57,1.2
STU3868,3.4,8.3,2-4 hrs,8.11,2.6
STU3869,4.3,7.4,4-6 hrs,7.96,3.9
STU3870,4.2,6.9,4-6 hrs,6.69,3.3
STU3871,2.1,8.3,2-4 hrs,9.83,1.2
STU3872,7.1,5.6,6+ hrs,5.57,5.4
STU3873,6.1,6.8,6+ hrs,7.37,4.0
STU3874,3.1,8.2,2-4 hrs,7.51,2.5
STU3875,2.6,7.6,2-4 hrs,7.96,2.9
STU3876,1.9,7.7,<2 hrs,9.12,1.0
STU3877,3.4,7.4,2-4 hrs,8.59,3.0
STU3878,5.9,6.0,4-6 hrs,6.08,2.9
STU3879,2.6,8.2,2-4 hrs,8.98,2.8
STU3880,1.6,8.0,<2 hrs,9.41,1.0
STU3881,2.6,7.7,2-4 hrs,7.77,1.0
STU3882,3.2,7.6,2-4 hrs,9.02,2.8
STU3883,0.9,8.3,<2 hrs,8.22,1.0
STU3884,0.7,8.7,<2 hrs,8.81,1.0
STU3885,1.6,8.1,<2 hrs,9.07,1.0
STU3886,7.1,6.0,6+ hrs,5.79,4.8
STU3887,5.7,7.4,4-6 hrs,7.09,3.0
STU3888,0.5,8.6,<2 hrs,9.42,1.0
STU3889,1.1,8.3,<2 hrs,8.89,1.0
STU3890,4.3,8.0,4-6 hrs,8.06,2.2
STU3891,1.8,8.1,<2 hrs,8.55,1.6
STU3892,3.5,8.2,2-4 hrs,8.06,3.6
STU3893,0.6,9.1,<2 hrs,9.92,1.0
STU3894,2.5,8.2,2-4 hrs,8.85,1.9
STU3895,2.3,7.6,2-4 hrs,8.94,3.2
STU3896,4.9,7.2,4-6 hrs,6.61,2.5
STU3897,3.4,8.3,2-4 hrs,8.28,3.3
STU3898,2.8,7.1,2-4 hrs,7.71,2.8
STU3899,0.5,8.2,<2 hrs,8.51,1.0
STU3900,8.5,6.2,6+ hrs,5.63,7.0
STU3901,4.1,7.0,4-6 hrs,7.11,3.1
STU3902,1.4,8.6,<2 hrs,9.34,1.0
STU3903,2.7,8.0,2-4 hrs,8.77,2.8
STU3904,1.8,7.7,<2 hrs,7.55,2.2
STU3905,2.1,8.3,2-4 hrs,8.06,2.4
STU3906,5.6,7.0,4-6 hrs,6.1,4.0
STU3907,1.1,7.8,<2 hrs,8.73,1.0
STU3908,4.2,7.1,4-6 hrs,7.88,3.1
STU3909,5.8,7.3,4-6 hrs,6.74,4.8
STU3910,3.7,8.0,2-4 hrs,7.48,3.4
STU3911,2.2,7.7,2-4 hrs,9.29,1.2
STU3912,1.3,8.4,<2 hrs,7.53,1.2
STU3913,1.4,8.9,<2 hrs,9.61,1.0
STU3914,2.8,7.2,2-4 hrs,7.91,2.7
STU3915,2.6,8.0,2-4 hrs,8.28,1.2
STU3916,4.6,7.8,4-6 hrs,7.11,3.8
STU3917,0.6,8.3,<2 hrs,10.0,1.0
STU3918,5.6,7.7,4-6 hrs,6.24,4.7
STU3919,12.0,6.6,6+ hrs,4.11,8.7
STU3920,2.4,8.1,2-4 hrs,8.74,1.1
STU3921,2.1,7.9,2-4 hrs,7.59,2.0
STU3922,2.3,8.4,2-4 hrs,7.91,1.1
STU3923,2.7,8.2,2-4 hrs,8.2,2.5
STU3924,2.0,6.7,2-4 hrs,8.07,1.2
STU3925,0.5,8.4,<2 hrs,8.79,1.0
STU3926,2.2,7.8,2-4 hrs,8.3,1.0
STU3927,2.8,8.0,2-4 hrs,8.63,1.6
STU3928,6.0,6.9,6+ hrs,6.59,5.3
STU3929,1.1,8.2,<2 hrs,9.65,1.5
STU3930,7.7,6.1,6+ hrs,5.44,6.7
STU3931,1.9,8.4,<2 hrs,7.89,2.7
STU3932,1.2,9.0,<2 hrs,10.0,1.0
STU3933,4.1,7.1,4-6 hrs,7.26,2.7
STU3934,1.7,7.4,<2 hrs,7.95,1.0
STU3935,2.4,7.9,2-4 hrs,7.37,1.1
STU3936,2.5,7.9,2-4 hrs,9.02,1.0
STU3937,3.9,8.1,2-4 hrs,7.54,2.7
STU3938,2.4,7.3,2-4 hrs,8.27,1.0
STU3939,2.2,7.7,2-4 hrs,8.41,1.5
STU3940,1.8,7.0,<2 hrs,9.3,3.0
STU3941,3.6,8.3,2-4 hrs,7.77,2.1
STU3942,1.6,8.2,<2 hrs,10.0,1.3
STU3943,6.1,6.7,6+ hrs,6.84,5.0
STU3944,2.6,7.2,2-4 hrs,8.97,2.0
STU3945,0.5,7.8,<2 hrs,9.76,1.0
STU3946,3.1,7.9,2-4 hrs,8.08,1.9
STU3947,3.5,7.1,2-4 hrs,7.57,2.3
STU3948,6.2,7.0,6+ hrs,6.91,3.6
STU3949,1.3,9.2,<2 hrs,9.22,1.6
STU3950,1.2,8.0,<2 hrs,8.62,1.0
STU3951,4.0,7.0,4-6 hrs,7.8,3.6
STU3952,5.5,7.3,4-6 hrs,7.77,2.7
STU3953,1.3,7.6,<2 hrs,10.0,1.7
STU3954,3.1,8.6,2-4 hrs,8.62,1.9
STU3955,2.4,8.6,2-4 hrs,9.54,1.0
STU3956,1.3,8.1,<2 hrs,8.54,1.4
STU3957,2.3,7.5,2-4 hrs,8.89,2.4
STU3958,5.2,7.0,4-6 hrs,7.96,3.3
STU3959,2.6,7.7,2-4 hrs,7.79,2.4
STU3960,2.2,8.1,2-4 hrs,8.22,1.0
STU3961,3.9,8.0,2-4 hrs,8.79,1.7
STU3962,5.6,6.6,4-6 hrs,6.39,5.0
STU3963,1.1,8.7,<2 hrs,8.2,1.0
STU3964,3.2,8.0,2-4 hrs,8.98,1.0
STU3965,1.9,7.8,<2 hrs,9.36,1.0
STU3966,2.6,7.3,2-4 hrs,8.59,1.1
STU3967,4.1,7.5,4-6 hrs,7.63,2.7
STU3968,2.0,7.5,2-4 hrs,8.34,1.1
STU3969,2.3,8.4,2-4 hrs,8.63,1.8
STU3970,5.0,6.7,4-6 hrs,8.2,3.4
STU3971,3.5,7.9,2-4 hrs,8.07,3.5
STU3972,2.3,7.9,2-4 hrs,9.77,1.9
STU3973,2.8,7.5,2-4 hrs,7.7,2.3
STU3974,2.6,7.8,2-4 hrs,8.32,2.8
STU3975,0.5,8.9,<2 hrs,9.05,1.0
STU3976,2.8,7.2,2-4 hrs,7.59,1.0
STU3977,0.8,8.1,<2 hrs,9.05,1.5
STU3978,5.5,6.7,4-6 hrs,7.28,4.0
STU3979,0.7,8.3,<2 hrs,9.5,1.0
STU3980,1.8,7.7,<2 hrs,9.99,1.0
STU3981,1.5,7.2,<2 hrs,9.1,1.0
STU3982,6.9,6.2,6+ hrs,7.09,5.5
STU3983,5.3,8.0,4-6 hrs,7.15,4.5
STU3984,0.5,8.5,<2 hrs,10.0,1.0
STU3985,2.5,8.0,2-4 hrs,9.81,2.4
STU3986,0.9,8.1,<2 hrs,9.41,1.1
STU3987,2.8,7.8,2-4 hrs,7.64,2.1
STU3988,4.0,7.3,4-6 hrs,7.37,2.7
STU3989,3.0,8.0,2-4 hrs,8.32,3.1
STU3990,4.2,7.5,4-6 hrs,7.88,2.6
STU3991,2.0,7.4,2-4 hrs,9.02,1.7
STU3992,3.1,7.9,2-4 hrs,8.38,1.5
STU3993,4.1,6.2,4-6 hrs,7.66,2.3
STU3994,1.7,8.3,<2 hrs,8.35,1.0
STU3995,1.2,7.5,<2 hrs,9.2,1.0
STU3996,1.4,8.1,<2 hrs,9.98,1.6
STU3997,2.3,7.3,2-4 hrs,9.08,1.0
STU3998,2.5,7.9,2-4 hrs,8.7,1.8
STU3999,3.2,8.0,2-4 hrs,8.68,2.3
STU4000,1.3,8.9,<2 hrs,8.69,1.0
STU4001,4.2,6.7,4-6 hrs,7.31,2.6
STU4002,7.9,7.0,6+ hrs,5.5,5.7
STU4003,1.5,8.2,<2 hrs,8.75,1.4
STU4004,10.9,5.5,6+ hrs,4.34,7.5
STU4005,8.6,6.7,6+ hrs,6.35,6.6
STU4006,2.5,7.8,2-4 hrs,8.09,1.7
STU4007,2.2,8.3,2-4 hrs,8.03,1.6
STU4008,1.4,7.7,<2 hrs,10.0,1.2
STU4009,4.6,7.0,4-6 hrs,7.16,4.0
STU4010,2.7,8.3,2-4 hrs,8.38,1.3
STU4011,2.9,8.5,2-4 hrs,8.47,1.6
STU4012,1.2,8.2,<2 hrs,8.28,1.0
STU4013,4.7,5.9,4-6 hrs,8.13,3.0
STU4014,2.1,7.9,2-4 hrs,8.94,2.6
STU4015,1.0,8.3,<2 hrs,9.99,1.2
STU4016,2.4,7.8,2-4 hrs,8.01,1.0
STU4017,1.3,8.3,<2 hrs,8.97,1.0
STU4018,6.2,6.7,6+ hrs,6.73,4.6
STU4019,8.6,6.8,6+ hrs,5.79,5.3
STU4020,2.4,7.3,2-4 hrs,7.55,1.1
STU4021,5.2,7.8,4-6 hrs,7.23,4.7
STU4022,5.1,8.0,4-6 hrs,6.35,3.1
STU4023,0.5,7.9,<2 hrs,9.49,1.1
STU4024,1.5,7.7,<2 hrs,7.55,2.1
STU4025,2.7,8.0,2-4 hrs,7.17,1.3
STU4026,1.8,7.5,<2 hrs,9.18,1.0
STU4027,1.4,7.9,<2 hrs,8.54,1.0
STU4028,5.4,7.7,4-6 hrs,6.48,2.9
STU4029,1.7,8.4,<2 hrs,9.5,1.3
STU4030,3.2,8.7,2-4 hrs,8.26,2.1
STU4031,5.0,7.3,4-6 hrs,7.77,3.8
STU4032,6.4,6.6,6+ hrs,6.52,5.6
STU4033,1.0,8.3,<2 hrs,10.0,1.4
STU4034,1.1,8.1,<2 hrs,8.64,1.2
STU4035,3.0,7.7,2-4 hrs,9.2,1.0
STU4036,0.5,8.4,<2 hrs,9.24,1.0
STU4037,1.1,7.8,<2 hrs,8.01,2.1
STU4038,5.8,7.2,4-6 hrs,7.18,1.7
STU4039,3.9,6.8,2-4 hrs,7.93,3.3
STU4040,2.3,7.6,2-4 hrs,7.83,1.5
STU4041,3.5,7.6,2-4 hrs,7.37,1.8
STU4042,4.1,6.3,4-6 hrs,7.64,3.5
STU4043,0.7,8.7,<2 hrs,9.39,1.9
STU4044,1.7,7.0,<2 hrs,7.25,1.8
STU4045,6.3,7.3,6+ hrs,7.3,4.1
STU4046,3.0,7.1,2-4 hrs,7.85,1.3
STU4047,3.1,7.5,2-4 hrs,7.31,2.3
STU4048,2.4,8.2,2-4 hrs,8.98,2.4
STU4049,0.5,9.5,<2 hrs,9.26,1.0
STU4050,1.5,8.2,<2 hrs,9.55,1.0
STU4051,3.4,6.7,2-4 hrs,8.23,4.6
STU4052,1.7,8.6,<2 hrs,8.73,2.1
STU4053,1.0,8.1,<2 hrs,8.96,1.6
STU4054,1.1,8.3,<2 hrs,9.29,1.0
STU4055,6.4,7.2,6+ hrs,6.37,3.9
STU4056,1.6,7.0,<2 hrs,8.27,1.2
STU4057,5.5,7.1,4-6 hrs,7.39,3.0
STU4058,3.1,7.5,2-4 hrs,8.02,3.5
STU4059,2.1,8.6,2-4 hrs,8.58,2.6
STU4060,1.3,8.5,<2 hrs,9.57,1.0
STU4061,4.0,6.7,4-6 hrs,7.63,4.2
STU4062,5.1,7.9,4-6 hrs,7.21,3.6
STU4063,4.3,7.6,4-6 hrs,7.21,5.1
STU4064,0.7,7.6,<2 hrs,9.44,1.0
STU4065,1.6,8.1,<2 hrs,8.99,1.6
STU4066,1.8,8.6,<2 hrs,9.23,2.4
STU4067,0.5,7.8,<2 hrs,8.93,1.4
STU4068,3.5,8.3,2-4 hrs,7.65,2.9
STU4069,3.9,6.8,2-4 hrs,8.22,2.6
STU4070,3.8,7.2,2-4 hrs,7.94,3.1
STU4071,3.4,7.2,2-4 hrs,7.43,1.7
STU4072,1.9,8.7,<2 hrs,9.43,1.5
STU4073,1.3,7.9,<2 hrs,7.9,1.0
STU4074,1.9,7.4,<2 hrs,9.12,1.0
STU4075,3.2,7.9,2-4 hrs,7.3,2.3
STU4076,5.9,7.4,4-6 hrs,7.98,5.1
STU4077,2.7,8.2,2-4 hrs,7.36,2.6
STU4078,2.6,7.7,2-4 hrs,9.02,1.8
STU4079,0.5,8.5,<2 hrs,9.23,1.7
STU4080,3.3,7.3,2-4 hrs,7.8,1.9
STU4081,6.2,7.8,6+ hrs,6.82,2.8
STU4082,2.3,8.5,2-4 hrs,8.84,1.0
STU4083,2.2,8.5,2-4 hrs,7.97,1.0
STU4084,1.8,8.4,<2 hrs,8.2,1.9
STU4085,4.1,7.7,4-6 hrs,8.04,2.4
STU4086,0.5,7.8,<2 hrs,8.25,1.0
STU4087,5.6,7.4,4-6 hrs,6.63,5.2
STU4088,2.1,8.0,2-4 hrs,10.0,1.0
STU4089,3.4,8.3,2-4 hrs,7.39,2.8
STU4090,4.3,7.8,4-6 hrs,8.25,3.4
STU4091,1.1,8.5,<2 hrs,8.65,1.0
STU4092,2.5,7.0,2-4 hrs,8.68,2.8
STU4093,2.1,7.9,2-4 hrs,8.95,1.2
STU4094,0.9,8.0,<2 hrs,9.77,1.0
STU4095,5.1,7.4,4-6 hrs,7.08,5.3
STU4096,1.9,7.8,<2 hrs,9.84,1.7
STU4097,0.8,8.2,<2 hrs,8.79,1.3
STU4098,2.6,8.1,2-4 hrs,8.47,2.9
STU4099,0.6,8.1,<2 hrs,9.38,1.0
STU4100,1.7,8.1,<2 hrs,8.06,2.2
STU4101,3.1,7.0,2-4 hrs,7.93,1.8
STU4102,0.6,7.9,<2 hrs,9.33,1.0
STU4103,3.9,7.9,2-4 hrs,7.49,2.5
STU4104,2.7,7.2,2-4 hrs,9.75,1.4
STU4105,4.4,8.0,4-6 hrs,7.02,3.7
STU4106,4.3,7.9,4-6 hrs,8.27,3.2
STU4107,1.7,7.9,<2 hrs,9.25,1.0
STU4108,1.7,9.6,<2 hrs,8.73,1.7
STU4109,3.5,8.2,2-4 hrs,7.41,2.2
STU4110,1.0,7.8,<2 hrs,8.59,1.0
STU4111,1.0,8.6,<2 hrs,8.74,1.0
STU4112,1.5,8.2,<2 hrs,7.75,1.4
STU4113,0.7,7.9,<2 hrs,8.58,1.0
STU4114,0.8,7.8,<2 hrs,8.25,1.0
STU4115,0.9,8.8,<2 hrs,9.9,1.3
STU4116,1.9,7.7,<2 hrs,9.02,1.2
STU4117,1.9,8.0,<2 hrs,9.12,1.0
STU4118,4.8,6.8,4-6 hrs,7.69,2.2
STU4119,2.0,7.6,2-4 hrs,8.7,2.2
STU4120,2.3,7.9,2-4 hrs,9.34,1.6
STU4121,7.6,6.8,6+ hrs,5.71,5.5
STU4122,0.5,7.1,<2 hrs,9.34,1.2
STU4123,2.9,7.8,2-4 hrs,8.64,1.6
STU4124,2.1,7.6,2-4 hrs,7.76,1.0
STU4125,3.1,8.4,2-4 hrs,9.96,2.2
STU4126,1.6,9.6,<2 hrs,8.8,1.4
STU4127,1.9,7.8,<2 hrs,8.73,1.1
STU4128,5.7,6.2,4-6 hrs,7.69,5.2
STU4129,3.5,7.7,2-4 hrs,8.47,1.0
STU4130,2.0,7.9,2-4 hrs,8.62,2.3
STU4131,1.3,9.2,<2 hrs,8.99,1.5
STU4132,1.0,9.1,<2 hrs,8.15,1.1
STU4133,1.7,8.5,<2 hrs,8.4,1.0
STU4134,2.2,7.7,2-4 hrs,8.82,2.6
STU4135,7.6,6.9,6+ hrs,6.35,4.5
STU4136,2.7,8.0,2-4 hrs,9.02,1.5
STU4137,1.4,8.3,<2 hrs,8.8,1.0
STU4138,0.5,7.6,<2 hrs,8.44,1.0
STU4139,1.2,8.7,<2 hrs,9.59,1.4
STU4140,1.7,8.1,<2 hrs,9.6,1.9
STU4141,2.9,7.7,2-4 hrs,8.73,2.7
STU4142,1.7,7.8,<2 hrs,8.64,1.4
STU4143,7.8,6.2,6+ hrs,6.62,5.8
STU4144,2.1,8.1,2-4 hrs,10.0,1.0
STU4145,4.9,6.4,4-6 hrs,7.36,2.8
STU4146,0.5,8.8,<2 hrs,8.49,1.1
STU4147,2.4,7.4,2-4 hrs,8.07,2.3
STU4148,1.3,7.1,<2 hrs,9.29,1.5
STU4149,5.0,8.2,4-6 hrs,6.29,3.1
STU4150,1.8,7.6,<2 hrs,8.79,2.0
STU4151,5.8,6.7,4-6 hrs,7.12,3.1
STU4152,3.9,8.1,2-4 hrs,8.67,3.6
STU4153,1.6,9.0,<2 hrs,9.57,1.0
STU4154,0.9,7.5,<2 hrs,9.61,2.0
STU4155,1.3,7.7,<2 hrs,7.62,1.0
STU4156,1.9,7.6,<2 hrs,9.2,2.7
STU4157,3.9,8.0,2-4 hrs,8.17,2.4
STU4158,2.4,8.7,2-4 hrs,8.57,1.4
STU4159,4.4,6.9,4-6 hrs,6.48,3.2
STU4160,6.1,7.7,6+ hrs,6.29,3.7
STU4161,2.5,7.5,2-4 hrs,7.67,1.7
STU4162,1.0,8.4,<2 hrs,7.84,1.0
STU4163,3.2,7.1,2-4 hrs,8.06,1.7
STU4164,8.4,6.3,6+ hrs,5.24,6.3
STU4165,4.5,7.3,4-6 hrs,9.05,2.4
STU4166,3.0,7.6,2-4 hrs,8.05,1.5
STU4167,1.2,8.4,<2 hrs,9.74,1.0
STU4168,2.1,7.5,2-4 hrs,7.61,1.1
STU4169,0.6,7.9,<2 hrs,8.91,1.5
STU4170,0.9,8.5,<2 hrs,9.15,1.0
STU4171,3.3,8.3,2-4 hrs,7.47,1.7
STU4172,0.5,8.4,<2 hrs,9.02,1.0
STU4173,1.9,8.3,<2 hrs,8.51,1.0
STU4174,0.8,8.7,<2 hrs,9.0,2.3
STU4175,0.9,8.7,<2 hrs,10.0,1.0
STU4176,2.6,7.4,2-4 hrs,8.56,2.1
STU4177,1.3,7.8,<2 hrs,9.2,1.7
STU4178,0.7,8.0,<2 hrs,9.51,1.2
STU4179,1.6,9.1,<2 hrs,9.15,1.3
STU4180,0.6,8.6,<2 hrs,9.18,1.0
STU4181,5.6,7.3,4-6 hrs,6.79,5.5
STU4182,4.0,7.7,4-6 hrs,7.8,2.7
STU4183,4.0,6.8,4-6 hrs,8.39,2.4
STU4184,1.2,9.2,<2 hrs,9.64,1.0
STU4185,3.3,7.9,2-4 hrs,7.87,1.0
STU4186,2.8,8.2,2-4 hrs,8.7,2.6
STU4187,1.3,7.3,<2 hrs,8.8,1.0
STU4188,2.3,8.3,2-4 hrs,8.49,1.6
STU4189,0.5,8.2,<2 hrs,8.99,1.0
STU4190,1.0,7.6,<2 hrs,8.94,2.5
STU4191,2.3,7.4,2-4 hrs,9.27,1.0
STU4192,1.6,7.5,<2 hrs,8.84,1.0
STU4193,3.1,7.1,2-4 hrs,8.19,2.1
STU4194,1.3,8.2,<2 hrs,8.05,1.0
STU4195,1.8,7.9,<2 hrs,8.5,1.0
STU4196,2.4,8.1,2-4 hrs,8.28,1.6
STU4197,1.2,9.0,<2 hrs,8.46,1.0
STU4198,1.8,8.0,<2 hrs,8.7,1.5
STU4199,2.8,6.7,2-4 hrs,7.98,1.0
STU4200,6.7,6.7,6+ hrs,6.53,4.7
STU4201,1.2,8.8,<2 hrs,9.03,1.0
STU4202,1.6,8.1,<2 hrs,8.21,1.9
STU4203,4.5,8.1,4-6 hrs,7.24,4.6
STU4204,5.3,7.4,4-6 hrs,7.16,3.4
STU4205,3.6,6.7,2-4 hrs,8.59,3.6
STU4206,5.2,7.3,4-6 hrs,7.31,3.4
STU4207,1.2,8.3,<2 hrs,8.56,1.0
STU4208,4.9,7.8,4-6 hrs,7.53,4.8
STU4209,4.1,8.4,4-6 hrs,8.68,3.3
STU4210,0.9,8.7,<2 hrs,9.65,1.0
STU4211,1.9,8.2,<2 hrs,8.97,1.9
STU4212,0.5,8.7,<2 hrs,9.71,1.0
STU4213,2.7,7.7,2-4 hrs,9.15,1.8
STU4214,4.8,6.6,4-6 hrs,7.99,2.3
STU4215,1.6,8.1,<2 hrs,9.12,1.0
STU4216,1.0,8.4,<2 hrs,9.69,1.2
STU4217,1.0,7.6,<2 hrs,8.4,1.0
STU4218,2.4,8.6,2-4 hrs,7.52,2.4
STU4219,3.6,8.1,2-4 hrs,7.97,2.8
STU4220,6.7,6.1,6+ hrs,6.53,4.0
STU4221,0.5,9.1,<2 hrs,8.95,1.0
STU4222,6.2,6.8,6+ hrs,7.21,4.2
STU4223,2.8,7.4,2-4 hrs,7.12,1.5
STU4224,4.7,7.9,4-6 hrs,7.06,3.6
STU4225,4.0,7.5,4-6 hrs,7.41,2.2
STU4226,2.5,8.8,2-4 hrs,7.39,1.3
STU4227,2.4,7.5,2-4 hrs,9.32,2.5
STU4228,3.2,6.8,2-4 hrs,7.24,2.4
STU4229,2.0,7.9,2-4 hrs,8.25,1.0
STU4230,2.1,8.4,2-4 hrs,9.1,1.5
STU4231,3.7,7.1,2-4 hrs,8.22,3.7
STU4232,1.2,7.5,<2 hrs,8.3,1.1
STU4233,5.0,7.4,4-6 hrs,7.66,4.0
STU4234,4.7,6.6,4-6 hrs,7.56,2.7
STU4235,1.7,8.2,<2 hrs,10.0,2.0
STU4236,3.7,7.4,2-4 hrs,8.08,4.4
STU4237,3.4,7.9,2-4 hrs,7.89,1.7
STU4238,1.5,7.4,<2 hrs,8.31,1.0
STU4239,3.9,8.2,2-4 hrs,7.3,2.9
STU4240,6.5,6.8,6+ hrs,6.08,5.3
STU4241,5.1,7.6,4-6 hrs,8.03,3.5
STU4242,0.6,8.8,<2 hrs,9.24,1.0
STU4243,3.5,7.0,2-4 hrs,8.26,2.4
STU4244,4.5,7.8,4-6 hrs,8.38,3.6
STU4245,1.4,7.4,<2 hrs,7.45,1.0
STU4246,5.0,6.6,4-6 hrs,8.02,4.0
STU4247,1.3,9.2,<2 hrs,8.95,1.8
STU4248,2.0,8.6,2-4 hrs,8.86,1.6
STU4249,1.3,9.2,<2 hrs,8.42,1.0
STU4250,1.2,8.0,<2 hrs,8.51,1.5
STU4251,3.2,7.8,2-4 hrs,8.35,1.6
STU4252,0.7,8.6,<2 hrs,10.0,1.0
STU4253,2.1,8.0,2-4 hrs,9.16,1.3
STU4254,3.2,7.3,2-4 hrs,8.82,1.8
STU4255,1.4,7.7,<2 hrs,8.75,1.0
STU4256,5.5,7.2,4-6 hrs,6.66,5.3
STU4257,2.2,7.4,2-4 hrs,8.04,3.3
STU4258,7.2,6.2,6+ hrs,5.97,4.8
STU4259,0.6,8.5,<2 hrs,8.0,1.0
STU4260,3.3,7.6,2-4 hrs,7.58,2.2
STU4261,2.8,8.3,2-4 hrs,7.9,2.8
STU4262,1.8,7.8,<2 hrs,8.58,2.3
STU4263,2.5,7.6,2-4 hrs,8.45,1.0
STU4264,3.6,7.8,2-4 hrs,8.1,2.9
STU4265,4.1,7.1,4-6 hrs,7.65,1.8
STU4266,2.2,7.6,2-4 hrs,8.16,2.9
STU4267,3.3,7.4,2-4 hrs,6.84,2.7
STU4268,1.2,8.1,<2 hrs,8.61,1.0
STU4269,4.2,8.3,4-6 hrs,7.03,2.7
STU4270,6.3,6.2,6+ hrs,6.94,4.2
STU4271,4.4,8.0,4-6 hrs,8.07,3.5
STU4272,1.3,8.5,<2 hrs,9.48,1.7
STU4273,1.1,9.0,<2 hrs,9.46,1.0
STU4274,10.2,7.5,6+ hrs,4.83,8.6
STU4275,6.0,7.7,6+ hrs,6.49,5.5
STU4276,4.2,7.9,4-6 hrs,7.16,2.2
STU4277,6.6,6.2,6+ hrs,5.63,4.7
STU4278,2.4,7.3,2-4 hrs,9.02,3.0
STU4279,4.1,7.7,4-6 hrs,7.55,3.9
STU4280,5.5,6.3,4-6 hrs,6.28,3.6
STU4281,2.0,8.3,2-4 hrs,8.1,2.1
STU4282,3.5,6.6,2-4 hrs,7.4,4.8
STU4283,5.1,7.8,4-6 hrs,7.23,3.7
STU4284,1.0,8.1,<2 hrs,9.69,1.0
STU4285,1.8,8.1,<2 hrs,8.48,1.4
STU4286,5.0,6.9,4-6 hrs,5.9,3.7
STU4287,2.9,6.8,2-4 hrs,8.08,1.6
STU4288,2.6,8.5,2-4 hrs,8.24,2.2
STU4289,2.4,8.6,2-4 hrs,8.29,1.0
STU4290,5.4,7.0,4-6 hrs,6.69,3.2
STU4291,1.1,8.6,<2 hrs,9.14,1.4
STU4292,1.7,7.9,<2 hrs,8.77,1.0
STU4293,0.7,8.5,<2 hrs,9.17,1.2
STU4294,1.9,8.4,<2 hrs,8.89,1.0
STU4295,2.8,8.1,2-4 hrs,7.98,1.0
STU4296,0.5,9.0,<2 hrs,8.98,1.0
STU4297,1.3,8.4,<2 hrs,9.74,1.1
STU4298,2.9,7.8,2-4 hrs,8.53,3.1
STU4299,3.4,7.3,2-4 hrs,8.47,2.4
STU4300,7.5,6.4,6+ hrs,6.86,5.1
STU4301,3.8,8.0,2-4 hrs,8.11,3.1
STU4302,2.2,7.2,2-4 hrs,9.07,1.0
STU4303,2.7,8.4,2-4 hrs,7.34,2.0
STU4304,2.8,7.7,2-4 hrs,8.36,1.0
STU4305,1.7,7.7,<2 hrs,8.63,1.3
STU4306,3.0,7.2,2-4 hrs,9.16,2.0
STU4307,1.7,8.4,<2 hrs,9.29,1.0
STU4308,3.1,7.7,2-4 hrs,7.73,2.3
STU4309,2.4,8.7,2-4 hrs,8.64,1.8
STU4310,2.1,7.3,2-4 hrs,8.66,2.4
STU4311,2.1,7.7,2-4 hrs,8.83,1.0
STU4312,4.2,7.4,4-6 hrs,7.0,2.9
STU4313,4.0,7.1,4-6 hrs,7.92,2.2
STU4314,2.0,8.0,2-4 hrs,8.46,2.1
STU4315,4.1,7.6,4-6 hrs,7.82,3.5
STU4316,2.4,8.1,2-4 hrs,7.99,2.1
STU4317,2.4,8.7,2-4 hrs,8.07,1.1
STU4318,1.7,7.4,<2 hrs,9.44,1.9
STU4319,7.0,6.9,6+ hrs,5.72,3.7
STU4320,6.5,6.6,6+ hrs,5.99,3.2
STU4321,1.4,8.4,<2 hrs,8.84,1.0
STU4322,1.9,8.2,<2 hrs,8.18,1.3
STU4323,3.3,7.2,2-4 hrs,7.48,2.9
STU4324,3.7,7.1,2-4 hrs,7.9,1.0
STU4325,1.0,8.5,<2 hrs,8.15,1.8
STU4326,1.2,8.2,<2 hrs,8.36,1.0
STU4327,3.7,7.5,2-4 hrs,9.07,1.3
STU4328,0.6,8.7,<2 hrs,9.51,1.0
STU4329,1.5,8.5,<2 hrs,8.38,1.9
STU4330,4.6,7.1,4-6 hrs,7.68,3.7
STU4331,4.4,7.0,4-6 hrs,7.86,4.0
STU4332,6.8,6.2,6+ hrs,7.04,3.7
STU4333,8.3,6.4,6+ hrs,5.69,5.5
STU4334,12.0,4.8,6+ hrs,4.69,7.7
STU4335,1.9,8.1,<2 hrs,7.42,2.7
STU4336,1.5,8.7,<2 hrs,8.19,1.6
STU4337,3.4,7.5,2-4 hrs,8.07,4.7
STU4338,0.7,8.1,<2 hrs,9.38,1.0
STU4339,2.1,9.0,2-4 hrs,8.01,1.0
STU4340,2.8,8.6,2-4 hrs,8.4,1.8
STU4341,3.5,7.2,2-4 hrs,7.55,3.6
STU4342,3.8,7.6,2-4 hrs,7.62,2.4
STU4343,2.0,8.2,2-4 hrs,9.21,1.5
STU4344,0.8,8.4,<2 hrs,9.69,1.0
STU4345,1.0,9.2,<2 hrs,8.45,1.0
STU4346,0.5,8.4,<2 hrs,8.64,1.0
STU4347,1.6,8.2,<2 hrs,8.53,1.0
STU4348,0.7,8.7,<2 hrs,9.17,1.0
STU4349,1.7,8.7,<2 hrs,8.34,1.2
STU4350,3.3,8.1,2-4 hrs,8.64,3.1
STU4351,0.8,8.6,<2 hrs,9.35,2.0
STU4352,2.7,7.0,2-4 hrs,8.53,1.2
STU4353,2.0,7.8,2-4 hrs,7.84,1.1
STU4354,3.2,8.1,2-4 hrs,8.76,1.6
STU4355,3.8,7.7,2-4 hrs,6.1,2.8
STU4356,1.9,8.4,<2 hrs,9.15,1.0
STU4357,2.5,8.8,2-4 hrs,8.94,1.9
STU4358,2.0,7.4,2-4 hrs,8.34,2.3
STU4359,1.7,8.6,<2 hrs,9.5,1.0
STU4360,1.4,8.0,<2 hrs,8.83,1.4
STU4361,3.5,8.1,2-4 hrs,7.96,2.1
STU4362,6.0,7.0,6+ hrs,7.0,4.6
STU4363,5.5,8.2,4-6 hrs,8.94,3.1
STU4364,0.8,8.4,<2 hrs,9.95,1.5
STU4365,5.9,6.7,4-6 hrs,7.27,4.9
STU4366,1.1,8.4,<2 hrs,8.46,1.2
STU4367,2.8,8.0,2-4 hrs,8.33,2.6
STU4368,3.2,8.3,2-4 hrs,7.57,1.6
STU4369,0.6,8.6,<2 hrs,9.72,1.0
STU4370,2.2,9.2,2-4 hrs,8.59,2.1
STU4371,6.2,6.9,6+ hrs,6.04,3.7
STU4372,0.5,8.3,<2 hrs,9.32,1.5
STU4373,10.7,5.5,6+ hrs,4.18,7.2
STU4374,0.5,8.4,<2 hrs,9.37,1.0
STU4375,3.1,7.8,2-4 hrs,7.59,3.8
STU4376,0.6,8.5,<2 hrs,9.25,1.0
STU4377,3.5,7.7,2-4 hrs,8.38,2.5
STU4378,5.4,6.8,4-6 hrs,7.04,4.6
STU4379,4.4,7.0,4-6 hrs,7.29,3.8
STU4380,4.9,7.1,4-6 hrs,7.42,3.2
STU4381,2.0,8.6,2-4 hrs,9.02,1.0
STU4382,6.1,7.7,6+ hrs,6.09,4.1
STU4383,9.2,6.2,6+ hrs,5.52,7.6
STU4384,2.7,7.4,2-4 hrs,9.08,1.7
STU4385,1.8,8.0,<2 hrs,9.03,1.3
STU4386,1.3,9.2,<2 hrs,8.95,1.0
STU4387,4.2,7.9,4-6 hrs,7.99,3.5
STU4388,5.1,7.5,4-6 hrs,7.48,3.7
STU4389,1.8,8.5,<2 hrs,9.14,1.0
STU4390,7.0,7.5,6+ hrs,5.14,4.1
STU4391,4.0,6.9,4-6 hrs,6.77,1.2
STU4392,2.7,7.6,2-4 hrs,8.89,1.2
STU4393,3.2,7.4,2-4 hrs,7.16,2.9
STU4394,1.0,8.5,<2 hrs,9.29,1.8
STU4395,4.2,7.5,4-6 hrs,7.4,3.5
STU4396,1.1,8.6,<2 hrs,8.41,1.2
STU4397,1.6,7.8,<2 hrs,8.99,1.0
STU4398,2.4,8.6,2-4 hrs,8.54,2.3
STU4399,8.2,6.4,6+ hrs,7.08,6.0
STU4400,3.0,8.1,2-4 hrs,7.78,3.5
STU4401,1.2,8.8,<2 hrs,9.82,1.0
STU4402,3.2,8.3,2-4 hrs,8.27,3.3
STU4403,3.8,7.7,2-4 hrs,7.39,3.4
STU4404,5.6,7.5,4-6 hrs,7.46,4.5
STU4405,2.5,8.7,2-4 hrs,8.71,1.0
STU4406,1.4,8.4,<2 hrs,8.89,1.7
STU4407,9.7,5.7,6+ hrs,5.29,6.7
STU4408,3.2,8.0,2-4 hrs,7.7,1.9
STU4409,1.2,8.2,<2 hrs,8.46,1.0
STU4410,2.4,6.7,2-4 hrs,8.88,1.7
STU4411,1.6,8.3,<2 hrs,8.65,1.1
STU4412,5.9,7.1,4-6 hrs,6.8,3.1
STU4413,3.8,8.1,2-4 hrs,7.96,1.5
STU4414,1.9,7.6,<2 hrs,8.8,1.7
STU4415,5.1,6.5,4-6 hrs,6.35,4.3
STU4416,2.3,8.0,2-4 hrs,9.24,1.8
STU4417,2.4,8.1,2-4 hrs,8.49,2.6
STU4418,1.3,8.2,<2 hrs,8.79,1.0
STU4419,1.3,8.2,<2 hrs,9.17,1.0
STU4420,9.3,5.6,6+ hrs,5.46,5.8
STU4421,4.9,7.2,4-6 hrs,7.76,2.2
STU4422,0.5,8.2,<2 hrs,9.6,1.8
STU4423,1.1,8.8,<2 hrs,9.44,1.7
STU4424,0.9,8.5,<2 hrs,9.91,1.0
STU4425,2.6,7.7,2-4 hrs,8.86,1.9
STU4426,1.8,8.9,<2 hrs,8.59,1.2
STU4427,6.7,6.7,6+ hrs,5.81,4.5
STU4428,1.9,8.3,<2 hrs,9.65,1.0
STU4429,8.7,6.2,6+ hrs,5.44,6.4
STU4430,2.3,8.7,2-4 hrs,8.18,2.3
STU4431,9.9,6.1,6+ hrs,4.0,7.3
STU4432,2.1,8.0,2-4 hrs,8.76,1.4
STU4433,2.2,7.9,2-4 hrs,8.6,1.4
STU4434,4.8,7.4,4-6 hrs,6.43,4.1
STU4435,4.4,8.0,4-6 hrs,7.79,3.5
STU4436,0.7,8.7,<2 hrs,8.89,1.0
STU4437,2.7,7.8,2-4 hrs,9.9,1.9
STU4438,1.8,8.9,<2 hrs,8.35,1.5
STU4439,1.7,8.5,<2 hrs,8.47,1.0
STU4440,2.7,7.6,2-4 hrs,7.76,2.5
STU4441,2.0,7.3,2-4 hrs,9.37,1.0
STU4442,2.9,7.6,2-4 hrs,7.97,1.7
STU4443,1.0,8.5,<2 hrs,8.62,1.2
STU4444,0.6,8.6,<2 hrs,9.65,1.0
STU4445,5.0,7.9,4-6 hrs,6.42,2.2
STU4446,5.5,6.6,4-6 hrs,7.4,3.9
STU4447,4.8,7.1,4-6 hrs,8.41,2.0
STU4448,2.6,7.3,2-4 hrs,8.67,1.0
STU4449,1.9,7.4,<2 hrs,9.03,1.9
STU4450,1.5,7.8,<2 hrs,9.35,1.0
STU4451,1.3,8.4,<2 hrs,9.94,1.9
STU4452,2.3,8.3,2-4 hrs,9.19,1.0
STU4453,5.4,6.7,4-6 hrs,7.33,3.7
STU4454,1.4,7.7,<2 hrs,9.41,1.3
STU4455,5.4,6.3,4-6 hrs,6.54,2.8
STU4456,0.6,8.5,<2 hrs,9.7,1.2
STU4457,3.0,7.4,2-4 hrs,7.55,2.5
STU4458,3.5,8.5,2-4 hrs,7.7,1.2
STU4459,1.6,8.3,<2 hrs,6.93,1.1
STU4460,1.0,8.2,<2 hrs,9.29,1.0
STU4461,4.5,7.1,4-6 hrs,7.09,2.7
STU4462,2.6,7.1,2-4 hrs,9.0,1.0
STU4463,11.9,4.8,6+ hrs,4.38,8.6
STU4464,5.5,6.8,4-6 hrs,7.7,5.6
STU4465,5.5,6.8,4-6 hrs,6.37,3.5
STU4466,0.5,7.9,<2 hrs,9.9,1.6
STU4467,1.4,8.3,<2 hrs,10.0,1.0
STU4468,0.9,8.5,<2 hrs,9.55,1.0
STU4469,0.5,8.1,<2 hrs,9.75,1.0
STU4470,2.4,8.9,2-4 hrs,8.52,1.7
STU4471,4.4,6.5,4-6 hrs,7.21,2.8
STU4472,1.1,8.3,<2 hrs,9.46,1.4
STU4473,0.5,8.3,<2 hrs,8.37,1.9
STU4474,1.1,7.9,<2 hrs,8.75,1.0
STU4475,2.2,7.6,2-4 hrs,7.45,1.1
STU4476,2.1,8.0,2-4 hrs,8.13,1.3
STU4477,2.5,7.8,2-4 hrs,8.76,3.8
STU4478,3.4,7.5,2-4 hrs,8.27,2.5
STU4479,2.5,7.2,2-4 hrs,8.41,1.3
STU4480,4.6,6.5,4-6 hrs,7.53,2.3
STU4481,1.1,8.1,<2 hrs,7.87,1.0
STU4482,2.0,7.8,2-4 hrs,8.38,1.7
STU4483,3.8,7.5,2-4 hrs,7.38,3.2
STU4484,3.1,7.7,2-4 hrs,7.71,1.9
STU4485,8.0,6.2,6+ hrs,6.26,5.6
STU4486,1.1,8.1,<2 hrs,8.49,1.0
STU4487,3.9,7.1,2-4 hrs,7.38,2.8
STU4488,1.5,8.9,<2 hrs,7.57,1.4
STU4489,1.3,7.8,<2 hrs,8.74,1.0
STU4490,5.2,7.0,4-6 hrs,6.51,5.0
STU4491,2.5,7.5,2-4 hrs,8.42,1.1
STU4492,3.0,7.4,2-4 hrs,7.58,2.3
STU4493,1.6,8.1,<2 hrs,8.84,1.8
STU4494,1.6,8.0,<2 hrs,8.69,1.1
STU4495,0.6,8.1,<2 hrs,10.0,1.0
STU4496,2.9,7.6,2-4 hrs,8.49,1.0
STU4497,1.0,7.9,<2 hrs,7.95,1.8
STU4498,2.2,8.2,2-4 hrs,7.75,1.4
STU4499,4.6,8.4,4-6 hrs,7.46,3.6
STU4500,0.5,7.9,<2 hrs,8.72,1.0
STU4501,12.0,5.7,6+ hrs,4.0,7.9
STU4502,1.3,8.2,<2 hrs,9.72,1.0
STU4503,2.3,8.3,2-4 hrs,8.9,2.7
STU4504,3.0,8.1,2-4 hrs,8.46,1.2
STU4505,1.3,8.3,<2 hrs,8.55,2.6
STU4506,1.7,8.1,<2 hrs,8.99,1.0
STU4507,5.4,6.9,4-6 hrs,6.65,2.8
STU4508,4.3,7.0,4-6 hrs,7.69,3.1
STU4509,2.0,8.0,2-4 hrs,8.05,3.2
STU4510,2.5,7.2,2-4 hrs,9.28,1.0
STU4511,2.8,7.5,2-4 hrs,7.3,1.8
STU4512,3.7,8.1,2-4 hrs,8.57,3.0
STU4513,3.9,7.6,2-4 hrs,7.77,2.8
STU4514,3.9,8.0,2-4 hrs,7.45,3.0
STU4515,1.8,8.8,<2 hrs,8.79,1.0
STU4516,2.7,7.7,2-4 hrs,8.73,1.4
STU4517,5.0,7.4,4-6 hrs,8.07,3.4
STU4518,9.7,5.9,6+ hrs,5.32,5.9
STU4519,2.7,7.4,2-4 hrs,7.75,1.9
STU4520,1.6,7.6,<2 hrs,8.81,1.0
STU4521,1.2,8.6,<2 hrs,10.0,1.0
STU4522,3.9,7.6,2-4 hrs,8.55,3.0
STU4523,0.5,9.3,<2 hrs,9.82,1.0
STU4524,3.9,8.0,2-4 hrs,8.22,2.5
STU4525,4.0,7.1,4-6 hrs,8.12,4.7
STU4526,1.6,8.5,<2 hrs,9.48,1.0
STU4527,3.0,7.6,2-4 hrs,7.88,3.1
STU4528,2.1,8.6,2-4 hrs,7.74,1.5
STU4529,0.7,8.1,<2 hrs,9.23,1.0
STU4530,3.7,7.0,2-4 hrs,7.34,1.5
STU4531,3.5,7.2,2-4 hrs,7.29,2.6
STU4532,1.8,7.7,<2 hrs,8.26,2.4
STU4533,9.6,5.7,6+ hrs,6.67,6.4
STU4534,2.5,7.6,2-4 hrs,8.46,1.7
STU4535,0.5,8.8,<2 hrs,9.49,1.2
STU4536,5.2,8.1,4-6 hrs,6.43,3.9
STU4537,4.4,6.7,4-6 hrs,6.41,1.8
STU4538,4.7,8.0,4-6 hrs,6.89,3.4
STU4539,1.0,8.0,<2 hrs,9.91,1.9
STU4540,2.9,7.9,2-4 hrs,8.4,2.0
STU4541,2.5,7.0,2-4 hrs,8.73,1.0
STU4542,2.2,8.2,2-4 hrs,8.95,1.9
STU4543,6.1,6.0,6+ hrs,6.4,4.1
STU4544,2.5,8.0,2-4 hrs,9.21,1.0
STU4545,1.8,8.2,<2 hrs,8.31,1.0
STU4546,1.8,8.1,<2 hrs,9.53,2.0
STU4547,1.0,7.9,<2 hrs,9.32,1.0
STU4548,2.7,8.1,2-4 hrs,7.21,1.2
STU4549,6.4,7.1,6+ hrs,6.17,4.5
STU4550,1.9,7.9,<2 hrs,7.57,1.0
STU4551,3.1,8.1,2-4 hrs,8.8,2.3
STU4552,2.2,7.9,2-4 hrs,8.5,1.4
STU4553,2.3,8.2,2-4 hrs,7.13,1.0
STU4554,4.5,7.3,4-6 hrs,7.7,2.7
STU4555,0.9,8.4,<2 hrs,8.77,1.0
STU4556,0.6,8.6,<2 hrs,8.34,1.0
STU4557,5.2,7.0,4-6 hrs,8.17,3.6
STU4558,1.6,7.5,<2 hrs,8.84,2.7
STU4559,1.8,8.2,<2 hrs,8.51,1.8
STU4560,10.9,6.4,6+ hrs,4.36,8.3
STU4561,4.3,7.6,4-6 hrs,6.66,2.9
STU4562,1.2,8.4,<2 hrs,8.18,1.0
STU4563,5.4,7.1,4-6 hrs,7.84,3.4
STU4564,4.4,7.8,4-6 hrs,7.24,3.7
STU4565,0.5,8.3,<2 hrs,9.29,1.0
STU4566,2.8,7.6,2-4 hrs,7.01,2.1
STU4567,1.0,8.8,<2 hrs,8.26,1.0
STU4568,2.3,7.7,2-4 hrs,8.83,1.6
STU4569,9.7,6.5,6+ hrs,5.36,9.1
STU4570,4.6,7.9,4-6 hrs,8.48,2.7
STU4571,5.1,7.5,4-6 hrs,8.01,3.0
STU4572,2.2,7.3,2-4 hrs,8.37,2.1
STU4573,5.1,7.2,4-6 hrs,7.49,3.1
STU4574,1.3,8.1,<2 hrs,8.73,1.0
STU4575,2.8,7.6,2-4 hrs,9.47,1.1
STU4576,4.5,7.4,4-6 hrs,8.16,3.5
STU4577,4.4,7.8,4-6 hrs,7.62,3.5
STU4578,0.6,8.1,<2 hrs,9.35,1.0
STU4579,8.3,6.3,6+ hrs,6.63,6.4
STU4580,1.1,8.1,<2 hrs,9.35,1.0
STU4581,12.0,6.1,6+ hrs,5.04,7.8
STU4582,4.6,7.2,4-6 hrs,6.11,3.1
STU4583,4.3,6.8,4-6 hrs,7.84,2.1
STU4584,1.2,7.4,<2 hrs,8.65,1.0
STU4585,1.7,8.3,<2 hrs,9.79,1.0
STU4586,7.9,6.1,6+ hrs,6.87,6.1
STU4587,7.2,7.0,6+ hrs,6.28,6.1
STU4588,2.2,7.3,2-4 hrs,9.43,1.1
STU4589,2.1,7.7,2-4 hrs,9.62,2.1
STU4590,2.1,7.3,2-4 hrs,8.6,2.0
STU4591,5.4,7.4,4-6 hrs,8.55,4.8
STU4592,5.1,7.5,4-6 hrs,7.19,3.3
STU4593,3.3,7.8,2-4 hrs,7.89,1.0
STU4594,2.8,7.3,2-4 hrs,8.76,2.0
STU4595,2.2,7.6,2-4 hrs,8.3,1.0
STU4596,11.6,5.7,6+ hrs,4.33,7.5
STU4597,0.7,7.5,<2 hrs,10.0,1.0
STU4598,1.8,7.9,<2 hrs,8.7,1.0
STU4599,3.2,8.5,2-4 hrs,7.04,2.4
STU4600,0.6,8.3,<2 hrs,9.45,1.0
STU4601,1.6,7.4,<2 hrs,8.36,1.0
STU4602,9.6,5.8,6+ hrs,5.7,7.0
STU4603,4.8,7.0,4-6 hrs,7.76,3.4
STU4604,1.6,9.2,<2 hrs,9.66,1.9
STU4605,1.5,9.0,<2 hrs,9.37,1.0
STU4606,0.7,8.7,<2 hrs,9.84,1.0
STU4607,1.7,7.9,<2 hrs,8.33,1.0
STU4608,3.8,8.2,2-4 hrs,8.27,2.5
STU4609,3.3,7.1,2-4 hrs,9.2,1.7
STU4610,1.8,8.6,<2 hrs,8.28,1.0
STU4611,1.1,8.7,<2 hrs,10.0,1.4
STU4612,2.2,7.9,2-4 hrs,8.18,1.0
STU4613,2.1,8.5,2-4 hrs,8.04,1.2
STU4614,4.4,7.2,4-6 hrs,7.7,3.9
STU4615,3.0,7.1,2-4 hrs,8.58,1.8
STU4616,2.7,8.3,2-4 hrs,8.83,2.6
STU4617,5.8,7.0,4-6 hrs,6.31,3.6
STU4618,7.2,7.0,6+ hrs,6.52,4.2
STU4619,3.3,8.6,2-4 hrs,7.6,1.0
STU4620,3.3,7.3,2-4 hrs,7.12,3.4
STU4621,2.3,7.9,2-4 hrs,7.91,1.0
STU4622,1.2,9.0,<2 hrs,8.51,1.4
STU4623,4.7,7.7,4-6 hrs,7.7,2.5
STU4624,4.1,7.1,4-6 hrs,8.35,3.9
STU4625,2.4,7.4,2-4 hrs,7.54,3.4
STU4626,3.0,7.5,2-4 hrs,8.36,1.0
STU4627,5.5,6.8,4-6 hrs,6.32,3.0
STU4628,6.1,7.1,6+ hrs,7.13,4.9
STU4629,0.5,8.4,<2 hrs,8.9,1.0
STU4630,1.5,8.3,<2 hrs,8.19,1.7
STU4631,2.4,7.5,2-4 hrs,8.9,1.2
STU4632,1.0,8.2,<2 hrs,8.7,2.3
STU4633,3.0,6.7,2-4 hrs,7.96,2.2
STU4634,1.5,8.2,<2 hrs,7.49,1.0
STU4635,3.1,8.3,2-4 hrs,8.67,2.0
STU4636,1.6,7.4,<2 hrs,9.27,1.0
STU4637,1.6,8.3,<2 hrs,8.78,2.4
STU4638,3.1,7.4,2-4 hrs,7.19,1.6
STU4639,4.8,7.7,4-6 hrs,8.07,3.8
STU4640,3.9,7.6,2-4 hrs,7.35,2.4
STU4641,2.4,8.1,2-4 hrs,8.15,1.2
STU4642,0.5,8.4,<2 hrs,10.0,1.0
STU4643,1.6,8.8,<2 hrs,8.36,1.6
STU4644,1.5,8.3,<2 hrs,9.27,2.1
STU4645,4.2,7.1,4-6 hrs,7.95,2.2
STU4646,2.8,7.8,2-4 hrs,8.47,1.0
STU4647,2.9,7.6,2-4 hrs,8.36,2.7
STU4648,1.3,8.3,<2 hrs,9.14,1.0
STU4649,6.3,6.7,6+ hrs,6.83,5.4
STU4650,2.9,7.4,2-4 hrs,8.16,1.3
STU4651,1.2,8.3,<2 hrs,9.87,1.0
STU4652,1.3,8.2,<2 hrs,8.13,1.1
STU4653,3.2,8.2,2-4 hrs,8.67,1.4
STU4654,1.1,8.0,<2 hrs,9.5,1.0
STU4655,1.5,7.1,<2 hrs,9.24,1.3
STU4656,0.9,8.1,<2 hrs,9.77,1.0
STU4657,4.2,6.6,4-6 hrs,7.55,4.3
STU4658,1.2,8.4,<2 hrs,7.84,1.0
STU4659,7.0,5.9,6+ hrs,6.31,3.9
STU4660,3.5,7.1,2-4 hrs,7.33,1.6
STU4661,0.9,8.1,<2 hrs,8.66,1.4
STU4662,3.9,8.3,2-4 hrs,7.0,3.2
STU4663,6.3,6.4,6+ hrs,6.38,5.5
STU4664,2.4,7.9,2-4 hrs,8.06,1.1
STU4665,6.8,7.1,6+ hrs,5.01,5.0
STU4666,3.5,8.4,2-4 hrs,8.35,2.8
STU4667,1.5,8.5,<2 hrs,10.0,1.6
STU4668,9.7,6.6,6+ hrs,5.5,7.7
STU4669,0.7,8.8,<2 hrs,9.06,1.0
STU4670,1.9,7.4,<2 hrs,8.61,1.2
STU4671,2.4,8.1,2-4 hrs,8.17,1.2
STU4672,8.6,6.8,6+ hrs,5.68,6.0
STU4673,4.3,6.9,4-6 hrs,7.54,3.6
STU4674,3.8,7.3,2-4 hrs,7.29,1.3
STU4675,1.3,7.8,<2 hrs,9.92,1.8
STU4676,2.3,8.3,2-4 hrs,7.57,1.0
STU4677,1.6,8.1,<2 hrs,9.21,1.0
STU4678,3.7,7.4,2-4 hrs,7.77,3.6
STU4679,5.6,6.5,4-6 hrs,8.12,4.2
STU4680,11.2,5.7,6+ hrs,4.66,8.1
STU4681,1.7,7.8,<2 hrs,8.52,1.0
STU4682,0.7,8.4,<2 hrs,9.04,1.0
STU4683,2.0,7.4,2-4 hrs,8.62,2.2
STU4684,5.1,7.3,4-6 hrs,6.52,3.1
STU4685,1.2,8.0,<2 hrs,8.5,1.0
STU4686,2.5,7.3,2-4 hrs,7.3,2.5
STU4687,3.8,6.9,2-4 hrs,7.24,1.8
STU4688,1.8,7.5,<2 hrs,8.75,1.5
STU4689,3.0,7.6,2-4 hrs,8.33,2.1
STU4690,1.1,8.3,<2 hrs,7.82,1.0
STU4691,5.9,7.2,4-6 hrs,6.76,3.7
STU4692,2.1,8.1,2-4 hrs,8.89,1.0
STU4693,2.9,7.4,2-4 hrs,8.1,1.2
STU4694,0.5,8.9,<2 hrs,8.89,1.0
STU4695,1.0,8.0,<2 hrs,8.8,1.0
STU4696,5.0,7.5,4-6 hrs,6.93,4.3
STU4697,1.7,8.0,<2 hrs,8.35,1.0
STU4698,1.2,8.4,<2 hrs,9.06,1.0
STU4699,0.6,8.2,<2 hrs,10.0,1.0
STU4700,5.8,7.2,4-6 hrs,6.44,3.7
STU4701,4.1,7.5,4-6 hrs,7.46,3.7
STU4702,4.0,7.9,4-6 hrs,7.67,2.5
STU4703,7.4,6.2,6+ hrs,5.76,5.0
STU4704,1.9,7.1,<2 hrs,9.3,2.5
STU4705,0.7,7.8,<2 hrs,7.76,1.0
STU4706,2.6,8.4,2-4 hrs,8.01,3.2
STU4707,8.4,6.3,6+ hrs,6.21,6.9
STU4708,2.7,7.9,2-4 hrs,8.11,1.2
STU4709,5.5,6.6,4-6 hrs,6.53,4.6
STU4710,0.7,8.4,<2 hrs,9.45,1.7
STU4711,1.3,7.7,<2 hrs,9.46,2.1
STU4712,4.8,6.9,4-6 hrs,7.47,4.2
STU4713,2.9,7.6,2-4 hrs,7.71,2.8
STU4714,2.3,8.1,2-4 hrs,8.74,1.4
STU4715,5.5,7.4,4-6 hrs,6.78,3.2
STU4716,4.8,7.6,4-6 hrs,7.79,3.1
STU4717,2.9,7.0,2-4 hrs,9.08,1.0
STU4718,0.5,8.4,<2 hrs,7.71,1.4
STU4719,2.5,7.8,2-4 hrs,8.44,1.5
STU4720,3.5,6.9,2-4 hrs,6.88,3.5
STU4721,0.5,8.4,<2 hrs,10.0,1.0
STU4722,3.4,7.5,2-4 hrs,7.69,3.2
STU4723,5.7,7.3,4-6 hrs,7.38,3.6
STU4724,2.5,7.9,2-4 hrs,8.35,1.0
STU4725,1.0,8.0,<2 hrs,8.57,2.0
STU4726,0.5,8.8,<2 hrs,8.72,1.2
STU4727,3.4,6.5,2-4 hrs,8.92,2.5
STU4728,0.5,8.3,<2 hrs,9.85,1.0
STU4729,3.9,6.6,2-4 hrs,8.91,3.1
STU4730,8.1,6.0,6+ hrs,5.89,5.8
STU4731,1.4,8.4,<2 hrs,9.04,1.0
STU4732,2.1,7.3,2-4 hrs,8.39,1.1
STU4733,8.4,5.7,6+ hrs,5.55,7.4
STU4734,2.8,9.0,2-4 hrs,7.61,4.1
STU4735,1.7,7.4,<2 hrs,8.79,2.4
STU4736,5.1,8.1,4-6 hrs,6.73,4.0
STU4737,1.8,8.0,<2 hrs,8.96,1.0
STU4738,1.3,7.9,<2 hrs,9.02,1.0
STU4739,3.9,7.8,2-4 hrs,7.92,2.1
STU4740,5.4,7.8,4-6 hrs,8.08,3.3
STU4741,1.3,7.6,<2 hrs,8.89,2.6
STU4742,2.9,7.5,2-4 hrs,8.65,3.5
STU4743,2.2,8.4,2-4 hrs,9.74,2.1
STU4744,2.5,8.0,2-4 hrs,9.16,1.0
STU4745,1.0,8.8,<2 hrs,9.74,1.4
STU4746,4.1,7.7,4-6 hrs,7.47,2.7
STU4747,7.0,7.7,6+ hrs,6.49,3.2
STU4748,1.3,8.3,<2 hrs,8.12,1.1
STU4749,4.1,7.6,4-6 hrs,7.95,2.2
STU4750,5.0,7.4,4-6 hrs,7.41,2.9
STU4751,2.9,7.7,2-4 hrs,8.21,1.8
STU4752,4.0,7.9,4-6 hrs,8.32,2.4
STU4753,1.4,8.3,<2 hrs,8.15,1.0
STU4754,6.7,7.2,6+ hrs,7.47,4.6
STU4755,5.4,7.6,4-6 hrs,7.61,2.3
STU4756,5.9,7.2,4-6 hrs,6.8,5.3
STU4757,0.9,8.5,<2 hrs,9.01,1.0
STU4758,3.6,7.1,2-4 hrs,8.17,1.8
STU4759,1.5,7.8,<2 hrs,9.74,1.0
STU4760,7.1,7.1,6+ hrs,6.37,4.9
STU4761,1.3,8.9,<2 hrs,9.0,2.1
STU4762,3.0,6.8,2-4 hrs,8.16,2.3
STU4763,0.5,8.1,<2 hrs,10.0,1.0
STU4764,3.0,7.8,2-4 hrs,7.93,2.3
STU4765,0.9,7.8,<2 hrs,9.08,1.0
STU4766,3.8,7.1,2-4 hrs,8.67,2.9
STU4767,2.2,8.2,2-4 hrs,8.6,1.0
STU4768,1.9,8.8,<2 hrs,9.33,1.1
STU4769,7.2,5.7,6+ hrs,5.71,6.0
STU4770,10.2,5.9,6+ hrs,4.79,10.0
STU4771,0.7,8.6,<2 hrs,10.0,1.0
STU4772,1.9,8.4,<2 hrs,8.24,1.7
STU4773,4.6,7.5,4-6 hrs,7.34,2.8
STU4774,3.3,8.6,2-4 hrs,8.17,3.9
STU4775,4.4,7.4,4-6 hrs,6.93,2.0
STU4776,2.4,8.6,2-4 hrs,8.17,2.2
STU4777,5.6,6.8,4-6 hrs,7.05,2.8
STU4778,2.9,7.8,2-4 hrs,8.22,1.8
STU4779,3.5,7.0,2-4 hrs,8.69,2.4
STU4780,0.9,8.7,<2 hrs,10.0,1.5
STU4781,2.7,7.8,2-4 hrs,7.77,1.0
STU4782,4.6,7.5,4-6 hrs,7.5,3.8
STU4783,3.2,7.5,2-4 hrs,8.46,2.3
STU4784,2.8,8.1,2-4 hrs,9.15,2.2
STU4785,3.6,7.8,2-4 hrs,8.31,3.3
STU4786,2.9,7.3,2-4 hrs,8.37,1.0
STU4787,2.4,7.4,2-4 hrs,8.82,2.3
STU4788,4.7,7.3,4-6 hrs,7.79,2.8
STU4789,2.3,8.3,2-4 hrs,7.91,2.5
STU4790,0.8,9.2,<2 hrs,9.26,1.0
STU4791,7.0,6.9,6+ hrs,7.23,4.7
STU4792,1.5,8.6,<2 hrs,8.7,1.0
STU4793,0.6,7.5,<2 hrs,9.31,1.1
STU4794,4.0,8.5,4-6 hrs,7.55,3.8
STU4795,7.6,6.9,6+ hrs,4.69,4.9
STU4796,4.0,7.5,4-6 hrs,7.71,1.9
STU4797,6.4,6.8,6+ hrs,6.8,5.0
STU4798,1.2,7.6,<2 hrs,8.65,1.0
STU4799,0.9,7.9,<2 hrs,8.4,1.0
STU4800,1.9,9.0,<2 hrs,8.12,1.0
STU4801,5.3,6.7,4-6 hrs,7.57,3.4
STU4802,3.8,7.0,2-4 hrs,8.97,1.6
STU4803,4.0,7.1,4-6 hrs,8.53,1.2
STU4804,2.8,7.2,2-4 hrs,7.43,1.1
STU4805,1.9,8.0,<2 hrs,9.16,1.8
STU4806,2.9,8.3,2-4 hrs,7.8,1.0
STU4807,2.2,7.6,2-4 hrs,8.16,1.3
STU4808,1.8,7.4,<2 hrs,8.41,2.8
STU4809,3.4,7.8,2-4 hrs,8.39,2.3
STU4810,2.1,7.9,2-4 hrs,9.13,1.7
STU4811,3.1,8.2,2-4 hrs,8.05,1.4
STU4812,0.5,8.1,<2 hrs,9.23,2.1
STU4813,2.9,7.6,2-4 hrs,8.47,1.6
STU4814,2.1,7.9,2-4 hrs,8.9,1.3
STU4815,6.6,6.9,6+ hrs,7.24,5.7
STU4816,0.6,8.2,<2 hrs,8.46,1.0
STU4817,2.8,7.5,2-4 hrs,8.25,2.0
STU4818,4.6,6.4,4-6 hrs,6.79,3.0
STU4819,2.3,7.6,2-4 hrs,8.43,1.4
STU4820,2.0,8.4,2-4 hrs,8.46,1.7
STU4821,4.6,7.8,4-6 hrs,7.4,3.7
STU4822,3.7,7.3,2-4 hrs,7.36,2.1
STU4823,3.9,8.2,2-4 hrs,6.85,2.1
STU4824,1.8,8.0,<2 hrs,7.43,1.0
STU4825,1.7,7.4,<2 hrs,8.66,1.0
STU4826,3.1,6.9,2-4 hrs,7.85,1.0
STU4827,4.9,7.9,4-6 hrs,6.89,3.7
STU4828,0.7,8.1,<2 hrs,9.98,1.2
STU4829,2.4,7.3,2-4 hrs,7.9,2.4
STU4830,1.7,6.9,<2 hrs,9.59,1.0
STU4831,2.6,7.7,2-4 hrs,9.3,1.6
STU4832,4.3,7.6,4-6 hrs,6.39,2.1
STU4833,1.3,7.8,<2 hrs,8.97,1.0
STU4834,4.0,7.0,4-6 hrs,7.46,2.5
STU4835,1.9,7.8,<2 hrs,6.9,1.8
STU4836,5.4,7.8,4-6 hrs,6.2,3.8
STU4837,1.3,7.5,<2 hrs,9.38,1.0
STU4838,4.8,7.0,4-6 hrs,8.55,2.6
STU4839,0.8,8.9,<2 hrs,9.68,1.0
STU4840,3.0,8.0,2-4 hrs,8.34,2.2
STU4841,4.1,7.6,4-6 hrs,7.64,1.7
STU4842,1.4,7.8,<2 hrs,9.88,1.0
STU4843,1.8,8.1,<2 hrs,9.98,1.3
STU4844,2.6,7.6,2-4 hrs,7.98,1.0
STU4845,2.0,7.6,2-4 hrs,7.4,1.0
STU4846,1.6,7.6,<2 hrs,7.52,1.0
STU4847,4.7,7.7,4-6 hrs,8.18,2.9
STU4848,5.8,7.0,4-6 hrs,6.86,3.4
STU4849,5.6,7.3,4-6 hrs,7.09,3.4
STU4850,3.6,7.7,2-4 hrs,6.81,2.5
STU4851,3.9,7.7,2-4 hrs,7.29,2.2
STU4852,1.2,8.1,<2 hrs,8.78,1.0
STU4853,2.4,7.7,2-4 hrs,8.54,1.4
STU4854,2.8,7.4,2-4 hrs,8.0,2.1
STU4855,3.2,7.0,2-4 hrs,7.44,2.9
STU4856,3.2,7.1,2-4 hrs,7.59,2.9
STU4857,2.6,7.7,2-4 hrs,9.05,2.9
STU4858,3.6,6.8,2-4 hrs,8.03,3.2
STU4859,3.1,7.0,2-4 hrs,8.47,2.4
STU4860,3.0,8.3,2-4 hrs,7.61,1.8
STU4861,1.4,8.3,<2 hrs,7.1,1.0
STU4862,0.9,8.0,<2 hrs,8.78,1.0
STU4863,3.2,8.8,2-4 hrs,7.54,2.2
STU4864,1.8,7.2,<2 hrs,8.9,1.8
STU4865,1.5,8.6,<2 hrs,10.0,1.0
STU4866,4.1,7.4,4-6 hrs,8.07,2.8
STU4867,2.5,8.3,2-4 hrs,10.0,1.2
STU4868,6.4,7.0,6+ hrs,6.96,4.6
STU4869,3.8,6.6,2-4 hrs,7.41,2.2
STU4870,1.4,8.2,<2 hrs,9.08,1.0
STU4871,4.2,7.6,4-6 hrs,8.68,2.4
STU4872,3.4,6.6,2-4 hrs,9.07,2.8
STU4873,1.3,9.1,<2 hrs,8.57,1.0
STU4874,1.7,8.2,<2 hrs,8.89,1.0
STU4875,4.0,7.8,4-6 hrs,6.84,3.0
STU4876,0.5,7.8,<2 hrs,9.77,1.0
STU4877,0.5,8.7,<2 hrs,10.0,1.3
STU4878,2.9,8.3,2-4 hrs,8.22,1.3
STU4879,2.8,7.9,2-4 hrs,7.84,1.8
STU4880,3.1,7.7,2-4 hrs,8.32,1.0
STU4881,2.8,7.4,2-4 hrs,8.49,1.7
STU4882,3.5,7.5,2-4 hrs,7.97,1.1
STU4883,5.9,6.8,4-6 hrs,6.95,4.7
STU4884,2.6,8.1,2-4 hrs,8.23,2.4
STU4885,0.7,7.9,<2 hrs,9.78,1.1
STU4886,0.5,8.7,<2 hrs,9.72,1.0
STU4887,2.0,7.6,2-4 hrs,8.01,1.0
STU4888,2.0,7.9,2-4 hrs,7.99,1.0
STU4889,0.8,8.6,<2 hrs,8.99,1.8
STU4890,0.5,8.0,<2 hrs,9.72,1.5
STU4891,1.8,8.4,<2 hrs,8.78,1.4
STU4892,7.6,6.9,6+ hrs,5.69,4.9
STU4893,3.4,7.5,2-4 hrs,8.13,3.5
STU4894,3.2,8.3,2-4 hrs,7.86,1.7
STU4895,2.3,8.0,2-4 hrs,8.99,1.8
STU4896,2.0,8.6,2-4 hrs,8.8,2.5
STU4897,3.7,8.5,2-4 hrs,7.65,1.9
STU4898,0.9,8.2,<2 hrs,9.23,1.3
STU4899,8.9,6.6,6+ hrs,6.28,6.6
STU4900,1.0,7.9,<2 hrs,8.71,1.0
STU4901,3.9,7.0,2-4 hrs,7.99,1.9
STU4902,1.0,8.2,<2 hrs,9.01,1.0
STU4903,2.8,7.1,2-4 hrs,8.5,2.2
STU4904,4.2,7.0,4-6 hrs,7.22,1.8
STU4905,0.5,8.7,<2 hrs,9.34,1.0
STU4906,1.2,7.9,<2 hrs,9.62,1.3
STU4907,1.2,8.6,<2 hrs,8.4,1.6
STU4908,2.1,8.1,2-4 hrs,7.76,1.0
STU4909,3.1,8.7,2-4 hrs,7.33,3.2
STU4910,7.7,6.8,6+ hrs,5.33,6.7
STU4911,1.6,8.7,<2 hrs,9.14,1.4
STU4912,7.4,6.9,6+ hrs,5.33,4.3
STU4913,3.3,7.8,2-4 hrs,7.84,2.0
STU4914,0.9,8.9,<2 hrs,9.47,1.0
STU4915,2.3,8.3,2-4 hrs,8.71,1.8
STU4916,0.7,8.4,<2 hrs,8.95,1.0
STU4917,2.0,8.1,2-4 hrs,8.71,1.6
STU4918,1.9,8.3,<2 hrs,8.71,1.3
STU4919,2.9,7.4,2-4 hrs,8.06,2.2
STU4920,3.9,7.2,2-4 hrs,7.62,2.4
STU4921,2.4,8.6,2-4 hrs,9.76,1.4
STU4922,1.0,9.2,<2 hrs,9.54,1.0
STU4923,6.4,6.4,6+ hrs,8.11,6.0
STU4924,8.0,6.2,6+ hrs,5.6,6.8
STU4925,2.2,8.5,2-4 hrs,8.46,2.0
STU4926,3.2,8.0,2-4 hrs,7.26,3.3
STU4927,2.1,8.3,2-4 hrs,8.07,2.1
STU4928,2.9,8.2,2-4 hrs,9.34,2.2
STU4929,3.0,7.6,2-4 hrs,7.84,1.0
STU4930,0.8,8.5,<2 hrs,10.0,1.0
STU4931,2.0,8.1,2-4 hrs,7.85,1.1
STU4932,5.1,6.8,4-6 hrs,6.57,2.7
STU4933,4.8,7.5,4-6 hrs,7.14,2.2
STU4934,2.0,8.6,2-4 hrs,8.56,1.8
STU4935,3.0,7.6,2-4 hrs,8.7,2.4
STU4936,2.1,8.1,2-4 hrs,8.83,1.0
STU4937,4.0,7.6,4-6 hrs,7.45,2.2
STU4938,0.5,8.2,<2 hrs,9.2,1.3
STU4939,3.7,7.9,2-4 hrs,7.64,1.9
STU4940,6.6,6.5,6+ hrs,5.98,4.8
STU4941,1.4,8.8,<2 hrs,8.34,1.0
STU4942,6.1,7.3,6+ hrs,7.37,4.7
STU4943,3.1,7.3,2-4 hrs,7.01,1.5
STU4944,2.4,8.7,2-4 hrs,9.39,1.8
STU4945,2.0,8.1,2-4 hrs,8.39,1.5
STU4946,6.2,6.6,6+ hrs,6.25,4.5
STU4947,2.1,8.5,2-4 hrs,9.0,1.5
STU4948,7.3,6.9,6+ hrs,7.11,5.4
STU4949,6.8,5.9,6+ hrs,7.11,6.5
STU4950,1.7,7.8,<2 hrs,9.04,3.2
STU4951,2.2,8.1,2-4 hrs,9.16,1.0
STU4952,0.5,7.3,<2 hrs,8.25,1.0
STU4953,2.5,7.9,2-4 hrs,8.06,2.2
STU4954,2.7,7.9,2-4 hrs,7.74,2.0
STU4955,5.5,6.5,4-6 hrs,7.76,4.7
STU4956,7.0,6.9,6+ hrs,6.12,5.1
STU4957,4.3,7.4,4-6 hrs,8.07,3.1
STU4958,5.2,6.6,4-6 hrs,7.48,4.5
STU4959,2.2,8.4,2-4 hrs,7.99,2.6
STU4960,0.9,8.7,<2 hrs,8.74,1.0
STU4961,3.1,7.6,2-4 hrs,8.88,1.5
STU4962,5.4,7.1,4-6 hrs,6.6,3.7
STU4963,0.5,8.7,<2 hrs,9.35,1.0
STU4964,2.8,7.7,2-4 hrs,7.77,1.8
STU4965,0.5,7.4,<2 hrs,9.09,1.0
STU4966,1.3,8.4,<2 hrs,8.89,1.7
STU4967,2.9,7.4,2-4 hrs,7.73,3.4
STU4968,7.1,6.5,6+ hrs,5.73,5.4
STU4969,2.6,8.6,2-4 hrs,8.5,1.1
STU4970,4.1,7.4,4-6 hrs,7.15,2.8
STU4971,3.1,7.7,2-4 hrs,7.62,2.1
STU4972,1.4,8.4,<2 hrs,8.31,1.4
STU4973,3.6,7.9,2-4 hrs,7.83,2.8
STU4974,0.8,7.8,<2 hrs,9.71,2.2
STU4975,2.6,7.8,2-4 hrs,9.23,1.5
STU4976,6.1,7.0,6+ hrs,6.32,4.6
STU4977,2.9,7.9,2-4 hrs,9.49,3.9
STU4978,3.1,7.9,2-4 hrs,7.5,1.7
STU4979,2.0,9.3,2-4 hrs,9.25,1.5
STU4980,0.6,7.8,<2 hrs,8.8,1.0
STU4981,2.1,8.5,2-4 hrs,8.03,1.5
STU4982,4.7,7.9,4-6 hrs,6.94,2.7
STU4983,3.4,7.9,2-4 hrs,7.94,3.2
STU4984,0.9,7.9,<2 hrs,9.44,1.0
STU4985,0.5,9.2,<2 hrs,9.68,1.0
STU4986,1.4,7.1,<2 hrs,8.3,1.7
STU4987,2.2,7.6,2-4 hrs,7.92,1.7
STU4988,2.3,8.5,2-4 hrs,7.92,2.4
STU4989,2.3,7.7,2-4 hrs,8.4,1.0
STU4990,2.6,8.6,2-4 hrs,8.2,2.1
STU4991,3.5,6.9,2-4 hrs,7.35,3.1
STU4992,1.9,7.5,<2 hrs,8.81,1.0
STU4993,1.1,8.0,<2 hrs,10.0,1.0
STU4994,3.8,7.8,2-4 hrs,7.49,2.6
STU4995,4.7,7.2,4-6 hrs,7.12,4.3
STU4996,1.6,7.9,<2 hrs,9.12,2.0
STU4997,9.0,7.0,6+ hrs,5.11,6.0
STU4998,6.8,7.6,6+ hrs,6.84,3.7
STU4999,1.0,8.0,<2 hrs,8.62,1.0
STU5000,0.5,7.5,<2 hrs,10.0,1.0
