Student_ID,Addiction_Score,Mental_Health_Score,Conflicts_Per_Month,Usage_Tier
STU0001,2.8,6.1,2,2-4 hrs
STU0002,1.0,8.7,1,2-4 hrs
STU0003,1.0,9.0,0,2-4 hrs
STU0004,1.1,8.5,0,2-4 hrs
STU0005,6.0,6.0,2,6+ hrs
STU0006,2.0,7.4,0,4-6 hrs
STU0007,1.0,9.0,2,<2 hrs
STU0008,2.1,9.1,1,2-4 hrs
STU0009,2.1,6.4,0,2-4 hrs
STU0010,1.0,8.4,0,<2 hrs
STU0011,1.0,7.8,0,<2 hrs
STU0012,1.9,7.0,0,2-4 hrs
STU0013,4.5,6.0,1,6+ hrs
STU0014,1.0,8.8,0,2-4 hrs
STU0015,1.7,8.4,0,<2 hrs
STU0016,2.6,8.7,1,2-4 hrs
STU0017,1.0,8.5,0,<2 hrs
STU0018,1.6,7.0,1,2-4 hrs
STU0019,1.0,8.3,0,2-4 hrs
STU0020,1.0,7.5,0,<2 hrs
STU0021,4.0,6.2,2,4-6 hrs
STU0022,1.0,8.9,0,<2 hrs
STU0023,1.0,8.6,0,<2 hrs
STU0024,3.9,7.5,3,2-4 hrs
STU0025,4.4,6.5,2,4-6 hrs
STU0026,2.3,8.4,0,2-4 hrs
STU0027,2.5,7.5,1,2-4 hrs
STU0028,1.0,9.3,0,2-4 hrs
STU0029,1.0,8.7,2,<2 hrs
STU0030,3.3,7.2,1,4-6 hrs
STU0031,2.1,8.1,0,2-4 hrs
STU0032,1.0,8.5,0,<2 hrs
STU0033,1.0,9.6,2,<2 hrs
STU0034,3.0,7.7,1,2-4 hrs
STU0035,4.0,7.0,2,4-6 hrs
STU0036,4.6,6.5,2,4-6 hrs
STU0037,1.0,9.1,0,<2 hrs
STU0038,1.0,9.0,0,<2 hrs
STU0039,1.0,8.3,0,<2 hrs
STU0040,1.3,7.5,1,2-4 hrs
STU0041,3.8,6.5,2,4-6 hrs
STU0042,3.9,6.9,1,6+ hrs
STU0043,4.0,7.9,3,2-4 hrs
STU0044,1.0,8.3,2,<2 hrs
STU0045,1.8,7.7,0,2-4 hrs
STU0046,3.7,5.9,2,6+ hrs
STU0047,2.1,9.0,1,2-4 hrs
STU0048,1.0,8.9,1,2-4 hrs
STU0049,2.0,8.6,0,2-4 hrs
STU0050,2.9,8.2,2,2-4 hrs
STU0051,1.9,7.9,0,<2 hrs
STU0052,1.0,8.6,0,<2 hrs
STU0053,3.4,8.3,1,4-6 hrs
STU0054,2.7,7.8,2,2-4 hrs
STU0055,2.2,8.3,1,2-4 hrs
STU0056,2.7,8.3,2,4-6 hrs
STU0057,1.0,9.0,0,<2 hrs
STU0058,1.6,8.1,1,<2 hrs
STU0059,2.0,8.0,1,2-4 hrs
STU0060,1.6,8.7,0,2-4 hrs
STU0061,1.0,9.0,2,<2 hrs
STU0062,1.2,9.2,1,<2 hrs
STU0063,1.0,8.9,0,2-4 hrs
STU0064,1.0,8.9,0,2-4 hrs
STU0065,1.2,8.1,1,2-4 hrs
STU0066,3.6,6.8,1,2-4 hrs
STU0067,1.0,9.0,1,<2 hrs
STU0068,1.8,7.7,0,2-4 hrs
STU0069,1.7,8.1,0,2-4 hrs
STU0070,7.4,6.3,2,6+ hrs
STU0071,2.4,8.7,0,2-4 hrs
STU0072,1.8,8.3,0,2-4 hrs
STU0073,4.2,6.7,1,4-6 hrs
STU0074,2.7,7.6,1,4-6 hrs
STU0075,6.0,6.6,4,6+ hrs
STU0076,1.0,8.5,0,<2 hrs
STU0077,1.7,7.8,0,<2 hrs
STU0078,1.0,9.4,1,<2 hrs
STU0079,1.2,8.5,0,<2 hrs
STU0080,1.6,7.8,0,2-4 hrs
STU0081,1.0,8.8,1,<2 hrs
STU0082,6.1,6.6,2,6+ hrs
STU0083,1.0,7.8,0,<2 hrs
STU0084,1.5,8.1,1,<2 hrs
STU0085,3.4,7.1,3,4-6 hrs
STU0086,1.0,8.8,1,<2 hrs
STU0087,1.0,8.9,0,<2 hrs
STU0088,3.7,6.8,2,2-4 hrs
STU0089,1.1,7.4,0,2-4 hrs
STU0090,4.2,7.6,3,4-6 hrs
STU0091,3.6,6.4,1,2-4 hrs
STU0092,3.7,7.3,1,2-4 hrs
STU0093,1.0,8.4,1,<2 hrs
STU0094,1.4,8.4,1,2-4 hrs
STU0095,3.4,8.5,1,2-4 hrs
STU0096,1.0,10.0,0,<2 hrs
STU0097,4.4,5.7,1,6+ hrs
STU0098,2.1,8.6,1,2-4 hrs
STU0099,1.0,8.4,0,<2 hrs
STU0100,4.4,7.5,1,4-6 hrs
STU0101,3.3,8.0,2,4-6 hrs
STU0102,1.9,9.0,1,2-4 hrs
STU0103,1.7,8.3,0,2-4 hrs
STU0104,1.3,7.7,0,<2 hrs
STU0105,2.0,8.6,0,2-4 hrs
STU0106,2.1,8.0,0,2-4 hrs
STU0107,1.0,8.3,1,2-4 hrs
STU0108,3.8,6.8,1,6+ hrs
STU0109,3.9,7.8,1,2-4 hrs
STU0110,1.0,9.6,1,<2 hrs
STU0111,1.0,7.7,1,<2 hrs
STU0112,3.4,7.7,2,2-4 hrs
STU0113,1.0,8.2,0,2-4 hrs
STU0114,2.8,6.6,1,4-6 hrs
STU0115,2.6,7.8,2,2-4 hrs
STU0116,1.3,7.8,0,2-4 hrs
STU0117,1.0,7.4,0,<2 hrs
STU0118,1.0,8.0,0,<2 hrs
STU0119,1.0,7.8,0,2-4 hrs
STU0120,1.0,8.0,1,<2 hrs
STU0121,1.0,7.6,0,<2 hrs
STU0122,2.1,7.7,0,2-4 hrs
STU0123,2.9,7.1,2,2-4 hrs
STU0124,1.0,8.8,0,<2 hrs
STU0125,2.7,8.1,1,4-6 hrs
STU0126,3.5,7.4,2,4-6 hrs
STU0127,1.9,7.9,0,2-4 hrs
STU0128,3.0,7.3,1,2-4 hrs
STU0129,2.4,7.2,1,2-4 hrs
STU0130,4.7,6.1,1,4-6 hrs
STU0131,3.7,7.6,1,4-6 hrs
STU0132,1.0,7.3,1,<2 hrs
STU0133,2.0,7.9,1,2-4 hrs
STU0134,6.8,5.4,3,6+ hrs
STU0135,1.0,8.9,0,<2 hrs
STU0136,1.0,7.5,3,<2 hrs
STU0137,4.3,6.9,2,4-6 hrs
STU0138,2.1,8.2,0,<2 hrs
STU0139,3.5,5.9,1,4-6 hrs
STU0140,2.6,6.9,1,2-4 hrs
STU0141,1.7,8.1,1,<2 hrs
STU0142,1.0,8.9,0,<2 hrs
STU0143,1.1,8.6,2,2-4 hrs
STU0144,2.3,8.2,1,<2 hrs
STU0145,3.1,6.7,2,2-4 hrs
STU0146,2.3,6.7,1,2-4 hrs
STU0147,2.9,7.6,2,4-6 hrs
STU0148,1.7,7.3,0,<2 hrs
STU0149,1.4,7.7,2,<2 hrs
STU0150,1.0,9.2,0,<2 hrs
STU0151,2.3,8.0,0,4-6 hrs
STU0152,6.8,5.2,2,6+ hrs
STU0153,4.0,6.5,1,4-6 hrs
STU0154,4.6,7.1,1,4-6 hrs
STU0155,1.3,8.5,1,<2 hrs
STU0156,2.2,7.0,1,2-4 hrs
STU0157,3.8,5.7,1,4-6 hrs
STU0158,1.0,9.8,0,<2 hrs
STU0159,4.7,5.8,2,6+ hrs
STU0160,1.0,8.9,0,<2 hrs
STU0161,3.2,8.5,1,6+ hrs
STU0162,1.0,8.6,0,<2 hrs
STU0163,1.3,7.9,2,<2 hrs
STU0164,2.7,6.7,1,2-4 hrs
STU0165,3.0,6.5,1,2-4 hrs
STU0166,1.0,8.8,0,<2 hrs
STU0167,5.3,7.4,2,6+ hrs
STU0168,1.2,8.1,0,<2 hrs
STU0169,3.4,6.9,1,2-4 hrs
STU0170,2.8,8.1,1,2-4 hrs
STU0171,1.3,7.9,0,2-4 hrs
STU0172,1.7,8.3,0,<2 hrs
STU0173,2.5,7.8,1,<2 hrs
STU0174,2.9,7.3,2,4-6 hrs
STU0175,4.0,7.0,1,4-6 hrs
STU0176,3.2,8.6,3,2-4 hrs
STU0177,1.7,8.6,0,<2 hrs
STU0178,1.2,9.2,2,<2 hrs
STU0179,1.2,7.8,0,2-4 hrs
STU0180,1.8,8.9,1,2-4 hrs
STU0181,3.0,7.9,2,2-4 hrs
STU0182,2.2,6.9,1,2-4 hrs
STU0183,3.4,7.7,1,4-6 hrs
STU0184,2.8,7.2,2,4-6 hrs
STU0185,4.6,5.6,1,6+ hrs
STU0186,2.4,7.9,1,2-4 hrs
STU0187,2.5,8.1,1,2-4 hrs
STU0188,1.0,8.6,0,2-4 hrs
STU0189,1.0,8.4,1,<2 hrs
STU0190,7.1,5.2,3,6+ hrs
STU0191,2.7,9.4,1,4-6 hrs
STU0192,1.4,7.5,0,4-6 hrs
STU0193,3.0,8.1,3,2-4 hrs
STU0194,1.2,8.4,1,<2 hrs
STU0195,3.9,6.5,1,4-6 hrs
STU0196,1.0,8.5,1,2-4 hrs
STU0197,3.0,6.5,1,2-4 hrs
STU0198,1.3,7.9,1,<2 hrs
STU0199,1.0,8.5,0,2-4 hrs
STU0200,2.3,6.8,0,<2 hrs
STU0201,1.3,8.7,1,<2 hrs
STU0202,1.8,7.4,1,2-4 hrs
STU0203,1.0,7.5,1,<2 hrs
STU0204,1.0,7.7,1,<2 hrs
STU0205,1.5,9.8,2,<2 hrs
STU0206,1.7,6.8,0,2-4 hrs
STU0207,3.1,7.8,1,4-6 hrs
STU0208,2.6,7.2,2,2-4 hrs
STU0209,1.0,8.3,0,2-4 hrs
STU0210,1.0,8.9,1,2-4 hrs
STU0211,1.6,8.6,0,2-4 hrs
STU0212,1.0,8.0,0,<2 hrs
STU0213,1.7,7.2,0,2-4 hrs
STU0214,2.7,8.1,1,2-4 hrs
STU0215,1.8,8.5,0,2-4 hrs
STU0216,1.0,8.3,1,2-4 hrs
STU0217,3.1,7.8,1,2-4 hrs
STU0218,4.4,6.5,1,2-4 hrs
STU0219,6.7,5.1,3,6+ hrs
STU0220,1.0,8.5,1,<2 hrs
STU0221,7.9,5.4,3,6+ hrs
STU0222,1.0,8.7,1,<2 hrs
STU0223,1.0,8.9,2,<2 hrs
STU0224,1.0,8.0,1,<2 hrs
STU0225,1.3,9.5,1,2-4 hrs
STU0226,5.5,6.0,2,6+ hrs
STU0227,1.0,8.4,0,<2 hrs
STU0228,2.5,6.8,2,2-4 hrs
STU0229,1.0,8.4,0,<2 hrs
STU0230,5.1,6.8,2,6+ hrs
STU0231,3.6,7.7,2,4-6 hrs
STU0232,1.0,9.6,0,<2 hrs
STU0233,4.9,6.9,2,6+ hrs
STU0234,1.5,8.4,0,2-4 hrs
STU0235,4.6,6.4,1,4-6 hrs
STU0236,2.2,7.4,0,2-4 hrs
STU0237,2.3,8.5,0,2-4 hrs
STU0238,2.3,8.5,0,<2 hrs
STU0239,1.8,7.3,0,2-4 hrs
STU0240,1.5,8.8,1,2-4 hrs
STU0241,3.9,7.5,1,2-4 hrs
STU0242,1.0,7.7,0,<2 hrs
STU0243,1.9,8.4,0,4-6 hrs
STU0244,4.7,5.9,2,6+ hrs
STU0245,2.0,6.3,0,2-4 hrs
STU0246,4.2,6.8,3,6+ hrs
STU0247,6.5,5.9,3,6+ hrs
STU0248,2.2,7.8,2,4-6 hrs
STU0249,4.6,8.7,2,6+ hrs
STU0250,3.5,7.5,2,4-6 hrs
STU0251,1.0,8.6,0,<2 hrs
STU0252,1.0,8.8,0,2-4 hrs
STU0253,2.2,7.6,0,4-6 hrs
STU0254,5.9,6.7,2,6+ hrs
STU0255,1.0,8.8,0,<2 hrs
STU0256,1.0,8.7,1,<2 hrs
STU0257,1.0,8.1,0,2-4 hrs
STU0258,1.3,7.3,1,<2 hrs
STU0259,2.8,7.2,2,2-4 hrs
STU0260,3.3,7.5,2,2-4 hrs
STU0261,1.2,8.1,0,<2 hrs
STU0262,1.9,8.3,0,2-4 hrs
STU0263,2.4,7.6,2,4-6 hrs
STU0264,1.0,8.8,0,<2 hrs
STU0265,1.0,7.8,2,<2 hrs
STU0266,1.0,8.6,1,2-4 hrs
STU0267,1.5,7.8,2,<2 hrs
STU0268,5.5,5.2,2,6+ hrs
STU0269,2.8,7.5,2,2-4 hrs
STU0270,1.7,9.2,2,<2 hrs
STU0271,2.5,6.7,2,2-4 hrs
STU0272,2.1,8.0,3,2-4 hrs
STU0273,1.0,9.1,0,2-4 hrs
STU0274,2.6,9.3,1,<2 hrs
STU0275,1.1,8.1,0,<2 hrs
STU0276,1.0,8.1,0,<2 hrs
STU0277,3.8,6.3,2,6+ hrs
STU0278,1.9,8.8,0,2-4 hrs
STU0279,2.6,7.1,1,2-4 hrs
STU0280,1.8,7.8,0,2-4 hrs
STU0281,1.0,7.2,1,<2 hrs
STU0282,1.0,9.1,0,<2 hrs
STU0283,1.0,9.3,0,<2 hrs
STU0284,1.9,8.6,0,<2 hrs
STU0285,1.0,7.4,0,<2 hrs
STU0286,4.9,7.0,3,6+ hrs
STU0287,4.4,5.6,1,4-6 hrs
STU0288,1.0,8.5,1,2-4 hrs
STU0289,1.0,8.6,0,<2 hrs
STU0290,1.0,8.7,0,<2 hrs
STU0291,2.8,8.0,3,2-4 hrs
STU0292,5.0,6.5,2,4-6 hrs
STU0293,1.1,7.1,2,<2 hrs
STU0294,3.3,7.7,2,2-4 hrs
STU0295,1.0,8.6,0,<2 hrs
STU0296,2.7,7.0,1,<2 hrs
STU0297,2.0,6.9,0,2-4 hrs
STU0298,1.5,9.3,0,<2 hrs
STU0299,1.4,9.2,1,2-4 hrs
STU0300,1.0,9.0,1,<2 hrs
STU0301,2.4,7.3,0,<2 hrs
STU0302,3.4,5.5,2,4-6 hrs
STU0303,3.1,8.0,2,2-4 hrs
STU0304,3.2,7.7,1,4-6 hrs
STU0305,1.0,8.2,0,<2 hrs
STU0306,2.2,8.7,0,2-4 hrs
STU0307,1.0,9.1,0,<2 hrs
STU0308,1.3,8.5,0,2-4 hrs
STU0309,1.9,8.1,0,4-6 hrs
STU0310,1.3,8.4,1,<2 hrs
STU0311,1.0,9.0,1,<2 hrs
STU0312,1.9,7.4,0,2-4 hrs
STU0313,3.7,7.4,2,4-6 hrs
STU0314,1.0,7.9,0,<2 hrs
STU0315,3.8,8.0,2,2-4 hrs
STU0316,3.7,7.5,1,6+ hrs
STU0317,2.9,7.1,2,2-4 hrs
STU0318,1.7,8.2,1,2-4 hrs
STU0319,2.3,7.3,2,2-4 hrs
STU0320,1.0,9.6,1,<2 hrs
STU0321,2.6,8.8,1,2-4 hrs
STU0322,2.1,8.4,1,2-4 hrs
STU0323,1.7,9.2,0,2-4 hrs
STU0324,1.8,8.2,1,<2 hrs
STU0325,2.6,8.2,1,2-4 hrs
STU0326,1.0,9.4,0,<2 hrs
STU0327,2.5,7.7,1,4-6 hrs
STU0328,2.2,7.9,0,<2 hrs
STU0329,1.0,9.2,1,<2 hrs
STU0330,1.0,9.0,0,<2 hrs
STU0331,1.1,7.9,1,2-4 hrs
STU0332,4.8,5.1,3,6+ hrs
STU0333,2.8,7.5,4,4-6 hrs
STU0334,1.0,7.0,0,<2 hrs
STU0335,1.0,7.8,0,<2 hrs
STU0336,4.7,6.0,4,4-6 hrs
STU0337,3.5,6.9,1,2-4 hrs
STU0338,6.0,6.6,2,6+ hrs
STU0339,1.3,9.1,0,<2 hrs
STU0340,1.0,8.9,1,<2 hrs
STU0341,1.6,8.6,0,2-4 hrs
STU0342,1.0,9.0,1,<2 hrs
STU0343,3.2,5.7,2,4-6 hrs
STU0344,2.7,7.7,2,<2 hrs
STU0345,1.0,7.2,0,2-4 hrs
STU0346,1.0,8.9,1,<2 hrs
STU0347,2.4,6.3,0,4-6 hrs
STU0348,1.6,8.1,2,<2 hrs
STU0349,1.1,8.8,1,2-4 hrs
STU0350,5.1,5.7,2,6+ hrs
STU0351,1.5,8.9,0,<2 hrs
STU0352,4.9,6.9,1,6+ hrs
STU0353,2.3,8.1,0,2-4 hrs
STU0354,2.3,8.3,0,<2 hrs
STU0355,2.1,7.7,0,2-4 hrs
STU0356,2.4,7.9,1,4-6 hrs
STU0357,1.0,8.5,0,<2 hrs
STU0358,1.5,8.2,0,2-4 hrs
STU0359,5.9,5.6,3,6+ hrs
STU0360,1.6,7.3,0,<2 hrs
STU0361,1.6,8.0,0,<2 hrs
STU0362,2.6,7.4,2,2-4 hrs
STU0363,1.5,7.7,0,2-4 hrs
STU0364,3.0,8.1,2,4-6 hrs
STU0365,1.5,7.4,0,2-4 hrs
STU0366,1.0,8.4,1,<2 hrs
STU0367,1.0,9.3,1,<2 hrs
STU0368,1.3,9.0,0,<2 hrs
STU0369,1.0,9.4,0,<2 hrs
STU0370,1.0,8.1,1,<2 hrs
STU0371,1.3,8.9,0,2-4 hrs
STU0372,1.1,7.7,2,<2 hrs
STU0373,1.1,8.3,0,2-4 hrs
STU0374,3.9,6.9,1,6+ hrs
STU0375,4.2,6.5,1,4-6 hrs
STU0376,2.2,7.6,2,2-4 hrs
STU0377,8.4,4.5,3,6+ hrs
STU0378,1.3,7.7,2,2-4 hrs
STU0379,1.1,9.0,0,2-4 hrs
STU0380,1.9,7.9,0,2-4 hrs
STU0381,1.8,8.2,1,2-4 hrs
STU0382,1.0,8.6,1,<2 hrs
STU0383,2.9,7.6,2,2-4 hrs
STU0384,3.9,7.1,1,6+ hrs
STU0385,5.5,6.0,2,4-6 hrs
STU0386,1.0,9.5,0,<2 hrs
STU0387,1.0,9.0,0,<2 hrs
STU0388,1.0,8.5,1,<2 hrs
STU0389,4.1,6.6,1,4-6 hrs
STU0390,3.8,7.0,1,4-6 hrs
STU0391,1.8,8.4,0,4-6 hrs
STU0392,1.0,9.5,0,<2 hrs
STU0393,1.0,7.5,0,<2 hrs
STU0394,2.9,8.0,1,2-4 hrs
STU0395,2.1,8.7,0,2-4 hrs
STU0396,1.0,7.5,0,<2 hrs
STU0397,1.0,8.4,0,<2 hrs
STU0398,4.5,6.0,1,4-6 hrs
STU0399,2.0,8.3,1,2-4 hrs
STU0400,1.0,8.2,0,<2 hrs
STU0401,1.3,8.3,1,2-4 hrs
STU0402,1.0,8.2,0,<2 hrs
STU0403,1.4,8.8,0,<2 hrs
STU0404,3.0,7.7,2,4-6 hrs
STU0405,1.0,8.7,2,<2 hrs
STU0406,4.0,7.1,2,2-4 hrs
STU0407,1.0,8.9,0,<2 hrs
STU0408,3.6,7.0,3,6+ hrs
STU0409,1.5,9.4,0,<2 hrs
STU0410,2.3,7.0,1,2-4 hrs
STU0411,1.3,7.1,0,2-4 hrs
STU0412,2.5,6.5,2,2-4 hrs
STU0413,2.8,6.1,1,2-4 hrs
STU0414,1.0,9.0,1,<2 hrs
STU0415,1.4,8.7,4,2-4 hrs
STU0416,3.4,8.1,1,2-4 hrs
STU0417,1.6,7.5,1,<2 hrs
STU0418,1.5,8.8,0,<2 hrs
STU0419,3.0,7.5,2,2-4 hrs
STU0420,1.0,8.6,1,<2 hrs
STU0421,4.2,7.3,2,4-6 hrs
STU0422,3.0,7.0,1,2-4 hrs
STU0423,2.5,9.6,1,2-4 hrs
STU0424,3.2,8.3,2,4-6 hrs
STU0425,1.0,8.1,2,<2 hrs
STU0426,1.0,7.7,1,<2 hrs
STU0427,2.5,7.7,1,2-4 hrs
STU0428,1.0,8.6,0,<2 hrs
STU0429,1.0,9.2,0,<2 hrs
STU0430,1.0,7.7,0,<2 hrs
STU0431,1.0,8.7,0,<2 hrs
STU0432,3.2,6.3,2,4-6 hrs
STU0433,2.4,8.1,0,2-4 hrs
STU0434,2.4,7.7,0,2-4 hrs
STU0435,1.8,9.5,0,<2 hrs
STU0436,1.5,7.2,0,2-4 hrs
STU0437,4.9,7.5,1,4-6 hrs
STU0438,1.7,7.0,1,<2 hrs
STU0439,2.1,7.0,0,2-4 hrs
STU0440,5.5,5.1,2,6+ hrs
STU0441,3.1,7.6,2,4-6 hrs
STU0442,2.1,7.1,2,<2 hrs
STU0443,3.7,6.2,1,2-4 hrs
STU0444,1.4,8.4,0,<2 hrs
STU0445,1.7,8.5,1,2-4 hrs
STU0446,3.2,7.4,2,2-4 hrs
STU0447,3.4,7.2,1,2-4 hrs
STU0448,2.2,9.2,0,2-4 hrs
STU0449,2.9,7.7,2,4-6 hrs
STU0450,2.5,8.3,2,2-4 hrs
STU0451,3.1,7.6,1,2-4 hrs
STU0452,2.8,6.8,1,2-4 hrs
STU0453,1.0,8.9,0,<2 hrs
STU0454,2.4,7.3,0,4-6 hrs
STU0455,1.9,8.0,0,2-4 hrs
STU0456,2.1,8.2,0,4-6 hrs
STU0457,2.2,6.5,1,4-6 hrs
STU0458,1.0,7.4,0,<2 hrs
STU0459,1.5,8.9,0,<2 hrs
STU0460,2.4,7.3,1,<2 hrs
STU0461,4.1,6.5,1,4-6 hrs
STU0462,1.0,8.6,1,<2 hrs
STU0463,5.5,6.0,2,6+ hrs
STU0464,1.0,8.8,0,2-4 hrs
STU0465,2.6,7.7,1,2-4 hrs
STU0466,3.2,7.5,2,4-6 hrs
STU0467,2.3,7.4,0,2-4 hrs
STU0468,3.3,7.5,3,4-6 hrs
STU0469,1.0,9.3,1,<2 hrs
STU0470,4.5,6.4,2,6+ hrs
STU0471,2.5,8.4,1,<2 hrs
STU0472,5.2,6.4,2,6+ hrs
STU0473,1.0,9.0,0,<2 hrs
STU0474,1.0,8.6,0,2-4 hrs
STU0475,1.0,8.5,1,<2 hrs
STU0476,2.0,8.2,0,<2 hrs
STU0477,1.0,9.3,1,2-4 hrs
STU0478,1.8,8.3,3,2-4 hrs
STU0479,4.5,7.1,2,4-6 hrs
STU0480,1.0,8.2,1,2-4 hrs
STU0481,3.5,8.3,1,2-4 hrs
STU0482,1.8,8.5,0,2-4 hrs
STU0483,1.6,8.3,2,2-4 hrs
STU0484,1.0,8.4,0,<2 hrs
STU0485,1.0,9.2,0,<2 hrs
STU0486,1.4,7.9,0,<2 hrs
STU0487,3.4,6.1,3,4-6 hrs
STU0488,3.0,7.6,2,6+ hrs
STU0489,1.0,9.3,0,<2 hrs
STU0490,1.0,9.6,0,<2 hrs
STU0491,2.9,7.5,3,2-4 hrs
STU0492,3.9,7.1,1,6+ hrs
STU0493,5.1,6.8,3,6+ hrs
STU0494,1.2,8.2,2,<2 hrs
STU0495,1.1,8.8,0,<2 hrs
STU0496,2.4,7.7,0,2-4 hrs
STU0497,2.8,8.3,1,2-4 hrs
STU0498,1.0,9.0,1,2-4 hrs
STU0499,1.0,9.1,1,<2 hrs
STU0500,1.0,8.4,1,2-4 hrs
STU0501,5.7,7.5,4,6+ hrs
STU0502,1.0,8.8,0,<2 hrs
STU0503,1.3,8.5,1,2-4 hrs
STU0504,8.2,4.4,3,6+ hrs
STU0505,2.1,7.9,1,<2 hrs
STU0506,2.5,7.8,1,4-6 hrs
STU0507,4.9,6.0,2,6+ hrs
STU0508,2.8,7.4,1,2-4 hrs
STU0509,2.6,7.6,1,4-6 hrs
STU0510,2.6,7.7,2,4-6 hrs
STU0511,3.5,6.0,2,2-4 hrs
STU0512,4.4,6.7,2,6+ hrs
STU0513,1.3,8.1,1,4-6 hrs
STU0514,1.0,8.5,0,2-4 hrs
STU0515,2.1,8.7,0,2-4 hrs
STU0516,3.0,8.9,1,2-4 hrs
STU0517,1.0,9.0,0,<2 hrs
STU0518,2.4,6.9,2,2-4 hrs
STU0519,2.9,7.3,1,2-4 hrs
STU0520,4.3,7.3,2,4-6 hrs
STU0521,6.9,5.9,2,6+ hrs
STU0522,2.5,8.4,1,2-4 hrs
STU0523,3.2,7.3,1,6+ hrs
STU0524,4.4,6.5,1,2-4 hrs
STU0525,1.6,9.4,1,2-4 hrs
STU0526,1.0,8.5,1,<2 hrs
STU0527,1.8,7.4,0,2-4 hrs
STU0528,3.2,8.4,1,2-4 hrs
STU0529,2.7,6.6,2,<2 hrs
STU0530,1.2,6.0,0,<2 hrs
STU0531,3.1,8.0,1,2-4 hrs
STU0532,4.9,7.2,1,6+ hrs
STU0533,1.0,8.8,0,2-4 hrs
STU0534,1.6,7.3,0,<2 hrs
STU0535,1.0,8.5,0,<2 hrs
STU0536,4.1,6.8,2,4-6 hrs
STU0537,1.5,7.9,1,<2 hrs
STU0538,3.7,8.1,1,4-6 hrs
STU0539,4.3,6.1,3,4-6 hrs
STU0540,3.4,7.5,3,2-4 hrs
STU0541,1.0,9.3,0,<2 hrs
STU0542,1.0,8.8,0,2-4 hrs
STU0543,1.0,9.4,1,2-4 hrs
STU0544,2.4,8.2,1,<2 hrs
STU0545,4.2,7.2,2,6+ hrs
STU0546,3.1,7.7,2,2-4 hrs
STU0547,1.9,8.5,1,2-4 hrs
STU0548,4.0,6.7,1,4-6 hrs
STU0549,3.7,6.2,3,6+ hrs
STU0550,1.1,9.1,2,2-4 hrs
STU0551,2.7,8.5,1,4-6 hrs
STU0552,1.0,8.7,0,<2 hrs
STU0553,6.0,5.6,2,6+ hrs
STU0554,1.9,7.0,1,2-4 hrs
STU0555,1.5,8.3,2,<2 hrs
STU0556,1.0,7.6,2,<2 hrs
STU0557,1.0,7.5,2,<2 hrs
STU0558,1.0,8.5,1,<2 hrs
STU0559,2.0,7.5,0,<2 hrs
STU0560,3.3,7.6,3,4-6 hrs
STU0561,1.0,8.4,0,2-4 hrs
STU0562,1.0,8.1,1,<2 hrs
STU0563,1.8,6.9,0,2-4 hrs
STU0564,3.2,6.8,1,2-4 hrs
STU0565,1.5,7.7,1,<2 hrs
STU0566,1.0,7.6,0,2-4 hrs
STU0567,3.8,6.9,1,2-4 hrs
STU0568,1.4,7.5,1,2-4 hrs
STU0569,2.0,7.9,0,<2 hrs
STU0570,1.0,8.7,0,<2 hrs
STU0571,1.0,7.9,0,2-4 hrs
STU0572,1.0,8.8,0,<2 hrs
STU0573,1.0,7.5,0,2-4 hrs
STU0574,6.1,5.2,2,6+ hrs
STU0575,3.5,7.2,1,4-6 hrs
STU0576,1.1,8.9,1,2-4 hrs
STU0577,1.3,9.0,2,<2 hrs
STU0578,3.4,8.4,1,4-6 hrs
STU0579,3.2,7.1,3,2-4 hrs
STU0580,5.2,6.3,2,6+ hrs
STU0581,1.8,7.4,0,2-4 hrs
STU0582,4.6,5.8,3,6+ hrs
STU0583,2.7,7.8,1,2-4 hrs
STU0584,1.6,7.7,0,<2 hrs
STU0585,1.3,9.2,1,<2 hrs
STU0586,4.3,5.8,2,2-4 hrs
STU0587,1.0,8.8,1,<2 hrs
STU0588,4.6,6.0,2,6+ hrs
STU0589,2.7,7.1,2,2-4 hrs
STU0590,1.3,8.7,1,2-4 hrs
STU0591,2.3,7.4,0,2-4 hrs
STU0592,1.0,8.1,0,2-4 hrs
STU0593,1.0,7.9,0,<2 hrs
STU0594,2.7,8.9,1,<2 hrs
STU0595,4.6,6.3,1,6+ hrs
STU0596,1.5,8.3,0,2-4 hrs
STU0597,4.5,6.6,1,4-6 hrs
STU0598,2.8,7.8,1,4-6 hrs
STU0599,1.1,8.0,0,2-4 hrs
STU0600,3.3,7.2,1,4-6 hrs
STU0601,1.1,8.7,0,<2 hrs
STU0602,5.6,5.6,3,6+ hrs
STU0603,3.7,7.9,2,6+ hrs
STU0604,3.0,8.3,2,2-4 hrs
STU0605,1.7,8.6,1,2-4 hrs
STU0606,1.3,8.4,0,2-4 hrs
STU0607,4.8,4.5,1,4-6 hrs
STU0608,2.6,8.0,1,4-6 hrs
STU0609,1.6,7.9,0,<2 hrs
STU0610,1.0,8.3,0,<2 hrs
STU0611,1.0,7.2,1,<2 hrs
STU0612,4.6,7.0,1,4-6 hrs
STU0613,2.1,6.9,1,2-4 hrs
STU0614,1.0,8.6,0,2-4 hrs
STU0615,2.1,8.6,1,2-4 hrs
STU0616,1.0,8.2,0,<2 hrs
STU0617,1.2,9.3,0,<2 hrs
STU0618,1.0,8.0,0,<2 hrs
STU0619,1.0,8.9,0,<2 hrs
STU0620,1.6,7.3,0,<2 hrs
STU0621,1.4,9.0,0,<2 hrs
STU0622,7.0,6.1,2,6+ hrs
STU0623,2.4,8.1,1,4-6 hrs
STU0624,3.4,7.0,2,2-4 hrs
STU0625,2.1,7.0,2,2-4 hrs
STU0626,2.8,7.3,1,2-4 hrs
STU0627,3.6,8.0,1,4-6 hrs
STU0628,1.6,8.3,0,2-4 hrs
STU0629,2.3,6.8,0,4-6 hrs
STU0630,1.8,7.3,0,2-4 hrs
STU0631,7.6,6.1,4,6+ hrs
STU0632,2.6,8.0,1,2-4 hrs
STU0633,3.2,6.5,1,4-6 hrs
STU0634,1.0,7.3,1,<2 hrs
STU0635,1.0,8.1,0,<2 hrs
STU0636,5.6,4.9,4,6+ hrs
STU0637,3.0,7.4,2,4-6 hrs
STU0638,2.9,9.3,2,2-4 hrs
STU0639,8.1,3.8,4,6+ hrs
STU0640,2.5,7.6,1,2-4 hrs
STU0641,4.1,7.9,1,4-6 hrs
STU0642,2.5,8.3,1,4-6 hrs
STU0643,4.8,6.5,1,6+ hrs
STU0644,2.5,7.6,1,<2 hrs
STU0645,2.0,7.2,1,2-4 hrs
STU0646,2.5,7.6,1,2-4 hrs
STU0647,5.3,6.5,3,6+ hrs
STU0648,2.8,8.4,1,2-4 hrs
STU0649,2.0,7.6,0,4-6 hrs
STU0650,1.0,8.4,1,<2 hrs
STU0651,1.4,7.6,0,2-4 hrs
STU0652,5.4,6.5,2,6+ hrs
STU0653,1.6,8.7,1,2-4 hrs
STU0654,1.0,8.9,0,2-4 hrs
STU0655,5.2,5.6,3,6+ hrs
STU0656,1.0,8.6,0,<2 hrs
STU0657,1.0,8.0,0,<2 hrs
STU0658,1.0,9.2,2,<2 hrs
STU0659,5.5,6.1,2,6+ hrs
STU0660,4.5,5.7,1,4-6 hrs
STU0661,3.8,6.9,1,4-6 hrs
STU0662,1.8,8.4,0,<2 hrs
STU0663,1.0,8.7,1,<2 hrs
STU0664,1.0,8.1,1,<2 hrs
STU0665,5.0,6.1,2,6+ hrs
STU0666,1.0,7.8,1,2-4 hrs
STU0667,3.1,7.2,2,4-6 hrs
STU0668,1.3,7.8,2,2-4 hrs
STU0669,1.8,8.8,0,<2 hrs
STU0670,1.3,7.7,0,2-4 hrs
STU0671,1.0,8.6,1,<2 hrs
STU0672,1.0,8.5,0,<2 hrs
STU0673,4.1,7.6,3,4-6 hrs
STU0674,1.0,9.3,0,<2 hrs
STU0675,1.1,8.9,0,<2 hrs
STU0676,1.0,8.7,1,2-4 hrs
STU0677,1.3,7.6,1,2-4 hrs
STU0678,1.0,7.8,0,<2 hrs
STU0679,1.9,7.5,0,2-4 hrs
STU0680,2.4,8.3,0,2-4 hrs
STU0681,2.6,7.8,1,6+ hrs
STU0682,1.5,8.9,0,2-4 hrs
STU0683,4.0,7.7,2,2-4 hrs
STU0684,1.3,7.8,0,<2 hrs
STU0685,1.1,8.5,0,<2 hrs
STU0686,2.1,7.9,0,<2 hrs
STU0687,1.0,8.3,0,<2 hrs
STU0688,1.0,8.1,0,2-4 hrs
STU0689,3.7,8.0,1,4-6 hrs
STU0690,1.5,8.3,0,<2 hrs
STU0691,7.3,5.4,2,6+ hrs
STU0692,2.0,7.4,1,2-4 hrs
STU0693,3.2,7.9,1,2-4 hrs
STU0694,1.5,7.5,1,2-4 hrs
STU0695,2.5,8.1,1,2-4 hrs
STU0696,1.0,8.8,0,<2 hrs
STU0697,1.0,8.2,1,<2 hrs
STU0698,1.0,8.7,0,<2 hrs
STU0699,5.9,6.2,2,6+ hrs
STU0700,2.2,7.9,1,2-4 hrs
STU0701,5.0,6.5,2,6+ hrs
STU0702,1.5,8.3,0,<2 hrs
STU0703,1.1,8.5,0,<2 hrs
STU0704,2.5,7.8,1,2-4 hrs
STU0705,1.1,7.7,1,<2 hrs
STU0706,1.8,8.0,1,2-4 hrs
STU0707,1.0,8.7,0,<2 hrs
STU0708,1.0,8.6,0,<2 hrs
STU0709,2.5,8.4,1,2-4 hrs
STU0710,5.0,6.9,2,6+ hrs
STU0711,2.4,7.2,1,2-4 hrs
STU0712,1.4,8.2,0,2-4 hrs
STU0713,2.4,7.6,1,2-4 hrs
STU0714,2.1,7.9,0,2-4 hrs
STU0715,1.2,8.4,0,<2 hrs
STU0716,1.0,8.9,0,<2 hrs
STU0717,2.6,7.8,2,4-6 hrs
STU0718,1.0,9.4,2,<2 hrs
STU0719,3.8,7.3,1,4-6 hrs
STU0720,2.6,7.1,3,2-4 hrs
STU0721,1.0,8.2,2,2-4 hrs
STU0722,1.4,8.7,1,<2 hrs
STU0723,3.3,6.2,1,4-6 hrs
STU0724,2.8,6.7,1,4-6 hrs
STU0725,1.0,8.5,0,<2 hrs
STU0726,1.0,9.2,1,<2 hrs
STU0727,1.0,9.4,0,<2 hrs
STU0728,2.2,7.7,1,2-4 hrs
STU0729,1.7,8.9,0,2-4 hrs
STU0730,8.3,4.9,3,6+ hrs
STU0731,1.3,7.3,0,2-4 hrs
STU0732,1.0,8.5,1,2-4 hrs
STU0733,3.6,6.8,1,2-4 hrs
STU0734,3.0,8.1,1,2-4 hrs
STU0735,1.0,8.5,0,2-4 hrs
STU0736,1.0,7.6,0,<2 hrs
STU0737,2.0,7.0,0,2-4 hrs
STU0738,2.0,8.0,0,2-4 hrs
STU0739,1.0,6.8,0,2-4 hrs
STU0740,4.0,6.6,1,4-6 hrs
STU0741,2.4,8.0,0,2-4 hrs
STU0742,1.0,7.8,0,<2 hrs
STU0743,2.1,8.6,1,<2 hrs
STU0744,1.9,8.9,0,2-4 hrs
STU0745,2.2,7.2,2,2-4 hrs
STU0746,3.8,6.9,2,2-4 hrs
STU0747,2.7,8.3,2,2-4 hrs
STU0748,1.0,8.5,1,<2 hrs
STU0749,1.1,7.5,0,<2 hrs
STU0750,2.2,7.8,2,2-4 hrs
STU0751,1.9,7.5,1,2-4 hrs
STU0752,2.3,8.6,1,2-4 hrs
STU0753,1.0,8.9,0,<2 hrs
STU0754,1.0,8.3,0,<2 hrs
STU0755,1.6,8.3,1,2-4 hrs
STU0756,1.6,7.3,0,2-4 hrs
STU0757,2.0,7.5,0,2-4 hrs
STU0758,4.0,8.1,2,4-6 hrs
STU0759,1.0,8.5,0,<2 hrs
STU0760,1.0,9.2,0,<2 hrs
STU0761,2.6,7.9,1,2-4 hrs
STU0762,3.0,8.4,1,2-4 hrs
STU0763,3.2,6.0,1,4-6 hrs
STU0764,1.0,8.4,0,<2 hrs
STU0765,1.0,9.7,2,<2 hrs
STU0766,1.4,9.0,1,<2 hrs
STU0767,3.3,8.3,2,2-4 hrs
STU0768,1.8,8.1,0,2-4 hrs
STU0769,1.2,8.0,1,2-4 hrs
STU0770,2.6,7.0,1,4-6 hrs
STU0771,2.1,7.2,0,2-4 hrs
STU0772,1.0,9.1,1,<2 hrs
STU0773,1.1,8.8,0,<2 hrs
STU0774,1.0,8.5,2,<2 hrs
STU0775,1.0,8.9,0,<2 hrs
STU0776,1.0,8.6,1,<2 hrs
STU0777,2.9,8.2,2,4-6 hrs
STU0778,2.9,8.2,1,4-6 hrs
STU0779,1.0,7.8,0,<2 hrs
STU0780,6.3,6.0,2,6+ hrs
STU0781,1.0,7.3,1,<2 hrs
STU0782,4.0,7.1,1,6+ hrs
STU0783,5.6,6.6,2,6+ hrs
STU0784,2.3,6.9,0,2-4 hrs
STU0785,1.8,7.8,0,<2 hrs
STU0786,2.6,7.7,1,<2 hrs
STU0787,2.7,7.8,2,2-4 hrs
STU0788,1.0,8.3,0,<2 hrs
STU0789,1.0,7.7,1,<2 hrs
STU0790,1.4,8.3,1,<2 hrs
STU0791,2.7,6.5,1,2-4 hrs
STU0792,4.7,6.5,1,4-6 hrs
STU0793,3.4,7.0,4,4-6 hrs
STU0794,3.2,7.3,3,4-6 hrs
STU0795,1.6,7.8,0,<2 hrs
STU0796,1.4,7.2,0,<2 hrs
STU0797,1.3,8.1,0,2-4 hrs
STU0798,2.1,8.6,0,2-4 hrs
STU0799,1.1,9.3,3,<2 hrs
STU0800,4.2,8.6,1,4-6 hrs
STU0801,5.5,7.4,3,6+ hrs
STU0802,2.8,6.8,1,2-4 hrs
STU0803,1.8,7.8,1,<2 hrs
STU0804,1.9,8.0,0,<2 hrs
STU0805,1.0,8.4,0,<2 hrs
STU0806,1.0,8.5,1,<2 hrs
STU0807,2.5,9.4,1,2-4 hrs
STU0808,1.0,7.7,1,2-4 hrs
STU0809,2.7,7.2,1,4-6 hrs
STU0810,1.0,9.7,0,<2 hrs
STU0811,2.0,7.6,0,2-4 hrs
STU0812,1.0,8.8,0,2-4 hrs
STU0813,1.9,8.8,1,2-4 hrs
STU0814,3.4,7.6,2,4-6 hrs
STU0815,2.6,7.8,1,2-4 hrs
STU0816,1.0,9.2,0,<2 hrs
STU0817,2.3,7.2,0,2-4 hrs
STU0818,1.0,8.2,0,<2 hrs
STU0819,3.6,7.6,1,4-6 hrs
STU0820,2.0,6.6,0,2-4 hrs
STU0821,1.7,9.1,1,2-4 hrs
STU0822,8.0,5.2,3,6+ hrs
STU0823,1.8,8.2,1,4-6 hrs
STU0824,3.2,6.3,2,2-4 hrs
STU0825,1.9,7.1,1,2-4 hrs
STU0826,1.2,8.1,1,<2 hrs
STU0827,2.5,8.3,3,2-4 hrs
STU0828,1.0,7.0,1,<2 hrs
STU0829,4.8,7.2,1,6+ hrs
STU0830,1.0,8.2,0,2-4 hrs
STU0831,6.4,5.6,2,4-6 hrs
STU0832,1.0,8.7,0,<2 hrs
STU0833,1.7,8.3,2,<2 hrs
STU0834,1.8,7.6,1,4-6 hrs
STU0835,1.6,8.6,0,<2 hrs
STU0836,2.7,6.0,1,<2 hrs
STU0837,5.3,6.0,2,6+ hrs
STU0838,1.0,8.6,1,<2 hrs
STU0839,1.0,8.3,0,<2 hrs
STU0840,1.0,7.2,0,<2 hrs
STU0841,1.0,9.0,0,<2 hrs
STU0842,4.7,5.8,1,4-6 hrs
STU0843,1.1,8.4,0,<2 hrs
STU0844,7.8,5.2,3,6+ hrs
STU0845,5.2,6.4,2,6+ hrs
STU0846,6.6,6.5,3,6+ hrs
STU0847,2.2,7.9,1,4-6 hrs
STU0848,2.7,7.9,1,2-4 hrs
STU0849,2.8,7.6,2,<2 hrs
STU0850,1.0,8.9,0,2-4 hrs
STU0851,2.8,8.6,1,4-6 hrs
STU0852,4.9,6.6,2,4-6 hrs
STU0853,1.5,8.8,0,<2 hrs
STU0854,1.1,9.5,0,2-4 hrs
STU0855,1.8,9.1,0,2-4 hrs
STU0856,1.6,7.9,2,2-4 hrs
STU0857,1.0,9.2,0,<2 hrs
STU0858,5.6,6.4,3,6+ hrs
STU0859,1.2,9.2,1,2-4 hrs
STU0860,1.0,8.9,0,<2 hrs
STU0861,5.1,6.6,3,6+ hrs
STU0862,3.7,7.5,2,6+ hrs
STU0863,1.9,8.2,0,2-4 hrs
STU0864,2.6,7.9,2,<2 hrs
STU0865,1.0,8.4,3,<2 hrs
STU0866,2.3,7.7,0,2-4 hrs
STU0867,1.7,9.4,1,<2 hrs
STU0868,1.6,8.5,0,2-4 hrs
STU0869,6.9,5.1,2,6+ hrs
STU0870,1.0,8.3,0,<2 hrs
STU0871,3.0,8.2,1,2-4 hrs
STU0872,2.4,7.3,1,4-6 hrs
STU0873,4.4,5.8,1,4-6 hrs
STU0874,1.8,7.1,0,2-4 hrs
STU0875,1.4,7.1,2,2-4 hrs
STU0876,1.1,7.5,1,2-4 hrs
STU0877,1.8,7.3,0,2-4 hrs
STU0878,4.8,7.6,2,6+ hrs
STU0879,1.9,8.0,0,2-4 hrs
STU0880,1.0,8.2,0,<2 hrs
STU0881,3.4,6.3,1,4-6 hrs
STU0882,1.8,8.0,0,2-4 hrs
STU0883,2.6,6.5,1,2-4 hrs
STU0884,1.0,8.2,1,<2 hrs
STU0885,1.1,9.9,0,<2 hrs
STU0886,5.2,6.9,2,4-6 hrs
STU0887,1.0,8.4,1,<2 hrs
STU0888,3.0,8.0,2,2-4 hrs
STU0889,2.0,7.6,1,2-4 hrs
STU0890,1.0,7.9,1,<2 hrs
STU0891,1.9,9.2,1,<2 hrs
STU0892,1.0,7.7,0,<2 hrs
STU0893,2.7,7.4,3,2-4 hrs
STU0894,1.8,8.3,1,2-4 hrs
STU0895,1.0,7.8,2,<2 hrs
STU0896,1.0,9.0,0,<2 hrs
STU0897,1.5,8.0,0,2-4 hrs
STU0898,3.7,7.6,1,4-6 hrs
STU0899,1.8,8.5,1,2-4 hrs
STU0900,6.0,5.8,3,6+ hrs
STU0901,1.0,9.7,0,2-4 hrs
STU0902,6.6,5.2,2,6+ hrs
STU0903,1.0,9.4,1,<2 hrs
STU0904,1.0,9.3,1,<2 hrs
STU0905,2.8,8.8,2,2-4 hrs
STU0906,5.9,6.2,3,6+ hrs
STU0907,2.1,7.4,1,2-4 hrs
STU0908,1.0,10.0,0,<2 hrs
STU0909,4.3,6.6,1,4-6 hrs
STU0910,2.4,7.2,1,2-4 hrs
STU0911,2.3,7.7,1,2-4 hrs
STU0912,1.1,7.8,0,<2 hrs
STU0913,1.6,8.6,0,2-4 hrs
STU0914,1.0,8.1,1,<2 hrs
STU0915,6.7,5.4,3,6+ hrs
STU0916,4.7,7.3,2,4-6 hrs
STU0917,1.1,8.9,1,2-4 hrs
STU0918,3.0,7.5,1,4-6 hrs
STU0919,1.0,8.6,0,<2 hrs
STU0920,3.5,7.3,1,4-6 hrs
STU0921,1.4,8.0,1,<2 hrs
STU0922,2.0,8.0,0,<2 hrs
STU0923,1.0,8.8,0,<2 hrs
STU0924,1.7,8.1,0,2-4 hrs
STU0925,2.7,7.9,1,2-4 hrs
STU0926,4.1,6.4,1,6+ hrs
STU0927,1.0,8.1,0,<2 hrs
STU0928,2.0,7.5,0,2-4 hrs
STU0929,3.7,6.8,1,4-6 hrs
STU0930,3.3,8.3,1,2-4 hrs
STU0931,2.1,8.5,1,<2 hrs
STU0932,2.9,6.8,4,2-4 hrs
STU0933,4.9,6.9,1,6+ hrs
STU0934,5.0,6.2,3,6+ hrs
STU0935,1.1,8.0,0,2-4 hrs
STU0936,4.0,6.0,1,4-6 hrs
STU0937,1.0,9.2,2,2-4 hrs
STU0938,3.0,6.5,3,4-6 hrs
STU0939,3.1,7.4,3,2-4 hrs
STU0940,1.4,7.6,1,<2 hrs
STU0941,1.8,8.6,2,<2 hrs
STU0942,3.1,7.2,1,4-6 hrs
STU0943,5.2,6.3,4,6+ hrs
STU0944,1.4,8.2,1,2-4 hrs
STU0945,1.8,8.3,0,2-4 hrs
STU0946,1.2,8.4,1,<2 hrs
STU0947,3.7,7.1,2,4-6 hrs
STU0948,2.6,7.3,1,2-4 hrs
STU0949,1.0,7.4,1,2-4 hrs
STU0950,1.9,7.3,0,4-6 hrs
STU0951,1.0,9.0,1,<2 hrs
STU0952,2.1,7.7,0,<2 hrs
STU0953,1.0,8.0,0,<2 hrs
STU0954,3.5,6.3,3,2-4 hrs
STU0955,2.1,6.7,0,2-4 hrs
STU0956,1.7,7.7,0,2-4 hrs
STU0957,2.8,8.2,2,4-6 hrs
STU0958,2.8,7.2,2,4-6 hrs
STU0959,5.5,6.5,2,6+ hrs
STU0960,2.7,7.2,2,4-6 hrs
STU0961,1.0,8.9,1,2-4 hrs
STU0962,1.0,8.3,0,<2 hrs
STU0963,1.8,7.2,0,2-4 hrs
STU0964,2.9,7.4,1,4-6 hrs
STU0965,1.0,9.8,0,<2 hrs
STU0966,3.1,8.7,2,4-6 hrs
STU0967,3.6,7.5,2,2-4 hrs
STU0968,1.1,8.4,0,<2 hrs
STU0969,3.5,7.5,1,4-6 hrs
STU0970,3.1,7.7,2,2-4 hrs
STU0971,4.8,6.6,1,6+ hrs
STU0972,1.6,8.5,0,2-4 hrs
STU0973,1.2,8.5,0,2-4 hrs
STU0974,1.0,8.3,0,<2 hrs
STU0975,1.0,7.7,0,<2 hrs
STU0976,1.7,7.8,0,4-6 hrs
STU0977,6.8,6.2,2,6+ hrs
STU0978,1.0,8.5,2,2-4 hrs
STU0979,2.8,7.8,1,2-4 hrs
STU0980,1.9,7.9,0,2-4 hrs
STU0981,4.3,6.1,2,4-6 hrs
STU0982,1.0,8.3,0,<2 hrs
STU0983,2.3,7.1,5,2-4 hrs
STU0984,4.0,6.2,1,4-6 hrs
STU0985,3.1,8.3,3,2-4 hrs
STU0986,1.0,8.2,0,<2 hrs
STU0987,2.6,7.2,1,4-6 hrs
STU0988,2.1,9.1,1,2-4 hrs
STU0989,3.1,8.0,1,6+ hrs
STU0990,5.4,6.0,2,6+ hrs
STU0991,5.1,6.7,3,6+ hrs
STU0992,3.1,7.3,1,2-4 hrs
STU0993,1.0,8.0,0,<2 hrs
STU0994,1.0,8.8,0,2-4 hrs
STU0995,1.0,8.3,0,2-4 hrs
STU0996,6.0,6.1,2,6+ hrs
STU0997,1.0,9.2,0,<2 hrs
STU0998,1.0,9.1,0,<2 hrs
STU0999,1.1,8.1,0,<2 hrs
STU1000,1.0,8.8,0,<2 hrs
STU1001,1.0,7.7,1,<2 hrs
STU1002,1.7,8.5,0,2-4 hrs
STU1003,1.0,8.6,0,2-4 hrs
STU1004,1.0,8.8,0,<2 hrs
STU1005,1.0,8.3,0,<2 hrs
STU1006,1.5,9.7,0,<2 hrs
STU1007,1.4,7.7,1,2-4 hrs
STU1008,1.0,9.2,0,2-4 hrs
STU1009,1.0,7.8,1,<2 hrs
STU1010,3.2,7.8,2,4-6 hrs
STU1011,2.7,8.1,1,2-4 hrs
STU1012,1.1,8.5,0,<2 hrs
STU1013,1.0,8.2,0,<2 hrs
STU1014,3.1,7.5,2,2-4 hrs
STU1015,2.4,8.0,0,2-4 hrs
STU1016,1.8,9.4,0,<2 hrs
STU1017,2.5,7.1,1,2-4 hrs
STU1018,3.9,6.7,2,6+ hrs
STU1019,4.5,6.9,2,4-6 hrs
STU1020,1.0,8.3,0,<2 hrs
STU1021,1.6,8.1,0,<2 hrs
STU1022,1.0,9.2,0,2-4 hrs
STU1023,2.4,5.8,0,2-4 hrs
STU1024,3.4,6.9,1,2-4 hrs
STU1025,2.3,6.6,1,2-4 hrs
STU1026,1.4,7.5,0,2-4 hrs
STU1027,2.2,9.6,0,2-4 hrs
STU1028,3.1,7.9,1,4-6 hrs
STU1029,3.6,7.9,1,2-4 hrs
STU1030,1.0,8.4,0,<2 hrs
STU1031,1.6,8.7,0,2-4 hrs
STU1032,1.2,7.2,0,2-4 hrs
STU1033,1.0,9.2,2,<2 hrs
STU1034,1.5,7.7,1,2-4 hrs
STU1035,1.0,8.1,1,<2 hrs
STU1036,3.0,7.9,3,4-6 hrs
STU1037,1.9,8.3,1,2-4 hrs
STU1038,2.2,8.0,0,<2 hrs
STU1039,2.5,6.8,2,4-6 hrs
STU1040,4.5,6.8,1,6+ hrs
STU1041,1.9,8.7,0,2-4 hrs
STU1042,2.0,7.6,1,2-4 hrs
STU1043,3.0,8.4,2,4-6 hrs
STU1044,4.0,6.4,1,6+ hrs
STU1045,1.0,8.5,0,<2 hrs
STU1046,1.0,9.6,2,<2 hrs
STU1047,1.1,8.0,0,<2 hrs
STU1048,1.0,9.2,0,<2 hrs
STU1049,2.6,9.1,1,4-6 hrs
STU1050,3.3,7.5,1,6+ hrs
STU1051,3.9,6.7,4,6+ hrs
STU1052,1.0,8.0,0,<2 hrs
STU1053,1.1,9.4,0,<2 hrs
STU1054,2.5,8.6,2,<2 hrs
STU1055,1.0,9.5,1,<2 hrs
STU1056,3.0,7.5,2,2-4 hrs
STU1057,2.8,8.3,2,2-4 hrs
STU1058,2.8,7.6,2,2-4 hrs
STU1059,2.1,7.3,0,2-4 hrs
STU1060,1.0,9.3,0,<2 hrs
STU1061,1.0,9.6,0,2-4 hrs
STU1062,5.1,5.7,3,6+ hrs
STU1063,2.4,7.1,1,4-6 hrs
STU1064,1.0,8.5,0,<2 hrs
STU1065,1.0,9.2,0,2-4 hrs
STU1066,2.6,6.9,1,2-4 hrs
STU1067,1.8,8.3,1,<2 hrs
STU1068,1.6,7.8,1,2-4 hrs
STU1069,3.3,7.8,1,4-6 hrs
STU1070,2.4,7.2,0,2-4 hrs
STU1071,1.0,9.0,1,<2 hrs
STU1072,1.6,8.1,0,<2 hrs
STU1073,1.0,7.8,0,<2 hrs
STU1074,3.0,7.5,2,4-6 hrs
STU1075,6.1,4.6,2,6+ hrs
STU1076,1.5,7.9,1,<2 hrs
STU1077,2.9,7.8,1,4-6 hrs
STU1078,6.3,4.6,3,6+ hrs
STU1079,1.0,6.7,1,<2 hrs
STU1080,1.2,6.8,0,2-4 hrs
STU1081,1.0,9.4,2,2-4 hrs
STU1082,4.1,6.9,1,2-4 hrs
STU1083,2.6,7.3,1,2-4 hrs
STU1084,1.0,9.2,0,<2 hrs
STU1085,1.8,7.8,0,2-4 hrs
STU1086,1.0,8.7,0,<2 hrs
STU1087,2.9,7.6,1,2-4 hrs
STU1088,1.0,8.2,1,2-4 hrs
STU1089,1.0,8.7,2,<2 hrs
STU1090,5.5,6.8,3,4-6 hrs
STU1091,1.0,8.4,1,<2 hrs
STU1092,4.4,6.5,1,6+ hrs
STU1093,5.4,6.1,4,4-6 hrs
STU1094,2.6,6.1,2,2-4 hrs
STU1095,2.7,7.8,2,2-4 hrs
STU1096,3.2,6.6,2,4-6 hrs
STU1097,1.1,8.9,0,2-4 hrs
STU1098,2.6,7.6,2,2-4 hrs
STU1099,2.3,7.9,1,2-4 hrs
STU1100,1.0,9.0,1,2-4 hrs
STU1101,1.0,7.9,0,<2 hrs
STU1102,1.0,8.8,0,<2 hrs
STU1103,2.2,8.1,1,2-4 hrs
STU1104,1.0,8.4,0,<2 hrs
STU1105,4.2,6.3,2,4-6 hrs
STU1106,3.9,7.5,1,4-6 hrs
STU1107,2.7,8.1,1,2-4 hrs
STU1108,2.9,7.6,1,4-6 hrs
STU1109,1.7,7.4,0,2-4 hrs
STU1110,1.3,8.0,0,4-6 hrs
STU1111,3.1,7.4,2,4-6 hrs
STU1112,2.9,8.0,1,2-4 hrs
STU1113,3.6,6.1,1,4-6 hrs
STU1114,1.1,8.1,1,2-4 hrs
STU1115,1.3,8.1,0,<2 hrs
STU1116,1.0,8.4,1,<2 hrs
STU1117,2.7,6.7,1,<2 hrs
STU1118,1.3,8.2,1,<2 hrs
STU1119,2.8,7.4,1,2-4 hrs
STU1120,3.4,6.6,1,4-6 hrs
STU1121,2.3,7.8,2,4-6 hrs
STU1122,1.0,8.1,0,<2 hrs
STU1123,1.2,8.7,0,<2 hrs
STU1124,3.6,6.6,2,4-6 hrs
STU1125,1.9,8.1,0,2-4 hrs
STU1126,3.1,6.9,2,2-4 hrs
STU1127,2.7,7.2,1,<2 hrs
STU1128,4.3,7.1,3,6+ hrs
STU1129,1.2,8.6,1,<2 hrs
STU1130,1.7,7.9,0,2-4 hrs
STU1131,2.7,7.5,1,2-4 hrs
STU1132,1.9,7.0,0,<2 hrs
STU1133,2.7,8.6,1,2-4 hrs
STU1134,3.9,7.5,1,2-4 hrs
STU1135,1.6,8.7,0,2-4 hrs
STU1136,1.0,7.4,0,<2 hrs
STU1137,1.1,8.0,0,<2 hrs
STU1138,2.0,7.8,0,<2 hrs
STU1139,1.0,7.1,1,<2 hrs
STU1140,4.8,7.2,1,4-6 hrs
STU1141,1.0,9.5,2,<2 hrs
STU1142,1.0,9.9,0,2-4 hrs
STU1143,3.4,6.6,2,4-6 hrs
STU1144,1.0,8.6,0,<2 hrs
STU1145,1.0,9.4,1,<2 hrs
STU1146,1.0,8.3,0,<2 hrs
STU1147,1.8,7.7,0,2-4 hrs
STU1148,2.0,6.7,0,2-4 hrs
STU1149,2.3,8.6,1,2-4 hrs
STU1150,1.4,8.3,0,2-4 hrs
STU1151,1.0,8.0,1,<2 hrs
STU1152,1.2,8.6,0,2-4 hrs
STU1153,4.1,7.1,1,4-6 hrs
STU1154,4.1,7.1,1,4-6 hrs
STU1155,3.7,7.0,2,2-4 hrs
STU1156,2.2,9.0,0,2-4 hrs
STU1157,2.3,7.8,1,2-4 hrs
STU1158,6.1,7.1,2,4-6 hrs
STU1159,2.1,8.3,0,2-4 hrs
STU1160,3.5,7.5,1,2-4 hrs
STU1161,1.6,8.1,0,<2 hrs
STU1162,1.1,9.1,0,<2 hrs
STU1163,1.6,8.3,0,<2 hrs
STU1164,3.7,6.5,1,6+ hrs
STU1165,3.0,6.8,1,2-4 hrs
STU1166,1.0,8.8,1,<2 hrs
STU1167,2.7,7.0,1,4-6 hrs
STU1168,1.0,8.5,2,<2 hrs
STU1169,2.6,8.4,1,2-4 hrs
STU1170,1.0,8.7,2,<2 hrs
STU1171,1.0,8.0,1,<2 hrs
STU1172,5.3,7.3,2,6+ hrs
STU1173,1.0,8.9,0,<2 hrs
STU1174,2.5,8.5,1,2-4 hrs
STU1175,2.6,6.1,1,2-4 hrs
STU1176,1.6,8.4,0,<2 hrs
STU1177,1.0,9.1,0,2-4 hrs
STU1178,1.0,9.7,1,<2 hrs
STU1179,6.9,4.5,2,6+ hrs
STU1180,3.8,7.9,1,4-6 hrs
STU1181,2.7,8.8,1,2-4 hrs
STU1182,1.9,6.6,1,2-4 hrs
STU1183,3.2,7.7,2,4-6 hrs
STU1184,4.4,7.2,1,4-6 hrs
STU1185,3.1,7.2,1,4-6 hrs
STU1186,3.8,6.8,1,2-4 hrs
STU1187,2.7,8.1,2,2-4 hrs
STU1188,4.1,6.5,1,6+ hrs
STU1189,1.8,7.9,1,2-4 hrs
STU1190,1.8,8.7,0,2-4 hrs
STU1191,2.1,9.2,1,2-4 hrs
STU1192,2.8,8.0,3,2-4 hrs
STU1193,1.0,8.6,0,<2 hrs
STU1194,1.0,8.1,0,<2 hrs
STU1195,1.0,7.8,0,2-4 hrs
STU1196,1.0,9.3,1,<2 hrs
STU1197,1.9,7.9,0,2-4 hrs
STU1198,2.3,8.7,0,2-4 hrs
STU1199,1.0,8.3,0,<2 hrs
STU1200,1.0,8.0,1,<2 hrs
STU1201,4.7,6.9,2,4-6 hrs
STU1202,3.2,7.3,1,2-4 hrs
STU1203,1.5,7.4,0,2-4 hrs
STU1204,2.6,9.0,1,4-6 hrs
STU1205,1.0,8.1,1,<2 hrs
STU1206,2.0,8.6,2,<2 hrs
STU1207,4.8,7.2,1,4-6 hrs
STU1208,2.1,7.1,0,2-4 hrs
STU1209,1.0,7.8,0,<2 hrs
STU1210,1.1,8.2,0,<2 hrs
STU1211,1.7,7.5,2,2-4 hrs
STU1212,1.0,9.7,0,2-4 hrs
STU1213,1.0,8.4,0,<2 hrs
STU1214,1.0,9.1,1,<2 hrs
STU1215,4.3,7.2,3,6+ hrs
STU1216,1.0,8.7,0,<2 hrs
STU1217,1.0,8.5,1,2-4 hrs
STU1218,1.4,9.2,0,<2 hrs
STU1219,1.0,7.9,0,2-4 hrs
STU1220,1.2,9.6,0,<2 hrs
STU1221,2.9,6.6,2,2-4 hrs
STU1222,1.8,8.6,1,2-4 hrs
STU1223,1.4,7.3,3,<2 hrs
STU1224,1.6,8.0,0,2-4 hrs
STU1225,1.8,8.2,0,2-4 hrs
STU1226,6.2,5.6,2,6+ hrs
STU1227,1.0,8.4,0,2-4 hrs
STU1228,1.0,7.5,1,<2 hrs
STU1229,2.4,7.1,0,2-4 hrs
STU1230,1.2,8.7,0,<2 hrs
STU1231,2.9,7.6,2,2-4 hrs
STU1232,1.0,8.0,0,<2 hrs
STU1233,2.2,8.8,1,2-4 hrs
STU1234,1.0,7.6,1,<2 hrs
STU1235,3.4,7.0,1,2-4 hrs
STU1236,6.2,5.5,2,6+ hrs
STU1237,1.1,8.9,1,2-4 hrs
STU1238,2.9,7.6,1,4-6 hrs
STU1239,2.0,7.9,0,2-4 hrs
STU1240,1.3,7.1,0,<2 hrs
STU1241,6.3,6.5,2,6+ hrs
STU1242,1.0,8.3,2,<2 hrs
STU1243,3.1,7.5,1,4-6 hrs
STU1244,1.0,8.0,0,<2 hrs
STU1245,3.0,6.9,2,4-6 hrs
STU1246,1.0,9.5,0,2-4 hrs
STU1247,1.0,7.3,1,<2 hrs
STU1248,1.9,7.3,0,<2 hrs
STU1249,2.4,8.8,0,4-6 hrs
STU1250,5.4,6.7,3,6+ hrs
STU1251,1.6,8.0,1,<2 hrs
STU1252,1.0,9.4,0,<2 hrs
STU1253,1.0,8.8,2,<2 hrs
STU1254,1.0,8.7,0,2-4 hrs
STU1255,2.1,8.1,1,4-6 hrs
STU1256,1.0,8.8,0,<2 hrs
STU1257,1.5,8.6,0,2-4 hrs
STU1258,3.0,9.0,3,4-6 hrs
STU1259,2.2,7.8,1,<2 hrs
STU1260,1.5,8.1,0,2-4 hrs
STU1261,4.6,5.8,1,4-6 hrs
STU1262,1.8,8.1,0,<2 hrs
STU1263,1.0,9.8,1,<2 hrs
STU1264,2.8,8.3,1,2-4 hrs
STU1265,2.0,7.6,1,2-4 hrs
STU1266,1.9,8.1,0,<2 hrs
STU1267,1.0,7.6,0,<2 hrs
STU1268,1.0,7.8,1,2-4 hrs
STU1269,1.0,8.6,0,<2 hrs
STU1270,1.0,8.2,0,<2 hrs
STU1271,2.5,7.0,3,4-6 hrs
STU1272,1.0,8.8,2,<2 hrs
STU1273,1.0,8.4,1,<2 hrs
STU1274,1.0,7.4,1,<2 hrs
STU1275,1.0,7.0,0,<2 hrs
STU1276,2.2,7.5,0,2-4 hrs
STU1277,1.0,7.4,0,<2 hrs
STU1278,3.7,5.8,2,6+ hrs
STU1279,1.0,9.3,0,2-4 hrs
STU1280,1.0,8.4,1,<2 hrs
STU1281,1.9,7.9,1,2-4 hrs
STU1282,5.2,6.3,2,6+ hrs
STU1283,1.6,7.4,1,4-6 hrs
STU1284,1.0,8.8,0,<2 hrs
STU1285,2.7,7.6,1,<2 hrs
STU1286,1.3,7.8,1,2-4 hrs
STU1287,2.5,7.3,1,2-4 hrs
STU1288,1.0,7.6,0,2-4 hrs
STU1289,1.0,8.2,0,<2 hrs
STU1290,6.7,5.5,3,6+ hrs
STU1291,2.9,7.2,1,4-6 hrs
STU1292,2.5,7.8,1,2-4 hrs
STU1293,1.0,8.4,0,<2 hrs
STU1294,1.0,8.7,2,<2 hrs
STU1295,3.4,8.0,1,2-4 hrs
STU1296,3.9,7.5,1,4-6 hrs
STU1297,2.3,8.5,0,2-4 hrs
STU1298,1.9,7.5,1,4-6 hrs
STU1299,3.1,7.1,2,4-6 hrs
STU1300,3.7,7.6,1,4-6 hrs
STU1301,1.0,9.0,2,<2 hrs
STU1302,1.0,8.0,2,<2 hrs
STU1303,3.2,7.8,2,2-4 hrs
STU1304,2.5,7.1,1,2-4 hrs
STU1305,1.6,8.5,0,4-6 hrs
STU1306,3.0,7.5,2,2-4 hrs
STU1307,1.0,7.5,0,<2 hrs
STU1308,4.3,6.5,1,4-6 hrs
STU1309,1.0,10.0,0,<2 hrs
STU1310,1.4,8.4,1,<2 hrs
STU1311,4.3,8.5,1,4-6 hrs
STU1312,2.4,6.8,1,2-4 hrs
STU1313,4.0,7.5,2,4-6 hrs
STU1314,1.6,6.4,1,2-4 hrs
STU1315,2.7,7.6,1,<2 hrs
STU1316,1.9,8.5,1,2-4 hrs
STU1317,1.0,9.1,0,<2 hrs
STU1318,1.0,7.9,1,<2 hrs
STU1319,1.2,9.1,1,<2 hrs
STU1320,5.4,5.9,3,6+ hrs
STU1321,1.0,8.4,0,<2 hrs
STU1322,1.8,7.8,0,<2 hrs
STU1323,1.8,7.3,0,2-4 hrs
STU1324,1.5,9.3,1,<2 hrs
STU1325,3.6,7.2,1,4-6 hrs
STU1326,4.6,7.5,1,6+ hrs
STU1327,1.1,9.2,0,<2 hrs
STU1328,2.9,6.9,2,2-4 hrs
STU1329,2.2,8.8,0,2-4 hrs
STU1330,2.3,8.2,0,2-4 hrs
STU1331,1.1,7.7,0,2-4 hrs
STU1332,1.0,8.8,0,<2 hrs
STU1333,1.0,7.8,0,<2 hrs
STU1334,1.7,9.3,0,<2 hrs
STU1335,1.0,9.1,0,2-4 hrs
STU1336,1.0,8.5,0,<2 hrs
STU1337,1.8,9.0,0,2-4 hrs
STU1338,1.5,7.1,0,2-4 hrs
STU1339,1.7,7.6,0,<2 hrs
STU1340,1.1,8.3,1,2-4 hrs
STU1341,1.6,9.8,1,<2 hrs
STU1342,2.5,7.0,2,4-6 hrs
STU1343,3.2,6.2,1,4-6 hrs
STU1344,1.0,7.5,0,<2 hrs
STU1345,1.0,9.1,0,<2 hrs
STU1346,1.0,8.1,0,<2 hrs
STU1347,2.5,7.6,1,2-4 hrs
STU1348,3.2,7.9,1,2-4 hrs
STU1349,3.0,7.4,4,4-6 hrs
STU1350,4.3,7.0,4,4-6 hrs
STU1351,1.0,8.9,1,<2 hrs
STU1352,2.6,7.4,1,2-4 hrs
STU1353,2.8,7.5,1,4-6 hrs
STU1354,1.0,8.7,1,<2 hrs
STU1355,1.7,8.8,0,2-4 hrs
STU1356,3.0,6.9,2,2-4 hrs
STU1357,1.7,6.0,2,2-4 hrs
STU1358,4.5,7.2,1,4-6 hrs
STU1359,5.5,6.9,2,6+ hrs
STU1360,4.0,7.1,3,6+ hrs
STU1361,2.4,8.0,0,<2 hrs
STU1362,2.4,7.4,0,2-4 hrs
STU1363,1.0,8.9,1,<2 hrs
STU1364,1.4,8.9,0,<2 hrs
STU1365,1.4,8.3,1,2-4 hrs
STU1366,1.0,10.0,0,<2 hrs
STU1367,1.8,7.0,1,<2 hrs
STU1368,3.0,7.6,1,2-4 hrs
STU1369,4.0,6.2,2,2-4 hrs
STU1370,2.8,8.2,2,2-4 hrs
STU1371,2.3,6.7,1,2-4 hrs
STU1372,1.2,7.5,1,<2 hrs
STU1373,1.6,7.8,0,<2 hrs
STU1374,3.1,7.6,1,2-4 hrs
STU1375,3.6,6.8,2,4-6 hrs
STU1376,7.1,5.0,2,6+ hrs
STU1377,1.6,8.1,1,2-4 hrs
STU1378,3.4,7.1,2,4-6 hrs
STU1379,1.0,9.5,0,<2 hrs
STU1380,3.5,7.7,1,4-6 hrs
STU1381,6.6,5.5,2,6+ hrs
STU1382,1.4,9.8,0,<2 hrs
STU1383,1.2,8.7,0,<2 hrs
STU1384,4.4,6.1,1,4-6 hrs
STU1385,2.4,8.0,1,2-4 hrs
STU1386,1.0,8.9,1,<2 hrs
STU1387,1.0,8.0,0,<2 hrs
STU1388,3.8,6.4,1,6+ hrs
STU1389,1.8,8.2,0,2-4 hrs
STU1390,1.0,8.2,2,2-4 hrs
STU1391,3.9,8.1,1,4-6 hrs
STU1392,3.3,7.9,3,2-4 hrs
STU1393,1.0,8.1,0,<2 hrs
STU1394,1.0,8.8,0,<2 hrs
STU1395,8.4,5.7,4,6+ hrs
STU1396,4.8,5.6,1,4-6 hrs
STU1397,3.8,6.4,1,2-4 hrs
STU1398,1.2,8.4,2,2-4 hrs
STU1399,1.4,8.3,0,2-4 hrs
STU1400,2.0,8.0,0,2-4 hrs
STU1401,1.0,8.3,0,2-4 hrs
STU1402,1.0,8.3,0,<2 hrs
STU1403,2.7,7.9,1,2-4 hrs
STU1404,1.1,9.2,2,<2 hrs
STU1405,1.1,8.1,1,2-4 hrs
STU1406,5.0,8.2,2,2-4 hrs
STU1407,2.7,9.0,2,2-4 hrs
STU1408,1.0,9.4,1,<2 hrs
STU1409,1.0,8.9,0,<2 hrs
STU1410,1.6,9.6,0,2-4 hrs
STU1411,3.3,7.1,1,4-6 hrs
STU1412,1.8,7.5,0,4-6 hrs
STU1413,1.0,8.1,1,<2 hrs
STU1414,1.2,7.7,0,<2 hrs
STU1415,9.1,4.5,3,6+ hrs
STU1416,2.7,7.9,2,2-4 hrs
STU1417,1.4,8.4,0,<2 hrs
STU1418,1.0,8.5,2,<2 hrs
STU1419,3.4,7.4,1,4-6 hrs
STU1420,7.2,6.6,2,6+ hrs
STU1421,7.1,5.9,5,6+ hrs
STU1422,3.4,7.9,2,2-4 hrs
STU1423,1.0,8.6,0,2-4 hrs
STU1424,1.0,7.4,0,<2 hrs
STU1425,2.1,6.7,1,2-4 hrs
STU1426,1.0,10.0,0,<2 hrs
STU1427,1.6,7.8,1,<2 hrs
STU1428,3.9,6.6,1,4-6 hrs
STU1429,2.3,8.0,1,2-4 hrs
STU1430,2.7,8.0,1,2-4 hrs
STU1431,1.4,8.8,1,2-4 hrs
STU1432,7.2,6.6,4,6+ hrs
STU1433,1.0,9.6,1,<2 hrs
STU1434,3.7,6.6,1,2-4 hrs
STU1435,5.0,7.2,3,6+ hrs
STU1436,2.2,7.6,0,2-4 hrs
STU1437,4.5,6.7,1,4-6 hrs
STU1438,1.0,7.7,0,<2 hrs
STU1439,1.5,7.1,2,2-4 hrs
STU1440,1.0,8.5,0,<2 hrs
STU1441,1.0,7.8,0,2-4 hrs
STU1442,1.0,9.1,0,2-4 hrs
STU1443,1.5,8.1,0,2-4 hrs
STU1444,4.0,7.2,1,4-6 hrs
STU1445,1.0,9.5,0,<2 hrs
STU1446,1.0,7.5,1,<2 hrs
STU1447,1.3,7.8,1,2-4 hrs
STU1448,1.0,8.6,0,<2 hrs
STU1449,3.8,7.3,4,2-4 hrs
STU1450,1.9,8.8,0,<2 hrs
STU1451,2.0,8.6,1,2-4 hrs
STU1452,2.1,8.0,1,4-6 hrs
STU1453,3.8,7.3,1,4-6 hrs
STU1454,4.4,7.0,1,4-6 hrs
STU1455,1.5,7.2,0,<2 hrs
STU1456,1.4,8.2,1,2-4 hrs
STU1457,2.8,7.8,1,4-6 hrs
STU1458,2.7,8.0,2,2-4 hrs
STU1459,3.9,6.4,2,6+ hrs
STU1460,1.0,7.6,0,2-4 hrs
STU1461,4.5,6.6,2,6+ hrs
STU1462,3.8,8.5,3,6+ hrs
STU1463,2.2,7.3,0,4-6 hrs
STU1464,1.9,8.9,0,2-4 hrs
STU1465,2.3,9.0,2,2-4 hrs
STU1466,5.2,6.4,2,6+ hrs
STU1467,2.9,7.1,1,4-6 hrs
STU1468,1.0,8.9,1,<2 hrs
STU1469,1.0,8.6,2,2-4 hrs
STU1470,1.1,7.8,0,<2 hrs
STU1471,1.0,8.0,1,<2 hrs
STU1472,1.0,8.8,0,<2 hrs
STU1473,1.2,9.1,0,<2 hrs
STU1474,1.0,8.3,0,<2 hrs
STU1475,5.3,6.3,2,6+ hrs
STU1476,1.9,8.5,3,<2 hrs
STU1477,1.0,8.4,0,4-6 hrs
STU1478,1.8,7.9,0,2-4 hrs
STU1479,1.0,8.0,0,2-4 hrs
STU1480,2.6,7.2,1,2-4 hrs
STU1481,1.0,10.0,0,<2 hrs
STU1482,1.2,8.3,0,4-6 hrs
STU1483,2.1,8.9,0,<2 hrs
STU1484,1.2,9.6,0,<2 hrs
STU1485,2.0,7.9,0,2-4 hrs
STU1486,1.9,8.3,0,<2 hrs
STU1487,1.0,8.6,1,<2 hrs
STU1488,1.3,7.2,0,2-4 hrs
STU1489,1.0,7.4,0,<2 hrs
STU1490,4.3,6.9,1,4-6 hrs
STU1491,1.7,7.9,1,2-4 hrs
STU1492,2.8,8.9,2,2-4 hrs
STU1493,2.5,7.6,2,2-4 hrs
STU1494,3.5,8.6,2,4-6 hrs
STU1495,2.8,7.3,2,2-4 hrs
STU1496,1.0,9.8,0,<2 hrs
STU1497,1.6,8.6,2,2-4 hrs
STU1498,1.8,8.5,1,2-4 hrs
STU1499,4.4,6.4,1,6+ hrs
STU1500,2.9,8.0,2,2-4 hrs
STU1501,4.4,8.0,1,6+ hrs
STU1502,1.1,8.3,0,2-4 hrs
STU1503,2.6,7.5,2,4-6 hrs
STU1504,3.0,7.3,1,2-4 hrs
STU1505,3.3,8.5,1,4-6 hrs
STU1506,1.8,8.7,2,<2 hrs
STU1507,4.0,8.0,2,6+ hrs
STU1508,1.3,8.6,0,2-4 hrs
STU1509,1.0,8.5,0,<2 hrs
STU1510,2.1,8.2,0,2-4 hrs
STU1511,2.2,8.6,0,2-4 hrs
STU1512,4.3,6.7,2,4-6 hrs
STU1513,6.1,6.9,2,6+ hrs
STU1514,2.6,8.0,1,<2 hrs
STU1515,6.3,4.2,2,6+ hrs
STU1516,1.0,9.1,0,2-4 hrs
STU1517,1.8,7.2,1,<2 hrs
STU1518,1.0,9.1,0,<2 hrs
STU1519,2.8,8.2,2,2-4 hrs
STU1520,1.0,8.7,1,<2 hrs
STU1521,3.0,7.9,2,<2 hrs
STU1522,3.4,8.1,2,2-4 hrs
STU1523,4.2,6.6,1,6+ hrs
STU1524,3.0,8.1,2,4-6 hrs
STU1525,2.0,8.8,0,2-4 hrs
STU1526,3.3,8.6,1,2-4 hrs
STU1527,2.1,7.2,0,2-4 hrs
STU1528,1.0,8.8,1,<2 hrs
STU1529,4.8,5.9,1,6+ hrs
STU1530,4.9,5.8,1,6+ hrs
STU1531,2.7,7.9,2,2-4 hrs
STU1532,1.5,8.3,1,<2 hrs
STU1533,1.0,9.3,1,<2 hrs
STU1534,3.2,7.2,1,2-4 hrs
STU1535,2.4,7.7,0,2-4 hrs
STU1536,1.6,8.3,0,<2 hrs
STU1537,4.1,6.3,1,2-4 hrs
STU1538,2.8,7.1,2,4-6 hrs
STU1539,1.8,8.9,0,<2 hrs
STU1540,1.0,8.1,1,2-4 hrs
STU1541,1.4,9.1,0,2-4 hrs
STU1542,1.0,8.9,0,<2 hrs
STU1543,1.4,7.2,1,2-4 hrs
STU1544,2.3,8.2,0,<2 hrs
STU1545,1.2,8.8,0,2-4 hrs
STU1546,1.9,8.3,0,2-4 hrs
STU1547,1.0,8.4,0,2-4 hrs
STU1548,2.8,6.9,2,2-4 hrs
STU1549,1.5,9.2,1,<2 hrs
STU1550,1.0,8.4,2,<2 hrs
STU1551,1.0,7.9,0,<2 hrs
STU1552,1.0,8.8,1,<2 hrs
STU1553,2.7,7.1,1,2-4 hrs
STU1554,1.7,7.5,1,<2 hrs
STU1555,3.3,7.1,1,2-4 hrs
STU1556,1.0,8.0,1,<2 hrs
STU1557,1.0,7.9,0,<2 hrs
STU1558,1.2,9.0,0,2-4 hrs
STU1559,2.4,7.7,0,2-4 hrs
STU1560,1.1,9.3,2,<2 hrs
STU1561,1.2,7.8,1,2-4 hrs
STU1562,1.5,7.0,1,<2 hrs
STU1563,2.0,8.1,0,2-4 hrs
STU1564,1.1,9.7,0,<2 hrs
STU1565,4.9,6.9,1,6+ hrs
STU1566,2.7,9.9,1,4-6 hrs
STU1567,1.0,8.7,0,2-4 hrs
STU1568,1.6,8.4,3,2-4 hrs
STU1569,3.2,5.9,1,4-6 hrs
STU1570,1.8,8.4,0,2-4 hrs
STU1571,5.7,6.3,2,6+ hrs
STU1572,3.7,6.9,1,4-6 hrs
STU1573,1.2,8.3,0,<2 hrs
STU1574,4.9,6.5,1,6+ hrs
STU1575,1.0,8.4,1,2-4 hrs
STU1576,5.3,7.8,2,6+ hrs
STU1577,5.1,6.2,3,6+ hrs
STU1578,1.6,8.3,0,2-4 hrs
STU1579,1.1,8.2,0,<2 hrs
STU1580,1.5,8.8,1,2-4 hrs
STU1581,1.0,8.6,0,<2 hrs
STU1582,1.1,8.3,0,<2 hrs
STU1583,1.7,6.8,0,<2 hrs
STU1584,1.4,8.5,0,<2 hrs
STU1585,2.7,7.4,2,2-4 hrs
STU1586,1.0,8.5,1,<2 hrs
STU1587,2.4,7.0,0,2-4 hrs
STU1588,2.3,8.9,1,<2 hrs
STU1589,2.1,8.5,0,2-4 hrs
STU1590,2.6,8.7,1,2-4 hrs
STU1591,1.0,9.3,1,2-4 hrs
STU1592,1.0,8.9,0,2-4 hrs
STU1593,3.4,6.5,1,4-6 hrs
STU1594,1.0,9.8,1,<2 hrs
STU1595,1.0,7.9,0,<2 hrs
STU1596,1.0,8.3,1,<2 hrs
STU1597,1.0,9.0,0,<2 hrs
STU1598,1.0,9.0,1,<2 hrs
STU1599,1.0,8.9,1,<2 hrs
STU1600,1.6,7.9,0,<2 hrs
STU1601,1.7,7.7,0,<2 hrs
STU1602,6.3,7.6,2,6+ hrs
STU1603,2.9,7.5,1,2-4 hrs
STU1604,2.7,7.5,2,2-4 hrs
STU1605,7.9,4.6,4,6+ hrs
STU1606,5.5,6.4,3,6+ hrs
STU1607,1.9,8.2,0,2-4 hrs
STU1608,1.0,8.5,0,<2 hrs
STU1609,1.7,8.4,0,<2 hrs
STU1610,1.1,9.7,0,2-4 hrs
STU1611,1.1,8.0,0,<2 hrs
STU1612,1.1,8.5,3,<2 hrs
STU1613,1.0,8.0,1,<2 hrs
STU1614,2.1,8.2,0,2-4 hrs
STU1615,2.8,7.2,1,4-6 hrs
STU1616,5.0,6.1,2,6+ hrs
STU1617,2.8,6.6,1,2-4 hrs
STU1618,3.3,7.4,1,4-6 hrs
STU1619,1.7,8.5,0,2-4 hrs
STU1620,2.0,9.3,2,2-4 hrs
STU1621,1.0,8.8,0,2-4 hrs
STU1622,2.1,7.6,1,2-4 hrs
STU1623,2.5,6.8,3,4-6 hrs
STU1624,2.3,7.0,0,<2 hrs
STU1625,1.0,7.6,2,<2 hrs
STU1626,2.8,8.9,1,4-6 hrs
STU1627,2.2,8.1,1,4-6 hrs
STU1628,3.5,6.8,3,6+ hrs
STU1629,2.3,7.2,0,<2 hrs
STU1630,1.9,7.5,1,2-4 hrs
STU1631,3.6,6.8,1,4-6 hrs
STU1632,1.0,9.4,0,<2 hrs
STU1633,3.5,7.2,1,4-6 hrs
STU1634,1.0,7.5,2,2-4 hrs
STU1635,2.9,9.2,1,2-4 hrs
STU1636,1.0,7.7,0,<2 hrs
STU1637,1.4,7.9,0,2-4 hrs
STU1638,4.5,7.7,2,4-6 hrs
STU1639,3.7,7.4,2,4-6 hrs
STU1640,1.2,8.1,0,<2 hrs
STU1641,4.5,5.9,1,6+ hrs
STU1642,3.4,6.6,1,4-6 hrs
STU1643,1.0,7.9,0,<2 hrs
STU1644,1.0,8.5,0,<2 hrs
STU1645,1.8,8.2,0,<2 hrs
STU1646,1.0,8.4,1,2-4 hrs
STU1647,1.0,8.5,1,<2 hrs
STU1648,1.0,7.8,0,<2 hrs
STU1649,1.0,8.7,0,2-4 hrs
STU1650,2.2,8.8,0,4-6 hrs
STU1651,2.4,7.7,0,2-4 hrs
STU1652,2.6,7.6,1,2-4 hrs
STU1653,3.3,7.4,1,2-4 hrs
STU1654,4.2,7.7,2,4-6 hrs
STU1655,2.5,7.1,3,2-4 hrs
STU1656,1.9,9.1,3,2-4 hrs
STU1657,1.9,8.3,0,2-4 hrs
STU1658,2.6,7.7,3,6+ hrs
STU1659,1.6,9.0,1,2-4 hrs
STU1660,1.0,7.7,0,<2 hrs
STU1661,2.4,8.2,1,2-4 hrs
STU1662,2.5,8.1,2,2-4 hrs
STU1663,1.0,7.8,0,2-4 hrs
STU1664,1.1,8.8,0,<2 hrs
STU1665,2.0,8.2,1,<2 hrs
STU1666,2.0,7.9,0,<2 hrs
STU1667,6.5,6.4,3,6+ hrs
STU1668,2.1,7.5,1,2-4 hrs
STU1669,1.2,8.6,0,<2 hrs
STU1670,1.7,8.1,1,2-4 hrs
STU1671,4.6,6.3,1,6+ hrs
STU1672,1.3,8.7,0,<2 hrs
STU1673,3.5,7.1,1,4-6 hrs
STU1674,1.0,7.5,0,<2 hrs
STU1675,1.0,7.2,0,<2 hrs
STU1676,4.7,7.2,1,4-6 hrs
STU1677,1.0,7.6,1,<2 hrs
STU1678,2.0,8.2,0,<2 hrs
STU1679,2.6,7.7,1,2-4 hrs
STU1680,2.2,7.6,0,2-4 hrs
STU1681,1.5,9.6,2,<2 hrs
STU1682,1.0,8.6,2,<2 hrs
STU1683,3.0,8.0,1,2-4 hrs
STU1684,2.8,7.8,1,2-4 hrs
STU1685,1.0,8.3,0,<2 hrs
STU1686,1.0,8.5,1,2-4 hrs
STU1687,1.0,9.5,1,<2 hrs
STU1688,1.9,8.8,0,2-4 hrs
STU1689,2.8,9.0,1,4-6 hrs
STU1690,1.2,8.6,1,<2 hrs
STU1691,1.0,7.9,2,<2 hrs
STU1692,1.4,8.0,0,<2 hrs
STU1693,6.4,5.0,3,6+ hrs
STU1694,1.0,9.0,0,<2 hrs
STU1695,1.9,7.6,0,<2 hrs
STU1696,1.2,6.3,0,<2 hrs
STU1697,1.0,10.0,0,2-4 hrs
STU1698,1.7,7.8,1,<2 hrs
STU1699,1.0,8.1,0,<2 hrs
STU1700,2.2,9.1,0,2-4 hrs
STU1701,1.8,7.3,1,2-4 hrs
STU1702,2.2,8.7,0,4-6 hrs
STU1703,2.6,7.3,2,2-4 hrs
STU1704,4.8,5.7,1,6+ hrs
STU1705,1.9,9.2,1,4-6 hrs
STU1706,3.0,8.1,1,2-4 hrs
STU1707,3.0,8.1,1,4-6 hrs
STU1708,1.0,8.8,0,2-4 hrs
STU1709,2.5,8.2,1,2-4 hrs
STU1710,1.2,7.5,1,2-4 hrs
STU1711,1.0,8.6,1,<2 hrs
STU1712,2.5,7.1,1,2-4 hrs
STU1713,1.4,7.3,0,2-4 hrs
STU1714,2.2,8.2,0,2-4 hrs
STU1715,3.3,8.2,1,4-6 hrs
STU1716,2.8,7.3,1,2-4 hrs
STU1717,1.0,8.4,0,<2 hrs
STU1718,4.3,6.1,1,4-6 hrs
STU1719,3.9,7.1,1,6+ hrs
STU1720,4.0,7.5,1,4-6 hrs
STU1721,1.0,9.1,1,<2 hrs
STU1722,2.1,8.3,0,2-4 hrs
STU1723,1.0,8.1,0,<2 hrs
STU1724,2.2,7.4,0,2-4 hrs
STU1725,1.5,8.8,1,2-4 hrs
STU1726,1.6,8.8,0,2-4 hrs
STU1727,4.3,6.7,1,4-6 hrs
STU1728,5.1,6.2,2,6+ hrs
STU1729,1.1,9.3,0,2-4 hrs
STU1730,2.7,7.4,1,<2 hrs
STU1731,1.0,9.0,0,<2 hrs
STU1732,3.9,7.0,1,6+ hrs
STU1733,1.8,7.4,1,2-4 hrs
STU1734,2.2,9.0,0,2-4 hrs
STU1735,3.4,7.4,2,2-4 hrs
STU1736,1.1,8.0,1,2-4 hrs
STU1737,3.1,6.5,1,2-4 hrs
STU1738,2.0,7.1,0,2-4 hrs
STU1739,1.5,8.0,2,2-4 hrs
STU1740,1.7,9.5,0,<2 hrs
STU1741,1.7,7.7,1,<2 hrs
STU1742,1.0,9.5,1,<2 hrs
STU1743,3.0,7.4,2,2-4 hrs
STU1744,1.0,7.7,0,<2 hrs
STU1745,1.0,8.2,0,<2 hrs
STU1746,1.1,7.6,0,<2 hrs
STU1747,2.1,7.4,0,<2 hrs
STU1748,1.6,7.6,1,2-4 hrs
STU1749,1.0,7.2,0,<2 hrs
STU1750,3.6,8.3,1,2-4 hrs
STU1751,1.0,8.6,1,<2 hrs
STU1752,1.0,8.0,3,<2 hrs
STU1753,1.3,8.5,1,2-4 hrs
STU1754,2.4,7.2,0,<2 hrs
STU1755,1.0,6.6,0,<2 hrs
STU1756,4.6,8.8,1,4-6 hrs
STU1757,1.3,8.5,0,<2 hrs
STU1758,1.0,8.1,0,<2 hrs
STU1759,3.5,5.9,1,4-6 hrs
STU1760,1.8,7.1,0,2-4 hrs
STU1761,1.0,9.7,2,<2 hrs
STU1762,4.9,7.6,1,<2 hrs
STU1763,1.4,8.8,0,<2 hrs
STU1764,4.0,6.2,1,4-6 hrs
STU1765,2.8,8.7,1,4-6 hrs
STU1766,6.9,5.9,3,6+ hrs
STU1767,7.9,5.5,4,6+ hrs
STU1768,2.6,8.0,1,<2 hrs
STU1769,4.3,5.8,2,4-6 hrs
STU1770,1.0,7.7,0,<2 hrs
STU1771,1.1,8.1,1,2-4 hrs
STU1772,1.6,8.7,0,2-4 hrs
STU1773,1.0,7.5,0,<2 hrs
STU1774,1.2,8.3,1,<2 hrs
STU1775,2.8,7.5,2,4-6 hrs
STU1776,4.1,7.5,2,2-4 hrs
STU1777,6.6,6.2,2,6+ hrs
STU1778,4.8,5.9,1,6+ hrs
STU1779,1.9,9.1,1,<2 hrs
STU1780,2.3,7.0,1,<2 hrs
STU1781,1.0,9.3,0,<2 hrs
STU1782,1.4,7.9,0,4-6 hrs
STU1783,2.0,8.1,0,2-4 hrs
STU1784,1.0,8.7,1,<2 hrs
STU1785,1.0,8.6,1,<2 hrs
STU1786,4.1,7.4,1,4-6 hrs
STU1787,1.3,8.6,4,<2 hrs
STU1788,1.0,9.0,3,<2 hrs
STU1789,1.0,8.8,1,<2 hrs
STU1790,6.1,5.1,2,6+ hrs
STU1791,3.1,7.6,1,4-6 hrs
STU1792,1.0,8.1,1,<2 hrs
STU1793,2.8,6.8,2,2-4 hrs
STU1794,2.4,7.6,0,4-6 hrs
STU1795,1.0,8.6,0,<2 hrs
STU1796,3.5,7.4,1,4-6 hrs
STU1797,2.0,8.7,1,2-4 hrs
STU1798,1.6,9.1,0,<2 hrs
STU1799,2.2,8.1,0,2-4 hrs
STU1800,1.7,8.5,0,2-4 hrs
STU1801,1.7,8.2,1,2-4 hrs
STU1802,2.8,8.1,1,2-4 hrs
STU1803,1.0,8.8,0,<2 hrs
STU1804,1.3,8.3,1,<2 hrs
STU1805,3.1,9.0,1,2-4 hrs
STU1806,1.8,7.7,2,2-4 hrs
STU1807,3.7,8.2,1,4-6 hrs
STU1808,7.3,4.4,2,6+ hrs
STU1809,2.9,8.1,2,2-4 hrs
STU1810,2.8,8.6,1,4-6 hrs
STU1811,3.7,5.8,1,4-6 hrs
STU1812,1.9,8.1,2,4-6 hrs
STU1813,1.0,9.0,0,<2 hrs
STU1814,3.9,7.2,1,6+ hrs
STU1815,5.6,6.5,2,4-6 hrs
STU1816,1.3,8.4,0,2-4 hrs
STU1817,1.0,7.7,1,<2 hrs
STU1818,1.0,10.0,0,2-4 hrs
STU1819,1.0,8.1,1,<2 hrs
STU1820,4.8,6.9,2,6+ hrs
STU1821,1.9,7.6,2,<2 hrs
STU1822,1.9,6.5,0,2-4 hrs
STU1823,3.4,6.7,1,6+ hrs
STU1824,3.5,6.2,2,4-6 hrs
STU1825,3.3,8.1,2,2-4 hrs
STU1826,5.0,6.1,2,6+ hrs
STU1827,1.7,7.8,0,<2 hrs
STU1828,2.1,7.2,0,2-4 hrs
STU1829,1.0,8.6,2,<2 hrs
STU1830,3.5,6.7,2,4-6 hrs
STU1831,2.9,8.2,3,4-6 hrs
STU1832,4.9,6.8,1,6+ hrs
STU1833,1.9,7.6,2,2-4 hrs
STU1834,6.8,6.2,4,6+ hrs
STU1835,1.0,8.5,1,<2 hrs
STU1836,1.7,8.2,0,2-4 hrs
STU1837,1.0,7.5,1,<2 hrs
STU1838,1.5,8.2,0,2-4 hrs
STU1839,1.0,8.7,1,<2 hrs
STU1840,3.3,8.3,3,4-6 hrs
STU1841,3.6,6.7,1,2-4 hrs
STU1842,1.6,9.8,1,<2 hrs
STU1843,4.1,7.3,1,4-6 hrs
STU1844,4.5,5.7,2,6+ hrs
STU1845,1.9,7.5,0,2-4 hrs
STU1846,1.0,9.5,1,<2 hrs
STU1847,1.4,9.2,0,2-4 hrs
STU1848,2.4,7.8,1,4-6 hrs
STU1849,1.0,8.6,0,2-4 hrs
STU1850,1.0,7.7,2,<2 hrs
STU1851,3.7,8.1,2,4-6 hrs
STU1852,2.0,7.3,0,2-4 hrs
STU1853,5.4,6.9,2,6+ hrs
STU1854,2.0,8.9,0,<2 hrs
STU1855,1.0,8.5,0,<2 hrs
STU1856,1.4,9.0,1,<2 hrs
STU1857,1.0,9.8,0,2-4 hrs
STU1858,1.5,8.4,1,2-4 hrs
STU1859,1.0,8.4,1,<2 hrs
STU1860,1.5,8.2,0,<2 hrs
STU1861,1.0,8.0,1,<2 hrs
STU1862,1.6,7.7,0,<2 hrs
STU1863,1.0,8.8,0,<2 hrs
STU1864,1.0,8.4,0,<2 hrs
STU1865,3.0,7.7,2,2-4 hrs
STU1866,2.7,6.6,1,2-4 hrs
STU1867,1.2,8.3,0,2-4 hrs
STU1868,6.0,6.7,2,6+ hrs
STU1869,5.7,5.4,4,6+ hrs
STU1870,1.4,8.3,0,2-4 hrs
STU1871,1.0,7.2,0,<2 hrs
STU1872,7.6,4.3,3,6+ hrs
STU1873,4.3,7.4,1,4-6 hrs
STU1874,4.2,6.7,1,4-6 hrs
STU1875,1.0,9.8,1,<2 hrs
STU1876,3.9,7.4,2,4-6 hrs
STU1877,2.7,8.0,2,2-4 hrs
STU1878,1.1,7.7,0,2-4 hrs
STU1879,1.0,8.2,1,2-4 hrs
STU1880,3.0,7.0,3,2-4 hrs
STU1881,3.4,6.6,2,6+ hrs
STU1882,7.1,5.9,2,6+ hrs
STU1883,1.0,9.1,0,<2 hrs
STU1884,3.0,7.8,1,2-4 hrs
STU1885,1.3,7.8,1,2-4 hrs
STU1886,3.3,7.6,2,2-4 hrs
STU1887,1.1,7.1,1,2-4 hrs
STU1888,1.8,9.0,0,<2 hrs
STU1889,2.9,6.6,3,<2 hrs
STU1890,1.0,7.7,0,<2 hrs
STU1891,1.8,8.2,0,2-4 hrs
STU1892,2.7,7.8,1,<2 hrs
STU1893,1.2,8.3,0,<2 hrs
STU1894,2.4,7.0,0,2-4 hrs
STU1895,3.0,8.3,1,2-4 hrs
STU1896,2.1,6.8,0,2-4 hrs
STU1897,3.0,6.5,2,6+ hrs
STU1898,3.4,7.2,1,2-4 hrs
STU1899,2.7,6.8,1,6+ hrs
STU1900,6.7,6.5,2,6+ hrs
STU1901,4.2,6.1,1,4-6 hrs
STU1902,1.0,9.6,1,<2 hrs
STU1903,1.6,8.9,1,2-4 hrs
STU1904,2.7,8.5,2,2-4 hrs
STU1905,4.2,8.2,2,6+ hrs
STU1906,1.0,8.6,0,2-4 hrs
STU1907,1.1,7.7,0,<2 hrs
STU1908,1.0,8.4,0,<2 hrs
STU1909,1.0,8.1,0,<2 hrs
STU1910,6.8,5.1,3,6+ hrs
STU1911,2.1,8.1,1,2-4 hrs
STU1912,1.0,8.3,1,<2 hrs
STU1913,4.9,6.0,2,6+ hrs
STU1914,6.2,5.7,2,6+ hrs
STU1915,3.0,7.9,2,2-4 hrs
STU1916,1.0,9.2,1,<2 hrs
STU1917,1.7,7.0,0,<2 hrs
STU1918,1.9,7.8,0,2-4 hrs
STU1919,2.5,7.7,3,2-4 hrs
STU1920,1.0,7.7,0,<2 hrs
STU1921,2.7,7.6,1,4-6 hrs
STU1922,1.0,8.6,0,<2 hrs
STU1923,4.1,7.3,4,4-6 hrs
STU1924,5.9,6.1,2,6+ hrs
STU1925,1.0,7.9,0,<2 hrs
STU1926,2.3,9.3,0,2-4 hrs
STU1927,4.5,7.3,1,6+ hrs
STU1928,2.9,7.9,2,4-6 hrs
STU1929,2.5,8.5,1,<2 hrs
STU1930,2.1,8.1,0,2-4 hrs
STU1931,1.5,9.2,2,2-4 hrs
STU1932,5.4,6.3,3,6+ hrs
STU1933,2.5,7.8,1,2-4 hrs
STU1934,1.4,8.7,0,<2 hrs
STU1935,1.0,9.6,0,2-4 hrs
STU1936,1.2,9.5,0,2-4 hrs
STU1937,2.8,8.0,2,2-4 hrs
STU1938,2.5,8.1,1,2-4 hrs
STU1939,4.0,7.5,1,4-6 hrs
STU1940,2.8,8.3,2,<2 hrs
STU1941,3.0,8.4,1,2-4 hrs
STU1942,2.3,7.7,0,2-4 hrs
STU1943,1.0,9.4,0,<2 hrs
STU1944,1.6,8.4,0,2-4 hrs
STU1945,2.8,8.1,1,2-4 hrs
STU1946,1.0,9.5,0,<2 hrs
STU1947,2.1,8.5,1,<2 hrs
STU1948,6.2,6.5,3,6+ hrs
STU1949,1.6,7.9,0,<2 hrs
STU1950,1.0,9.5,1,<2 hrs
STU1951,1.0,9.0,1,<2 hrs
STU1952,1.7,8.2,0,<2 hrs
STU1953,1.2,9.2,0,2-4 hrs
STU1954,1.5,10.0,0,<2 hrs
STU1955,3.2,6.6,1,4-6 hrs
STU1956,1.0,7.9,0,<2 hrs
STU1957,1.7,10.0,0,2-4 hrs
STU1958,4.5,7.0,2,6+ hrs
STU1959,4.5,6.9,1,6+ hrs
STU1960,3.1,7.4,1,2-4 hrs
STU1961,1.0,9.3,0,<2 hrs
STU1962,1.5,10.0,1,2-4 hrs
STU1963,2.3,7.4,1,2-4 hrs
STU1964,8.4,4.7,3,6+ hrs
STU1965,1.0,8.3,1,<2 hrs
STU1966,1.0,9.0,0,2-4 hrs
STU1967,3.3,8.2,1,4-6 hrs
STU1968,1.0,9.6,0,2-4 hrs
STU1969,3.1,8.0,1,2-4 hrs
STU1970,1.0,10.0,0,<2 hrs
STU1971,2.2,7.5,0,4-6 hrs
STU1972,1.4,7.7,2,2-4 hrs
STU1973,2.4,8.8,1,2-4 hrs
STU1974,3.2,7.5,2,4-6 hrs
STU1975,1.4,7.3,0,2-4 hrs
STU1976,4.8,6.4,1,6+ hrs
STU1977,1.0,8.7,0,<2 hrs
STU1978,1.4,7.8,0,2-4 hrs
STU1979,1.0,7.8,0,<2 hrs
STU1980,1.8,8.0,0,<2 hrs
STU1981,7.2,4.7,5,6+ hrs
STU1982,1.0,8.9,3,<2 hrs
STU1983,2.7,6.3,1,2-4 hrs
STU1984,1.0,8.6,0,<2 hrs
STU1985,4.8,7.0,2,4-6 hrs
STU1986,1.0,8.4,0,<2 hrs
STU1987,2.2,8.7,0,4-6 hrs
STU1988,3.2,6.4,1,2-4 hrs
STU1989,6.3,5.4,3,6+ hrs
STU1990,1.0,8.3,0,<2 hrs
STU1991,1.0,9.0,1,<2 hrs
STU1992,4.0,7.2,2,4-6 hrs
STU1993,2.4,9.3,1,2-4 hrs
STU1994,2.1,7.4,0,2-4 hrs
STU1995,6.8,4.6,2,6+ hrs
STU1996,1.4,9.6,1,2-4 hrs
STU1997,1.0,7.5,0,<2 hrs
STU1998,3.2,7.9,2,4-6 hrs
STU1999,1.7,7.5,0,2-4 hrs
STU2000,1.1,7.0,1,2-4 hrs
STU2001,3.2,7.1,1,4-6 hrs
STU2002,3.8,7.7,2,4-6 hrs
STU2003,1.0,7.6,0,<2 hrs
STU2004,2.4,8.2,1,2-4 hrs
STU2005,1.0,9.0,1,<2 hrs
STU2006,2.4,6.9,1,2-4 hrs
STU2007,4.5,6.6,1,6+ hrs
STU2008,1.0,9.6,1,<2 hrs
STU2009,1.0,9.0,0,<2 hrs
STU2010,1.7,8.0,1,<2 hrs
STU2011,1.0,8.8,0,2-4 hrs
STU2012,4.3,6.4,1,4-6 hrs
STU2013,1.9,8.8,1,<2 hrs
STU2014,1.6,9.0,1,2-4 hrs
STU2015,1.2,8.5,1,<2 hrs
STU2016,3.5,7.4,1,2-4 hrs
STU2017,1.0,7.8,0,<2 hrs
STU2018,1.1,7.5,0,<2 hrs
STU2019,2.8,7.3,1,4-6 hrs
STU2020,1.8,8.0,0,<2 hrs
STU2021,3.5,8.0,2,2-4 hrs
STU2022,1.0,9.1,1,<2 hrs
STU2023,2.6,7.8,2,2-4 hrs
STU2024,2.1,8.8,1,<2 hrs
STU2025,1.4,7.6,1,<2 hrs
STU2026,1.5,9.0,0,<2 hrs
STU2027,3.4,6.7,2,4-6 hrs
STU2028,1.0,9.4,0,<2 hrs
STU2029,1.4,8.3,0,2-4 hrs
STU2030,2.9,6.2,1,2-4 hrs
STU2031,4.5,7.3,1,4-6 hrs
STU2032,3.1,8.0,2,4-6 hrs
STU2033,2.9,7.2,2,2-4 hrs
STU2034,3.0,7.2,1,2-4 hrs
STU2035,4.6,6.6,2,4-6 hrs
STU2036,1.2,7.1,0,2-4 hrs
STU2037,1.5,6.6,0,2-4 hrs
STU2038,3.3,8.3,3,4-6 hrs
STU2039,8.5,4.2,3,6+ hrs
STU2040,1.1,9.7,0,2-4 hrs
STU2041,3.1,8.4,1,2-4 hrs
STU2042,2.3,8.9,1,4-6 hrs
STU2043,4.6,6.2,1,4-6 hrs
STU2044,3.7,6.0,2,4-6 hrs
STU2045,2.1,7.2,1,<2 hrs
STU2046,3.2,7.1,2,2-4 hrs
STU2047,4.8,4.9,1,4-6 hrs
STU2048,5.7,5.8,2,6+ hrs
STU2049,1.7,8.0,1,2-4 hrs
STU2050,1.2,7.5,0,2-4 hrs
STU2051,1.5,7.5,1,2-4 hrs
STU2052,1.0,8.3,1,2-4 hrs
STU2053,1.3,8.6,0,2-4 hrs
STU2054,8.5,4.1,3,6+ hrs
STU2055,1.1,8.7,0,2-4 hrs
STU2056,1.5,8.3,1,2-4 hrs
STU2057,1.0,8.5,0,<2 hrs
STU2058,1.0,8.0,0,<2 hrs
STU2059,1.6,7.3,0,2-4 hrs
STU2060,3.6,8.4,3,4-6 hrs
STU2061,2.5,8.2,2,4-6 hrs
STU2062,1.0,9.2,1,<2 hrs
STU2063,4.2,6.8,1,4-6 hrs
STU2064,1.4,8.2,2,2-4 hrs
STU2065,2.7,8.0,2,<2 hrs
STU2066,1.6,6.9,0,<2 hrs
STU2067,1.0,7.7,0,<2 hrs
STU2068,1.7,7.6,0,2-4 hrs
STU2069,2.2,7.6,2,2-4 hrs
STU2070,2.9,6.9,2,2-4 hrs
STU2071,1.0,8.7,0,<2 hrs
STU2072,2.8,7.7,1,2-4 hrs
STU2073,2.0,9.0,0,<2 hrs
STU2074,1.6,9.9,0,2-4 hrs
STU2075,3.5,6.4,2,4-6 hrs
STU2076,1.8,8.2,0,<2 hrs
STU2077,2.0,8.1,1,2-4 hrs
STU2078,5.7,6.1,2,6+ hrs
STU2079,1.9,7.3,0,2-4 hrs
STU2080,1.7,7.5,0,2-4 hrs
STU2081,1.0,8.7,1,<2 hrs
STU2082,3.8,6.4,2,4-6 hrs
STU2083,1.0,8.6,0,<2 hrs
STU2084,2.0,7.8,0,6+ hrs
STU2085,2.8,7.7,2,4-6 hrs
STU2086,1.0,7.8,0,<2 hrs
STU2087,2.3,8.0,1,<2 hrs
STU2088,1.0,7.9,0,<2 hrs
STU2089,1.0,8.6,0,<2 hrs
STU2090,2.9,8.5,3,2-4 hrs
STU2091,1.0,8.7,0,<2 hrs
STU2092,1.0,8.7,0,2-4 hrs
STU2093,1.9,8.6,1,2-4 hrs
STU2094,1.0,7.5,0,<2 hrs
STU2095,1.3,9.6,1,2-4 hrs
STU2096,2.5,7.0,1,<2 hrs
STU2097,2.5,8.4,3,2-4 hrs
STU2098,4.0,7.5,1,6+ hrs
STU2099,2.7,7.0,1,2-4 hrs
STU2100,1.7,8.9,0,<2 hrs
STU2101,2.5,8.1,3,2-4 hrs
STU2102,1.0,9.8,0,<2 hrs
STU2103,1.8,8.2,0,2-4 hrs
STU2104,1.6,8.1,0,2-4 hrs
STU2105,1.0,8.1,0,<2 hrs
STU2106,1.0,7.3,0,<2 hrs
STU2107,1.0,8.3,0,<2 hrs
STU2108,3.1,7.3,1,2-4 hrs
STU2109,3.2,7.6,1,4-6 hrs
STU2110,1.9,7.1,0,4-6 hrs
STU2111,1.0,8.3,0,<2 hrs
STU2112,1.6,8.6,0,2-4 hrs
STU2113,2.7,8.1,1,<2 hrs
STU2114,1.0,7.2,0,2-4 hrs
STU2115,1.1,8.9,1,<2 hrs
STU2116,1.7,8.0,2,2-4 hrs
STU2117,1.0,8.4,0,<2 hrs
STU2118,4.0,5.3,1,4-6 hrs
STU2119,5.0,7.5,2,4-6 hrs
STU2120,2.9,7.7,1,2-4 hrs
STU2121,2.9,6.5,2,4-6 hrs
STU2122,2.6,8.0,3,<2 hrs
STU2123,4.1,7.2,1,4-6 hrs
STU2124,1.8,9.0,0,2-4 hrs
STU2125,2.2,7.7,0,<2 hrs
STU2126,1.0,8.5,0,<2 hrs
STU2127,6.3,5.4,3,6+ hrs
STU2128,2.5,8.2,1,4-6 hrs
STU2129,2.7,7.1,2,2-4 hrs
STU2130,1.0,7.9,0,<2 hrs
STU2131,5.2,6.4,2,4-6 hrs
STU2132,2.2,7.0,0,<2 hrs
STU2133,1.0,9.6,2,<2 hrs
STU2134,2.6,9.0,1,2-4 hrs
STU2135,1.0,8.2,0,<2 hrs
STU2136,1.0,7.5,1,2-4 hrs
STU2137,1.1,8.7,0,2-4 hrs
STU2138,1.9,7.7,0,2-4 hrs
STU2139,2.3,8.7,1,2-4 hrs
STU2140,5.0,5.9,3,6+ hrs
STU2141,1.0,8.9,0,<2 hrs
STU2142,2.4,7.9,1,2-4 hrs
STU2143,1.2,7.9,1,<2 hrs
STU2144,1.3,8.5,0,<2 hrs
STU2145,4.8,7.2,1,4-6 hrs
STU2146,2.1,8.0,1,2-4 hrs
STU2147,1.0,8.6,0,<2 hrs
STU2148,2.0,7.4,0,2-4 hrs
STU2149,1.0,9.3,0,<2 hrs
STU2150,1.0,9.2,1,2-4 hrs
STU2151,3.7,6.9,3,4-6 hrs
STU2152,2.6,7.6,2,2-4 hrs
STU2153,1.0,9.5,0,<2 hrs
STU2154,2.3,7.1,2,4-6 hrs
STU2155,4.4,7.2,4,6+ hrs
STU2156,3.8,6.7,3,4-6 hrs
STU2157,2.0,9.2,1,<2 hrs
STU2158,1.7,8.2,0,2-4 hrs
STU2159,6.6,6.6,3,6+ hrs
STU2160,1.2,7.9,1,<2 hrs
STU2161,2.5,6.9,1,2-4 hrs
STU2162,1.0,8.3,0,<2 hrs
STU2163,3.1,7.6,1,4-6 hrs
STU2164,1.5,7.9,1,<2 hrs
STU2165,2.9,8.1,1,2-4 hrs
STU2166,1.9,7.9,0,2-4 hrs
STU2167,6.0,4.5,3,6+ hrs
STU2168,2.9,7.9,2,2-4 hrs
STU2169,1.4,7.7,0,2-4 hrs
STU2170,1.0,8.2,1,<2 hrs
STU2171,3.6,8.3,1,4-6 hrs
STU2172,3.1,8.7,2,2-4 hrs
STU2173,2.0,7.6,1,4-6 hrs
STU2174,4.6,7.1,1,6+ hrs
STU2175,1.0,8.1,0,2-4 hrs
STU2176,1.0,8.3,0,2-4 hrs
STU2177,2.2,7.5,2,<2 hrs
STU2178,1.0,7.3,0,<2 hrs
STU2179,2.3,7.9,0,<2 hrs
STU2180,1.0,8.7,1,<2 hrs
STU2181,2.3,7.4,3,2-4 hrs
STU2182,2.3,8.6,2,2-4 hrs
STU2183,3.0,7.2,1,2-4 hrs
STU2184,1.6,7.8,2,<2 hrs
STU2185,1.3,8.7,0,<2 hrs
STU2186,1.9,7.0,0,<2 hrs
STU2187,3.5,7.9,3,4-6 hrs
STU2188,1.2,8.1,0,2-4 hrs
STU2189,1.8,8.8,3,2-4 hrs
STU2190,3.2,8.3,1,4-6 hrs
STU2191,1.0,8.9,1,<2 hrs
STU2192,1.2,7.8,1,2-4 hrs
STU2193,6.5,4.9,4,6+ hrs
STU2194,3.8,6.1,1,4-6 hrs
STU2195,2.1,8.7,0,2-4 hrs
STU2196,1.6,8.1,3,2-4 hrs
STU2197,3.7,6.7,1,2-4 hrs
STU2198,5.6,6.1,2,6+ hrs
STU2199,3.4,8.1,1,6+ hrs
STU2200,4.6,7.2,3,6+ hrs
STU2201,2.8,7.9,2,2-4 hrs
STU2202,1.0,8.9,0,<2 hrs
STU2203,5.8,6.2,2,6+ hrs
STU2204,1.0,8.7,0,<2 hrs
STU2205,2.5,7.9,2,4-6 hrs
STU2206,1.0,8.5,0,<2 hrs
STU2207,2.0,8.5,2,2-4 hrs
STU2208,2.7,7.9,1,<2 hrs
STU2209,4.5,6.1,1,6+ hrs
STU2210,1.5,8.6,0,2-4 hrs
STU2211,1.7,8.3,0,2-4 hrs
STU2212,3.3,7.8,2,2-4 hrs
STU2213,1.0,8.4,0,<2 hrs
STU2214,2.2,8.5,1,<2 hrs
STU2215,1.1,8.4,0,<2 hrs
STU2216,2.1,8.5,0,2-4 hrs
STU2217,1.0,8.2,0,<2 hrs
STU2218,2.6,7.4,1,2-4 hrs
STU2219,1.5,8.7,0,2-4 hrs
STU2220,1.2,8.2,0,<2 hrs
STU2221,1.0,10.0,0,<2 hrs
STU2222,1.4,8.7,0,2-4 hrs
STU2223,1.0,8.5,0,<2 hrs
STU2224,2.9,8.1,2,4-6 hrs
STU2225,1.0,8.2,1,<2 hrs
STU2226,1.0,9.1,1,2-4 hrs
STU2227,7.1,6.1,2,6+ hrs
STU2228,2.0,8.9,1,4-6 hrs
STU2229,1.0,8.2,2,<2 hrs
STU2230,1.0,7.6,0,<2 hrs
STU2231,1.0,8.1,0,2-4 hrs
STU2232,1.5,8.1,0,2-4 hrs
STU2233,2.2,9.1,1,2-4 hrs
STU2234,4.0,8.5,2,4-6 hrs
STU2235,3.7,7.4,1,4-6 hrs
STU2236,1.1,8.5,0,<2 hrs
STU2237,1.0,8.3,0,2-4 hrs
STU2238,3.5,7.8,3,2-4 hrs
STU2239,3.2,8.9,2,2-4 hrs
STU2240,1.0,9.8,1,2-4 hrs
STU2241,4.6,7.5,1,6+ hrs
STU2242,2.6,8.5,1,2-4 hrs
STU2243,2.7,8.2,1,4-6 hrs
STU2244,2.8,7.6,1,2-4 hrs
STU2245,1.4,7.8,0,<2 hrs
STU2246,1.0,8.5,1,<2 hrs
STU2247,1.0,8.8,1,<2 hrs
STU2248,4.8,5.6,2,4-6 hrs
STU2249,1.1,8.3,0,<2 hrs
STU2250,1.6,7.6,0,2-4 hrs
STU2251,1.0,9.2,0,<2 hrs
STU2252,1.5,7.9,1,<2 hrs
STU2253,2.0,8.2,0,2-4 hrs
STU2254,3.0,7.0,1,6+ hrs
STU2255,1.0,9.6,0,<2 hrs
STU2256,3.9,5.9,3,6+ hrs
STU2257,1.3,8.7,0,2-4 hrs
STU2258,2.5,6.9,4,4-6 hrs
STU2259,1.8,7.7,0,2-4 hrs
STU2260,1.7,8.3,0,<2 hrs
STU2261,4.1,7.1,3,6+ hrs
STU2262,4.8,6.8,1,4-6 hrs
STU2263,1.0,8.6,1,<2 hrs
STU2264,3.3,6.9,2,2-4 hrs
STU2265,1.1,8.3,0,<2 hrs
STU2266,1.0,8.5,0,<2 hrs
STU2267,1.0,8.6,1,<2 hrs
STU2268,4.8,6.6,1,6+ hrs
STU2269,1.2,8.9,0,4-6 hrs
STU2270,1.0,8.6,1,2-4 hrs
STU2271,4.7,6.8,1,6+ hrs
STU2272,2.1,7.7,1,4-6 hrs
STU2273,1.0,7.8,1,<2 hrs
STU2274,5.0,6.6,2,6+ hrs
STU2275,1.0,9.3,0,<2 hrs
STU2276,1.0,8.8,2,2-4 hrs
STU2277,1.0,7.9,0,<2 hrs
STU2278,1.9,8.6,0,<2 hrs
STU2279,1.0,8.3,0,2-4 hrs
STU2280,1.7,8.7,0,2-4 hrs
STU2281,1.0,8.2,1,<2 hrs
STU2282,1.0,8.7,1,<2 hrs
STU2283,5.2,6.0,2,6+ hrs
STU2284,4.4,6.5,2,4-6 hrs
STU2285,4.9,5.5,1,4-6 hrs
STU2286,1.0,8.9,0,2-4 hrs
STU2287,1.2,8.7,0,2-4 hrs
STU2288,2.7,7.9,1,2-4 hrs
STU2289,5.7,6.3,2,6+ hrs
STU2290,1.0,8.0,0,<2 hrs
STU2291,1.4,9.0,1,<2 hrs
STU2292,3.0,8.2,1,2-4 hrs
STU2293,1.3,7.8,2,2-4 hrs
STU2294,1.0,8.9,0,<2 hrs
STU2295,3.9,7.7,2,2-4 hrs
STU2296,1.0,8.2,0,<2 hrs
STU2297,1.0,8.3,0,2-4 hrs
STU2298,1.9,8.4,1,2-4 hrs
STU2299,1.0,7.4,0,<2 hrs
STU2300,3.4,6.5,1,4-6 hrs
STU2301,2.7,7.0,2,4-6 hrs
STU2302,1.2,7.1,1,<2 hrs
STU2303,1.0,9.3,1,<2 hrs
STU2304,1.0,7.1,0,<2 hrs
STU2305,2.0,8.2,3,2-4 hrs
STU2306,2.3,8.4,0,2-4 hrs
STU2307,1.7,7.9,0,<2 hrs
STU2308,1.6,7.7,0,2-4 hrs
STU2309,1.0,8.7,0,<2 hrs
STU2310,1.5,8.3,0,<2 hrs
STU2311,3.5,8.0,1,2-4 hrs
STU2312,1.3,6.5,1,<2 hrs
STU2313,2.0,7.4,0,2-4 hrs
STU2314,2.1,8.3,0,2-4 hrs
STU2315,1.0,8.5,2,2-4 hrs
STU2316,2.0,8.5,3,<2 hrs
STU2317,4.4,7.0,1,4-6 hrs
STU2318,3.2,7.3,1,2-4 hrs
STU2319,2.0,7.8,3,2-4 hrs
STU2320,1.1,10.0,0,<2 hrs
STU2321,2.6,8.8,1,2-4 hrs
STU2322,2.3,8.2,0,<2 hrs
STU2323,3.3,7.4,1,2-4 hrs
STU2324,1.0,8.9,0,<2 hrs
STU2325,1.0,9.1,1,2-4 hrs
STU2326,1.2,8.7,2,<2 hrs
STU2327,3.3,6.8,1,4-6 hrs
STU2328,1.0,9.7,2,<2 hrs
STU2329,2.9,7.7,1,2-4 hrs
STU2330,2.5,9.2,2,2-4 hrs
STU2331,7.4,5.4,2,6+ hrs
STU2332,1.0,8.3,1,<2 hrs
STU2333,2.6,8.7,1,2-4 hrs
STU2334,1.0,8.7,2,<2 hrs
STU2335,1.0,8.6,0,2-4 hrs
STU2336,3.7,6.3,1,4-6 hrs
STU2337,4.5,7.2,1,6+ hrs
STU2338,2.3,7.5,0,2-4 hrs
STU2339,1.0,8.2,3,<2 hrs
STU2340,5.2,6.1,3,6+ hrs
STU2341,1.0,8.8,0,<2 hrs
STU2342,1.3,7.3,0,<2 hrs
STU2343,4.6,6.6,1,6+ hrs
STU2344,2.5,8.4,1,2-4 hrs
STU2345,1.0,7.6,0,<2 hrs
STU2346,1.8,8.2,0,4-6 hrs
STU2347,1.0,8.1,1,2-4 hrs
STU2348,2.6,7.4,2,4-6 hrs
STU2349,2.4,9.0,0,2-4 hrs
STU2350,3.3,6.2,2,2-4 hrs
STU2351,3.1,8.0,1,4-6 hrs
STU2352,2.1,7.6,1,2-4 hrs
STU2353,1.0,8.1,1,<2 hrs
STU2354,3.2,6.6,1,4-6 hrs
STU2355,1.9,8.6,1,2-4 hrs
STU2356,1.0,8.4,0,2-4 hrs
STU2357,1.0,8.3,0,<2 hrs
STU2358,2.2,8.0,0,2-4 hrs
STU2359,1.0,8.4,2,<2 hrs
STU2360,1.4,6.9,0,<2 hrs
STU2361,1.9,7.7,1,2-4 hrs
STU2362,2.3,8.5,1,2-4 hrs
STU2363,2.0,6.9,0,2-4 hrs
STU2364,2.5,7.0,4,4-6 hrs
STU2365,3.9,6.8,3,4-6 hrs
STU2366,1.1,7.9,0,<2 hrs
STU2367,2.1,7.9,1,2-4 hrs
STU2368,3.4,6.5,3,2-4 hrs
STU2369,1.9,7.8,2,<2 hrs
STU2370,2.0,8.0,0,<2 hrs
STU2371,1.6,8.7,0,2-4 hrs
STU2372,3.4,8.2,2,4-6 hrs
STU2373,1.0,8.3,1,<2 hrs
STU2374,1.0,9.8,0,<2 hrs
STU2375,1.7,8.0,0,<2 hrs
STU2376,1.0,9.1,0,<2 hrs
STU2377,2.9,8.9,1,4-6 hrs
STU2378,2.3,7.9,0,<2 hrs
STU2379,2.7,6.7,2,4-6 hrs
STU2380,2.6,7.8,2,2-4 hrs
STU2381,1.0,8.1,0,<2 hrs
STU2382,2.0,7.8,0,<2 hrs
STU2383,2.9,8.9,2,4-6 hrs
STU2384,1.3,7.5,0,2-4 hrs
STU2385,1.3,8.6,2,<2 hrs
STU2386,2.8,7.0,2,4-6 hrs
STU2387,1.0,8.3,1,<2 hrs
STU2388,1.3,8.9,0,<2 hrs
STU2389,4.7,6.9,2,4-6 hrs
STU2390,3.2,7.2,2,4-6 hrs
STU2391,1.1,8.0,0,<2 hrs
STU2392,3.4,7.5,2,2-4 hrs
STU2393,1.0,9.7,0,<2 hrs
STU2394,1.0,7.9,1,<2 hrs
STU2395,3.3,8.7,2,<2 hrs
STU2396,5.9,6.9,2,6+ hrs
STU2397,4.5,7.7,1,4-6 hrs
STU2398,2.5,8.0,2,2-4 hrs
STU2399,1.0,9.3,0,<2 hrs
STU2400,1.0,7.8,2,<2 hrs
STU2401,1.9,7.6,0,2-4 hrs
STU2402,2.6,8.2,1,2-4 hrs
STU2403,2.3,8.1,1,4-6 hrs
STU2404,1.8,8.0,3,2-4 hrs
STU2405,2.5,6.0,3,4-6 hrs
STU2406,2.1,7.6,1,2-4 hrs
STU2407,4.9,5.7,2,4-6 hrs
STU2408,2.6,8.0,1,<2 hrs
STU2409,2.9,7.4,1,2-4 hrs
STU2410,1.0,8.1,3,<2 hrs
STU2411,1.0,10.0,0,<2 hrs
STU2412,3.2,8.1,2,4-6 hrs
STU2413,3.0,8.2,1,4-6 hrs
STU2414,1.0,10.0,1,<2 hrs
STU2415,6.7,6.2,2,6+ hrs
STU2416,2.5,7.2,1,2-4 hrs
STU2417,2.5,7.1,4,2-4 hrs
STU2418,1.9,8.7,0,<2 hrs
STU2419,1.0,7.1,1,<2 hrs
STU2420,2.7,7.6,1,2-4 hrs
STU2421,2.1,6.4,0,2-4 hrs
STU2422,1.5,8.3,2,2-4 hrs
STU2423,1.5,8.8,0,<2 hrs
STU2424,1.7,8.3,1,<2 hrs
STU2425,1.2,9.1,1,<2 hrs
STU2426,3.7,8.5,1,4-6 hrs
STU2427,3.6,7.1,1,4-6 hrs
STU2428,2.6,9.7,1,2-4 hrs
STU2429,2.7,7.8,3,4-6 hrs
STU2430,1.0,9.2,2,2-4 hrs
STU2431,3.1,7.0,1,4-6 hrs
STU2432,2.7,8.8,2,2-4 hrs
STU2433,3.2,8.1,1,4-6 hrs
STU2434,1.2,9.4,2,<2 hrs
STU2435,1.9,8.1,0,2-4 hrs
STU2436,1.8,7.2,0,<2 hrs
STU2437,1.0,8.8,0,<2 hrs
STU2438,5.5,5.1,2,4-6 hrs
STU2439,3.4,7.1,1,4-6 hrs
STU2440,4.1,7.1,1,2-4 hrs
STU2441,1.1,10.0,1,<2 hrs
STU2442,1.0,8.7,0,<2 hrs
STU2443,1.0,8.6,0,<2 hrs
STU2444,1.0,8.5,0,<2 hrs
STU2445,2.1,7.0,0,4-6 hrs
STU2446,1.0,8.6,0,<2 hrs
STU2447,2.8,7.7,1,2-4 hrs
STU2448,2.2,7.2,0,2-4 hrs
STU2449,3.0,6.7,2,4-6 hrs
STU2450,1.4,8.0,0,<2 hrs
STU2451,1.0,8.5,0,<2 hrs
STU2452,4.2,6.6,3,2-4 hrs
STU2453,3.7,6.4,1,6+ hrs
STU2454,3.7,7.4,1,4-6 hrs
STU2455,1.7,8.5,0,2-4 hrs
STU2456,4.8,6.7,1,4-6 hrs
STU2457,1.0,8.1,0,2-4 hrs
STU2458,1.0,8.9,0,<2 hrs
STU2459,2.7,7.5,1,4-6 hrs
STU2460,5.2,5.6,2,4-6 hrs
STU2461,5.9,6.8,3,6+ hrs
STU2462,1.0,8.7,1,<2 hrs
STU2463,1.0,8.4,0,<2 hrs
STU2464,4.5,5.7,2,4-6 hrs
STU2465,1.9,7.5,0,2-4 hrs
STU2466,1.5,9.7,0,2-4 hrs
STU2467,5.3,5.3,2,4-6 hrs
STU2468,4.0,6.8,1,4-6 hrs
STU2469,3.5,7.2,1,2-4 hrs
STU2470,1.0,8.7,0,<2 hrs
STU2471,1.8,7.1,0,4-6 hrs
STU2472,1.0,8.6,0,<2 hrs
STU2473,2.4,6.6,0,2-4 hrs
STU2474,2.0,8.1,1,2-4 hrs
STU2475,1.5,7.8,2,<2 hrs
STU2476,1.0,7.9,0,2-4 hrs
STU2477,1.7,8.7,0,<2 hrs
STU2478,1.4,8.1,0,2-4 hrs
STU2479,1.5,8.6,1,<2 hrs
STU2480,2.8,8.0,1,4-6 hrs
STU2481,4.5,7.6,1,6+ hrs
STU2482,1.0,7.7,1,<2 hrs
STU2483,1.0,9.1,2,<2 hrs
STU2484,1.0,8.5,0,<2 hrs
STU2485,1.0,8.2,0,2-4 hrs
STU2486,2.9,6.7,1,2-4 hrs
STU2487,3.4,7.7,2,4-6 hrs
STU2488,3.5,6.6,1,2-4 hrs
STU2489,3.1,7.8,1,4-6 hrs
STU2490,2.1,9.3,0,2-4 hrs
STU2491,2.2,8.6,0,<2 hrs
STU2492,1.0,9.5,0,<2 hrs
STU2493,1.0,8.0,0,2-4 hrs
STU2494,1.0,9.0,0,<2 hrs
STU2495,1.1,7.6,0,2-4 hrs
STU2496,2.7,7.5,1,<2 hrs
STU2497,2.4,9.0,0,<2 hrs
STU2498,5.4,5.9,2,4-6 hrs
STU2499,4.0,7.8,1,4-6 hrs
STU2500,4.2,7.6,1,4-6 hrs
STU2501,1.3,9.1,0,2-4 hrs
STU2502,1.8,7.2,0,<2 hrs
STU2503,1.5,8.6,0,2-4 hrs
STU2504,1.0,8.4,0,<2 hrs
STU2505,2.3,8.6,0,4-6 hrs
STU2506,1.0,7.3,0,<2 hrs
STU2507,2.7,7.9,1,2-4 hrs
STU2508,4.5,6.9,1,4-6 hrs
STU2509,1.0,7.1,1,<2 hrs
STU2510,2.1,7.3,0,<2 hrs
STU2511,3.1,6.2,1,2-4 hrs
STU2512,1.4,7.8,0,2-4 hrs
STU2513,2.1,8.3,0,2-4 hrs
STU2514,1.0,8.6,0,2-4 hrs
STU2515,3.8,7.2,1,4-6 hrs
STU2516,1.0,7.8,1,<2 hrs
STU2517,1.0,9.3,3,<2 hrs
STU2518,1.8,8.1,0,2-4 hrs
STU2519,1.0,8.5,0,<2 hrs
STU2520,5.1,7.1,2,6+ hrs
STU2521,1.0,7.8,0,<2 hrs
STU2522,3.0,7.7,1,4-6 hrs
STU2523,2.2,8.2,1,<2 hrs
STU2524,4.2,6.5,1,6+ hrs
STU2525,1.0,9.0,1,2-4 hrs
STU2526,1.5,8.6,0,<2 hrs
STU2527,1.3,8.3,0,2-4 hrs
STU2528,1.0,8.4,1,<2 hrs
STU2529,3.3,7.7,2,2-4 hrs
STU2530,1.0,9.1,1,<2 hrs
STU2531,1.0,8.5,2,<2 hrs
STU2532,3.3,8.1,1,4-6 hrs
STU2533,3.4,7.8,1,2-4 hrs
STU2534,1.0,7.2,0,<2 hrs
STU2535,1.8,7.1,1,2-4 hrs
STU2536,5.6,7.0,4,4-6 hrs
STU2537,1.3,8.2,0,<2 hrs
STU2538,1.0,8.6,0,<2 hrs
STU2539,2.1,8.7,0,2-4 hrs
STU2540,1.0,8.5,0,<2 hrs
STU2541,2.5,7.8,1,2-4 hrs
STU2542,3.9,6.4,2,4-6 hrs
STU2543,2.1,8.2,0,2-4 hrs
STU2544,2.2,8.3,0,4-6 hrs
STU2545,1.0,8.1,1,<2 hrs
STU2546,1.0,7.9,0,2-4 hrs
STU2547,2.5,9.6,3,<2 hrs
STU2548,2.6,7.6,2,2-4 hrs
STU2549,2.1,7.5,1,2-4 hrs
STU2550,4.8,7.1,1,6+ hrs
STU2551,2.0,8.0,1,<2 hrs
STU2552,1.3,7.6,0,2-4 hrs
STU2553,1.9,8.4,0,<2 hrs
STU2554,1.1,7.9,0,2-4 hrs
STU2555,3.2,8.5,1,2-4 hrs
STU2556,1.0,8.8,0,<2 hrs
STU2557,2.3,7.7,1,4-6 hrs
STU2558,1.4,8.4,1,<2 hrs
STU2559,1.0,9.1,0,<2 hrs
STU2560,1.0,8.6,1,<2 hrs
STU2561,1.3,9.8,0,<2 hrs
STU2562,1.0,9.3,0,<2 hrs
STU2563,1.6,8.5,0,<2 hrs
STU2564,2.2,7.2,1,2-4 hrs
STU2565,5.5,6.1,2,6+ hrs
STU2566,1.0,8.8,1,<2 hrs
STU2567,2.0,7.4,2,2-4 hrs
STU2568,1.6,9.1,0,2-4 hrs
STU2569,3.6,6.5,1,2-4 hrs
STU2570,3.8,6.7,2,4-6 hrs
STU2571,6.7,5.3,3,6+ hrs
STU2572,1.0,9.0,0,2-4 hrs
STU2573,2.3,7.3,0,<2 hrs
STU2574,1.6,6.9,0,<2 hrs
STU2575,1.0,9.3,0,<2 hrs
STU2576,1.4,8.0,0,<2 hrs
STU2577,3.9,6.3,1,6+ hrs
STU2578,3.6,6.7,1,4-6 hrs
STU2579,1.3,9.6,0,2-4 hrs
STU2580,1.0,8.0,0,<2 hrs
STU2581,3.1,7.4,1,4-6 hrs
STU2582,4.5,6.4,1,4-6 hrs
STU2583,1.6,7.3,1,2-4 hrs
STU2584,1.6,7.7,1,<2 hrs
STU2585,4.6,5.8,2,6+ hrs
STU2586,1.0,9.2,0,<2 hrs
STU2587,1.0,8.6,0,<2 hrs
STU2588,1.0,10.0,0,<2 hrs
STU2589,1.0,8.0,0,2-4 hrs
STU2590,1.5,7.6,1,2-4 hrs
STU2591,3.6,8.3,1,4-6 hrs
STU2592,2.4,8.5,1,2-4 hrs
STU2593,2.4,8.1,0,2-4 hrs
STU2594,3.9,6.3,1,4-6 hrs
STU2595,1.0,9.7,0,<2 hrs
STU2596,1.0,8.4,0,<2 hrs
STU2597,2.4,7.5,0,2-4 hrs
STU2598,1.6,9.0,0,2-4 hrs
STU2599,3.7,7.1,1,4-6 hrs
STU2600,1.5,7.4,0,2-4 hrs
STU2601,1.0,8.5,2,<2 hrs
STU2602,1.5,7.7,0,2-4 hrs
STU2603,4.0,4.9,1,2-4 hrs
STU2604,1.0,7.9,0,2-4 hrs
STU2605,7.0,5.1,2,6+ hrs
STU2606,4.3,6.0,1,4-6 hrs
STU2607,3.2,7.8,1,4-6 hrs
STU2608,2.3,7.3,3,2-4 hrs
STU2609,1.5,8.6,1,2-4 hrs
STU2610,1.6,7.3,0,2-4 hrs
STU2611,2.1,8.6,3,2-4 hrs
STU2612,1.0,7.6,0,<2 hrs
STU2613,1.0,6.9,1,<2 hrs
STU2614,2.5,8.6,2,2-4 hrs
STU2615,2.2,7.3,0,2-4 hrs
STU2616,3.4,8.5,1,4-6 hrs
STU2617,1.8,8.5,1,<2 hrs
STU2618,2.6,8.3,1,2-4 hrs
STU2619,3.8,7.8,2,2-4 hrs
STU2620,1.1,8.5,2,2-4 hrs
STU2621,5.7,6.2,2,6+ hrs
STU2622,1.9,8.9,1,2-4 hrs
STU2623,1.0,8.6,0,<2 hrs
STU2624,2.1,7.4,0,2-4 hrs
STU2625,2.3,8.3,0,2-4 hrs
STU2626,1.0,7.0,0,<2 hrs
STU2627,1.5,9.2,0,<2 hrs
STU2628,2.9,8.5,1,2-4 hrs
STU2629,1.0,9.3,0,<2 hrs
STU2630,2.8,8.4,1,4-6 hrs
STU2631,3.0,7.4,1,4-6 hrs
STU2632,1.7,8.1,1,2-4 hrs
STU2633,1.0,7.6,1,<2 hrs
STU2634,2.0,9.2,0,2-4 hrs
STU2635,4.2,6.6,2,4-6 hrs
STU2636,3.6,7.4,1,4-6 hrs
STU2637,2.1,8.1,0,4-6 hrs
STU2638,2.3,6.9,0,2-4 hrs
STU2639,1.1,7.2,0,2-4 hrs
STU2640,2.6,7.7,1,4-6 hrs
STU2641,1.9,7.7,0,2-4 hrs
STU2642,3.1,7.4,3,2-4 hrs
STU2643,8.9,5.3,4,6+ hrs
STU2644,1.4,8.5,0,2-4 hrs
STU2645,1.0,9.0,1,<2 hrs
STU2646,1.2,8.7,0,2-4 hrs
STU2647,1.7,7.9,0,2-4 hrs
STU2648,1.2,7.7,0,2-4 hrs
STU2649,2.2,8.1,0,2-4 hrs
STU2650,1.0,8.6,1,<2 hrs
STU2651,1.4,8.9,0,2-4 hrs
STU2652,1.0,8.4,0,2-4 hrs
STU2653,1.7,7.9,1,2-4 hrs
STU2654,1.0,8.3,0,<2 hrs
STU2655,4.2,6.3,2,6+ hrs
STU2656,1.0,9.5,0,<2 hrs
STU2657,4.1,7.7,1,4-6 hrs
STU2658,1.0,7.7,0,<2 hrs
STU2659,2.4,8.4,0,2-4 hrs
STU2660,1.1,7.2,0,2-4 hrs
STU2661,2.8,8.3,1,2-4 hrs
STU2662,1.8,7.6,1,2-4 hrs
STU2663,1.0,8.8,0,<2 hrs
STU2664,1.7,6.8,1,2-4 hrs
STU2665,2.6,6.9,1,2-4 hrs
STU2666,3.5,7.6,1,2-4 hrs
STU2667,3.2,6.9,1,4-6 hrs
STU2668,1.0,7.9,0,<2 hrs
STU2669,5.0,7.5,2,4-6 hrs
STU2670,1.5,9.8,1,<2 hrs
STU2671,2.2,8.6,0,2-4 hrs
STU2672,2.2,7.1,0,2-4 hrs
STU2673,2.0,9.2,1,<2 hrs
STU2674,1.0,7.4,1,<2 hrs
STU2675,1.7,7.9,0,<2 hrs
STU2676,2.1,8.0,0,2-4 hrs
STU2677,3.3,8.7,1,4-6 hrs
STU2678,1.3,9.0,0,2-4 hrs
STU2679,1.0,8.2,0,<2 hrs
STU2680,2.3,7.2,2,<2 hrs
STU2681,1.0,9.2,1,<2 hrs
STU2682,2.1,7.6,0,2-4 hrs
STU2683,2.5,7.9,1,2-4 hrs
STU2684,2.1,7.0,0,2-4 hrs
STU2685,2.4,8.2,0,4-6 hrs
STU2686,2.9,7.9,1,4-6 hrs
STU2687,1.0,7.6,1,<2 hrs
STU2688,1.5,9.0,1,<2 hrs
STU2689,1.0,8.9,0,2-4 hrs
STU2690,1.0,9.0,1,2-4 hrs
STU2691,1.0,8.2,1,<2 hrs
STU2692,7.2,5.5,3,6+ hrs
STU2693,5.4,6.3,2,6+ hrs
STU2694,1.1,8.3,1,<2 hrs
STU2695,1.1,8.6,0,<2 hrs
STU2696,1.4,9.2,2,<2 hrs
STU2697,3.5,8.0,1,4-6 hrs
STU2698,3.4,6.5,1,4-6 hrs
STU2699,5.2,7.1,2,6+ hrs
STU2700,1.0,9.3,0,<2 hrs
STU2701,3.6,7.1,2,2-4 hrs
STU2702,1.4,8.7,0,<2 hrs
STU2703,4.5,7.1,1,6+ hrs
STU2704,1.0,7.9,1,<2 hrs
STU2705,1.0,8.2,0,<2 hrs
STU2706,1.7,8.7,1,<2 hrs
STU2707,1.4,8.0,3,2-4 hrs
STU2708,2.2,8.6,0,4-6 hrs
STU2709,3.0,8.4,1,2-4 hrs
STU2710,1.0,9.3,0,<2 hrs
STU2711,1.5,9.6,0,<2 hrs
STU2712,2.7,7.6,1,<2 hrs
STU2713,1.4,8.4,0,<2 hrs
STU2714,1.1,8.7,0,<2 hrs
STU2715,3.1,7.4,1,6+ hrs
STU2716,1.0,8.9,0,<2 hrs
STU2717,2.6,6.5,2,2-4 hrs
STU2718,3.3,7.5,2,6+ hrs
STU2719,5.8,5.1,2,4-6 hrs
STU2720,5.1,5.8,2,6+ hrs
STU2721,2.2,8.4,1,2-4 hrs
STU2722,1.9,7.9,0,2-4 hrs
STU2723,1.5,8.7,1,<2 hrs
STU2724,1.0,8.3,0,<2 hrs
STU2725,3.3,8.1,2,2-4 hrs
STU2726,4.8,6.4,1,4-6 hrs
STU2727,1.1,7.1,0,<2 hrs
STU2728,1.0,8.7,1,<2 hrs
STU2729,2.8,6.1,1,2-4 hrs
STU2730,2.7,6.6,2,2-4 hrs
STU2731,4.5,6.1,1,4-6 hrs
STU2732,2.6,7.0,1,4-6 hrs
STU2733,1.0,8.1,1,<2 hrs
STU2734,1.5,7.5,2,2-4 hrs
STU2735,1.0,7.5,0,<2 hrs
STU2736,2.1,9.0,1,<2 hrs
STU2737,1.0,8.0,0,<2 hrs
STU2738,2.6,6.1,1,2-4 hrs
STU2739,3.0,7.2,2,4-6 hrs
STU2740,1.5,7.5,0,2-4 hrs
STU2741,1.0,7.9,2,<2 hrs
STU2742,1.2,8.9,0,2-4 hrs
STU2743,3.7,6.8,2,2-4 hrs
STU2744,1.8,7.3,2,2-4 hrs
STU2745,1.2,8.7,1,2-4 hrs
STU2746,1.8,8.9,0,<2 hrs
STU2747,2.5,8.1,1,2-4 hrs
STU2748,1.5,6.5,0,2-4 hrs
STU2749,6.2,5.1,2,6+ hrs
STU2750,1.4,8.3,0,<2 hrs
STU2751,1.0,8.3,1,<2 hrs
STU2752,3.7,6.9,1,6+ hrs
STU2753,2.4,7.1,0,2-4 hrs
STU2754,1.0,7.5,0,<2 hrs
STU2755,3.6,8.6,2,4-6 hrs
STU2756,2.1,8.0,1,2-4 hrs
STU2757,5.1,6.9,2,6+ hrs
STU2758,1.4,8.3,0,2-4 hrs
STU2759,5.7,6.2,2,6+ hrs
STU2760,2.4,7.8,2,2-4 hrs
STU2761,1.5,7.5,1,2-4 hrs
STU2762,3.0,6.4,1,4-6 hrs
STU2763,1.5,8.5,1,<2 hrs
STU2764,1.5,8.4,0,<2 hrs
STU2765,2.7,8.3,1,4-6 hrs
STU2766,1.0,9.0,0,<2 hrs
STU2767,1.3,7.8,0,<2 hrs
STU2768,2.1,8.7,1,2-4 hrs
STU2769,6.3,6.4,2,6+ hrs
STU2770,3.1,7.9,1,4-6 hrs
STU2771,1.9,9.6,0,2-4 hrs
STU2772,1.0,9.9,3,<2 hrs
STU2773,6.6,6.2,3,6+ hrs
STU2774,2.2,8.3,0,2-4 hrs
STU2775,1.0,9.3,1,<2 hrs
STU2776,7.4,4.9,2,6+ hrs
STU2777,1.0,8.1,2,<2 hrs
STU2778,4.7,7.1,3,4-6 hrs
STU2779,2.5,7.2,1,2-4 hrs
STU2780,3.7,7.6,2,4-6 hrs
STU2781,2.7,7.8,2,2-4 hrs
STU2782,2.1,7.4,0,4-6 hrs
STU2783,6.9,5.6,2,6+ hrs
STU2784,7.2,6.3,3,6+ hrs
STU2785,2.9,7.6,1,<2 hrs
STU2786,2.2,8.0,1,2-4 hrs
STU2787,1.0,8.7,0,<2 hrs
STU2788,2.7,8.0,1,4-6 hrs
STU2789,2.9,7.3,2,4-6 hrs
STU2790,1.0,8.7,1,<2 hrs
STU2791,1.0,7.8,1,2-4 hrs
STU2792,4.0,6.4,1,4-6 hrs
STU2793,1.0,8.0,0,2-4 hrs
STU2794,1.0,8.8,1,<2 hrs
STU2795,1.0,8.6,1,<2 hrs
STU2796,1.0,8.4,0,2-4 hrs
STU2797,2.4,8.3,1,<2 hrs
STU2798,1.5,8.5,1,<2 hrs
STU2799,1.0,8.3,2,<2 hrs
STU2800,1.3,7.6,0,2-4 hrs
STU2801,4.4,6.2,3,6+ hrs
STU2802,1.0,7.5,1,<2 hrs
STU2803,1.6,8.3,0,2-4 hrs
STU2804,4.2,6.3,1,2-4 hrs
STU2805,1.0,8.2,3,<2 hrs
STU2806,1.8,8.0,1,2-4 hrs
STU2807,3.3,8.1,1,4-6 hrs
STU2808,1.5,8.9,1,<2 hrs
STU2809,2.2,7.9,0,2-4 hrs
STU2810,3.8,8.0,3,4-6 hrs
STU2811,7.4,3.9,4,6+ hrs
STU2812,1.1,9.8,0,2-4 hrs
STU2813,1.9,8.5,0,<2 hrs
STU2814,1.6,8.3,0,<2 hrs
STU2815,1.2,7.8,1,<2 hrs
STU2816,6.3,5.5,4,6+ hrs
STU2817,3.6,7.6,1,4-6 hrs
STU2818,1.8,8.5,0,<2 hrs
STU2819,1.2,8.9,0,<2 hrs
STU2820,1.6,7.7,0,2-4 hrs
STU2821,3.6,6.5,1,4-6 hrs
STU2822,2.5,7.9,1,2-4 hrs
STU2823,2.0,8.5,0,2-4 hrs
STU2824,3.3,7.4,2,2-4 hrs
STU2825,1.0,9.5,0,<2 hrs
STU2826,2.0,8.0,1,2-4 hrs
STU2827,2.0,8.0,0,2-4 hrs
STU2828,2.8,8.1,2,<2 hrs
STU2829,4.2,7.8,1,6+ hrs
STU2830,1.0,7.6,0,<2 hrs
STU2831,1.0,7.7,0,<2 hrs
STU2832,1.0,8.3,0,<2 hrs
STU2833,1.6,10.0,1,2-4 hrs
STU2834,1.3,8.2,0,2-4 hrs
STU2835,1.0,8.4,3,2-4 hrs
STU2836,1.9,8.5,0,2-4 hrs
STU2837,1.6,8.9,0,2-4 hrs
STU2838,2.1,8.1,2,2-4 hrs
STU2839,3.2,8.2,1,2-4 hrs
STU2840,3.0,6.7,1,2-4 hrs
STU2841,3.2,6.9,1,2-4 hrs
STU2842,3.8,7.9,2,4-6 hrs
STU2843,1.2,8.4,0,<2 hrs
STU2844,1.0,7.6,1,<2 hrs
STU2845,3.0,6.6,1,4-6 hrs
STU2846,1.0,7.9,0,<2 hrs
STU2847,1.2,8.4,0,2-4 hrs
STU2848,2.1,8.3,0,2-4 hrs
STU2849,7.3,5.1,2,6+ hrs
STU2850,1.4,8.6,0,<2 hrs
STU2851,1.0,8.2,0,<2 hrs
STU2852,2.9,8.4,1,2-4 hrs
STU2853,1.2,10.0,1,2-4 hrs
STU2854,1.0,8.2,0,<2 hrs
STU2855,1.3,8.7,0,2-4 hrs
STU2856,3.7,7.4,1,2-4 hrs
STU2857,1.0,8.6,0,<2 hrs
STU2858,1.3,8.8,1,2-4 hrs
STU2859,1.0,8.8,1,<2 hrs
STU2860,1.0,8.2,2,<2 hrs
STU2861,1.0,9.4,0,<2 hrs
STU2862,1.0,8.6,0,<2 hrs
STU2863,1.4,8.0,1,<2 hrs
STU2864,1.0,10.0,1,<2 hrs
STU2865,1.1,8.4,0,2-4 hrs
STU2866,1.0,8.7,0,<2 hrs
STU2867,3.1,7.6,1,4-6 hrs
STU2868,1.4,8.2,1,<2 hrs
STU2869,3.1,7.8,1,2-4 hrs
STU2870,1.0,7.9,0,<2 hrs
STU2871,1.6,8.6,0,2-4 hrs
STU2872,1.8,6.9,0,<2 hrs
STU2873,2.0,7.1,1,<2 hrs
STU2874,1.3,9.6,1,<2 hrs
STU2875,4.9,5.7,2,4-6 hrs
STU2876,2.4,6.4,1,2-4 hrs
STU2877,1.4,7.4,0,4-6 hrs
STU2878,4.5,8.0,1,4-6 hrs
STU2879,1.0,7.2,0,<2 hrs
STU2880,2.3,7.2,0,2-4 hrs
STU2881,1.0,7.5,0,<2 hrs
STU2882,1.9,7.9,1,2-4 hrs
STU2883,2.2,7.6,0,2-4 hrs
STU2884,1.6,7.9,1,2-4 hrs
STU2885,1.0,9.8,0,<2 hrs
STU2886,6.3,5.0,3,6+ hrs
STU2887,1.2,8.3,0,2-4 hrs
STU2888,1.1,8.7,0,<2 hrs
STU2889,2.0,7.3,0,2-4 hrs
STU2890,3.3,7.7,1,4-6 hrs
STU2891,1.0,8.2,0,<2 hrs
STU2892,1.0,8.8,0,2-4 hrs
STU2893,1.0,8.4,0,<2 hrs
STU2894,4.3,5.4,2,4-6 hrs
STU2895,2.5,8.7,2,2-4 hrs
STU2896,1.0,9.9,1,<2 hrs
STU2897,3.1,7.3,1,4-6 hrs
STU2898,1.9,7.4,0,2-4 hrs
STU2899,3.1,8.5,2,4-6 hrs
STU2900,2.6,9.0,1,2-4 hrs
STU2901,1.0,8.4,0,<2 hrs
STU2902,1.0,8.3,0,<2 hrs
STU2903,1.0,8.4,1,<2 hrs
STU2904,1.0,7.3,0,<2 hrs
STU2905,1.0,8.3,0,<2 hrs
STU2906,6.7,6.9,2,6+ hrs
STU2907,2.4,7.7,1,2-4 hrs
STU2908,1.3,7.6,0,2-4 hrs
STU2909,4.9,6.9,1,4-6 hrs
STU2910,2.1,7.5,0,<2 hrs
STU2911,1.0,8.5,1,<2 hrs
STU2912,3.2,6.5,2,4-6 hrs
STU2913,1.0,7.8,1,<2 hrs
STU2914,3.0,8.0,2,4-6 hrs
STU2915,1.3,8.4,1,<2 hrs
STU2916,2.3,7.3,0,<2 hrs
STU2917,1.7,8.2,0,<2 hrs
STU2918,3.0,7.1,2,4-6 hrs
STU2919,4.7,6.1,2,6+ hrs
STU2920,2.5,8.6,1,2-4 hrs
STU2921,2.1,8.5,0,<2 hrs
STU2922,3.3,7.3,1,4-6 hrs
STU2923,1.0,8.6,0,<2 hrs
STU2924,1.0,8.5,0,<2 hrs
STU2925,2.3,8.2,2,2-4 hrs
STU2926,3.2,6.8,1,4-6 hrs
STU2927,1.0,9.1,1,2-4 hrs
STU2928,2.2,8.1,1,<2 hrs
STU2929,1.1,8.3,1,2-4 hrs
STU2930,3.5,6.9,2,4-6 hrs
STU2931,1.0,9.1,0,<2 hrs
STU2932,1.0,8.4,0,<2 hrs
STU2933,1.6,7.7,0,2-4 hrs
STU2934,4.9,6.3,1,4-6 hrs
STU2935,1.0,9.0,1,<2 hrs
STU2936,1.8,7.0,0,2-4 hrs
STU2937,1.0,8.3,0,<2 hrs
STU2938,1.6,8.9,1,2-4 hrs
STU2939,2.8,7.5,4,2-4 hrs
STU2940,1.0,8.7,0,<2 hrs
STU2941,4.0,7.8,1,4-6 hrs
STU2942,2.6,8.3,1,2-4 hrs
STU2943,1.0,8.2,1,<2 hrs
STU2944,2.3,7.8,0,2-4 hrs
STU2945,2.2,8.5,1,2-4 hrs
STU2946,1.0,9.2,1,<2 hrs
STU2947,1.8,8.0,2,2-4 hrs
STU2948,4.3,6.8,2,4-6 hrs
STU2949,1.0,8.7,1,<2 hrs
STU2950,1.5,9.2,0,<2 hrs
STU2951,1.3,9.1,0,<2 hrs
STU2952,1.7,8.6,0,4-6 hrs
STU2953,1.0,7.7,0,<2 hrs
STU2954,2.4,7.6,0,2-4 hrs
STU2955,1.5,8.1,1,<2 hrs
STU2956,4.6,7.7,1,6+ hrs
STU2957,1.0,8.3,0,2-4 hrs
STU2958,1.0,9.4,0,<2 hrs
STU2959,2.5,7.4,1,2-4 hrs
STU2960,2.4,7.5,0,2-4 hrs
STU2961,1.7,8.5,3,2-4 hrs
STU2962,3.8,8.2,4,4-6 hrs
STU2963,1.0,8.4,0,<2 hrs
STU2964,1.0,6.7,0,<2 hrs
STU2965,2.1,6.9,1,2-4 hrs
STU2966,1.4,8.5,0,2-4 hrs
STU2967,1.6,7.2,0,2-4 hrs
STU2968,1.0,7.9,2,<2 hrs
STU2969,1.0,8.5,1,<2 hrs
STU2970,3.9,5.3,1,6+ hrs
STU2971,2.6,7.4,3,<2 hrs
STU2972,1.3,7.5,0,2-4 hrs
STU2973,2.9,6.5,1,2-4 hrs
STU2974,4.5,6.2,1,4-6 hrs
STU2975,3.4,6.6,1,2-4 hrs
STU2976,1.0,8.8,0,<2 hrs
STU2977,1.0,9.3,2,<2 hrs
STU2978,4.5,6.5,1,6+ hrs
STU2979,3.9,6.6,2,4-6 hrs
STU2980,2.2,7.6,1,2-4 hrs
STU2981,3.9,6.3,1,6+ hrs
STU2982,1.0,7.6,0,<2 hrs
STU2983,1.0,7.3,0,<2 hrs
STU2984,2.7,6.7,1,2-4 hrs
STU2985,2.1,9.1,1,2-4 hrs
STU2986,1.0,8.0,2,<2 hrs
STU2987,2.4,5.7,0,4-6 hrs
STU2988,1.0,8.1,1,<2 hrs
STU2989,3.0,6.4,2,2-4 hrs
STU2990,2.6,7.7,3,2-4 hrs
STU2991,2.6,7.7,1,2-4 hrs
STU2992,1.0,8.5,0,<2 hrs
STU2993,3.7,7.1,1,4-6 hrs
STU2994,1.7,7.9,1,<2 hrs
STU2995,1.7,7.1,0,<2 hrs
STU2996,1.6,8.1,2,<2 hrs
STU2997,2.6,8.4,2,4-6 hrs
STU2998,1.6,9.5,1,<2 hrs
STU2999,1.4,8.1,2,<2 hrs
STU3000,3.3,7.3,1,4-6 hrs
STU3001,1.2,8.8,0,2-4 hrs
STU3002,4.5,7.8,3,4-6 hrs
STU3003,1.2,8.1,3,2-4 hrs
STU3004,1.4,8.8,0,<2 hrs
STU3005,1.0,7.9,1,<2 hrs
STU3006,1.0,8.7,1,2-4 hrs
STU3007,2.2,8.6,0,<2 hrs
STU3008,1.0,7.6,0,4-6 hrs
STU3009,1.0,8.1,1,<2 hrs
STU3010,2.7,8.3,2,2-4 hrs
STU3011,2.1,8.4,0,2-4 hrs
STU3012,1.0,9.2,0,<2 hrs
STU3013,1.2,9.0,0,<2 hrs
STU3014,1.0,8.3,0,<2 hrs
STU3015,6.0,7.5,2,6+ hrs
STU3016,2.4,7.9,0,2-4 hrs
STU3017,1.0,6.4,0,<2 hrs
STU3018,5.3,6.2,2,6+ hrs
STU3019,1.0,8.2,1,<2 hrs
STU3020,1.0,9.1,0,<2 hrs
STU3021,1.0,8.2,0,2-4 hrs
STU3022,3.4,8.1,1,2-4 hrs
STU3023,3.8,7.5,1,4-6 hrs
STU3024,1.0,7.8,2,<2 hrs
STU3025,1.5,8.2,0,2-4 hrs
STU3026,1.1,7.9,0,<2 hrs
STU3027,2.8,7.7,1,2-4 hrs
STU3028,1.0,8.0,0,<2 hrs
STU3029,1.0,8.6,0,<2 hrs
STU3030,1.0,8.3,1,2-4 hrs
STU3031,4.8,6.5,1,6+ hrs
STU3032,1.0,9.9,1,<2 hrs
STU3033,3.8,6.8,1,4-6 hrs
STU3034,1.4,6.9,1,2-4 hrs
STU3035,1.2,9.1,1,2-4 hrs
STU3036,2.5,8.5,1,2-4 hrs
STU3037,2.7,6.3,2,2-4 hrs
STU3038,1.7,7.7,0,<2 hrs
STU3039,3.4,7.6,1,4-6 hrs
STU3040,1.9,8.4,1,2-4 hrs
STU3041,1.0,8.5,0,<2 hrs
STU3042,1.0,8.5,1,<2 hrs
STU3043,3.2,6.7,2,6+ hrs
STU3044,2.3,6.2,1,2-4 hrs
STU3045,1.0,9.9,1,<2 hrs
STU3046,1.2,7.7,0,<2 hrs
STU3047,3.0,7.6,3,4-6 hrs
STU3048,1.0,8.4,0,2-4 hrs
STU3049,1.2,9.0,0,2-4 hrs
STU3050,4.2,7.0,1,2-4 hrs
STU3051,2.1,8.1,0,2-4 hrs
STU3052,2.3,6.0,0,2-4 hrs
STU3053,2.7,7.1,1,2-4 hrs
STU3054,1.2,8.9,0,<2 hrs
STU3055,1.5,8.7,0,<2 hrs
STU3056,1.0,7.8,1,<2 hrs
STU3057,1.4,7.2,1,<2 hrs
STU3058,2.9,7.6,1,2-4 hrs
STU3059,2.4,5.8,0,2-4 hrs
STU3060,6.1,5.1,2,6+ hrs
STU3061,1.5,9.5,0,2-4 hrs
STU3062,2.9,8.6,1,2-4 hrs
STU3063,1.0,8.8,0,<2 hrs
STU3064,1.6,8.4,1,<2 hrs
STU3065,5.8,4.7,3,6+ hrs
STU3066,4.7,6.1,1,6+ hrs
STU3067,1.4,8.1,0,<2 hrs
STU3068,1.1,7.9,0,<2 hrs
STU3069,1.0,8.3,1,<2 hrs
STU3070,5.6,7.1,2,6+ hrs
STU3071,1.0,8.1,0,2-4 hrs
STU3072,4.4,6.6,1,4-6 hrs
STU3073,2.5,8.3,2,2-4 hrs
STU3074,1.0,7.5,1,<2 hrs
STU3075,1.4,7.7,0,2-4 hrs
STU3076,2.6,7.2,1,4-6 hrs
STU3077,1.0,8.5,1,<2 hrs
STU3078,2.9,7.3,4,4-6 hrs
STU3079,2.8,7.4,1,2-4 hrs
STU3080,4.4,6.3,3,4-6 hrs
STU3081,2.3,7.1,0,2-4 hrs
STU3082,1.0,8.9,1,<2 hrs
STU3083,1.0,8.3,0,<2 hrs
STU3084,1.1,8.9,1,<2 hrs
STU3085,1.0,7.7,1,<2 hrs
STU3086,1.1,8.0,0,2-4 hrs
STU3087,7.5,5.1,3,6+ hrs
STU3088,3.8,7.0,1,4-6 hrs
STU3089,3.2,7.9,1,4-6 hrs
STU3090,1.6,7.9,0,<2 hrs
STU3091,3.0,8.0,2,4-6 hrs
STU3092,3.9,7.3,2,6+ hrs
STU3093,1.0,8.4,1,<2 hrs
STU3094,3.6,6.5,1,2-4 hrs
STU3095,2.2,8.4,1,2-4 hrs
STU3096,1.0,7.9,1,2-4 hrs
STU3097,2.9,7.5,2,2-4 hrs
STU3098,2.2,7.9,0,2-4 hrs
STU3099,1.0,8.4,0,2-4 hrs
STU3100,3.2,7.1,1,4-6 hrs
STU3101,1.0,7.9,0,<2 hrs
STU3102,1.6,7.1,0,<2 hrs
STU3103,4.2,7.9,1,4-6 hrs
STU3104,4.7,6.3,3,6+ hrs
STU3105,3.6,7.1,1,4-6 hrs
STU3106,1.3,8.3,0,2-4 hrs
STU3107,1.0,9.3,1,2-4 hrs
STU3108,2.0,9.4,1,<2 hrs
STU3109,1.7,8.3,0,<2 hrs
STU3110,1.0,8.4,0,<2 hrs
STU3111,5.6,5.4,2,6+ hrs
STU3112,1.1,7.4,0,2-4 hrs
STU3113,1.0,7.3,1,<2 hrs
STU3114,2.3,7.3,0,2-4 hrs
STU3115,1.8,6.6,1,<2 hrs
STU3116,4.5,7.5,1,4-6 hrs
STU3117,1.5,8.5,1,<2 hrs
STU3118,2.9,7.4,1,4-6 hrs
STU3119,1.5,9.0,1,<2 hrs
STU3120,2.1,7.2,0,2-4 hrs
STU3121,2.3,7.3,0,4-6 hrs
STU3122,1.1,7.1,0,<2 hrs
STU3123,1.9,8.6,2,4-6 hrs
STU3124,1.0,7.9,0,<2 hrs
STU3125,5.9,6.1,4,6+ hrs
STU3126,4.0,7.7,1,4-6 hrs
STU3127,1.0,9.5,1,2-4 hrs
STU3128,3.7,7.1,1,4-6 hrs
STU3129,2.8,7.9,2,4-6 hrs
STU3130,1.6,7.6,0,2-4 hrs
STU3131,2.5,8.9,1,2-4 hrs
STU3132,1.3,8.2,0,<2 hrs
STU3133,3.7,7.2,2,2-4 hrs
STU3134,1.4,8.0,0,<2 hrs
STU3135,3.0,8.3,2,4-6 hrs
STU3136,3.5,7.4,3,4-6 hrs
STU3137,1.0,9.0,0,<2 hrs
STU3138,3.4,7.5,2,6+ hrs
STU3139,2.1,7.8,0,<2 hrs
STU3140,9.2,5.1,4,6+ hrs
STU3141,1.8,8.3,0,2-4 hrs
STU3142,4.5,6.1,2,6+ hrs
STU3143,1.8,7.4,0,<2 hrs
STU3144,2.0,8.1,0,<2 hrs
STU3145,1.0,9.1,0,<2 hrs
STU3146,1.0,9.6,1,<2 hrs
STU3147,1.0,7.3,0,<2 hrs
STU3148,2.4,7.8,1,2-4 hrs
STU3149,3.1,7.8,2,2-4 hrs
STU3150,1.8,8.3,1,<2 hrs
STU3151,1.0,9.2,1,<2 hrs
STU3152,1.0,9.0,2,<2 hrs
STU3153,2.5,7.1,2,2-4 hrs
STU3154,2.3,7.1,0,2-4 hrs
STU3155,1.0,8.7,0,2-4 hrs
STU3156,1.5,8.9,0,<2 hrs
STU3157,3.0,7.6,1,4-6 hrs
STU3158,3.6,6.1,2,2-4 hrs
STU3159,2.1,7.2,0,2-4 hrs
STU3160,1.0,9.0,0,<2 hrs
STU3161,2.9,7.3,1,4-6 hrs
STU3162,3.7,7.2,1,2-4 hrs
STU3163,2.7,8.4,3,2-4 hrs
STU3164,1.1,7.6,0,2-4 hrs
STU3165,1.0,8.2,1,<2 hrs
STU3166,5.2,6.0,2,6+ hrs
STU3167,1.0,8.7,0,<2 hrs
STU3168,1.4,8.8,0,<2 hrs
STU3169,1.0,7.5,0,2-4 hrs
STU3170,1.6,8.2,0,2-4 hrs
STU3171,4.0,7.6,3,4-6 hrs
STU3172,1.7,6.9,2,2-4 hrs
STU3173,2.1,7.9,2,2-4 hrs
STU3174,5.0,5.6,2,6+ hrs
STU3175,1.5,7.8,1,2-4 hrs
STU3176,1.0,6.7,2,<2 hrs
STU3177,2.8,8.6,1,2-4 hrs
STU3178,1.6,8.0,0,<2 hrs
STU3179,1.5,7.7,0,2-4 hrs
STU3180,2.6,7.9,1,2-4 hrs
STU3181,1.0,7.8,0,<2 hrs
STU3182,2.1,7.2,0,2-4 hrs
STU3183,1.9,9.1,0,<2 hrs
STU3184,2.0,9.3,0,<2 hrs
STU3185,4.0,6.6,3,4-6 hrs
STU3186,2.0,8.7,0,2-4 hrs
STU3187,3.2,7.6,2,2-4 hrs
STU3188,2.1,7.0,0,2-4 hrs
STU3189,1.0,7.9,0,<2 hrs
STU3190,2.3,8.9,0,2-4 hrs
STU3191,1.0,7.5,0,<2 hrs
STU3192,3.3,8.9,1,4-6 hrs
STU3193,1.0,8.1,0,<2 hrs
STU3194,1.8,9.2,0,2-4 hrs
STU3195,1.9,7.8,0,<2 hrs
STU3196,1.0,9.1,1,<2 hrs
STU3197,2.1,8.9,0,<2 hrs
STU3198,2.3,8.8,1,2-4 hrs
STU3199,6.6,5.3,2,6+ hrs
STU3200,2.1,7.3,0,2-4 hrs
STU3201,6.4,5.7,3,6+ hrs
STU3202,1.0,7.6,0,<2 hrs
STU3203,2.1,8.1,0,2-4 hrs
STU3204,1.9,7.5,0,2-4 hrs
STU3205,2.0,8.8,1,2-4 hrs
STU3206,1.0,8.1,0,<2 hrs
STU3207,1.9,6.8,0,2-4 hrs
STU3208,1.0,9.5,0,2-4 hrs
STU3209,5.2,6.5,2,4-6 hrs
STU3210,3.1,7.5,2,2-4 hrs
STU3211,8.8,5.4,3,6+ hrs
STU3212,1.3,9.0,1,2-4 hrs
STU3213,3.6,6.7,2,4-6 hrs
STU3214,5.2,6.1,2,6+ hrs
STU3215,1.8,7.3,2,<2 hrs
STU3216,2.4,6.8,1,4-6 hrs
STU3217,1.0,8.9,1,2-4 hrs
STU3218,1.9,8.3,0,<2 hrs
STU3219,2.5,8.3,1,4-6 hrs
STU3220,1.0,9.4,1,<2 hrs
STU3221,1.0,9.0,1,<2 hrs
STU3222,1.0,9.1,1,2-4 hrs
STU3223,5.2,4.9,2,6+ hrs
STU3224,1.3,8.1,1,<2 hrs
STU3225,2.6,8.4,1,4-6 hrs
STU3226,1.4,7.5,0,<2 hrs
STU3227,5.7,6.2,4,6+ hrs
STU3228,2.2,8.3,0,2-4 hrs
STU3229,1.0,8.8,0,<2 hrs
STU3230,4.7,6.9,2,4-6 hrs
STU3231,1.7,8.6,0,<2 hrs
STU3232,1.0,8.6,0,<2 hrs
STU3233,2.2,6.9,2,<2 hrs
STU3234,3.0,7.9,1,2-4 hrs
STU3235,1.0,8.7,0,<2 hrs
STU3236,1.0,7.5,0,<2 hrs
STU3237,2.0,9.0,0,<2 hrs
STU3238,2.5,8.1,4,4-6 hrs
STU3239,3.8,6.1,1,4-6 hrs
STU3240,2.2,7.3,1,<2 hrs
STU3241,1.0,8.1,0,<2 hrs
STU3242,2.2,7.5,0,<2 hrs
STU3243,2.1,8.2,2,<2 hrs
STU3244,1.0,7.8,0,<2 hrs
STU3245,1.6,9.0,2,2-4 hrs
STU3246,3.9,7.8,1,4-6 hrs
STU3247,2.8,8.0,1,<2 hrs
STU3248,2.3,7.9,0,<2 hrs
STU3249,2.3,8.5,1,2-4 hrs
STU3250,2.3,7.7,0,4-6 hrs
STU3251,1.0,8.0,0,<2 hrs
STU3252,5.3,7.2,2,6+ hrs
STU3253,1.0,8.7,0,<2 hrs
STU3254,1.0,8.0,1,<2 hrs
STU3255,1.5,8.0,0,<2 hrs
STU3256,1.0,8.0,0,<2 hrs
STU3257,4.3,8.3,3,4-6 hrs
STU3258,2.9,7.6,1,2-4 hrs
STU3259,3.3,7.5,1,4-6 hrs
STU3260,2.9,8.1,1,2-4 hrs
STU3261,3.1,6.6,1,4-6 hrs
STU3262,1.9,8.8,1,2-4 hrs
STU3263,2.3,7.4,1,2-4 hrs
STU3264,1.4,9.6,0,2-4 hrs
STU3265,1.0,8.3,0,2-4 hrs
STU3266,1.3,9.1,0,<2 hrs
STU3267,3.5,5.5,1,4-6 hrs
STU3268,1.0,7.7,1,<2 hrs
STU3269,1.7,7.9,0,4-6 hrs
STU3270,2.2,6.5,2,2-4 hrs
STU3271,3.1,7.9,2,4-6 hrs
STU3272,1.8,8.3,0,2-4 hrs
STU3273,5.4,5.6,2,4-6 hrs
STU3274,1.1,8.4,1,2-4 hrs
STU3275,1.0,9.1,0,2-4 hrs
STU3276,1.0,7.0,0,<2 hrs
STU3277,4.6,5.8,1,4-6 hrs
STU3278,1.0,8.3,0,<2 hrs
STU3279,1.0,8.5,0,<2 hrs
STU3280,3.8,7.1,1,4-6 hrs
STU3281,2.1,8.6,0,2-4 hrs
STU3282,1.0,8.8,0,<2 hrs
STU3283,1.7,8.6,0,<2 hrs
STU3284,3.5,6.3,2,4-6 hrs
STU3285,1.7,8.3,1,2-4 hrs
STU3286,2.4,7.6,0,2-4 hrs
STU3287,1.0,9.5,1,<2 hrs
STU3288,1.4,8.4,0,4-6 hrs
STU3289,1.3,7.9,1,2-4 hrs
STU3290,3.5,7.8,1,2-4 hrs
STU3291,1.0,8.9,1,<2 hrs
STU3292,7.1,4.9,3,6+ hrs
STU3293,2.7,7.4,1,6+ hrs
STU3294,2.2,7.7,0,2-4 hrs
STU3295,2.8,8.5,1,2-4 hrs
STU3296,1.0,8.6,2,<2 hrs
STU3297,3.6,7.7,2,4-6 hrs
STU3298,1.0,8.2,0,<2 hrs
STU3299,7.6,5.4,4,6+ hrs
STU3300,1.0,9.4,0,2-4 hrs
STU3301,1.8,7.8,0,<2 hrs
STU3302,4.7,6.7,1,6+ hrs
STU3303,4.8,5.6,1,6+ hrs
STU3304,1.9,7.5,1,2-4 hrs
STU3305,1.1,8.2,0,<2 hrs
STU3306,2.6,7.0,1,2-4 hrs
STU3307,4.0,7.9,1,2-4 hrs
STU3308,3.3,6.8,1,2-4 hrs
STU3309,1.0,9.1,3,<2 hrs
STU3310,3.4,7.4,2,2-4 hrs
STU3311,4.2,6.9,1,4-6 hrs
STU3312,1.0,9.5,0,<2 hrs
STU3313,1.0,6.9,1,<2 hrs
STU3314,1.0,8.4,0,<2 hrs
STU3315,1.5,7.5,0,2-4 hrs
STU3316,2.6,6.3,2,4-6 hrs
STU3317,3.0,6.7,1,4-6 hrs
STU3318,1.2,8.4,1,<2 hrs
STU3319,2.5,7.2,2,2-4 hrs
STU3320,3.6,7.8,1,4-6 hrs
STU3321,7.7,5.0,3,6+ hrs
STU3322,1.8,7.9,0,2-4 hrs
STU3323,1.9,7.8,2,2-4 hrs
STU3324,2.9,7.5,1,2-4 hrs
STU3325,1.2,8.1,1,<2 hrs
STU3326,2.0,7.4,0,2-4 hrs
STU3327,1.0,9.2,0,<2 hrs
STU3328,1.1,8.0,2,<2 hrs
STU3329,1.1,8.2,0,2-4 hrs
STU3330,1.0,8.8,1,<2 hrs
STU3331,2.2,8.1,0,4-6 hrs
STU3332,1.0,7.9,3,<2 hrs
STU3333,2.6,8.2,2,4-6 hrs
STU3334,2.7,8.0,2,4-6 hrs
STU3335,7.3,5.5,2,6+ hrs
STU3336,1.5,7.9,2,<2 hrs
STU3337,1.0,8.2,1,2-4 hrs
STU3338,4.8,6.5,3,6+ hrs
STU3339,4.6,5.8,3,6+ hrs
STU3340,3.2,7.4,2,4-6 hrs
STU3341,2.2,8.5,0,2-4 hrs
STU3342,4.8,7.2,3,6+ hrs
STU3343,8.9,4.3,3,6+ hrs
STU3344,1.4,9.0,0,2-4 hrs
STU3345,1.6,9.5,0,2-4 hrs
STU3346,4.1,6.7,2,4-6 hrs
STU3347,3.2,7.9,1,2-4 hrs
STU3348,2.1,6.4,1,2-4 hrs
STU3349,3.6,6.3,2,4-6 hrs
STU3350,2.5,7.8,2,<2 hrs
STU3351,4.2,6.2,1,2-4 hrs
STU3352,1.0,9.9,0,<2 hrs
STU3353,4.5,7.2,2,6+ hrs
STU3354,1.0,9.2,0,<2 hrs
STU3355,3.0,7.5,2,<2 hrs
STU3356,3.0,6.8,2,6+ hrs
STU3357,4.5,6.4,1,6+ hrs
STU3358,1.1,8.6,0,2-4 hrs
STU3359,1.7,7.7,0,2-4 hrs
STU3360,1.0,9.0,0,<2 hrs
STU3361,2.0,8.5,0,2-4 hrs
STU3362,1.0,8.5,0,2-4 hrs
STU3363,2.0,6.7,2,2-4 hrs
STU3364,1.8,9.3,0,<2 hrs
STU3365,1.0,8.4,1,<2 hrs
STU3366,1.8,10.0,1,2-4 hrs
STU3367,2.0,8.5,1,2-4 hrs
STU3368,1.1,8.3,1,<2 hrs
STU3369,1.0,8.8,0,<2 hrs
STU3370,2.7,6.2,2,2-4 hrs
STU3371,1.8,8.8,0,<2 hrs
STU3372,3.0,9.3,1,4-6 hrs
STU3373,2.3,6.4,1,2-4 hrs
STU3374,1.6,8.0,0,<2 hrs
STU3375,1.4,8.2,0,2-4 hrs
STU3376,1.0,9.1,1,<2 hrs
STU3377,3.3,8.8,1,4-6 hrs
STU3378,1.2,8.7,0,<2 hrs
STU3379,1.0,10.0,0,2-4 hrs
STU3380,1.5,8.4,0,2-4 hrs
STU3381,4.2,7.2,2,6+ hrs
STU3382,1.0,8.7,0,<2 hrs
STU3383,1.4,9.2,1,<2 hrs
STU3384,1.0,8.2,1,<2 hrs
STU3385,5.5,6.8,2,6+ hrs
STU3386,1.1,7.6,0,2-4 hrs
STU3387,2.5,7.6,1,4-6 hrs
STU3388,1.7,7.7,0,<2 hrs
STU3389,1.0,8.6,0,<2 hrs
STU3390,1.8,7.9,2,2-4 hrs
STU3391,1.0,9.3,1,2-4 hrs
STU3392,2.3,7.2,1,4-6 hrs
STU3393,2.4,6.6,0,2-4 hrs
STU3394,3.3,6.4,2,<2 hrs
STU3395,4.2,7.6,1,6+ hrs
STU3396,1.0,7.8,0,<2 hrs
STU3397,1.2,8.7,0,<2 hrs
STU3398,1.0,8.3,2,<2 hrs
STU3399,3.6,7.8,1,4-6 hrs
STU3400,1.8,7.9,0,2-4 hrs
STU3401,1.7,10.0,0,2-4 hrs
STU3402,1.0,9.8,0,<2 hrs
STU3403,2.9,7.3,3,2-4 hrs
STU3404,2.7,7.3,1,4-6 hrs
STU3405,4.6,8.9,2,6+ hrs
STU3406,1.8,7.3,0,<2 hrs
STU3407,1.0,8.5,1,2-4 hrs
STU3408,2.4,7.8,0,2-4 hrs
STU3409,1.0,8.5,0,<2 hrs
STU3410,1.0,7.3,0,<2 hrs
STU3411,1.8,8.4,2,2-4 hrs
STU3412,1.0,7.8,1,<2 hrs
STU3413,3.0,8.5,1,4-6 hrs
STU3414,1.8,7.1,0,2-4 hrs
STU3415,1.2,8.4,1,2-4 hrs
STU3416,1.6,6.6,2,<2 hrs
STU3417,1.9,6.5,1,2-4 hrs
STU3418,4.5,6.2,1,4-6 hrs
STU3419,4.6,6.2,1,4-6 hrs
STU3420,1.0,9.5,0,<2 hrs
STU3421,1.6,8.2,0,<2 hrs
STU3422,2.3,8.8,0,2-4 hrs
STU3423,1.0,8.2,1,2-4 hrs
STU3424,2.4,8.2,1,<2 hrs
STU3425,1.3,7.8,1,<2 hrs
STU3426,1.0,7.9,0,<2 hrs
STU3427,7.3,4.1,2,6+ hrs
STU3428,6.6,5.9,3,6+ hrs
STU3429,1.6,8.4,1,<2 hrs
STU3430,3.4,7.8,1,2-4 hrs
STU3431,4.3,7.0,1,4-6 hrs
STU3432,2.4,9.2,1,2-4 hrs
STU3433,1.0,8.6,1,<2 hrs
STU3434,1.0,9.2,1,<2 hrs
STU3435,1.8,7.9,1,2-4 hrs
STU3436,1.1,7.8,2,<2 hrs
STU3437,4.4,7.3,1,4-6 hrs
STU3438,1.8,8.0,0,2-4 hrs
STU3439,2.7,8.2,3,2-4 hrs
STU3440,1.9,8.3,0,<2 hrs
STU3441,2.5,7.2,2,4-6 hrs
STU3442,2.4,8.6,2,<2 hrs
STU3443,1.0,7.9,0,2-4 hrs
STU3444,2.5,8.2,1,<2 hrs
STU3445,1.4,9.2,1,2-4 hrs
STU3446,4.2,6.6,1,4-6 hrs
STU3447,1.2,9.2,1,<2 hrs
STU3448,2.6,8.0,1,2-4 hrs
STU3449,4.7,7.2,1,6+ hrs
STU3450,4.0,6.4,1,4-6 hrs
STU3451,1.0,8.7,0,<2 hrs
STU3452,3.3,6.4,1,2-4 hrs
STU3453,1.0,9.7,0,<2 hrs
STU3454,3.5,5.8,1,4-6 hrs
STU3455,9.0,4.3,4,6+ hrs
STU3456,3.0,6.8,1,2-4 hrs
STU3457,4.8,7.1,1,6+ hrs
STU3458,1.0,9.8,0,<2 hrs
STU3459,1.4,8.8,0,<2 hrs
STU3460,1.0,10.0,0,<2 hrs
STU3461,2.9,6.6,2,2-4 hrs
STU3462,2.1,7.0,0,2-4 hrs
STU3463,1.0,7.9,1,<2 hrs
STU3464,1.0,8.6,1,2-4 hrs
STU3465,3.5,6.5,1,4-6 hrs
STU3466,2.6,7.2,1,2-4 hrs
STU3467,2.9,8.0,1,<2 hrs
STU3468,2.1,7.1,0,4-6 hrs
STU3469,1.3,7.6,2,<2 hrs
STU3470,1.0,8.2,0,2-4 hrs
STU3471,2.9,7.3,2,4-6 hrs
STU3472,2.9,8.3,4,2-4 hrs
STU3473,1.0,7.9,0,<2 hrs
STU3474,2.3,7.3,1,2-4 hrs
STU3475,3.6,7.6,1,4-6 hrs
STU3476,3.5,7.8,1,4-6 hrs
STU3477,1.1,9.5,0,<2 hrs
STU3478,1.9,8.4,0,4-6 hrs
STU3479,2.8,7.7,1,2-4 hrs
STU3480,6.2,6.3,2,6+ hrs
STU3481,1.0,8.3,1,<2 hrs
STU3482,4.8,6.4,1,4-6 hrs
STU3483,1.0,7.3,0,<2 hrs
STU3484,1.4,8.9,0,<2 hrs
STU3485,4.6,6.8,2,4-6 hrs
STU3486,3.4,7.8,1,4-6 hrs
STU3487,1.0,6.5,0,<2 hrs
STU3488,2.1,7.9,1,4-6 hrs
STU3489,3.3,6.8,1,2-4 hrs
STU3490,1.4,9.4,1,2-4 hrs
STU3491,1.0,8.9,0,<2 hrs
STU3492,1.8,8.3,0,2-4 hrs
STU3493,7.9,4.7,4,6+ hrs
STU3494,1.0,8.8,1,<2 hrs
STU3495,3.6,6.6,1,4-6 hrs
STU3496,2.0,7.9,0,2-4 hrs
STU3497,1.0,8.1,3,<2 hrs
STU3498,1.0,10.0,2,<2 hrs
STU3499,5.5,7.3,6,6+ hrs
STU3500,2.2,8.6,1,2-4 hrs
STU3501,1.3,7.3,1,<2 hrs
STU3502,1.6,8.8,1,2-4 hrs
STU3503,2.6,7.8,3,4-6 hrs
STU3504,2.8,8.5,1,<2 hrs
STU3505,1.0,8.7,0,<2 hrs
STU3506,1.8,8.1,0,2-4 hrs
STU3507,1.6,8.4,1,2-4 hrs
STU3508,2.3,6.6,0,2-4 hrs
STU3509,2.1,7.4,0,<2 hrs
STU3510,4.1,7.2,1,4-6 hrs
STU3511,8.6,5.5,4,6+ hrs
STU3512,1.0,8.1,0,<2 hrs
STU3513,1.0,8.5,1,<2 hrs
STU3514,1.0,7.4,1,2-4 hrs
STU3515,1.0,9.5,1,<2 hrs
STU3516,1.0,9.3,1,<2 hrs
STU3517,1.0,9.0,0,<2 hrs
STU3518,3.5,7.5,1,4-6 hrs
STU3519,1.5,9.3,0,2-4 hrs
STU3520,1.0,7.9,1,<2 hrs
STU3521,1.0,7.9,1,2-4 hrs
STU3522,1.5,9.0,0,2-4 hrs
STU3523,1.0,9.2,0,2-4 hrs
STU3524,3.6,6.4,2,4-6 hrs
STU3525,3.3,7.0,1,4-6 hrs
STU3526,2.0,9.2,1,2-4 hrs
STU3527,5.0,6.8,2,6+ hrs
STU3528,1.3,8.9,0,<2 hrs
STU3529,1.0,7.7,1,2-4 hrs
STU3530,1.1,8.9,1,2-4 hrs
STU3531,1.0,7.5,0,<2 hrs
STU3532,3.4,5.9,2,2-4 hrs
STU3533,1.0,9.0,0,<2 hrs
STU3534,1.0,9.5,0,<2 hrs
STU3535,2.0,7.8,1,2-4 hrs
STU3536,1.2,8.0,1,<2 hrs
STU3537,2.7,8.8,1,2-4 hrs
STU3538,3.0,7.4,1,<2 hrs
STU3539,1.0,8.5,2,<2 hrs
STU3540,2.7,8.8,1,2-4 hrs
STU3541,2.8,7.4,1,2-4 hrs
STU3542,3.4,6.8,2,2-4 hrs
STU3543,1.0,9.1,1,2-4 hrs
STU3544,1.6,7.7,1,2-4 hrs
STU3545,3.5,7.1,1,2-4 hrs
STU3546,3.3,6.4,2,<2 hrs
STU3547,3.1,7.6,1,2-4 hrs
STU3548,1.2,8.4,1,2-4 hrs
STU3549,3.4,8.0,1,6+ hrs
STU3550,3.7,7.8,2,2-4 hrs
STU3551,1.7,8.5,0,<2 hrs
STU3552,1.8,8.4,0,2-4 hrs
STU3553,4.1,6.9,1,6+ hrs
STU3554,1.4,8.7,0,<2 hrs
STU3555,1.5,7.5,1,<2 hrs
STU3556,1.0,6.9,0,<2 hrs
STU3557,1.5,9.1,1,2-4 hrs
STU3558,1.0,9.0,1,<2 hrs
STU3559,3.4,7.2,1,2-4 hrs
STU3560,2.3,8.6,1,2-4 hrs
STU3561,1.0,8.0,0,<2 hrs
STU3562,4.4,6.3,2,4-6 hrs
STU3563,1.1,7.9,2,<2 hrs
STU3564,1.1,8.8,1,<2 hrs
STU3565,2.4,6.7,1,2-4 hrs
STU3566,1.0,8.0,0,<2 hrs
STU3567,2.0,8.2,3,<2 hrs
STU3568,1.0,7.7,0,<2 hrs
STU3569,3.1,7.0,1,4-6 hrs
STU3570,2.1,6.4,0,<2 hrs
STU3571,1.5,8.7,0,<2 hrs
STU3572,1.0,8.0,0,<2 hrs
STU3573,4.3,6.1,1,4-6 hrs
STU3574,1.1,7.5,1,<2 hrs
STU3575,1.4,8.0,0,<2 hrs
STU3576,2.6,6.6,1,2-4 hrs
STU3577,1.0,9.9,2,<2 hrs
STU3578,1.1,6.8,0,<2 hrs
STU3579,2.4,7.5,0,2-4 hrs
STU3580,1.0,8.6,1,2-4 hrs
STU3581,1.4,7.8,1,2-4 hrs
STU3582,3.3,7.5,1,4-6 hrs
STU3583,1.0,7.9,0,<2 hrs
STU3584,4.2,8.0,2,4-6 hrs
STU3585,8.7,3.9,3,6+ hrs
STU3586,3.4,5.7,1,2-4 hrs
STU3587,4.3,5.9,1,6+ hrs
STU3588,3.6,7.5,2,4-6 hrs
STU3589,1.8,8.0,0,4-6 hrs
STU3590,4.3,7.4,1,4-6 hrs
STU3591,4.2,7.3,1,4-6 hrs
STU3592,4.4,6.4,1,4-6 hrs
STU3593,1.9,7.7,0,<2 hrs
STU3594,3.2,7.1,3,4-6 hrs
STU3595,1.3,9.7,2,2-4 hrs
STU3596,4.3,7.3,1,4-6 hrs
STU3597,1.8,9.4,1,2-4 hrs
STU3598,1.0,9.1,0,<2 hrs
STU3599,4.9,6.5,1,6+ hrs
STU3600,1.0,7.8,0,<2 hrs
STU3601,2.4,7.9,0,2-4 hrs
STU3602,4.0,7.0,2,6+ hrs
STU3603,2.9,7.5,2,2-4 hrs
STU3604,1.9,7.9,0,<2 hrs
STU3605,1.2,7.0,1,2-4 hrs
STU3606,1.0,9.4,1,<2 hrs
STU3607,1.4,8.3,2,4-6 hrs
STU3608,1.0,7.5,0,<2 hrs
STU3609,2.5,8.1,2,2-4 hrs
STU3610,2.6,7.1,2,2-4 hrs
STU3611,3.4,7.7,1,2-4 hrs
STU3612,1.0,9.1,2,<2 hrs
STU3613,3.6,7.9,1,4-6 hrs
STU3614,1.0,8.4,1,<2 hrs
STU3615,1.0,8.2,0,<2 hrs
STU3616,1.0,8.1,2,<2 hrs
STU3617,1.0,8.0,0,2-4 hrs
STU3618,1.0,8.5,1,<2 hrs
STU3619,1.0,8.4,0,<2 hrs
STU3620,1.8,7.5,2,2-4 hrs
STU3621,4.9,5.7,1,4-6 hrs
STU3622,2.1,7.9,0,2-4 hrs
STU3623,1.4,8.0,1,<2 hrs
STU3624,2.2,7.1,1,2-4 hrs
STU3625,4.0,7.6,2,4-6 hrs
STU3626,1.0,9.7,0,2-4 hrs
STU3627,4.4,7.5,2,6+ hrs
STU3628,2.2,7.4,0,2-4 hrs
STU3629,4.0,7.0,1,4-6 hrs
STU3630,2.6,8.8,2,2-4 hrs
STU3631,5.1,5.6,3,4-6 hrs
STU3632,5.8,6.6,2,6+ hrs
STU3633,1.0,7.5,0,<2 hrs
STU3634,2.3,9.0,1,2-4 hrs
STU3635,4.8,6.3,1,4-6 hrs
STU3636,2.0,9.6,0,2-4 hrs
STU3637,1.0,9.7,1,<2 hrs
STU3638,1.9,8.0,0,2-4 hrs
STU3639,1.2,7.9,1,2-4 hrs
STU3640,6.2,6.0,2,6+ hrs
STU3641,1.2,8.3,1,2-4 hrs
STU3642,1.0,8.2,0,<2 hrs
STU3643,2.2,6.7,1,2-4 hrs
STU3644,6.0,5.6,2,6+ hrs
STU3645,1.5,7.5,0,<2 hrs
STU3646,1.7,8.5,0,<2 hrs
STU3647,1.1,9.1,0,<2 hrs
STU3648,1.0,9.0,0,<2 hrs
STU3649,1.0,8.7,0,2-4 hrs
STU3650,1.0,7.9,0,2-4 hrs
STU3651,1.0,8.6,0,<2 hrs
STU3652,1.9,8.6,0,<2 hrs
STU3653,2.3,7.4,0,2-4 hrs
STU3654,3.4,7.4,1,4-6 hrs
STU3655,4.7,6.5,2,4-6 hrs
STU3656,3.3,8.5,2,4-6 hrs
STU3657,1.7,8.7,0,2-4 hrs
STU3658,1.0,8.9,1,<2 hrs
STU3659,3.1,6.2,1,2-4 hrs
STU3660,1.0,8.6,1,<2 hrs
STU3661,1.3,8.2,0,2-4 hrs
STU3662,1.0,8.4,0,<2 hrs
STU3663,1.4,7.2,3,<2 hrs
STU3664,1.5,7.5,1,2-4 hrs
STU3665,6.0,6.0,2,6+ hrs
STU3666,1.0,9.3,1,<2 hrs
STU3667,3.6,6.8,1,2-4 hrs
STU3668,1.6,7.9,0,<2 hrs
STU3669,1.0,9.7,0,<2 hrs
STU3670,1.0,8.3,0,<2 hrs
STU3671,2.8,7.5,1,<2 hrs
STU3672,1.8,8.0,0,<2 hrs
STU3673,1.0,7.6,0,2-4 hrs
STU3674,1.0,8.9,0,<2 hrs
STU3675,1.1,8.0,2,<2 hrs
STU3676,2.6,7.7,1,2-4 hrs
STU3677,1.0,8.8,0,<2 hrs
STU3678,2.1,9.3,2,2-4 hrs
STU3679,1.0,7.6,0,<2 hrs
STU3680,1.1,9.1,1,<2 hrs
STU3681,6.1,6.6,4,6+ hrs
STU3682,1.8,7.7,0,<2 hrs
STU3683,5.5,6.7,3,6+ hrs
STU3684,2.6,8.9,2,4-6 hrs
STU3685,1.3,7.8,1,<2 hrs
STU3686,3.3,7.5,2,4-6 hrs
STU3687,1.0,8.8,0,<2 hrs
STU3688,1.2,8.8,1,<2 hrs
STU3689,2.3,8.4,0,<2 hrs
STU3690,2.3,8.0,0,2-4 hrs
STU3691,1.6,8.6,0,4-6 hrs
STU3692,2.3,7.2,0,2-4 hrs
STU3693,1.0,8.6,1,2-4 hrs
STU3694,4.1,6.6,1,4-6 hrs
STU3695,3.4,6.4,1,4-6 hrs
STU3696,1.0,8.1,2,<2 hrs
STU3697,1.0,8.7,2,<2 hrs
STU3698,2.8,7.9,1,4-6 hrs
STU3699,1.7,7.3,0,2-4 hrs
STU3700,1.1,7.8,0,2-4 hrs
STU3701,1.0,9.0,1,2-4 hrs
STU3702,1.3,8.7,0,<2 hrs
STU3703,1.0,9.1,0,<2 hrs
STU3704,2.6,8.7,2,2-4 hrs
STU3705,1.2,8.8,0,<2 hrs
STU3706,1.7,7.9,1,2-4 hrs
STU3707,1.5,8.3,0,2-4 hrs
STU3708,2.2,9.1,1,4-6 hrs
STU3709,3.3,9.3,1,4-6 hrs
STU3710,4.2,7.2,3,4-6 hrs
STU3711,1.0,8.9,0,2-4 hrs
STU3712,1.1,9.0,1,2-4 hrs
STU3713,2.3,7.9,0,<2 hrs
STU3714,3.1,8.3,2,6+ hrs
STU3715,1.0,9.2,0,2-4 hrs
STU3716,6.0,6.2,2,6+ hrs
STU3717,2.1,7.7,1,2-4 hrs
STU3718,3.0,6.4,2,4-6 hrs
STU3719,2.5,8.3,1,2-4 hrs
STU3720,2.7,7.8,3,2-4 hrs
STU3721,3.4,6.8,1,4-6 hrs
STU3722,1.3,7.6,0,<2 hrs
STU3723,3.4,7.8,1,4-6 hrs
STU3724,1.0,7.4,0,<2 hrs
STU3725,5.4,6.5,2,6+ hrs
STU3726,1.2,9.0,0,2-4 hrs
STU3727,1.0,8.9,0,<2 hrs
STU3728,3.4,7.0,1,4-6 hrs
STU3729,2.9,6.7,1,2-4 hrs
STU3730,1.3,8.8,0,<2 hrs
STU3731,1.0,9.3,0,<2 hrs
STU3732,1.1,8.0,1,<2 hrs
STU3733,1.2,8.8,1,<2 hrs
STU3734,1.0,9.6,1,<2 hrs
STU3735,2.1,8.2,1,2-4 hrs
STU3736,2.5,7.5,2,4-6 hrs
STU3737,1.3,9.1,0,<2 hrs
STU3738,1.0,8.0,0,<2 hrs
STU3739,6.1,5.0,4,6+ hrs
STU3740,1.0,9.1,1,2-4 hrs
STU3741,2.0,7.7,0,4-6 hrs
STU3742,1.0,8.3,1,2-4 hrs
STU3743,1.2,8.0,0,<2 hrs
STU3744,2.9,7.2,2,2-4 hrs
STU3745,4.7,7.6,4,6+ hrs
STU3746,1.6,9.4,0,<2 hrs
STU3747,1.1,9.7,0,<2 hrs
STU3748,1.0,9.3,1,<2 hrs
STU3749,2.1,8.3,0,4-6 hrs
STU3750,2.1,6.9,0,2-4 hrs
STU3751,3.8,7.0,1,4-6 hrs
STU3752,1.0,10.0,0,2-4 hrs
STU3753,3.2,7.1,1,4-6 hrs
STU3754,1.5,9.3,0,<2 hrs
STU3755,1.0,8.5,2,<2 hrs
STU3756,3.1,5.6,1,4-6 hrs
STU3757,3.9,7.5,4,4-6 hrs
STU3758,1.0,9.4,1,<2 hrs
STU3759,4.9,6.5,1,6+ hrs
STU3760,4.5,7.6,1,6+ hrs
STU3761,1.0,7.3,1,<2 hrs
STU3762,1.8,7.1,0,<2 hrs
STU3763,1.0,8.6,1,<2 hrs
STU3764,2.3,8.2,0,2-4 hrs
STU3765,1.0,9.4,0,<2 hrs
STU3766,1.0,8.9,0,<2 hrs
STU3767,1.0,7.7,0,<2 hrs
STU3768,1.0,8.6,0,<2 hrs
STU3769,1.0,8.9,2,<2 hrs
STU3770,1.0,7.2,0,<2 hrs
STU3771,5.9,6.0,2,6+ hrs
STU3772,5.0,6.3,2,6+ hrs
STU3773,4.2,6.4,1,4-6 hrs
STU3774,2.5,8.1,1,<2 hrs
STU3775,1.0,7.7,0,<2 hrs
STU3776,2.2,8.2,0,2-4 hrs
STU3777,3.1,7.8,1,2-4 hrs
STU3778,1.3,9.1,4,<2 hrs
STU3779,1.8,7.3,1,2-4 hrs
STU3780,1.0,7.4,2,<2 hrs
STU3781,1.0,8.7,0,<2 hrs
STU3782,1.1,8.2,0,2-4 hrs
STU3783,4.8,8.6,1,6+ hrs
STU3784,1.0,8.8,2,<2 hrs
STU3785,1.2,8.4,0,2-4 hrs
STU3786,1.0,8.4,0,<2 hrs
STU3787,1.0,7.6,2,<2 hrs
STU3788,1.1,8.8,1,<2 hrs
STU3789,1.2,8.3,0,2-4 hrs
STU3790,5.4,6.2,3,6+ hrs
STU3791,1.9,8.1,0,<2 hrs
STU3792,4.6,6.9,1,4-6 hrs
STU3793,3.9,5.8,1,6+ hrs
STU3794,1.4,8.9,0,2-4 hrs
STU3795,3.5,6.7,3,4-6 hrs
STU3796,1.2,8.3,1,<2 hrs
STU3797,1.1,9.4,0,2-4 hrs
STU3798,2.0,9.2,0,4-6 hrs
STU3799,1.0,7.3,0,<2 hrs
STU3800,1.0,8.5,2,<2 hrs
STU3801,1.7,8.3,1,2-4 hrs
STU3802,1.3,7.3,1,<2 hrs
STU3803,1.8,8.7,1,2-4 hrs
STU3804,1.0,8.6,0,<2 hrs
STU3805,5.6,6.3,2,6+ hrs
STU3806,4.0,6.4,1,4-6 hrs
STU3807,6.6,6.0,2,6+ hrs
STU3808,1.8,8.7,0,<2 hrs
STU3809,1.0,8.6,1,2-4 hrs
STU3810,1.0,8.1,1,<2 hrs
STU3811,1.0,8.2,1,<2 hrs
STU3812,3.9,7.2,1,4-6 hrs
STU3813,1.0,8.5,1,2-4 hrs
STU3814,1.3,9.0,0,<2 hrs
STU3815,2.8,7.3,2,2-4 hrs
STU3816,1.6,7.3,3,<2 hrs
STU3817,1.0,8.8,3,<2 hrs
STU3818,1.0,8.2,0,<2 hrs
STU3819,3.4,7.8,2,4-6 hrs
STU3820,3.3,7.4,1,4-6 hrs
STU3821,1.0,9.0,0,<2 hrs
STU3822,4.7,5.9,1,6+ hrs
STU3823,2.0,8.1,0,2-4 hrs
STU3824,2.5,7.3,3,2-4 hrs
STU3825,1.4,7.4,2,<2 hrs
STU3826,1.9,7.4,0,2-4 hrs
STU3827,1.2,8.0,0,<2 hrs
STU3828,1.6,9.1,1,<2 hrs
STU3829,1.8,7.7,1,4-6 hrs
STU3830,2.5,6.9,1,4-6 hrs
STU3831,2.3,7.9,0,2-4 hrs
STU3832,1.2,8.4,0,<2 hrs
STU3833,1.0,8.2,1,<2 hrs
STU3834,4.9,6.4,1,6+ hrs
STU3835,5.0,7.2,2,4-6 hrs
STU3836,1.0,9.0,2,<2 hrs
STU3837,3.4,7.7,2,4-6 hrs
STU3838,2.0,7.2,0,<2 hrs
STU3839,1.4,10.0,0,4-6 hrs
STU3840,1.0,9.2,0,<2 hrs
STU3841,1.8,8.5,0,<2 hrs
STU3842,1.4,7.5,2,2-4 hrs
STU3843,4.5,7.4,1,6+ hrs
STU3844,1.7,7.8,2,2-4 hrs
STU3845,3.7,7.0,1,4-6 hrs
STU3846,1.4,7.1,2,2-4 hrs
STU3847,3.7,6.3,1,2-4 hrs
STU3848,2.2,8.2,0,2-4 hrs
STU3849,1.0,9.2,1,2-4 hrs
STU3850,3.1,7.9,2,4-6 hrs
STU3851,1.4,8.8,1,<2 hrs
STU3852,1.7,8.1,0,2-4 hrs
STU3853,6.2,5.6,2,6+ hrs
STU3854,3.2,7.6,1,4-6 hrs
STU3855,3.4,7.9,2,2-4 hrs
STU3856,3.9,7.1,2,4-6 hrs
STU3857,5.7,7.0,2,6+ hrs
STU3858,1.0,8.3,1,<2 hrs
STU3859,2.1,7.3,1,2-4 hrs
STU3860,1.0,8.5,1,<2 hrs
STU3861,1.0,8.6,1,<2 hrs
STU3862,7.4,5.2,3,6+ hrs
STU3863,3.9,7.9,1,2-4 hrs
STU3864,2.5,8.3,1,4-6 hrs
STU3865,1.2,7.4,0,<2 hrs
STU3866,1.1,9.5,0,2-4 hrs
STU3867,1.2,6.5,2,2-4 hrs
STU3868,2.6,9.2,1,2-4 hrs
STU3869,3.9,6.8,2,4-6 hrs
STU3870,3.3,7.2,2,4-6 hrs
STU3871,1.2,8.4,1,2-4 hrs
STU3872,5.4,6.6,2,6+ hrs
STU3873,4.0,7.0,1,6+ hrs
STU3874,2.5,7.7,2,2-4 hrs
STU3875,2.9,8.5,1,2-4 hrs
STU3876,1.0,8.9,0,<2 hrs
STU3877,3.0,6.8,1,2-4 hrs
STU3878,2.9,8.1,1,4-6 hrs
STU3879,2.8,8.0,1,2-4 hrs
STU3880,1.0,8.1,0,<2 hrs
STU3881,1.0,9.1,0,2-4 hrs
STU3882,2.8,7.5,3,2-4 hrs
STU3883,1.0,8.3,0,<2 hrs
STU3884,1.0,8.3,0,<2 hrs
STU3885,1.0,6.8,0,<2 hrs
STU3886,4.8,6.2,1,6+ hrs
STU3887,3.0,8.0,1,4-6 hrs
STU3888,1.0,8.5,0,<2 hrs
STU3889,1.0,7.6,0,<2 hrs
STU3890,2.2,8.6,0,4-6 hrs
STU3891,1.6,8.0,0,<2 hrs
STU3892,3.6,6.3,1,2-4 hrs
STU3893,1.0,10.0,0,<2 hrs
STU3894,1.9,7.3,1,2-4 hrs
STU3895,3.2,8.0,1,2-4 hrs
STU3896,2.5,7.2,1,4-6 hrs
STU3897,3.3,7.4,1,2-4 hrs
STU3898,2.8,7.0,2,2-4 hrs
STU3899,1.0,7.6,0,<2 hrs
STU3900,7.0,5.9,3,6+ hrs
STU3901,3.1,7.7,3,4-6 hrs
STU3902,1.0,9.3,0,<2 hrs
STU3903,2.8,7.6,3,2-4 hrs
STU3904,2.2,9.5,0,<2 hrs
STU3905,2.4,8.0,0,2-4 hrs
STU3906,4.0,7.4,2,4-6 hrs
STU3907,1.0,7.5,0,<2 hrs
STU3908,3.1,7.0,2,4-6 hrs
STU3909,4.8,7.0,3,4-6 hrs
STU3910,3.4,7.2,2,2-4 hrs
STU3911,1.2,8.5,0,2-4 hrs
STU3912,1.2,7.8,0,<2 hrs
STU3913,1.0,8.6,0,<2 hrs
STU3914,2.7,7.7,2,2-4 hrs
STU3915,1.2,7.6,0,2-4 hrs
STU3916,3.8,7.5,1,4-6 hrs
STU3917,1.0,7.3,0,<2 hrs
STU3918,4.7,6.8,1,4-6 hrs
STU3919,8.7,5.9,3,6+ hrs
STU3920,1.1,8.9,0,2-4 hrs
STU3921,2.0,8.5,0,2-4 hrs
STU3922,1.1,7.8,1,2-4 hrs
STU3923,2.5,9.0,1,2-4 hrs
STU3924,1.2,9.4,1,2-4 hrs
STU3925,1.0,7.9,0,<2 hrs
STU3926,1.0,8.2,0,2-4 hrs
STU3927,1.6,9.1,0,2-4 hrs
STU3928,5.3,7.6,2,6+ hrs
STU3929,1.5,7.4,0,<2 hrs
STU3930,6.7,4.9,2,6+ hrs
STU3931,2.7,7.5,1,<2 hrs
STU3932,1.0,7.0,0,<2 hrs
STU3933,2.7,7.7,2,4-6 hrs
STU3934,1.0,9.3,1,<2 hrs
STU3935,1.1,7.4,0,2-4 hrs
STU3936,1.0,8.6,2,2-4 hrs
STU3937,2.7,7.2,1,2-4 hrs
STU3938,1.0,9.6,0,2-4 hrs
STU3939,1.5,7.9,1,2-4 hrs
STU3940,3.0,8.6,2,<2 hrs
STU3941,2.1,7.5,0,2-4 hrs
STU3942,1.3,8.9,1,<2 hrs
STU3943,5.0,6.7,2,6+ hrs
STU3944,2.0,7.9,0,2-4 hrs
STU3945,1.0,7.9,1,<2 hrs
STU3946,1.9,8.3,1,2-4 hrs
STU3947,2.3,7.5,0,2-4 hrs
STU3948,3.6,6.7,2,6+ hrs
STU3949,1.6,9.2,0,<2 hrs
STU3950,1.0,8.9,1,<2 hrs
STU3951,3.6,7.7,1,4-6 hrs
STU3952,2.7,7.4,2,4-6 hrs
STU3953,1.7,8.0,0,<2 hrs
STU3954,1.9,7.9,0,2-4 hrs
STU3955,1.0,8.7,0,2-4 hrs
STU3956,1.4,8.7,1,<2 hrs
STU3957,2.4,7.8,1,2-4 hrs
STU3958,3.3,6.8,2,4-6 hrs
STU3959,2.4,8.3,0,2-4 hrs
STU3960,1.0,8.5,1,2-4 hrs
STU3961,1.7,7.1,0,2-4 hrs
STU3962,5.0,5.0,5,4-6 hrs
STU3963,1.0,8.7,0,<2 hrs
STU3964,1.0,7.9,0,2-4 hrs
STU3965,1.0,8.8,0,<2 hrs
STU3966,1.1,7.9,0,2-4 hrs
STU3967,2.7,7.7,1,4-6 hrs
STU3968,1.1,8.2,0,2-4 hrs
STU3969,1.8,9.3,0,2-4 hrs
STU3970,3.4,8.0,2,4-6 hrs
STU3971,3.5,8.2,2,2-4 hrs
STU3972,1.9,8.1,0,2-4 hrs
STU3973,2.3,8.4,0,2-4 hrs
STU3974,2.8,7.7,1,2-4 hrs
STU3975,1.0,9.5,0,<2 hrs
STU3976,1.0,8.4,1,2-4 hrs
STU3977,1.5,7.3,1,<2 hrs
STU3978,4.0,5.6,1,4-6 hrs
STU3979,1.0,9.7,0,<2 hrs
STU3980,1.0,8.8,1,<2 hrs
STU3981,1.0,8.9,2,<2 hrs
STU3982,5.5,7.3,2,6+ hrs
STU3983,4.5,5.6,2,4-6 hrs
STU3984,1.0,8.2,0,<2 hrs
STU3985,2.4,7.6,1,2-4 hrs
STU3986,1.1,9.0,0,<2 hrs
STU3987,2.1,7.5,1,2-4 hrs
STU3988,2.7,6.8,2,4-6 hrs
STU3989,3.1,6.6,1,2-4 hrs
STU3990,2.6,8.5,1,4-6 hrs
STU3991,1.7,7.6,1,2-4 hrs
STU3992,1.5,7.9,0,2-4 hrs
STU3993,2.3,8.3,2,4-6 hrs
STU3994,1.0,8.0,0,<2 hrs
STU3995,1.0,7.3,2,<2 hrs
STU3996,1.6,7.1,1,<2 hrs
STU3997,1.0,8.5,0,2-4 hrs
STU3998,1.8,8.4,0,2-4 hrs
STU3999,2.3,7.7,0,2-4 hrs
STU4000,1.0,8.8,1,<2 hrs
STU4001,2.6,6.6,2,4-6 hrs
STU4002,5.7,5.1,2,6+ hrs
STU4003,1.4,9.9,0,<2 hrs
STU4004,7.5,6.1,3,6+ hrs
STU4005,6.6,6.2,2,6+ hrs
STU4006,1.7,7.7,0,2-4 hrs
STU4007,1.6,8.0,1,2-4 hrs
STU4008,1.2,8.4,1,<2 hrs
STU4009,4.0,7.9,2,4-6 hrs
STU4010,1.3,8.6,1,2-4 hrs
STU4011,1.6,8.6,1,2-4 hrs
STU4012,1.0,8.4,0,<2 hrs
STU4013,3.0,8.1,2,4-6 hrs
STU4014,2.6,7.9,1,2-4 hrs
STU4015,1.2,8.4,0,<2 hrs
STU4016,1.0,8.0,0,2-4 hrs
STU4017,1.0,8.4,1,<2 hrs
STU4018,4.6,5.9,2,6+ hrs
STU4019,5.3,6.3,2,6+ hrs
STU4020,1.1,8.5,0,2-4 hrs
STU4021,4.7,5.0,1,4-6 hrs
STU4022,3.1,7.3,3,4-6 hrs
STU4023,1.1,7.6,0,<2 hrs
STU4024,2.1,8.3,0,<2 hrs
STU4025,1.3,8.8,0,2-4 hrs
STU4026,1.0,8.2,1,<2 hrs
STU4027,1.0,8.9,0,<2 hrs
STU4028,2.9,8.0,2,4-6 hrs
STU4029,1.3,8.2,0,<2 hrs
STU4030,2.1,9.0,1,2-4 hrs
STU4031,3.8,6.6,1,4-6 hrs
STU4032,5.6,7.2,2,6+ hrs
STU4033,1.4,8.1,0,<2 hrs
STU4034,1.2,7.8,0,<2 hrs
STU4035,1.0,8.3,1,2-4 hrs
STU4036,1.0,7.7,0,<2 hrs
STU4037,2.1,8.5,0,<2 hrs
STU4038,1.7,7.0,0,4-6 hrs
STU4039,3.3,8.3,1,2-4 hrs
STU4040,1.5,7.6,2,2-4 hrs
STU4041,1.8,8.7,1,2-4 hrs
STU4042,3.5,7.3,1,4-6 hrs
STU4043,1.9,8.2,1,<2 hrs
STU4044,1.8,7.7,0,<2 hrs
STU4045,4.1,7.2,1,6+ hrs
STU4046,1.3,8.4,0,2-4 hrs
STU4047,2.3,6.8,0,2-4 hrs
STU4048,2.4,7.1,0,2-4 hrs
STU4049,1.0,8.1,1,<2 hrs
STU4050,1.0,8.0,0,<2 hrs
STU4051,4.6,7.6,1,2-4 hrs
STU4052,2.1,8.0,1,<2 hrs
STU4053,1.6,7.7,0,<2 hrs
STU4054,1.0,8.2,0,<2 hrs
STU4055,3.9,6.7,2,6+ hrs
STU4056,1.2,8.2,0,<2 hrs
STU4057,3.0,6.7,1,4-6 hrs
STU4058,3.5,6.7,1,2-4 hrs
STU4059,2.6,8.2,1,2-4 hrs
STU4060,1.0,8.6,0,<2 hrs
STU4061,4.2,6.8,1,4-6 hrs
STU4062,3.6,7.2,2,4-6 hrs
STU4063,5.1,6.4,3,4-6 hrs
STU4064,1.0,8.4,4,<2 hrs
STU4065,1.6,8.6,1,<2 hrs
STU4066,2.4,8.1,1,<2 hrs
STU4067,1.4,7.2,0,<2 hrs
STU4068,2.9,7.5,2,2-4 hrs
STU4069,2.6,6.6,2,2-4 hrs
STU4070,3.1,7.9,1,2-4 hrs
STU4071,1.7,8.7,0,2-4 hrs
STU4072,1.5,7.8,0,<2 hrs
STU4073,1.0,8.4,3,<2 hrs
STU4074,1.0,7.0,0,<2 hrs
STU4075,2.3,8.5,0,2-4 hrs
STU4076,5.1,6.9,2,4-6 hrs
STU4077,2.6,8.5,1,2-4 hrs
STU4078,1.8,9.1,0,2-4 hrs
STU4079,1.7,7.3,0,<2 hrs
STU4080,1.9,8.7,1,2-4 hrs
STU4081,2.8,8.6,1,6+ hrs
STU4082,1.0,7.5,0,2-4 hrs
STU4083,1.0,8.4,1,2-4 hrs
STU4084,1.9,7.8,0,<2 hrs
STU4085,2.4,8.4,1,4-6 hrs
STU4086,1.0,6.8,0,<2 hrs
STU4087,5.2,7.7,3,4-6 hrs
STU4088,1.0,8.4,0,2-4 hrs
STU4089,2.8,8.2,1,2-4 hrs
STU4090,3.4,7.3,1,4-6 hrs
STU4091,1.0,8.8,0,<2 hrs
STU4092,2.8,6.0,1,2-4 hrs
STU4093,1.2,8.1,1,2-4 hrs
STU4094,1.0,9.1,0,<2 hrs
STU4095,5.3,6.6,2,4-6 hrs
STU4096,1.7,7.0,1,<2 hrs
STU4097,1.3,8.4,0,<2 hrs
STU4098,2.9,7.0,1,2-4 hrs
STU4099,1.0,7.9,0,<2 hrs
STU4100,2.2,6.8,0,<2 hrs
STU4101,1.8,8.5,0,2-4 hrs
STU4102,1.0,9.3,0,<2 hrs
STU4103,2.5,9.2,1,2-4 hrs
STU4104,1.4,7.3,0,2-4 hrs
STU4105,3.7,7.7,1,4-6 hrs
STU4106,3.2,8.0,1,4-6 hrs
STU4107,1.0,8.1,0,<2 hrs
STU4108,1.7,7.5,1,<2 hrs
STU4109,2.2,7.1,1,2-4 hrs
STU4110,1.0,8.1,0,<2 hrs
STU4111,1.0,8.6,1,<2 hrs
STU4112,1.4,9.3,0,<2 hrs
STU4113,1.0,9.3,0,<2 hrs
STU4114,1.0,7.4,0,<2 hrs
STU4115,1.3,7.8,1,<2 hrs
STU4116,1.2,9.3,2,<2 hrs
STU4117,1.0,8.0,0,<2 hrs
STU4118,2.2,7.9,0,4-6 hrs
STU4119,2.2,6.7,0,2-4 hrs
STU4120,1.6,9.0,0,2-4 hrs
STU4121,5.5,4.9,2,6+ hrs
STU4122,1.2,7.3,0,<2 hrs
STU4123,1.6,8.9,1,2-4 hrs
STU4124,1.0,9.8,0,2-4 hrs
STU4125,2.2,7.7,0,2-4 hrs
STU4126,1.4,8.3,2,<2 hrs
STU4127,1.1,9.1,1,<2 hrs
STU4128,5.2,6.6,3,4-6 hrs
STU4129,1.0,8.2,0,2-4 hrs
STU4130,2.3,7.5,0,2-4 hrs
STU4131,1.5,7.2,0,<2 hrs
STU4132,1.1,8.6,1,<2 hrs
STU4133,1.0,8.4,0,<2 hrs
STU4134,2.6,7.4,1,2-4 hrs
STU4135,4.5,6.0,1,6+ hrs
STU4136,1.5,7.6,0,2-4 hrs
STU4137,1.0,8.9,1,<2 hrs
STU4138,1.0,9.1,0,<2 hrs
STU4139,1.4,8.1,1,<2 hrs
STU4140,1.9,7.7,0,<2 hrs
STU4141,2.7,7.1,1,2-4 hrs
STU4142,1.4,9.0,0,<2 hrs
STU4143,5.8,6.1,2,6+ hrs
STU4144,1.0,8.8,0,2-4 hrs
STU4145,2.8,7.9,2,4-6 hrs
STU4146,1.1,8.2,1,<2 hrs
STU4147,2.3,7.0,0,2-4 hrs
STU4148,1.5,7.6,0,<2 hrs
STU4149,3.1,8.2,2,4-6 hrs
STU4150,2.0,7.5,0,<2 hrs
STU4151,3.1,7.2,1,4-6 hrs
STU4152,3.6,6.4,2,2-4 hrs
STU4153,1.0,7.6,0,<2 hrs
STU4154,2.0,7.5,0,<2 hrs
STU4155,1.0,9.7,1,<2 hrs
STU4156,2.7,8.1,1,<2 hrs
STU4157,2.4,7.4,1,2-4 hrs
STU4158,1.4,9.1,0,2-4 hrs
STU4159,3.2,7.3,1,4-6 hrs
STU4160,3.7,8.1,1,6+ hrs
STU4161,1.7,9.7,1,2-4 hrs
STU4162,1.0,9.2,0,<2 hrs
STU4163,1.7,8.2,0,2-4 hrs
STU4164,6.3,6.3,3,6+ hrs
STU4165,2.4,7.8,0,4-6 hrs
STU4166,1.5,7.0,0,2-4 hrs
STU4167,1.0,8.0,3,<2 hrs
STU4168,1.1,7.8,0,2-4 hrs
STU4169,1.5,7.8,0,<2 hrs
STU4170,1.0,9.8,1,<2 hrs
STU4171,1.7,8.9,0,2-4 hrs
STU4172,1.0,8.8,0,<2 hrs
STU4173,1.0,9.1,1,<2 hrs
STU4174,2.3,6.5,0,<2 hrs
STU4175,1.0,9.0,1,<2 hrs
STU4176,2.1,8.6,1,2-4 hrs
STU4177,1.7,6.6,0,<2 hrs
STU4178,1.2,8.9,0,<2 hrs
STU4179,1.3,7.4,1,<2 hrs
STU4180,1.0,7.1,1,<2 hrs
STU4181,5.5,7.2,2,4-6 hrs
STU4182,2.7,6.9,1,4-6 hrs
STU4183,2.4,7.3,3,4-6 hrs
STU4184,1.0,9.2,1,<2 hrs
STU4185,1.0,8.3,0,2-4 hrs
STU4186,2.6,7.6,2,2-4 hrs
STU4187,1.0,8.4,2,<2 hrs
STU4188,1.6,8.4,0,2-4 hrs
STU4189,1.0,8.3,0,<2 hrs
STU4190,2.5,7.8,1,<2 hrs
STU4191,1.0,8.1,0,2-4 hrs
STU4192,1.0,8.7,0,<2 hrs
STU4193,2.1,8.2,0,2-4 hrs
STU4194,1.0,9.8,0,<2 hrs
STU4195,1.0,8.2,1,<2 hrs
STU4196,1.6,8.1,1,2-4 hrs
STU4197,1.0,8.7,1,<2 hrs
STU4198,1.5,8.9,1,<2 hrs
STU4199,1.0,7.7,1,2-4 hrs
STU4200,4.7,6.7,1,6+ hrs
STU4201,1.0,6.7,1,<2 hrs
STU4202,1.9,7.9,0,<2 hrs
STU4203,4.6,7.5,1,4-6 hrs
STU4204,3.4,6.8,1,4-6 hrs
STU4205,3.6,7.3,1,2-4 hrs
STU4206,3.4,6.9,1,4-6 hrs
STU4207,1.0,7.9,0,<2 hrs
STU4208,4.8,7.3,1,4-6 hrs
STU4209,3.3,6.6,1,4-6 hrs
STU4210,1.0,8.7,2,<2 hrs
STU4211,1.9,8.3,2,<2 hrs
STU4212,1.0,7.9,1,<2 hrs
STU4213,1.8,8.2,1,2-4 hrs
STU4214,2.3,7.2,0,4-6 hrs
STU4215,1.0,8.9,1,<2 hrs
STU4216,1.2,7.5,0,<2 hrs
STU4217,1.0,8.3,0,<2 hrs
STU4218,2.4,7.6,1,2-4 hrs
STU4219,2.8,8.4,1,2-4 hrs
STU4220,4.0,7.1,1,6+ hrs
STU4221,1.0,9.2,0,<2 hrs
STU4222,4.2,7.3,1,6+ hrs
STU4223,1.5,8.6,2,2-4 hrs
STU4224,3.6,7.0,3,4-6 hrs
STU4225,2.2,8.6,0,4-6 hrs
STU4226,1.3,8.1,0,2-4 hrs
STU4227,2.5,6.5,1,2-4 hrs
STU4228,2.4,7.6,1,2-4 hrs
STU4229,1.0,8.8,1,2-4 hrs
STU4230,1.5,7.1,1,2-4 hrs
STU4231,3.7,6.5,1,2-4 hrs
STU4232,1.1,7.6,1,<2 hrs
STU4233,4.0,7.6,2,4-6 hrs
STU4234,2.7,8.8,1,4-6 hrs
STU4235,2.0,7.9,0,<2 hrs
STU4236,4.4,7.2,2,2-4 hrs
STU4237,1.7,8.5,1,2-4 hrs
STU4238,1.0,9.6,0,<2 hrs
STU4239,2.9,7.1,1,2-4 hrs
STU4240,5.3,6.2,5,6+ hrs
STU4241,3.5,7.0,1,4-6 hrs
STU4242,1.0,8.6,1,<2 hrs
STU4243,2.4,9.6,0,2-4 hrs
STU4244,3.6,7.2,1,4-6 hrs
STU4245,1.0,7.9,0,<2 hrs
STU4246,4.0,6.2,1,4-6 hrs
STU4247,1.8,9.0,2,<2 hrs
STU4248,1.6,7.6,0,2-4 hrs
STU4249,1.0,9.0,1,<2 hrs
STU4250,1.5,7.8,1,<2 hrs
STU4251,1.6,7.3,0,2-4 hrs
STU4252,1.0,8.9,1,<2 hrs
STU4253,1.3,7.9,0,2-4 hrs
STU4254,1.8,8.4,0,2-4 hrs
STU4255,1.0,8.8,0,<2 hrs
STU4256,5.3,6.7,2,4-6 hrs
STU4257,3.3,7.2,1,2-4 hrs
STU4258,4.8,7.1,2,6+ hrs
STU4259,1.0,7.9,0,<2 hrs
STU4260,2.2,6.2,1,2-4 hrs
STU4261,2.8,8.1,3,2-4 hrs
STU4262,2.3,8.0,1,<2 hrs
STU4263,1.0,8.1,1,2-4 hrs
STU4264,2.9,6.5,2,2-4 hrs
STU4265,1.8,6.7,0,4-6 hrs
STU4266,2.9,7.6,1,2-4 hrs
STU4267,2.7,8.8,3,2-4 hrs
STU4268,1.0,8.4,0,<2 hrs
STU4269,2.7,7.4,2,4-6 hrs
STU4270,4.2,6.9,1,6+ hrs
STU4271,3.5,8.8,1,4-6 hrs
STU4272,1.7,8.7,0,<2 hrs
STU4273,1.0,7.8,2,<2 hrs
STU4274,8.6,4.7,4,6+ hrs
STU4275,5.5,6.5,3,6+ hrs
STU4276,2.2,7.2,1,4-6 hrs
STU4277,4.7,7.2,1,6+ hrs
STU4278,3.0,6.9,2,2-4 hrs
STU4279,3.9,6.0,2,4-6 hrs
STU4280,3.6,7.3,1,4-6 hrs
STU4281,2.1,7.9,1,2-4 hrs
STU4282,4.8,6.6,1,2-4 hrs
STU4283,3.7,6.6,1,4-6 hrs
STU4284,1.0,8.1,0,<2 hrs
STU4285,1.4,9.1,0,<2 hrs
STU4286,3.7,7.5,1,4-6 hrs
STU4287,1.6,7.5,1,2-4 hrs
STU4288,2.2,6.5,2,2-4 hrs
STU4289,1.0,7.9,0,2-4 hrs
STU4290,3.2,7.5,1,4-6 hrs
STU4291,1.4,7.9,0,<2 hrs
STU4292,1.0,8.0,0,<2 hrs
STU4293,1.2,8.0,2,<2 hrs
STU4294,1.0,8.4,0,<2 hrs
STU4295,1.0,9.0,0,2-4 hrs
STU4296,1.0,8.5,1,<2 hrs
STU4297,1.1,8.5,1,<2 hrs
STU4298,3.1,7.3,2,2-4 hrs
STU4299,2.4,7.5,0,2-4 hrs
STU4300,5.1,7.1,2,6+ hrs
STU4301,3.1,8.0,2,2-4 hrs
STU4302,1.0,9.9,1,2-4 hrs
STU4303,2.0,8.4,0,2-4 hrs
STU4304,1.0,8.2,0,2-4 hrs
STU4305,1.3,7.7,0,<2 hrs
STU4306,2.0,8.7,0,2-4 hrs
STU4307,1.0,7.9,3,<2 hrs
STU4308,2.3,8.4,0,2-4 hrs
STU4309,1.8,7.6,0,2-4 hrs
STU4310,2.4,8.0,0,2-4 hrs
STU4311,1.0,7.8,0,2-4 hrs
STU4312,2.9,8.1,2,4-6 hrs
STU4313,2.2,7.0,0,4-6 hrs
STU4314,2.1,8.1,0,2-4 hrs
STU4315,3.5,7.1,1,4-6 hrs
STU4316,2.1,8.0,2,2-4 hrs
STU4317,1.1,8.2,1,2-4 hrs
STU4318,1.9,7.8,0,<2 hrs
STU4319,3.7,7.3,1,6+ hrs
STU4320,3.2,6.7,2,6+ hrs
STU4321,1.0,7.8,0,<2 hrs
STU4322,1.3,8.1,0,<2 hrs
STU4323,2.9,7.3,1,2-4 hrs
STU4324,1.0,7.8,1,2-4 hrs
STU4325,1.8,8.7,2,<2 hrs
STU4326,1.0,8.3,0,<2 hrs
STU4327,1.3,8.2,0,2-4 hrs
STU4328,1.0,7.6,0,<2 hrs
STU4329,1.9,9.5,0,<2 hrs
STU4330,3.7,8.8,1,4-6 hrs
STU4331,4.0,6.5,2,4-6 hrs
STU4332,3.7,8.0,2,6+ hrs
STU4333,5.5,6.2,2,6+ hrs
STU4334,7.7,6.3,3,6+ hrs
STU4335,2.7,7.9,1,<2 hrs
STU4336,1.6,8.3,0,<2 hrs
STU4337,4.7,4.9,1,2-4 hrs
STU4338,1.0,7.9,0,<2 hrs
STU4339,1.0,8.5,0,2-4 hrs
STU4340,1.8,8.2,1,2-4 hrs
STU4341,3.6,6.3,2,2-4 hrs
STU4342,2.4,7.3,0,2-4 hrs
STU4343,1.5,8.6,2,2-4 hrs
STU4344,1.0,7.5,0,<2 hrs
STU4345,1.0,8.6,0,<2 hrs
STU4346,1.0,9.4,0,<2 hrs
STU4347,1.0,8.8,0,<2 hrs
STU4348,1.0,8.7,1,<2 hrs
STU4349,1.2,7.0,0,<2 hrs
STU4350,3.1,6.9,1,2-4 hrs
STU4351,2.0,9.4,1,<2 hrs
STU4352,1.2,8.0,1,2-4 hrs
STU4353,1.1,9.3,1,2-4 hrs
STU4354,1.6,7.8,1,2-4 hrs
STU4355,2.8,7.4,2,2-4 hrs
STU4356,1.0,8.9,0,<2 hrs
STU4357,1.9,8.1,0,2-4 hrs
STU4358,2.3,8.1,1,2-4 hrs
STU4359,1.0,7.9,0,<2 hrs
STU4360,1.4,7.5,0,<2 hrs
STU4361,2.1,7.3,0,2-4 hrs
STU4362,4.6,6.3,2,6+ hrs
STU4363,3.1,7.3,1,4-6 hrs
STU4364,1.5,9.0,0,<2 hrs
STU4365,4.9,6.6,1,4-6 hrs
STU4366,1.2,8.7,0,<2 hrs
STU4367,2.6,7.8,1,2-4 hrs
STU4368,1.6,7.4,0,2-4 hrs
STU4369,1.0,8.5,0,<2 hrs
STU4370,2.1,8.0,1,2-4 hrs
STU4371,3.7,7.7,2,6+ hrs
STU4372,1.5,7.5,1,<2 hrs
STU4373,7.2,4.0,2,6+ hrs
STU4374,1.0,8.6,1,<2 hrs
STU4375,3.8,7.3,1,2-4 hrs
STU4376,1.0,8.4,0,<2 hrs
STU4377,2.5,7.8,1,2-4 hrs
STU4378,4.6,7.3,3,4-6 hrs
STU4379,3.8,6.8,2,4-6 hrs
STU4380,3.2,7.2,2,4-6 hrs
STU4381,1.0,8.6,0,2-4 hrs
STU4382,4.1,6.1,1,6+ hrs
STU4383,7.6,5.1,6,6+ hrs
STU4384,1.7,8.1,0,2-4 hrs
STU4385,1.3,9.5,0,<2 hrs
STU4386,1.0,8.3,2,<2 hrs
STU4387,3.5,7.4,2,4-6 hrs
STU4388,3.7,7.8,1,4-6 hrs
STU4389,1.0,7.9,0,<2 hrs
STU4390,4.1,7.9,1,6+ hrs
STU4391,1.2,9.6,1,4-6 hrs
STU4392,1.2,8.4,1,2-4 hrs
STU4393,2.9,7.2,1,2-4 hrs
STU4394,1.8,9.2,1,<2 hrs
STU4395,3.5,7.8,2,4-6 hrs
STU4396,1.2,8.5,4,<2 hrs
STU4397,1.0,9.5,1,<2 hrs
STU4398,2.3,8.8,0,2-4 hrs
STU4399,6.0,5.8,3,6+ hrs
STU4400,3.5,7.4,1,2-4 hrs
STU4401,1.0,8.9,1,<2 hrs
STU4402,3.3,7.4,2,2-4 hrs
STU4403,3.4,6.3,1,2-4 hrs
STU4404,4.5,6.1,1,4-6 hrs
STU4405,1.0,7.5,1,2-4 hrs
STU4406,1.7,8.5,2,<2 hrs
STU4407,6.7,4.8,2,6+ hrs
STU4408,1.9,8.2,0,2-4 hrs
STU4409,1.0,9.8,1,<2 hrs
STU4410,1.7,9.1,0,2-4 hrs
STU4411,1.1,7.2,0,<2 hrs
STU4412,3.1,6.6,2,4-6 hrs
STU4413,1.5,7.7,0,2-4 hrs
STU4414,1.7,7.3,2,<2 hrs
STU4415,4.3,5.7,1,4-6 hrs
STU4416,1.8,8.1,0,2-4 hrs
STU4417,2.6,8.2,1,2-4 hrs
STU4418,1.0,9.2,0,<2 hrs
STU4419,1.0,8.2,0,<2 hrs
STU4420,5.8,5.9,2,6+ hrs
STU4421,2.2,8.1,0,4-6 hrs
STU4422,1.8,8.0,0,<2 hrs
STU4423,1.7,8.7,1,<2 hrs
STU4424,1.0,8.8,0,<2 hrs
STU4425,1.9,7.8,0,2-4 hrs
STU4426,1.2,7.1,0,<2 hrs
STU4427,4.5,7.8,2,6+ hrs
STU4428,1.0,8.0,0,<2 hrs
STU4429,6.4,6.1,4,6+ hrs
STU4430,2.3,6.5,0,2-4 hrs
STU4431,7.3,5.3,4,6+ hrs
STU4432,1.4,8.4,0,2-4 hrs
STU4433,1.4,8.4,1,2-4 hrs
STU4434,4.1,9.1,2,4-6 hrs
STU4435,3.5,6.8,1,4-6 hrs
STU4436,1.0,9.1,0,<2 hrs
STU4437,1.9,8.4,1,2-4 hrs
STU4438,1.5,7.8,1,<2 hrs
STU4439,1.0,9.1,0,<2 hrs
STU4440,2.5,7.6,1,2-4 hrs
STU4441,1.0,9.1,1,2-4 hrs
STU4442,1.7,9.5,0,2-4 hrs
STU4443,1.2,8.5,0,<2 hrs
STU4444,1.0,8.3,1,<2 hrs
STU4445,2.2,8.6,0,4-6 hrs
STU4446,3.9,8.0,1,4-6 hrs
STU4447,2.0,7.4,2,4-6 hrs
STU4448,1.0,8.2,0,2-4 hrs
STU4449,1.9,8.5,1,<2 hrs
STU4450,1.0,8.4,0,<2 hrs
STU4451,1.9,7.4,0,<2 hrs
STU4452,1.0,8.9,0,2-4 hrs
STU4453,3.7,7.6,2,4-6 hrs
STU4454,1.3,8.1,0,<2 hrs
STU4455,2.8,7.6,1,4-6 hrs
STU4456,1.2,8.0,2,<2 hrs
STU4457,2.5,7.0,2,2-4 hrs
STU4458,1.2,8.1,1,2-4 hrs
STU4459,1.1,8.5,0,<2 hrs
STU4460,1.0,7.5,0,<2 hrs
STU4461,2.7,7.4,1,4-6 hrs
STU4462,1.0,8.6,2,2-4 hrs
STU4463,8.6,5.5,3,6+ hrs
STU4464,5.6,6.0,3,4-6 hrs
STU4465,3.5,6.4,2,4-6 hrs
STU4466,1.6,8.1,0,<2 hrs
STU4467,1.0,8.1,1,<2 hrs
STU4468,1.0,8.9,0,<2 hrs
STU4469,1.0,8.3,1,<2 hrs
STU4470,1.7,6.3,0,2-4 hrs
STU4471,2.8,10.0,1,4-6 hrs
STU4472,1.4,8.4,0,<2 hrs
STU4473,1.9,8.1,0,<2 hrs
STU4474,1.0,7.4,1,<2 hrs
STU4475,1.1,7.4,1,2-4 hrs
STU4476,1.3,8.3,0,2-4 hrs
STU4477,3.8,7.3,2,2-4 hrs
STU4478,2.5,8.2,1,2-4 hrs
STU4479,1.3,8.5,0,2-4 hrs
STU4480,2.3,7.0,0,4-6 hrs
STU4481,1.0,6.7,1,<2 hrs
STU4482,1.7,8.1,1,2-4 hrs
STU4483,3.2,7.0,1,2-4 hrs
STU4484,1.9,7.2,3,2-4 hrs
STU4485,5.6,6.8,2,6+ hrs
STU4486,1.0,7.4,0,<2 hrs
STU4487,2.8,8.0,2,2-4 hrs
STU4488,1.4,7.3,1,<2 hrs
STU4489,1.0,8.6,0,<2 hrs
STU4490,5.0,7.2,2,4-6 hrs
STU4491,1.1,8.2,1,2-4 hrs
STU4492,2.3,9.0,0,2-4 hrs
STU4493,1.8,9.4,0,<2 hrs
STU4494,1.1,8.6,0,<2 hrs
STU4495,1.0,8.9,0,<2 hrs
STU4496,1.0,9.2,0,2-4 hrs
STU4497,1.8,8.5,0,<2 hrs
STU4498,1.4,8.6,0,2-4 hrs
STU4499,3.6,6.8,1,4-6 hrs
STU4500,1.0,7.3,0,<2 hrs
STU4501,7.9,4.1,4,6+ hrs
STU4502,1.0,10.0,0,<2 hrs
STU4503,2.7,7.9,2,2-4 hrs
STU4504,1.2,8.2,0,2-4 hrs
STU4505,2.6,8.6,2,<2 hrs
STU4506,1.0,8.0,2,<2 hrs
STU4507,2.8,8.0,1,4-6 hrs
STU4508,3.1,7.5,1,4-6 hrs
STU4509,3.2,7.7,1,2-4 hrs
STU4510,1.0,8.3,1,2-4 hrs
STU4511,1.8,7.4,0,2-4 hrs
STU4512,3.0,6.9,1,2-4 hrs
STU4513,2.8,7.1,1,2-4 hrs
STU4514,3.0,7.5,1,2-4 hrs
STU4515,1.0,7.4,0,<2 hrs
STU4516,1.4,7.4,1,2-4 hrs
STU4517,3.4,7.4,1,4-6 hrs
STU4518,5.9,6.0,2,6+ hrs
STU4519,1.9,8.2,0,2-4 hrs
STU4520,1.0,8.5,0,<2 hrs
STU4521,1.0,10.0,0,<2 hrs
STU4522,3.0,7.6,1,2-4 hrs
STU4523,1.0,8.2,0,<2 hrs
STU4524,2.5,7.8,1,2-4 hrs
STU4525,4.7,7.4,2,4-6 hrs
STU4526,1.0,8.5,1,<2 hrs
STU4527,3.1,7.9,2,2-4 hrs
STU4528,1.5,8.5,0,2-4 hrs
STU4529,1.0,8.3,3,<2 hrs
STU4530,1.5,8.3,0,2-4 hrs
STU4531,2.6,8.8,1,2-4 hrs
STU4532,2.4,8.0,2,<2 hrs
STU4533,6.4,5.1,3,6+ hrs
STU4534,1.7,7.9,0,2-4 hrs
STU4535,1.2,6.9,0,<2 hrs
STU4536,3.9,7.1,1,4-6 hrs
STU4537,1.8,9.0,0,4-6 hrs
STU4538,3.4,6.4,1,4-6 hrs
STU4539,1.9,8.2,0,<2 hrs
STU4540,2.0,8.7,0,2-4 hrs
STU4541,1.0,9.3,1,2-4 hrs
STU4542,1.9,8.9,0,2-4 hrs
STU4543,4.1,5.6,1,6+ hrs
STU4544,1.0,8.9,1,2-4 hrs
STU4545,1.0,7.4,1,<2 hrs
STU4546,2.0,7.3,0,<2 hrs
STU4547,1.0,9.1,0,<2 hrs
STU4548,1.2,8.5,0,2-4 hrs
STU4549,4.5,7.3,1,6+ hrs
STU4550,1.0,7.8,0,<2 hrs
STU4551,2.3,8.9,0,2-4 hrs
STU4552,1.4,8.8,0,2-4 hrs
STU4553,1.0,9.1,1,2-4 hrs
STU4554,2.7,6.9,1,4-6 hrs
STU4555,1.0,9.3,0,<2 hrs
STU4556,1.0,8.3,0,<2 hrs
STU4557,3.6,6.8,1,4-6 hrs
STU4558,2.7,8.1,2,<2 hrs
STU4559,1.8,8.5,0,<2 hrs
STU4560,8.3,4.3,3,6+ hrs
STU4561,2.9,9.0,1,4-6 hrs
STU4562,1.0,9.8,1,<2 hrs
STU4563,3.4,7.7,4,4-6 hrs
STU4564,3.7,7.5,1,4-6 hrs
STU4565,1.0,8.7,0,<2 hrs
STU4566,2.1,6.9,1,2-4 hrs
STU4567,1.0,8.6,2,<2 hrs
STU4568,1.6,8.3,0,2-4 hrs
STU4569,9.1,4.0,3,6+ hrs
STU4570,2.7,7.4,1,4-6 hrs
STU4571,3.0,5.8,1,4-6 hrs
STU4572,2.1,7.2,2,2-4 hrs
STU4573,3.1,8.1,1,4-6 hrs
STU4574,1.0,9.7,0,<2 hrs
STU4575,1.1,7.8,0,2-4 hrs
STU4576,3.5,7.4,1,4-6 hrs
STU4577,3.5,8.0,1,4-6 hrs
STU4578,1.0,8.1,2,<2 hrs
STU4579,6.4,6.3,3,6+ hrs
STU4580,1.0,8.5,1,<2 hrs
STU4581,7.8,5.9,3,6+ hrs
STU4582,3.1,6.6,1,4-6 hrs
STU4583,2.1,7.2,0,4-6 hrs
STU4584,1.0,8.7,2,<2 hrs
STU4585,1.0,8.6,1,<2 hrs
STU4586,6.1,5.9,2,6+ hrs
STU4587,6.1,6.4,3,6+ hrs
STU4588,1.1,7.8,0,2-4 hrs
STU4589,2.1,7.0,1,2-4 hrs
STU4590,2.0,7.6,0,2-4 hrs
STU4591,4.8,6.3,1,4-6 hrs
STU4592,3.3,7.2,1,4-6 hrs
STU4593,1.0,9.4,1,2-4 hrs
STU4594,2.0,8.5,0,2-4 hrs
STU4595,1.0,8.9,2,2-4 hrs
STU4596,7.5,5.4,4,6+ hrs
STU4597,1.0,8.2,1,<2 hrs
STU4598,1.0,7.9,0,<2 hrs
STU4599,2.4,7.0,1,2-4 hrs
STU4600,1.0,8.0,0,<2 hrs
STU4601,1.0,8.5,0,<2 hrs
STU4602,7.0,4.7,2,6+ hrs
STU4603,3.4,7.4,1,4-6 hrs
STU4604,1.9,7.9,0,<2 hrs
STU4605,1.0,8.2,0,<2 hrs
STU4606,1.0,9.3,0,<2 hrs
STU4607,1.0,6.8,0,<2 hrs
STU4608,2.5,7.5,3,2-4 hrs
STU4609,1.7,6.5,0,2-4 hrs
STU4610,1.0,8.7,3,<2 hrs
STU4611,1.4,8.8,1,<2 hrs
STU4612,1.0,7.6,0,2-4 hrs
STU4613,1.2,7.5,0,2-4 hrs
STU4614,3.9,5.9,1,4-6 hrs
STU4615,1.8,8.1,1,2-4 hrs
STU4616,2.6,7.5,3,2-4 hrs
STU4617,3.6,7.0,1,4-6 hrs
STU4618,4.2,6.6,1,6+ hrs
STU4619,1.0,7.8,1,2-4 hrs
STU4620,3.4,8.1,2,2-4 hrs
STU4621,1.0,8.7,0,2-4 hrs
STU4622,1.4,7.5,0,<2 hrs
STU4623,2.5,7.3,1,4-6 hrs
STU4624,3.9,6.4,2,4-6 hrs
STU4625,3.4,8.3,1,2-4 hrs
STU4626,1.0,9.0,0,2-4 hrs
STU4627,3.0,7.4,1,4-6 hrs
STU4628,4.9,7.7,2,6+ hrs
STU4629,1.0,9.5,0,<2 hrs
STU4630,1.7,8.0,1,<2 hrs
STU4631,1.2,8.1,2,2-4 hrs
STU4632,2.3,7.6,0,<2 hrs
STU4633,2.2,7.2,1,2-4 hrs
STU4634,1.0,9.7,0,<2 hrs
STU4635,2.0,7.3,1,2-4 hrs
STU4636,1.0,9.1,1,<2 hrs
STU4637,2.4,8.3,1,<2 hrs
STU4638,1.6,8.0,0,2-4 hrs
STU4639,3.8,8.4,1,4-6 hrs
STU4640,2.4,6.7,0,2-4 hrs
STU4641,1.2,8.3,0,2-4 hrs
STU4642,1.0,8.2,0,<2 hrs
STU4643,1.6,8.9,0,<2 hrs
STU4644,2.1,8.2,0,<2 hrs
STU4645,2.2,6.7,0,4-6 hrs
STU4646,1.0,9.4,0,2-4 hrs
STU4647,2.7,8.0,1,2-4 hrs
STU4648,1.0,7.8,0,<2 hrs
STU4649,5.4,6.1,2,6+ hrs
STU4650,1.3,7.4,0,2-4 hrs
STU4651,1.0,8.4,0,<2 hrs
STU4652,1.1,8.6,0,<2 hrs
STU4653,1.4,8.1,0,2-4 hrs
STU4654,1.0,8.2,0,<2 hrs
STU4655,1.3,7.2,0,<2 hrs
STU4656,1.0,8.7,0,<2 hrs
STU4657,4.3,5.5,1,4-6 hrs
STU4658,1.0,8.5,3,<2 hrs
STU4659,3.9,5.8,1,6+ hrs
STU4660,1.6,8.2,1,2-4 hrs
STU4661,1.4,8.3,0,<2 hrs
STU4662,3.2,7.7,1,2-4 hrs
STU4663,5.5,6.9,2,6+ hrs
STU4664,1.1,9.2,0,2-4 hrs
STU4665,5.0,5.4,4,6+ hrs
STU4666,2.8,7.6,2,2-4 hrs
STU4667,1.6,9.6,0,<2 hrs
STU4668,7.7,5.2,4,6+ hrs
STU4669,1.0,7.9,0,<2 hrs
STU4670,1.2,8.3,0,<2 hrs
STU4671,1.2,8.1,0,2-4 hrs
STU4672,6.0,5.2,2,6+ hrs
STU4673,3.6,7.8,3,4-6 hrs
STU4674,1.3,8.8,0,2-4 hrs
STU4675,1.8,7.2,2,<2 hrs
STU4676,1.0,8.4,0,2-4 hrs
STU4677,1.0,8.1,0,<2 hrs
STU4678,3.6,6.1,1,2-4 hrs
STU4679,4.2,5.9,2,4-6 hrs
STU4680,8.1,4.1,4,6+ hrs
STU4681,1.0,8.5,0,<2 hrs
STU4682,1.0,8.2,0,<2 hrs
STU4683,2.2,7.2,0,2-4 hrs
STU4684,3.1,7.2,1,4-6 hrs
STU4685,1.0,9.0,0,<2 hrs
STU4686,2.5,8.0,2,2-4 hrs
STU4687,1.8,8.8,0,2-4 hrs
STU4688,1.5,8.1,0,<2 hrs
STU4689,2.1,9.1,0,2-4 hrs
STU4690,1.0,8.7,0,<2 hrs
STU4691,3.7,6.8,1,4-6 hrs
STU4692,1.0,8.6,0,2-4 hrs
STU4693,1.2,7.5,1,2-4 hrs
STU4694,1.0,8.3,1,<2 hrs
STU4695,1.0,8.8,0,<2 hrs
STU4696,4.3,7.3,1,4-6 hrs
STU4697,1.0,8.2,0,<2 hrs
STU4698,1.0,10.0,0,<2 hrs
STU4699,1.0,8.4,0,<2 hrs
STU4700,3.7,6.0,3,4-6 hrs
STU4701,3.7,8.0,1,4-6 hrs
STU4702,2.5,8.2,1,4-6 hrs
STU4703,5.0,6.7,2,6+ hrs
STU4704,2.5,7.4,2,<2 hrs
STU4705,1.0,8.8,0,<2 hrs
STU4706,3.2,8.5,1,2-4 hrs
STU4707,6.9,5.7,2,6+ hrs
STU4708,1.2,7.4,1,2-4 hrs
STU4709,4.6,4.3,4,4-6 hrs
STU4710,1.7,8.4,0,<2 hrs
STU4711,2.1,7.3,1,<2 hrs
STU4712,4.2,6.8,1,4-6 hrs
STU4713,2.8,7.0,3,2-4 hrs
STU4714,1.4,7.7,0,2-4 hrs
STU4715,3.2,6.9,1,4-6 hrs
STU4716,3.1,7.0,3,4-6 hrs
STU4717,1.0,9.0,0,2-4 hrs
STU4718,1.4,8.7,0,<2 hrs
STU4719,1.5,7.4,0,2-4 hrs
STU4720,3.5,6.5,1,2-4 hrs
STU4721,1.0,8.8,1,<2 hrs
STU4722,3.2,8.1,1,2-4 hrs
STU4723,3.6,7.9,1,4-6 hrs
STU4724,1.0,7.8,0,2-4 hrs
STU4725,2.0,8.7,0,<2 hrs
STU4726,1.2,7.2,1,<2 hrs
STU4727,2.5,7.6,1,2-4 hrs
STU4728,1.0,8.8,0,<2 hrs
STU4729,3.1,6.0,1,2-4 hrs
STU4730,5.8,7.6,3,6+ hrs
STU4731,1.0,9.4,0,<2 hrs
STU4732,1.1,8.9,1,2-4 hrs
STU4733,7.4,4.6,2,6+ hrs
STU4734,4.1,6.9,1,2-4 hrs
STU4735,2.4,8.4,2,<2 hrs
STU4736,4.0,6.2,2,4-6 hrs
STU4737,1.0,8.4,0,<2 hrs
STU4738,1.0,9.1,1,<2 hrs
STU4739,2.1,6.9,1,2-4 hrs
STU4740,3.3,7.6,1,4-6 hrs
STU4741,2.6,6.5,1,<2 hrs
STU4742,3.5,6.6,1,2-4 hrs
STU4743,2.1,7.6,0,2-4 hrs
STU4744,1.0,8.9,0,2-4 hrs
STU4745,1.4,7.8,1,<2 hrs
STU4746,2.7,7.7,1,4-6 hrs
STU4747,3.2,6.9,1,6+ hrs
STU4748,1.1,8.1,0,<2 hrs
STU4749,2.2,8.8,1,4-6 hrs
STU4750,2.9,6.7,3,4-6 hrs
STU4751,1.8,8.6,2,2-4 hrs
STU4752,2.4,7.8,0,4-6 hrs
STU4753,1.0,8.1,0,<2 hrs
STU4754,4.6,5.8,1,6+ hrs
STU4755,2.3,7.0,0,4-6 hrs
STU4756,5.3,5.8,4,4-6 hrs
STU4757,1.0,8.4,2,<2 hrs
STU4758,1.8,8.5,1,2-4 hrs
STU4759,1.0,8.3,0,<2 hrs
STU4760,4.9,6.4,3,6+ hrs
STU4761,2.1,7.9,0,<2 hrs
STU4762,2.3,8.2,1,2-4 hrs
STU4763,1.0,9.0,0,<2 hrs
STU4764,2.3,6.9,0,2-4 hrs
STU4765,1.0,8.3,0,<2 hrs
STU4766,2.9,8.4,1,2-4 hrs
STU4767,1.0,7.6,1,2-4 hrs
STU4768,1.1,8.5,1,<2 hrs
STU4769,6.0,5.9,2,6+ hrs
STU4770,10.0,3.6,4,6+ hrs
STU4771,1.0,9.6,1,<2 hrs
STU4772,1.7,8.2,0,<2 hrs
STU4773,2.8,8.7,1,4-6 hrs
STU4774,3.9,7.1,2,2-4 hrs
STU4775,2.0,8.3,0,4-6 hrs
STU4776,2.2,7.5,0,2-4 hrs
STU4777,2.8,7.2,1,4-6 hrs
STU4778,1.8,8.4,0,2-4 hrs
STU4779,2.4,8.1,0,2-4 hrs
STU4780,1.5,8.7,0,<2 hrs
STU4781,1.0,8.8,0,2-4 hrs
STU4782,3.8,6.2,1,4-6 hrs
STU4783,2.3,7.3,1,2-4 hrs
STU4784,2.2,8.5,0,2-4 hrs
STU4785,3.3,6.0,1,2-4 hrs
STU4786,1.0,8.7,0,2-4 hrs
STU4787,2.3,7.8,0,2-4 hrs
STU4788,2.8,8.2,1,4-6 hrs
STU4789,2.5,8.0,3,2-4 hrs
STU4790,1.0,8.0,0,<2 hrs
STU4791,4.7,6.2,1,6+ hrs
STU4792,1.0,8.1,0,<2 hrs
STU4793,1.1,8.9,1,<2 hrs
STU4794,3.8,5.5,2,4-6 hrs
STU4795,4.9,6.7,1,6+ hrs
STU4796,1.9,7.4,0,4-6 hrs
STU4797,5.0,6.6,2,6+ hrs
STU4798,1.0,8.7,0,<2 hrs
STU4799,1.0,7.3,0,<2 hrs
STU4800,1.0,8.3,0,<2 hrs
STU4801,3.4,7.4,2,4-6 hrs
STU4802,1.6,8.3,0,2-4 hrs
STU4803,1.2,8.3,0,4-6 hrs
STU4804,1.1,7.6,1,2-4 hrs
STU4805,1.8,7.4,1,<2 hrs
STU4806,1.0,7.5,1,2-4 hrs
STU4807,1.3,8.7,0,2-4 hrs
STU4808,2.8,7.5,3,<2 hrs
STU4809,2.3,7.8,0,2-4 hrs
STU4810,1.7,7.0,0,2-4 hrs
STU4811,1.4,8.3,0,2-4 hrs
STU4812,2.1,8.4,0,<2 hrs
STU4813,1.6,6.9,0,2-4 hrs
STU4814,1.3,8.0,0,2-4 hrs
STU4815,5.7,5.1,2,6+ hrs
STU4816,1.0,8.2,1,<2 hrs
STU4817,2.0,7.4,0,2-4 hrs
STU4818,3.0,7.8,1,4-6 hrs
STU4819,1.4,8.4,0,2-4 hrs
STU4820,1.7,9.1,0,2-4 hrs
STU4821,3.7,7.1,1,4-6 hrs
STU4822,2.1,8.2,1,2-4 hrs
STU4823,2.1,7.6,0,2-4 hrs
STU4824,1.0,7.7,0,<2 hrs
STU4825,1.0,9.1,0,<2 hrs
STU4826,1.0,9.4,0,2-4 hrs
STU4827,3.7,7.6,1,4-6 hrs
STU4828,1.2,8.5,0,<2 hrs
STU4829,2.4,7.1,1,2-4 hrs
STU4830,1.0,9.3,0,<2 hrs
STU4831,1.6,8.6,1,2-4 hrs
STU4832,2.1,9.4,0,4-6 hrs
STU4833,1.0,7.7,0,<2 hrs
STU4834,2.5,8.4,1,4-6 hrs
STU4835,1.8,8.5,0,<2 hrs
STU4836,3.8,6.9,2,4-6 hrs
STU4837,1.0,9.5,1,<2 hrs
STU4838,2.6,8.0,1,4-6 hrs
STU4839,1.0,7.8,0,<2 hrs
STU4840,2.2,7.8,2,2-4 hrs
STU4841,1.7,7.5,0,4-6 hrs
STU4842,1.0,8.2,0,<2 hrs
STU4843,1.3,8.8,0,<2 hrs
STU4844,1.0,9.2,2,2-4 hrs
STU4845,1.0,8.7,0,2-4 hrs
STU4846,1.0,8.0,1,<2 hrs
STU4847,2.9,7.8,2,4-6 hrs
STU4848,3.4,7.8,1,4-6 hrs
STU4849,3.4,5.9,2,4-6 hrs
STU4850,2.5,7.8,1,2-4 hrs
STU4851,2.2,7.8,2,2-4 hrs
STU4852,1.0,9.2,0,<2 hrs
STU4853,1.4,8.6,0,2-4 hrs
STU4854,2.1,8.3,0,2-4 hrs
STU4855,2.9,7.2,2,2-4 hrs
STU4856,2.9,7.6,1,2-4 hrs
STU4857,2.9,8.2,2,2-4 hrs
STU4858,3.2,7.4,2,2-4 hrs
STU4859,2.4,7.9,4,2-4 hrs
STU4860,1.8,7.0,0,2-4 hrs
STU4861,1.0,8.5,1,<2 hrs
STU4862,1.0,7.1,0,<2 hrs
STU4863,2.2,7.5,1,2-4 hrs
STU4864,1.8,8.1,1,<2 hrs
STU4865,1.0,9.0,0,<2 hrs
STU4866,2.8,6.9,1,4-6 hrs
STU4867,1.2,8.7,0,2-4 hrs
STU4868,4.6,7.7,1,6+ hrs
STU4869,2.2,7.5,0,2-4 hrs
STU4870,1.0,7.4,0,<2 hrs
STU4871,2.4,8.0,1,4-6 hrs
STU4872,2.8,6.8,1,2-4 hrs
STU4873,1.0,7.9,2,<2 hrs
STU4874,1.0,9.1,4,<2 hrs
STU4875,3.0,8.8,1,4-6 hrs
STU4876,1.0,7.8,1,<2 hrs
STU4877,1.3,7.8,0,<2 hrs
STU4878,1.3,8.0,0,2-4 hrs
STU4879,1.8,7.7,0,2-4 hrs
STU4880,1.0,9.9,1,2-4 hrs
STU4881,1.7,7.8,0,2-4 hrs
STU4882,1.1,8.2,1,2-4 hrs
STU4883,4.7,7.8,2,4-6 hrs
STU4884,2.4,8.2,0,2-4 hrs
STU4885,1.1,9.1,0,<2 hrs
STU4886,1.0,7.9,0,<2 hrs
STU4887,1.0,8.1,0,2-4 hrs
STU4888,1.0,7.8,2,2-4 hrs
STU4889,1.8,8.7,0,<2 hrs
STU4890,1.5,9.1,0,<2 hrs
STU4891,1.4,7.9,0,<2 hrs
STU4892,4.9,6.3,1,6+ hrs
STU4893,3.5,7.0,2,2-4 hrs
STU4894,1.7,7.1,1,2-4 hrs
STU4895,1.8,7.6,1,2-4 hrs
STU4896,2.5,8.3,1,2-4 hrs
STU4897,1.9,7.4,1,2-4 hrs
STU4898,1.3,8.4,0,<2 hrs
STU4899,6.6,4.8,2,6+ hrs
STU4900,1.0,8.4,0,<2 hrs
STU4901,1.9,7.7,0,2-4 hrs
STU4902,1.0,7.6,0,<2 hrs
STU4903,2.2,8.5,0,2-4 hrs
STU4904,1.8,8.7,1,4-6 hrs
STU4905,1.0,7.8,0,<2 hrs
STU4906,1.3,8.2,0,<2 hrs
STU4907,1.6,8.2,1,<2 hrs
STU4908,1.0,7.2,0,2-4 hrs
STU4909,3.2,6.4,1,2-4 hrs
STU4910,6.7,6.6,3,6+ hrs
STU4911,1.4,7.6,0,<2 hrs
STU4912,4.3,7.7,1,6+ hrs
STU4913,2.0,7.1,1,2-4 hrs
STU4914,1.0,9.0,1,<2 hrs
STU4915,1.8,7.9,0,2-4 hrs
STU4916,1.0,8.4,0,<2 hrs
STU4917,1.6,9.5,1,2-4 hrs
STU4918,1.3,7.5,0,<2 hrs
STU4919,2.2,8.3,1,2-4 hrs
STU4920,2.4,8.2,0,2-4 hrs
STU4921,1.4,10.0,0,2-4 hrs
STU4922,1.0,7.7,2,<2 hrs
STU4923,6.0,5.6,2,6+ hrs
STU4924,6.8,6.2,2,6+ hrs
STU4925,2.0,7.9,0,2-4 hrs
STU4926,3.3,7.0,1,2-4 hrs
STU4927,2.1,8.6,0,2-4 hrs
STU4928,2.2,7.7,1,2-4 hrs
STU4929,1.0,7.9,1,2-4 hrs
STU4930,1.0,9.0,1,<2 hrs
STU4931,1.1,8.7,0,2-4 hrs
STU4932,2.7,7.4,1,4-6 hrs
STU4933,2.2,7.6,2,4-6 hrs
STU4934,1.8,7.5,0,2-4 hrs
STU4935,2.4,8.3,0,2-4 hrs
STU4936,1.0,8.2,0,2-4 hrs
STU4937,2.2,7.4,1,4-6 hrs
STU4938,1.3,7.5,0,<2 hrs
STU4939,1.9,8.3,1,2-4 hrs
STU4940,4.8,6.2,2,6+ hrs
STU4941,1.0,7.1,1,<2 hrs
STU4942,4.7,5.8,1,6+ hrs
STU4943,1.5,8.1,1,2-4 hrs
STU4944,1.8,8.0,2,2-4 hrs
STU4945,1.5,8.1,0,2-4 hrs
STU4946,4.5,6.5,1,6+ hrs
STU4947,1.5,7.2,2,2-4 hrs
STU4948,5.4,5.7,2,6+ hrs
STU4949,6.5,6.6,3,6+ hrs
STU4950,3.2,8.1,2,<2 hrs
STU4951,1.0,8.9,0,2-4 hrs
STU4952,1.0,8.8,0,<2 hrs
STU4953,2.2,8.5,1,2-4 hrs
STU4954,2.0,7.2,1,2-4 hrs
STU4955,4.7,6.7,1,4-6 hrs
STU4956,5.1,5.7,2,6+ hrs
STU4957,3.1,6.7,1,4-6 hrs
STU4958,4.5,7.0,1,4-6 hrs
STU4959,2.6,8.4,1,2-4 hrs
STU4960,1.0,8.4,0,<2 hrs
STU4961,1.5,9.4,0,2-4 hrs
STU4962,3.7,7.3,1,4-6 hrs
STU4963,1.0,8.0,2,<2 hrs
STU4964,1.8,7.3,1,2-4 hrs
STU4965,1.0,9.2,1,<2 hrs
STU4966,1.7,8.2,0,<2 hrs
STU4967,3.4,7.8,2,2-4 hrs
STU4968,5.4,4.4,2,6+ hrs
STU4969,1.1,8.6,1,2-4 hrs
STU4970,2.8,7.2,1,4-6 hrs
STU4971,2.1,7.0,0,2-4 hrs
STU4972,1.4,8.3,0,<2 hrs
STU4973,2.8,8.4,1,2-4 hrs
STU4974,2.2,9.5,3,<2 hrs
STU4975,1.5,8.4,0,2-4 hrs
STU4976,4.6,6.2,1,6+ hrs
STU4977,3.9,6.5,1,2-4 hrs
STU4978,1.7,8.8,0,2-4 hrs
STU4979,1.5,7.6,0,2-4 hrs
STU4980,1.0,8.9,0,<2 hrs
STU4981,1.5,8.5,0,2-4 hrs
STU4982,2.7,7.8,1,4-6 hrs
STU4983,3.2,6.3,1,2-4 hrs
STU4984,1.0,8.3,1,<2 hrs
STU4985,1.0,7.5,1,<2 hrs
STU4986,1.7,7.7,1,<2 hrs
STU4987,1.7,8.8,0,2-4 hrs
STU4988,2.4,8.7,0,2-4 hrs
STU4989,1.0,8.6,2,2-4 hrs
STU4990,2.1,7.6,0,2-4 hrs
STU4991,3.1,8.6,1,2-4 hrs
STU4992,1.0,8.1,0,<2 hrs
STU4993,1.0,7.7,1,<2 hrs
STU4994,2.6,8.2,1,2-4 hrs
STU4995,4.3,7.2,1,4-6 hrs
STU4996,2.0,7.6,0,<2 hrs
STU4997,6.0,6.1,2,6+ hrs
STU4998,3.7,7.5,1,6+ hrs
STU4999,1.0,8.6,0,<2 hrs
STU5000,1.0,8.8,1,<2 hrs
