State,District,Crop,Season,Farm_Area_Hectares,Rainfall_mm,Avg_Temperature_C,Humidity_pct,Sunlight_Hours_Day,Soil_pH,Soil_Moisture_pct,Nitrogen_kg_ha,Phosphorus_kg_ha,Potassium_kg_ha,Irrigation_Method,Fertilizer_kg_ha,Pesticide_Litre_ha,Seed_Quality_Score,Total_Cost_INR,Disease_Pest_Risk_pct
Andhra Pradesh,Rajkot,Wheat,Kharif,0.64,486.4,24.3,69.1,5.8,7.14,32.8,75.8,61.3,91.0,Drip,242.7,4.33,0.76,42662.0,55.3
Maharashtra,Nalgonda,Maize,Kharif,6.53,855.4,25.7,78.4,5.1,5.2,32.0,82.1,35.4,121.8,Flood,271.4,6.86,0.94,492351.0,49.9
Telangana,Warangal,Pulses,Rabi,4.86,455.6,23.9,56.4,10.0,5.82,11.4,118.5,51.5,117.9,Drip,162.6,6.08,0.98,315210.0,33.7
Telangana,Indore,Rice,Kharif,4.5,753.2,29.7,65.2,6.3,5.98,23.7,138.6,55.6,115.5,Rainfed,182.2,6.39,0.74,296444.0,50.6
Karnataka,Ludhiana,Maize,Zaid,4.21,101.6,34.1,55.2,6.5,6.9,29.3,124.1,69.0,121.4,Flood,244.9,7.61,0.9,337959.0,32.3
Gujarat,Raichur,Pulses,Zaid,5.46,356.0,33.6,49.0,8.3,6.93,11.4,105.1,34.7,78.7,Rainfed,58.8,4.48,0.89,302333.0,57.1
Telangana,Warangal,Wheat,Rabi,8.13,432.2,23.5,50.8,9.5,6.96,24.7,115.8,69.4,109.8,Rainfed,181.6,7.99,0.87,513341.0,31.6
Tamil Nadu,Ludhiana,Pulses,Kharif,5.34,860.2,29.0,64.9,7.9,6.09,36.9,112.7,60.9,115.9,Sprinkler,245.8,5.89,0.7,436200.0,54.2
Karnataka,Guntur,Cotton,Zaid,6.98,624.7,33.4,46.8,7.9,6.41,12.3,66.9,47.6,134.2,Sprinkler,190.7,2.21,0.88,525129.0,54.7
Tamil Nadu,Raichur,Chilli,Rabi,13.69,415.8,22.3,57.3,8.6,6.6,23.3,117.9,37.2,116.6,Drip,168.8,7.29,0.7,1004072.0,41.7
Maharashtra,Krishna,Wheat,Rabi,4.7,390.8,24.5,43.5,7.8,5.93,25.2,137.9,31.4,70.0,Sprinkler,224.4,5.9,0.89,289759.0,33.5
Telangana,Rajkot,Maize,Rabi,14.07,315.3,24.2,53.7,5.9,5.87,29.4,100.6,50.8,65.8,Drip,178.7,5.34,0.71,964512.0,35.0
Punjab,Indore,Wheat,Rabi,6.04,431.5,24.1,59.8,9.0,8.23,27.0,162.3,60.1,113.0,Rainfed,170.3,4.73,0.91,335153.0,49.6
Gujarat,Indore,Pulses,Kharif,10.5,779.3,29.9,69.8,5.8,6.79,33.8,102.2,45.9,91.7,Rainfed,224.8,5.27,0.69,852631.0,50.6
Punjab,Indore,Rice,Kharif,4.38,762.0,25.0,80.2,6.7,6.54,36.9,143.8,50.4,92.6,Rainfed,149.8,6.44,0.95,286933.0,43.6
Andhra Pradesh,Warangal,Maize,Rabi,2.26,494.7,23.7,45.6,8.8,6.98,22.5,119.3,17.298000000000002,74.7,Flood,189.2,6.34,0.72,182127.0,29.7
Telangana,Indore,Cotton,Zaid,3.93,80.0,28.4,46.6,5.0,7.08,17.9,121.4,49.3,106.2,Flood,91.1,7.6,0.96,218756.0,32.3
Maharashtra,Ludhiana,Maize,Rabi,11.04,450.4,21.6,55.3,6.9,5.87,30.7,118.8,93.4,114.4,Rainfed,104.6,5.64,0.79,727865.0,43.0
Punjab,Nalgonda,Groundnut,Kharif,2.46,851.7,29.0,71.8,6.0,5.89,23.5,155.3,40.4,81.9,Drip,128.2,6.95,0.73,143907.0,53.1
Madhya Pradesh,Krishna,Pulses,Rabi,14.48,415.8,22.3,48.3,9.1,6.67,28.6,68.3,40.3,88.1,Drip,274.2,8.54,0.87,1125931.0,27.3
Punjab,Ludhiana,Rice,Rabi,0.95,409.8,23.2,58.7,7.0,7.49,24.8,85.6,88.7,83.9,Flood,206.0,2.22,0.94,58222.0,45.8
Punjab,Krishna,Rice,Rabi,5.62,918.7,22.2,66.8,7.5,7.35,22.8,129.7,65.0,93.4,Sprinkler,179.8,7.59,0.79,427915.0,47.7
Andhra Pradesh,Raichur,Wheat,Rabi,12.59,212.6,23.2,72.2,8.6,7.35,28.0,99.3,63.0,65.7,Drip,162.4,8.68,0.9,820257.0,32.0
Andhra Pradesh,Nalgonda,Groundnut,Kharif,2.49,1021.3,26.1,70.1,6.7,7.31,15.6,127.8,60.1,68.1,Flood,129.7,7.95,0.9,186339.0,41.6
Telangana,Nashik,Wheat,Zaid,14.47,430.7,32.3,61.2,8.7,6.58,17.1,101.2,37.7,115.8,Rainfed,233.6,3.37,0.66,1126428.82,64.0
Gujarat,Indore,Pulses,Kharif,13.3,853.0,35.1,85.1,5.2,5.52,25.6,112.5,71.6,98.7,Sprinkler,265.5,4.23,0.67,998865.0,74.60099999999997
Madhya Pradesh,Krishna,Rice,Rabi,13.8,578.3,22.3,61.6,7.7,6.21,18.6,89.4,75.3,81.5,Drip,216.4,2.45,0.98,744909.0,56.2
Punjab,Rajkot,Rice,Rabi,10.47,93.9,27.3,45.4,7.7,6.89,27.0,115.6,64.9,123.2,Rainfed,210.2,2.42,0.74,545453.0,45.7
Tamil Nadu,Rajkot,Maize,Rabi,12.94,443.1,23.0,45.7,6.3,6.32,26.4,139.3,51.3,92.5,Sprinkler,286.7,8.22,0.97,1126428.82,32.1
Tamil Nadu,Rajkot,Groundnut,Zaid,13.15,565.4,32.7,50.7,7.3,6.65,15.6,158.0,46.8,151.0,Sprinkler,147.4,5.5,0.89,695563.0,30.6
Telangana,Nalgonda,Chilli,Rabi,11.96,284.2,24.1,62.1,7.0,6.93,31.7,188.8,47.8,101.6,Rainfed,250.8,4.06,0.66,738746.0,40.2
Madhya Pradesh,Krishna,Groundnut,Zaid,0.69,372.1,31.7,35.5,7.4,7.92,12.2,127.3,66.2,131.1,Drip,139.4,4.39,0.96,43431.0,37.4
Madhya Pradesh,Indore,Cotton,Kharif,11.35,1066.8,30.3,76.6,6.4,7.56,35.9,104.2,49.9,106.8,Sprinkler,230.7,4.16,0.7,782371.0,67.7
Andhra Pradesh,Guntur,Maize,Kharif,9.8,849.0,26.4,88.0,8.2,6.03,35.5,154.3,49.1,129.8,Sprinkler,220.2,4.34,0.72,782502.0,52.1
Madhya Pradesh,Ludhiana,Wheat,Rabi,11.57,427.5,24.0,59.3,6.7,6.71,28.5,157.3,71.5,84.3,Sprinkler,186.8,1.13,0.86,648827.0,61.4
Madhya Pradesh,Indore,Cotton,Zaid,7.05,179.4,34.1,55.5,8.7,7.0,14.8,94.3,66.8,101.3,Flood,231.5,7.26,0.96,511293.0,29.0
Tamil Nadu,Nalgonda,Cotton,Rabi,3.11,429.3,23.6,60.1,7.9,6.96,20.7,47.593,73.9,114.2,Drip,229.0,6.96,0.68,243775.0,33.0
Andhra Pradesh,Ludhiana,Cotton,Kharif,2.79,820.1,26.3,74.6,7.5,7.62,31.9,123.2,91.7,80.6,Flood,153.2,5.91,0.68,175756.0,52.5
Telangana,Warangal,Wheat,Kharif,4.69,657.7,27.1,64.9,6.2,7.85,31.9,87.6,87.5,81.5,Drip,218.9,4.78,0.92,293568.0,50.0
Tamil Nadu,Ludhiana,Maize,Kharif,6.12,936.0,31.8,56.3,7.1,7.03,30.3,91.9,48.0,103.6,Rainfed,46.3,8.07,0.79,321710.0,46.7
Karnataka,Indore,Pulses,Kharif,12.31,768.4,29.0,67.0,6.1,8.22,26.7,69.5,49.1,98.6,Flood,214.2,7.11,0.73,791517.0,54.7
Maharashtra,Erode,Wheat,Zaid,13.35,156.6,30.8,51.7,9.9,6.34,19.5,135.7,75.0,115.5,Sprinkler,158.2,5.76,0.77,897488.0,18.7
Karnataka,Krishna,Rice,Kharif,9.47,639.2,22.6,74.9,4.9,5.73,41.0,66.1,54.9,125.5,Rainfed,313.4,4.78,0.94,744619.0,52.0
Tamil Nadu,Erode,Wheat,Rabi,7.56,460.1,24.0,58.7,6.7,6.6,26.4,96.2,42.9,139.3,Sprinkler,241.9,5.34,0.69,550176.0,44.7
Madhya Pradesh,Krishna,Wheat,Kharif,14.23,853.7,28.2,77.6,6.9,7.04,31.8,109.5,61.7,148.7,Drip,163.7,4.26,0.85,980255.0,55.4
Telangana,Erode,Wheat,Kharif,2.14,485.7,28.0,80.1,7.2,8.08,34.7,111.0,56.6,74.9,Drip,146.2,4.25,0.95,116463.0,49.4
Andhra Pradesh,Nalgonda,Groundnut,Kharif,5.6,728.5,27.0,76.7,6.9,6.36,27.4,92.2,72.7,80.9,Sprinkler,194.0,4.7,0.71,337133.0,63.2
Punjab,Ludhiana,Sugarcane,Zaid,7.68,90.0,31.9,52.7,9.8,6.51,18.3,164.0,59.6,54.9,Sprinkler,136.9,8.04,0.76,480826.0,30.0
Andhra Pradesh,Erode,Chilli,Zaid,5.52,91.3,34.1,63.0,7.2,5.55,20.9,124.8,75.2,130.8,Rainfed,207.3,4.96,0.87,376564.0,43.9
Madhya Pradesh,Erode,Rice,Rabi,8.8,792.2,21.5,51.4,8.0,7.8,21.8,104.1,61.9,82.3,Flood,223.7,6.7,0.7,741670.0,53.6
Telangana,Warangal,Rice,Zaid,9.82,227.2,29.5,63.5,7.6,6.81,17.8,122.5,54.9,97.0,Flood,162.7,0.62,0.78,534995.0,49.4
Andhra Pradesh,Rajkot,Pulses,Rabi,8.61,80.0,24.8,60.9,7.5,5.43,28.0,107.1,46.4,137.6,Sprinkler,178.1,4.92,1.0,492155.0,40.2
Gujarat,Indore,Rice,Zaid,11.52,206.2,34.3,50.3,10.0,7.01,32.7,106.7,50.4,98.1,Flood,112.7,6.15,0.87,674473.0,18.9
Telangana,Nalgonda,Maize,Kharif,3.18,591.2,28.1,63.9,6.8,5.66,30.8,126.9,27.6,137.7,Flood,289.5,5.4,0.77,254223.0,39.8
Andhra Pradesh,Raichur,Rice,Rabi,7.08,460.0,22.8,57.4,8.5,7.14,19.2,125.2,30.8,126.7,Flood,115.3,6.38,0.94,591425.0,29.2
Karnataka,Warangal,Groundnut,Rabi,11.7,167.3,26.2,62.4,6.8,6.3,21.8,122.8,27.7,135.0,Drip,240.5,5.39,0.94,780159.0,39.4
Telangana,Nashik,Pulses,Rabi,6.91,489.4,24.0,67.2,9.1,6.46,31.0,121.2,55.7,107.5,Drip,212.0,6.15,0.87,462116.0,34.5
Telangana,Nashik,Maize,Zaid,7.06,336.9,29.4,62.0,9.0,7.53,11.4,152.4,63.1,106.1,Rainfed,116.8,4.01,0.86,430059.0,33.3
Madhya Pradesh,Raichur,Maize,Zaid,6.62,278.1,31.1,59.3,8.3,7.55,19.1,129.3,82.0,47.0,Flood,168.0,2.1,0.89,455124.0,47.6
Gujarat,Erode,Groundnut,Kharif,10.0,664.7,25.1,72.3,6.8,6.49,32.8,118.6,31.3,69.5,Flood,139.1,5.53,0.76,619756.0,42.2
Karnataka,Guntur,Groundnut,Kharif,14.38,1002.0,27.9,63.0,5.5,6.62,30.2,127.4,61.8,86.2,Rainfed,194.4,5.01,0.97,972766.0,66.6
Karnataka,Ludhiana,Cotton,Rabi,14.23,404.4,19.4,55.8,7.9,6.99,22.6,182.0,52.9,80.5,Drip,127.2,1.21,0.9,815920.0,50.7
Andhra Pradesh,Warangal,Cotton,Zaid,5.46,148.5,31.2,59.9,7.7,6.31,21.5,81.9,56.0,124.3,Flood,157.7,3.34,0.7,309945.0,31.8
Tamil Nadu,Warangal,Rice,Kharif,3.95,1028.8,24.2,69.2,6.2,5.95,29.4,105.4,48.3,123.3,Flood,136.3,4.4,0.92,258728.0,46.8
Telangana,Indore,Pulses,Kharif,14.43,1012.7,30.2,65.2,7.9,6.71,23.2,102.9,66.6,93.5,Rainfed,276.7,5.63,0.97,980375.0,53.6
Maharashtra,Rajkot,Groundnut,Rabi,7.49,234.8,20.5,49.1,8.4,6.55,30.3,84.7,72.9,72.2,Sprinkler,107.5,3.99,0.82,506733.0,59.9
Tamil Nadu,Rajkot,Wheat,Rabi,7.25,410.0,23.4,61.1,9.4,7.08,28.3,190.6039999999999,60.4,66.8,Flood,198.1,7.33,0.8,542011.0,41.4
Maharashtra,Ludhiana,Pulses,Rabi,5.28,498.8,26.9,51.3,7.5,6.21,29.0,152.6,48.9,95.2,Drip,114.7,5.33,0.69,292198.0,44.1
Andhra Pradesh,Raichur,Rice,Kharif,12.69,851.6,27.7,81.1,6.0,7.6,31.2,124.5,74.6,136.5,Flood,165.3,7.52,0.8,865223.0,48.8
Karnataka,Warangal,Maize,Kharif,2.82,960.7,27.6,68.2,8.9,7.29,35.7,111.9,65.9,104.9,Flood,139.8,2.74,0.66,171757.0,59.3
Maharashtra,Krishna,Cotton,Rabi,14.72,338.5,21.2,68.5,7.7,6.06,25.7,132.5,17.298000000000002,148.5,Drip,145.7,6.76,0.84,960387.0,35.8
Madhya Pradesh,Krishna,Maize,Rabi,1.48,342.0,19.3,62.5,8.2,6.73,31.4,112.7,75.1,112.8,Sprinkler,149.1,6.66,0.7,105743.0,29.3
Tamil Nadu,Krishna,Cotton,Kharif,7.37,765.5,26.4,89.0,6.4,7.28,30.3,119.2,63.4,140.7,Sprinkler,110.1,7.05,0.73,478922.0,55.2
Gujarat,Raichur,Maize,Rabi,1.41,80.0,26.2,64.6,7.6,6.76,30.1,85.8,38.5,128.9,Drip,121.9,6.85,0.95,84476.0,26.7
Madhya Pradesh,Nalgonda,Wheat,Kharif,13.3,935.5,28.0,55.6,6.8,7.21,27.3,131.9,48.9,93.9,Drip,149.7,0.64,0.72,657906.0,59.0
Maharashtra,Guntur,Sugarcane,Kharif,10.64,869.0,33.2,82.3,5.6,6.42,37.4,148.0,97.10099999999997,90.2,Flood,212.2,5.8,0.79,755288.0,58.8
Gujarat,Erode,Rice,Kharif,9.53,895.9,29.3,69.4,6.7,6.55,33.2,97.8,56.4,132.2,Flood,194.7,4.54,0.82,693617.0,46.1
Punjab,Nashik,Rice,Kharif,12.47,752.1,30.0,79.9,7.6,5.69,35.2,107.1,72.0,59.2,Drip,302.2,3.21,0.83,870507.0,52.0
Madhya Pradesh,Nalgonda,Chilli,Rabi,10.0,288.6,23.8,61.1,6.9,6.65,26.4,151.5,67.7,168.90299999999993,Flood,154.3,1.94,0.9,681239.0,48.4
Karnataka,Nashik,Sugarcane,Zaid,9.29,353.9,30.6,46.8,9.1,7.31,11.4,126.5,97.10099999999997,101.3,Rainfed,167.2,3.45,0.9,541528.0,31.2
Gujarat,Ludhiana,Wheat,Rabi,9.89,336.6,21.1,47.1,7.6,6.98,21.9,131.3,60.5,132.2,Drip,137.0,6.19,0.7,543083.0,31.4
Madhya Pradesh,Nalgonda,Chilli,Kharif,4.98,840.8,28.0,70.9,7.9,5.66,28.3,134.4,46.7,94.8,Flood,151.4,7.02,0.77,291542.0,53.4
Andhra Pradesh,Raichur,Sugarcane,Rabi,2.46,629.3,23.5,47.5,8.9,6.32,27.2,158.9,44.2,116.8,Rainfed,139.4,6.41,0.83,165909.0,35.2
Karnataka,Warangal,Pulses,Rabi,7.06,347.6,24.4,51.4,6.9,6.69,19.7,121.2,40.0,78.1,Sprinkler,128.3,4.81,0.76,364864.0,44.1
Telangana,Guntur,Wheat,Rabi,14.18,306.6,24.3,49.5,7.9,6.68,24.0,161.0,49.7,135.6,Rainfed,173.4,9.13,0.9,958688.0,33.9
Telangana,Krishna,Rice,Kharif,11.43,1007.5,27.9,63.6,6.3,6.4,26.3,83.8,47.9,124.7,Flood,249.6,2.55,0.98,836159.0,54.5
Gujarat,Guntur,Wheat,Kharif,2.94,999.5,31.1,77.8,8.0,6.92,39.9,143.0,51.8,94.6,Sprinkler,132.4,4.74,0.9,176531.0,48.3
Madhya Pradesh,Warangal,Chilli,Kharif,5.72,931.0,28.2,70.2,8.9,6.93,27.8,77.7,68.9,107.2,Rainfed,236.9,5.57,0.8,453409.0,55.9
Andhra Pradesh,Raichur,Chilli,Kharif,13.29,782.6,22.9,55.5,5.9,6.55,37.3,80.3,58.6,92.0,Rainfed,106.8,8.08,0.82,635701.0,34.3
Madhya Pradesh,Indore,Rice,Rabi,13.57,281.2,24.2,49.5,7.6,6.53,20.7,121.1,51.8,83.1,Drip,207.9,4.54,0.99,896302.0,37.6
Telangana,Guntur,Cotton,Rabi,10.09,599.6,23.8,66.7,8.0,6.04,28.3,122.9,81.9,73.5,Drip,173.1,7.97,0.8,643648.0,46.4
Gujarat,Erode,Pulses,Rabi,12.32,683.4,29.7,37.8,7.5,6.7,21.8,111.9,54.0,65.2,Flood,117.7,5.41,0.91,727065.0,35.7
Gujarat,Guntur,Sugarcane,Kharif,12.74,973.7,29.9,57.5,7.4,6.65,25.8,110.1,57.6,89.8,Drip,134.0,4.39,0.72,856862.0,51.9
Punjab,Nalgonda,Rice,Zaid,10.27,460.2,31.7,44.2,9.0,6.64,17.3,118.0,55.5,112.6,Flood,247.2,5.92,0.79,766612.0,18.7
Maharashtra,Indore,Groundnut,Kharif,4.03,1096.7,27.3,82.9,7.6,6.48,32.8,146.1,40.3,82.4,Rainfed,232.1,6.66,0.77,258458.0,59.4
Gujarat,Warangal,Pulses,Kharif,3.76,950.0,25.5,84.0,5.8,6.33,33.7,140.9,62.8,130.3,Flood,150.0,3.28,0.95,223965.0,56.8
Tamil Nadu,Guntur,Pulses,Kharif,10.41,585.6,29.2,70.1,7.1,7.64,34.6,98.5,72.5,135.0,Drip,164.5,4.97,0.96,684024.0,45.5
Maharashtra,Ludhiana,Groundnut,Kharif,9.1,652.8,25.0,77.5,7.6,7.23,29.9,98.3,42.8,126.9,Rainfed,253.1,3.82,0.79,545378.0,61.5
Madhya Pradesh,Raichur,Pulses,Kharif,9.9,1121.7,27.6,75.5,6.1,6.85,39.5,107.2,89.9,103.5,Flood,167.8,4.7,0.87,588226.0,64.1
Madhya Pradesh,Krishna,Wheat,Rabi,13.36,297.6,24.5,63.9,6.4,6.15,22.1,95.1,28.5,132.6,Flood,283.0,4.95,0.74,908232.0,45.9
Andhra Pradesh,Erode,Pulses,Rabi,3.05,585.1,23.0,51.5,7.4,6.26,31.6,142.0,76.6,138.3,Flood,147.9,7.39,0.68,207017.0,31.3
Karnataka,Guntur,Wheat,Rabi,9.06,482.6,22.6,51.9,7.9,6.41,18.2,93.4,97.10099999999997,132.8,Flood,227.7,4.34,0.95,549864.0,30.4
Punjab,Ludhiana,Pulses,Rabi,4.45,703.6,21.8,52.5,5.7,6.48,28.3,121.8,57.4,115.6,Drip,193.1,2.63,0.69,250066.0,53.0
Tamil Nadu,Nashik,Maize,Kharif,2.35,679.8,30.6,66.0,5.8,7.17,31.4,88.1,67.2,89.4,Sprinkler,193.7,3.09,0.85,157988.0,42.8
Gujarat,Krishna,Wheat,Zaid,12.3,80.0,30.5,61.2,10.0,5.44,16.8,100.3,53.0,125.6,Flood,302.3,5.9,0.87,1063989.0,31.3
Telangana,Warangal,Groundnut,Kharif,13.44,981.1,27.2,78.8,8.2,6.5,25.0,114.7,39.9,76.1,Rainfed,194.3,6.1,0.9,857391.0,55.7
Madhya Pradesh,Guntur,Groundnut,Zaid,11.21,241.9,32.0,37.0,9.3,7.28,21.3,119.5,42.9,98.4,Drip,328.11199999999974,9.520199999999996,0.89,979301.0,18.7
Maharashtra,Krishna,Groundnut,Kharif,0.73,758.7,29.5,89.40399999999991,5.0,5.2,25.6,75.5,44.9,89.9,Drip,172.9,3.64,0.9,44813.0,59.5
Maharashtra,Rajkot,Cotton,Rabi,11.07,248.7,26.3,49.9,8.4,6.13,38.1,164.6,41.2,153.2,Drip,205.6,3.36,0.86,655991.0,44.5
Telangana,Indore,Maize,Rabi,4.05,478.5,23.1,73.2,8.5,7.09,23.2,130.0,50.9,120.0,Drip,328.11199999999974,6.2,0.85,279751.0,44.9
Maharashtra,Ludhiana,Pulses,Kharif,13.42,926.2,26.6,80.5,6.5,6.69,30.1,156.0,88.3,98.3,Drip,96.2,4.16,0.89,584910.0,58.5
Andhra Pradesh,Rajkot,Groundnut,Rabi,5.8,410.9,23.5,51.4,6.3,7.08,27.4,141.7,76.5,73.7,Drip,181.6,5.67,0.7,384950.0,42.7
Andhra Pradesh,Rajkot,Maize,Rabi,1.03,489.2,18.599,58.0,9.3,6.25,21.8,128.1,48.7,103.4,Rainfed,98.1,7.9,0.66,60695.0,20.3
Tamil Nadu,Rajkot,Sugarcane,Rabi,14.35,740.8,24.8,72.5,7.9,7.0,26.3,87.3,30.2,107.6,Sprinkler,147.1,2.23,0.92,847509.0,64.2
Andhra Pradesh,Ludhiana,Pulses,Kharif,11.89,937.3,22.8,72.9,6.8,6.89,23.1,61.3,62.8,140.9,Rainfed,174.4,1.89,0.69,840145.0,64.9
Tamil Nadu,Raichur,Rice,Rabi,0.64,566.9,21.6,51.7,8.2,5.41,17.8,141.3,71.4,133.8,Drip,221.4,7.55,0.94,42634.82,37.1
Andhra Pradesh,Warangal,Maize,Kharif,13.77,850.2,31.2,57.4,8.3,5.8,29.8,109.1,57.8,140.6,Flood,129.9,2.9,0.92,705327.0,55.4
Andhra Pradesh,Nalgonda,Rice,Zaid,13.6,327.7,26.9,42.8,10.0,7.34,15.7,118.0,32.6,59.6,Sprinkler,235.3,6.63,0.67,955996.0,31.4
Karnataka,Nashik,Pulses,Rabi,11.2,346.3,23.4,35.5,7.2,6.91,25.0,129.4,34.7,104.6,Sprinkler,129.0,6.4,0.81,668822.0,32.6
Karnataka,Erode,Groundnut,Kharif,13.76,968.7,27.3,71.1,5.7,6.88,27.0,96.8,62.5,128.4,Sprinkler,232.2,1.55,0.88,964006.0,74.60099999999997
Gujarat,Rajkot,Groundnut,Kharif,11.46,619.1,24.5,83.3,6.6,6.71,30.4,84.1,46.5,113.3,Rainfed,184.4,4.84,0.84,811732.0,60.2
Maharashtra,Erode,Cotton,Kharif,3.26,896.1,34.8,69.5,7.2,5.55,26.4,63.3,59.8,144.8,Sprinkler,164.3,4.67,0.98,193353.0,51.3
Madhya Pradesh,Warangal,Rice,Rabi,4.65,227.6,24.9,55.9,6.8,7.8,26.3,97.5,96.6,97.0,Flood,162.3,3.82,0.95,294129.0,36.6
Punjab,Indore,Pulses,Kharif,2.54,499.7,29.6,76.4,7.2,7.74,30.7,112.7,42.4,125.0,Drip,201.3,4.02,0.97,182833.0,51.3
Madhya Pradesh,Rajkot,Pulses,Kharif,14.46,763.3,32.5,77.0,6.3,7.23,27.2,158.4,51.1,56.6,Rainfed,206.5,4.14,0.97,1012756.0,65.4
Maharashtra,Nalgonda,Chilli,Rabi,8.45,575.8,24.3,57.8,7.5,7.02,18.5,115.2,67.5,125.0,Sprinkler,197.3,4.51,0.93,532885.0,57.1
Telangana,Guntur,Wheat,Rabi,3.75,99.6,27.2,56.7,6.8,6.08,26.1,160.8,66.3,46.8,Rainfed,101.6,4.45,0.97,192862.0,41.7
Tamil Nadu,Erode,Wheat,Rabi,11.28,281.9,23.4,69.3,7.4,6.62,27.2,154.3,28.4,95.3,Rainfed,154.9,5.89,0.68,702245.0,31.0
Maharashtra,Raichur,Maize,Rabi,10.33,606.2,21.7,46.6,9.5,6.73,33.2,121.8,60.8,92.8,Drip,166.9,3.5,0.84,685674.0,48.8
Maharashtra,Nalgonda,Pulses,Rabi,3.95,296.0,23.2,68.3,8.3,6.93,17.0,77.0,76.7,68.9,Sprinkler,114.9,9.35,0.74,272305.0,22.2
Tamil Nadu,Nalgonda,Wheat,Kharif,4.55,759.9,26.9,78.0,8.1,6.17,32.2,115.5,63.7,55.6,Flood,127.0,5.57,0.91,292455.0,47.0
Karnataka,Guntur,Cotton,Kharif,6.85,1044.5,26.3,73.7,7.1,7.12,31.5,153.5,70.0,88.9,Sprinkler,178.3,4.87,0.96,398694.0,46.2
Telangana,Warangal,Sugarcane,Kharif,3.83,1158.2,27.2,68.4,7.0,7.4,32.2,84.3,51.2,95.2,Sprinkler,252.4,5.08,0.82,263380.0,53.9
Telangana,Indore,Chilli,Rabi,5.69,765.3,22.2,56.6,7.4,6.42,21.5,139.4,72.6,128.8,Flood,227.4,5.88,0.87,375375.0,37.9
Tamil Nadu,Ludhiana,Cotton,Rabi,8.33,537.6,20.5,63.2,7.2,7.31,30.0,126.6,82.2,98.2,Drip,201.8,3.16,0.7,460863.0,41.0
Telangana,Erode,Cotton,Rabi,4.29,812.8,28.0,56.6,8.7,7.65,27.6,126.0,43.4,158.3,Rainfed,272.7,5.64,0.97,281826.0,57.3
Madhya Pradesh,Nashik,Groundnut,Rabi,5.33,582.1,22.4,44.7,8.0,5.2,19.5,133.4,63.0,125.4,Flood,139.1,4.68,0.94,278482.0,36.6
Maharashtra,Krishna,Wheat,Kharif,6.37,672.2,25.3,66.5,8.6,6.73,37.6,115.8,60.6,108.7,Drip,137.3,6.29,0.91,417483.0,46.9
Telangana,Ludhiana,Wheat,Rabi,13.3,752.6,26.9,45.1,8.4,5.74,24.4,154.8,81.9,91.4,Drip,124.1,4.74,0.76,912967.0,30.3
Punjab,Erode,Wheat,Rabi,9.85,586.7,28.3,56.9,7.8,6.96,21.9,140.5,70.9,147.9,Flood,147.6,3.67,0.78,752982.0,44.3
Tamil Nadu,Warangal,Groundnut,Kharif,8.76,443.7,28.8,77.7,8.4,8.240099999999998,32.3,139.5,47.3,96.8,Drip,281.3,2.15,0.99,557065.0,66.0
Madhya Pradesh,Nashik,Wheat,Kharif,11.36,695.0,25.8,67.0,5.6,7.19,31.1,134.4,69.3,108.5,Rainfed,245.2,6.07,0.89,649416.0,38.8
Andhra Pradesh,Rajkot,Wheat,Kharif,5.98,873.4,28.0,75.4,6.5,6.82,21.3,122.8,55.8,55.4,Rainfed,161.4,4.38,0.71,333731.0,49.4
Tamil Nadu,Nalgonda,Rice,Rabi,2.07,336.3,24.0,48.2,10.0,6.71,17.9,124.5,59.7,166.8,Sprinkler,147.6,2.53,0.74,146114.0,36.9
Gujarat,Ludhiana,Chilli,Rabi,14.69,159.9,22.3,47.4,9.2,6.06,18.8,190.6039999999999,58.9,131.2,Flood,178.5,6.0,0.91,1018941.0,34.2
Karnataka,Krishna,Wheat,Kharif,13.57,922.3,28.0,87.4,6.0,6.07,27.3,111.3,54.5,104.8,Flood,184.9,6.25,0.74,864572.0,48.1
Telangana,Erode,Cotton,Rabi,11.52,537.2,26.2,63.9,7.0,7.63,22.4,121.3,44.7,124.1,Flood,159.7,9.520199999999996,0.72,894553.0,35.4
Madhya Pradesh,Krishna,Chilli,Kharif,1.07,880.4,33.3,71.7,8.2,7.84,40.9,146.0,71.8,109.1,Flood,118.5,5.35,0.87,71809.0,47.4
Maharashtra,Krishna,Groundnut,Rabi,2.86,108.0,27.9,78.3,9.4,6.97,23.2,153.2,85.1,100.1,Flood,166.9,4.18,0.78,188358.0,42.0
Telangana,Erode,Groundnut,Kharif,13.86,878.5,29.8,81.4,6.3,7.65,30.1,83.4,84.4,152.7,Flood,204.1,3.38,0.94,1025521.0,70.8
Punjab,Nalgonda,Chilli,Rabi,2.99,587.0,27.9,46.2,8.2,6.5,20.2,141.7,74.9,51.5,Drip,320.8,5.61,0.99,250199.0,32.3
Maharashtra,Nalgonda,Rice,Rabi,10.27,240.1,22.1,76.7,6.4,6.62,22.8,150.0,69.9,134.6,Sprinkler,164.7,4.52,0.96,598738.0,30.7
Karnataka,Krishna,Pulses,Kharif,8.5,634.4,23.6,52.2,6.1,7.95,28.8,159.3,50.2,143.5,Drip,151.5,4.78,0.72,464484.0,35.0
Punjab,Guntur,Rice,Kharif,6.24,896.0,28.4,65.9,5.8,7.92,25.6,162.5,70.1,79.7,Drip,133.7,4.96,0.79,314286.0,55.4
Telangana,Ludhiana,Sugarcane,Kharif,9.12,932.6,29.3,65.5,8.7,6.38,34.0,47.593,69.1,113.1,Flood,229.1,4.19,0.82,751898.0,54.4
Madhya Pradesh,Guntur,Sugarcane,Kharif,4.5,867.9,27.3,66.6,7.2,6.17,38.2,115.9,48.2,91.2,Drip,225.6,4.01,0.82,290078.0,48.7
Punjab,Ludhiana,Sugarcane,Kharif,14.42,457.0,27.8,54.9,7.0,5.2,25.9,107.6,42.6,118.4,Rainfed,167.8,4.06,0.72,907734.0,52.8
Andhra Pradesh,Nashik,Cotton,Zaid,5.4,80.0,30.2,64.5,7.8,7.14,28.8,48.2,93.3,114.5,Flood,219.6,3.56,0.8,342108.0,34.8
Tamil Nadu,Warangal,Pulses,Kharif,13.92,1197.9,22.3,74.6,7.2,7.84,24.0,108.1,92.6,132.5,Flood,64.1,8.65,0.67,1020899.0,49.9
Karnataka,Guntur,Rice,Rabi,1.46,80.0,22.5,67.8,6.9,6.47,26.5,90.2,75.4,114.8,Rainfed,134.3,0.75,0.88,88554.0,50.4
Maharashtra,Nalgonda,Rice,Kharif,2.76,820.3,27.4,80.6,6.8,5.25,22.7,87.5,61.7,51.9,Flood,140.1,6.72,0.93,185413.0,63.4
Maharashtra,Nashik,Rice,Rabi,12.53,442.9,20.5,53.0,7.6,6.06,25.2,128.5,63.6,100.6,Sprinkler,76.8,6.87,0.87,855715.0,29.7
Telangana,Krishna,Maize,Zaid,1.58,313.9,27.7,41.8,9.0,6.87,16.5,142.9,59.9,99.3,Sprinkler,143.5,8.86,0.81,121054.0,25.6
Madhya Pradesh,Erode,Pulses,Zaid,3.55,445.9,29.7,61.1,8.2,5.58,20.0,98.2,25.5,139.1,Flood,194.7,2.7,0.89,206701.0,44.3
Telangana,Guntur,Sugarcane,Rabi,4.0,391.2,25.6,59.8,8.7,7.19,21.8,76.7,74.6,111.1,Rainfed,189.6,7.85,0.67,259517.0,24.0
Andhra Pradesh,Erode,Wheat,Kharif,13.1,795.3,24.5,55.5,6.3,8.240099999999998,30.9,124.8,46.3,149.8,Flood,161.7,7.08,0.97,871765.0,44.8
Maharashtra,Warangal,Chilli,Kharif,14.89,697.7,27.4,61.3,6.5,5.53,26.2,172.2,76.6,104.8,Sprinkler,172.4,5.59,0.99,940792.0,48.6
Tamil Nadu,Nashik,Rice,Rabi,8.43,407.1,21.3,60.1,8.0,6.59,24.4,116.4,70.6,128.5,Flood,301.1,2.9,0.98,706137.0,33.7
Karnataka,Erode,Chilli,Zaid,8.99,142.5,35.1,65.7,7.6,6.47,20.0,104.1,52.9,124.6,Drip,199.5,7.2,0.76,644651.0,33.9
Maharashtra,Erode,Cotton,Rabi,4.65,520.0,20.1,58.6,8.0,6.32,31.3,85.4,85.2,69.1,Drip,69.1,4.84,0.89,222809.0,42.7
Maharashtra,Rajkot,Maize,Kharif,7.86,699.2,31.4,73.3,8.7,6.71,31.3,113.7,59.6,117.1,Flood,231.6,3.08,0.73,430506.0,47.7
Punjab,Warangal,Groundnut,Rabi,12.38,542.7,19.9,61.5,7.0,6.5,31.8,87.3,47.8,144.1,Flood,258.0,3.65,0.87,963373.0,39.5
Maharashtra,Nashik,Pulses,Kharif,5.96,621.6,27.7,76.0,8.2,6.8,24.6,111.3,51.8,111.1,Rainfed,44.8,0.65,0.8,213412.0,59.3
Gujarat,Warangal,Rice,Rabi,4.76,464.9,21.6,62.5,8.1,5.86,20.0,47.593,58.0,52.8,Flood,191.3,2.86,0.96,312302.0,46.0
Telangana,Indore,Wheat,Kharif,2.03,1085.5,28.9,77.9,6.4,6.69,31.9,156.5,35.2,111.4,Rainfed,100.5,5.38,0.98,127691.0,63.9
Karnataka,Guntur,Pulses,Zaid,2.53,80.0,34.0,56.9,8.8,7.99,22.8,131.0,39.9,129.8,Flood,262.9,6.8,0.99,179667.0,35.4
Karnataka,Warangal,Chilli,Zaid,13.38,117.8,31.6,43.9,6.4,7.07,19.4,182.1,34.4,122.0,Rainfed,158.9,4.95,0.78,788466.0,43.7
Gujarat,Nashik,Groundnut,Rabi,12.77,520.5,27.1,55.7,7.4,6.18,31.3,89.9,72.2,109.1,Rainfed,269.9,1.63,0.72,974498.0,53.7
Madhya Pradesh,Erode,Pulses,Rabi,7.05,356.7,27.0,49.5,6.2,5.2,14.4,156.7,45.1,164.2,Rainfed,116.3,8.18,0.99,557552.0,21.6
Maharashtra,Raichur,Rice,Zaid,10.65,177.6,31.5,43.6,8.0,7.55,18.2,144.8,31.1,122.8,Flood,184.8,5.33,0.9,808697.0,28.0
Tamil Nadu,Raichur,Wheat,Zaid,3.71,576.2,29.3,48.9,8.0,6.67,20.9,152.4,69.7,78.9,Rainfed,44.595,3.98,0.97,163945.0,44.0
Madhya Pradesh,Nashik,Wheat,Rabi,7.42,532.6,24.4,65.0,6.8,6.94,25.9,83.0,50.6,92.5,Sprinkler,144.3,5.24,0.85,476065.0,45.8
Telangana,Nalgonda,Rice,Rabi,14.58,641.7,21.3,61.8,7.5,6.65,22.6,99.8,40.7,134.7,Flood,289.4,3.74,0.96,1035362.0,43.4
Maharashtra,Krishna,Chilli,Kharif,11.4,815.8,28.6,80.2,8.8,6.61,37.0,133.2,69.6,100.5,Rainfed,145.7,9.41,0.76,710093.0,37.8
Telangana,Erode,Pulses,Kharif,1.95,1072.4,25.9,71.1,5.7,5.95,34.2,48.2,97.10099999999997,146.8,Drip,241.7,9.25,0.88,134547.0,46.9
Maharashtra,Guntur,Rice,Zaid,7.74,271.1,35.1,49.9,6.5,7.22,16.9,112.5,39.0,152.0,Sprinkler,137.0,3.85,0.95,593150.0,42.9
Tamil Nadu,Indore,Rice,Rabi,2.39,582.0,21.3,55.5,8.4,7.08,30.0,103.3,53.4,102.7,Flood,177.5,6.51,0.77,171055.0,43.3
Telangana,Indore,Wheat,Kharif,1.44,927.2,27.3,75.8,7.2,6.61,36.9,188.9,61.6,121.1,Drip,215.6,4.27,0.74,117305.0,72.6
Madhya Pradesh,Indore,Pulses,Rabi,5.67,358.4,25.1,59.5,7.5,6.62,30.1,151.4,39.8,124.4,Drip,184.6,4.55,0.81,389581.0,40.6
Tamil Nadu,Krishna,Groundnut,Kharif,2.04,927.0,27.7,70.9,5.0,6.97,31.8,154.2,68.9,113.4,Flood,257.7,8.39,0.67,140715.0,43.9
Tamil Nadu,Indore,Chilli,Kharif,2.16,1068.9,29.7,73.0,7.1,6.97,30.6,148.9,50.1,126.2,Sprinkler,308.3,6.18,0.83,183052.0,60.7
Madhya Pradesh,Rajkot,Wheat,Rabi,12.63,275.6,25.3,59.8,8.1,6.75,29.7,93.9,58.2,76.2,Rainfed,260.6,6.26,0.77,850962.0,32.2
Maharashtra,Ludhiana,Rice,Rabi,7.76,432.0,19.9,72.8,6.9,6.37,24.5,136.6,43.7,161.8,Drip,180.0,3.09,0.93,533300.0,43.4
Tamil Nadu,Nashik,Rice,Kharif,9.19,756.7,30.1,82.9,6.8,7.24,29.1,172.5,71.9,155.2,Flood,140.2,4.73,0.92,589790.0,72.7
Maharashtra,Raichur,Pulses,Rabi,12.32,371.0,24.4,50.4,8.3,7.25,25.7,80.0,28.9,96.8,Rainfed,224.9,2.66,0.94,799704.0,39.6
Andhra Pradesh,Erode,Cotton,Kharif,1.06,702.0,22.4,57.3,6.7,6.93,34.9,91.7,63.1,105.8,Flood,227.4,5.51,0.75,76346.0,42.2
Andhra Pradesh,Raichur,Rice,Kharif,4.53,1118.6,25.9,69.2,7.0,6.35,26.4,150.2,79.1,95.8,Sprinkler,202.0,7.96,0.97,301726.0,42.7
Madhya Pradesh,Erode,Wheat,Kharif,7.71,636.3,25.7,76.2,7.4,5.79,40.8,90.9,61.2,144.1,Drip,212.6,2.51,0.74,498280.0,66.5
Madhya Pradesh,Guntur,Wheat,Kharif,5.9,516.3,26.7,70.4,4.9,7.41,34.4,110.5,78.1,148.2,Flood,138.8,6.57,0.71,430850.0,44.9
Telangana,Indore,Rice,Kharif,9.01,1096.9,28.7,67.7,7.8,6.99,29.6,87.6,42.0,109.5,Rainfed,198.9,2.56,0.75,573606.0,57.5
Punjab,Ludhiana,Wheat,Rabi,5.61,227.1,22.6,77.0,8.4,6.19,30.3,148.9,56.1,91.2,Rainfed,213.6,7.57,0.98,386380.0,19.7
Telangana,Rajkot,Chilli,Kharif,4.29,720.0,27.5,71.6,6.9,8.13,26.0,160.9,62.8,100.2,Sprinkler,171.6,6.88,0.79,274657.0,43.2
Telangana,Nalgonda,Rice,Kharif,6.06,1203.6019999999999,29.0,64.2,7.1,5.67,33.9,106.4,55.6,76.4,Flood,205.5,7.46,0.77,435383.0,57.5
Telangana,Nalgonda,Wheat,Rabi,1.01,598.1,25.9,78.9,7.8,6.21,23.1,150.6,41.0,80.4,Flood,82.0,6.12,0.71,60567.0,49.5
Andhra Pradesh,Guntur,Rice,Kharif,11.88,1083.4,24.2,62.5,6.2,8.13,38.7,110.9,52.6,56.4,Sprinkler,223.9,6.87,0.74,733733.0,48.3
Maharashtra,Raichur,Pulses,Rabi,2.9,387.8,19.8,63.0,7.5,7.1,20.5,95.2,66.5,168.90299999999993,Sprinkler,266.4,7.25,0.91,255473.0,32.4
Telangana,Erode,Chilli,Kharif,13.11,888.3,29.6,52.4,5.2,6.23,34.0,125.8,52.3,80.1,Rainfed,129.2,3.3,0.71,842025.0,51.1
Gujarat,Indore,Wheat,Kharif,12.21,1074.1,27.2,66.7,6.6,6.64,36.0,130.7,76.2,96.2,Sprinkler,129.8,4.76,0.82,914406.0,70.6
Andhra Pradesh,Indore,Chilli,Kharif,7.95,938.3,27.7,77.0,6.3,5.98,26.1,190.6039999999999,42.8,118.3,Rainfed,255.3,5.86,0.94,521704.0,50.0
Maharashtra,Rajkot,Chilli,Rabi,14.57,521.6,24.7,60.1,7.5,7.46,29.4,168.3,51.8,93.8,Drip,155.4,5.78,0.89,981067.0,44.3
Tamil Nadu,Indore,Groundnut,Kharif,2.3,1057.3,27.6,64.9,6.3,6.85,31.8,138.3,60.2,111.1,Flood,213.4,7.08,0.68,174691.0,54.7
Tamil Nadu,Erode,Cotton,Zaid,10.3,318.6,33.7,47.5,8.2,7.62,15.0,111.4,51.8,120.7,Sprinkler,199.4,4.91,0.75,679477.0,34.3
Maharashtra,Krishna,Cotton,Zaid,0.66,667.2,32.2,57.5,9.3,6.69,17.0,112.1,57.0,96.1,Drip,161.4,7.77,0.76,51256.0,35.3
Punjab,Krishna,Wheat,Kharif,11.89,657.1,27.7,64.3,6.6,7.16,37.0,129.9,39.4,130.1,Flood,174.7,7.55,0.77,744612.0,46.2
Punjab,Krishna,Rice,Kharif,13.64,634.6,28.6,78.5,7.1,6.29,22.7,119.6,45.3,97.4,Flood,307.0,8.86,0.99,1126428.82,40.5
Karnataka,Ludhiana,Maize,Zaid,8.28,402.2,32.2,39.1,8.6,5.54,16.4,91.9,60.5,83.7,Flood,200.0,2.95,0.94,581982.0,43.4
Punjab,Warangal,Maize,Rabi,7.77,477.4,22.7,58.5,7.5,7.77,24.8,103.6,41.1,138.8,Flood,269.7,7.32,0.96,580465.0,30.8
Gujarat,Warangal,Maize,Rabi,10.74,354.1,30.7,53.1,8.4,6.94,20.8,135.2,60.2,93.5,Rainfed,328.11199999999974,5.07,0.72,854715.0,37.5
Telangana,Nashik,Rice,Rabi,13.51,429.3,21.5,53.0,8.7,6.72,24.9,139.1,50.1,65.1,Drip,220.9,4.77,0.88,1021676.0,39.5
Punjab,Raichur,Wheat,Kharif,11.24,917.5,27.2,87.7,7.6,6.29,32.8,161.6,47.9,100.1,Flood,132.5,4.03,0.74,684228.0,58.8
Punjab,Nalgonda,Wheat,Kharif,14.89,582.5,25.1,80.6,6.4,7.92,29.4,121.4,35.7,76.6,Rainfed,137.0,3.71,0.74,843471.0,53.4
Punjab,Rajkot,Pulses,Rabi,12.64,397.3,22.2,39.7,6.1,5.95,22.7,109.6,58.5,139.0,Sprinkler,182.9,6.11,0.81,807725.0,25.9
Maharashtra,Nashik,Sugarcane,Rabi,11.44,699.6,24.7,50.6,7.4,6.82,23.0,146.2,69.9,61.9,Rainfed,177.6,0.73,0.72,638104.0,58.0
Maharashtra,Erode,Groundnut,Rabi,11.68,662.0,26.9,55.4,8.6,6.76,20.5,129.6,42.3,81.8,Drip,284.1,3.59,0.81,752579.0,60.1
Maharashtra,Nashik,Wheat,Rabi,11.73,631.8,24.3,59.5,6.4,5.8,25.5,146.0,31.5,128.9,Sprinkler,236.4,1.65,1.0,688355.0,57.7
Punjab,Indore,Rice,Rabi,14.85,93.2,23.1,57.7,7.0,6.52,24.7,169.6,36.8,77.0,Sprinkler,109.7,0.5,0.76,754599.0,45.6
Karnataka,Raichur,Maize,Rabi,1.07,569.7,22.8,61.5,7.7,7.05,27.1,161.9,69.4,72.6,Drip,278.3,1.92,0.97,74863.0,53.5
Gujarat,Warangal,Sugarcane,Kharif,6.03,859.1,31.4,63.4,7.2,5.86,27.7,158.8,47.2,133.9,Rainfed,84.2,3.19,0.7,302565.0,53.8
Andhra Pradesh,Nalgonda,Cotton,Rabi,4.99,427.5,25.5,66.0,7.7,6.67,16.7,130.9,70.3,65.0,Drip,183.0,6.98,0.67,363381.0,43.0
Andhra Pradesh,Rajkot,Cotton,Rabi,8.12,525.4,23.1,48.3,8.4,7.6,24.9,139.2,42.9,106.7,Drip,269.7,8.1,0.99,533293.0,18.7
Maharashtra,Indore,Sugarcane,Rabi,4.03,443.6,25.0,80.0,8.7,8.02,29.3,66.1,48.4,168.5,Flood,151.4,5.38,0.67,272172.0,51.1
Punjab,Warangal,Rice,Rabi,3.04,762.2,24.1,74.1,8.0,5.9,28.4,169.0,19.9,66.1,Flood,124.6,2.59,0.84,206700.0,61.6
Tamil Nadu,Ludhiana,Wheat,Rabi,7.06,413.9,20.6,59.6,9.3,6.57,17.3,47.593,52.3,67.6,Rainfed,128.4,5.16,0.73,356320.0,38.2
Andhra Pradesh,Raichur,Groundnut,Zaid,9.37,593.0,28.3,45.1,9.3,6.03,16.4,147.2,50.1,115.4,Flood,112.6,6.51,0.78,568865.0,38.7
Punjab,Krishna,Maize,Rabi,13.85,322.4,24.3,49.9,7.4,6.79,21.4,101.7,55.0,125.8,Flood,177.6,6.81,0.88,927022.0,18.7
Punjab,Erode,Cotton,Kharif,9.47,842.2,27.5,65.3,5.8,6.12,32.9,125.6,53.7,95.8,Sprinkler,192.6,4.22,0.66,543335.0,55.9
Madhya Pradesh,Nashik,Rice,Kharif,1.06,666.6,27.6,66.1,7.0,7.01,25.2,134.4,48.4,111.2,Flood,245.2,1.8,0.92,71828.0,68.8
Andhra Pradesh,Warangal,Cotton,Kharif,9.61,868.3,27.0,55.1,5.3,6.52,32.5,114.8,45.5,108.9,Rainfed,305.0,9.520199999999996,0.94,744664.0,41.7
Tamil Nadu,Indore,Cotton,Kharif,14.86,831.2,26.2,83.4,5.1,6.48,26.8,98.7,63.4,81.3,Sprinkler,98.0,3.55,0.78,724874.0,57.4
Telangana,Raichur,Groundnut,Kharif,11.06,987.5,28.8,86.8,7.4,5.98,40.4,147.4,75.4,112.5,Drip,93.7,0.5,0.75,560869.0,73.5
Gujarat,Ludhiana,Groundnut,Kharif,11.73,864.6,29.4,64.3,6.0,7.03,37.2,143.3,55.8,103.4,Drip,216.4,6.38,0.94,825852.0,45.4
Madhya Pradesh,Krishna,Wheat,Kharif,10.28,882.0,27.0,74.5,6.2,6.52,27.6,190.6039999999999,92.2,113.2,Sprinkler,177.5,2.4,0.7,692487.0,66.4
Maharashtra,Guntur,Chilli,Rabi,0.97,365.1,22.0,59.2,7.1,6.93,22.6,147.7,59.8,156.6,Drip,110.6,3.41,0.73,63010.0,46.0
Telangana,Indore,Cotton,Kharif,5.8,1042.7,30.8,69.5,6.6,6.98,25.7,89.4,74.9,162.7,Flood,218.1,4.96,0.95,435462.0,63.7
Gujarat,Nashik,Cotton,Kharif,8.7,301.8,25.1,62.3,7.1,7.01,31.5,171.9,55.7,122.5,Flood,81.9,6.25,0.81,542130.0,42.9
Tamil Nadu,Nashik,Maize,Zaid,7.23,589.9,30.3,46.3,9.2,6.72,18.7,145.3,71.0,114.7,Sprinkler,143.0,6.7,0.91,463524.0,34.3
Telangana,Nashik,Wheat,Kharif,10.39,853.1,28.7,69.4,6.1,7.01,39.2,109.7,62.3,118.3,Rainfed,178.9,3.73,0.93,641176.0,67.3
Maharashtra,Krishna,Chilli,Kharif,14.86,566.3,27.6,69.4,6.4,6.41,30.1,166.0,28.7,104.4,Flood,199.3,7.14,0.69,1126428.82,40.2
Andhra Pradesh,Raichur,Rice,Kharif,10.08,815.3,25.2,70.3,7.0,6.83,36.9,84.9,42.8,99.3,Flood,167.7,5.96,0.79,884269.0,45.6
Gujarat,Ludhiana,Pulses,Rabi,9.13,523.9,23.7,72.0,10.0,6.61,19.5,144.0,95.1,106.5,Drip,263.8,3.09,0.9,695453.0,50.7
Telangana,Raichur,Wheat,Kharif,6.11,1073.4,29.7,89.40399999999991,6.1,7.3,27.5,174.3,69.2,145.0,Flood,101.7,9.520199999999996,0.7,390120.0,55.3
Karnataka,Nashik,Wheat,Rabi,7.27,358.0,21.1,72.4,7.9,6.53,19.4,130.2,52.0,110.4,Rainfed,186.5,0.63,0.69,434624.0,55.3
Tamil Nadu,Ludhiana,Groundnut,Kharif,5.18,761.4,28.7,75.3,7.3,6.13,29.1,125.5,78.6,142.1,Rainfed,177.7,5.62,0.84,340725.0,49.7
Tamil Nadu,Ludhiana,Sugarcane,Zaid,5.93,582.0,33.3,61.0,9.4,6.61,17.8,173.1,40.7,95.7,Drip,210.9,5.35,0.83,385870.0,58.7
Tamil Nadu,Guntur,Chilli,Kharif,3.02,851.4,28.5,74.7,7.1,5.92,33.8,167.4,92.0,96.9,Drip,224.2,3.85,0.76,216704.0,60.5
Andhra Pradesh,Guntur,Wheat,Kharif,5.86,1003.4,28.5,72.1,6.0,6.12,26.7,121.0,84.8,75.8,Rainfed,220.9,6.73,0.73,415353.0,53.4
Maharashtra,Rajkot,Maize,Kharif,2.35,881.7,30.5,74.0,7.0,6.36,19.1,121.9,80.6,102.6,Flood,96.8,6.78,0.7,173694.0,50.8
Punjab,Krishna,Chilli,Zaid,10.77,227.5,34.8,37.3,9.7,7.4,18.7,93.8,51.0,93.0,Sprinkler,246.0,3.31,0.89,835467.0,52.9
Gujarat,Raichur,Maize,Kharif,10.77,673.7,30.2,70.6,5.3,5.9,26.8,112.3,53.3,142.7,Drip,130.9,8.28,0.66,687574.0,43.9
Maharashtra,Nashik,Chilli,Rabi,8.75,648.9,21.3,67.1,9.0,6.07,25.2,70.8,59.2,114.8,Drip,245.5,6.75,1.0,614924.0,48.0
Andhra Pradesh,Indore,Cotton,Kharif,1.94,956.0,26.8,71.7,6.7,5.89,27.7,94.4,54.0,75.4,Flood,96.5,7.43,0.81,147405.0,55.3
Punjab,Warangal,Pulses,Zaid,7.15,366.1,25.6,50.9,7.5,5.92,14.4,116.0,62.9,84.6,Drip,160.6,3.62,0.81,389681.0,33.9
Karnataka,Warangal,Rice,Kharif,7.67,427.9,29.1,78.1,7.6,5.37,31.6,117.2,52.4,73.2,Drip,252.2,5.61,0.78,498588.0,40.8
Maharashtra,Ludhiana,Chilli,Rabi,13.95,866.6,27.4,49.1,8.5,7.13,29.5,183.9,48.2,78.0,Sprinkler,182.4,3.33,0.85,828217.0,56.3
Maharashtra,Rajkot,Wheat,Rabi,13.89,545.1,24.4,59.6,8.5,6.59,17.3,77.6,88.6,135.9,Flood,233.3,4.44,0.83,878128.0,51.0
Gujarat,Indore,Rice,Rabi,0.64,536.7,24.5,66.0,5.1,6.04,29.5,138.8,52.1,159.3,Rainfed,211.9,3.66,0.92,42634.82,49.4
Punjab,Krishna,Wheat,Rabi,2.96,275.4,21.6,77.5,7.9,6.19,23.5,188.5,48.6,80.4,Flood,239.0,2.45,0.94,179355.0,52.9
Punjab,Raichur,Cotton,Zaid,11.51,80.0,32.4,60.4,9.7,7.1,17.7,128.6,37.9,116.7,Sprinkler,199.6,7.84,0.7,718052.0,34.6
Andhra Pradesh,Raichur,Maize,Rabi,11.49,318.9,25.7,55.8,8.8,7.67,26.7,104.4,69.0,90.3,Flood,257.1,6.58,0.77,994488.0,49.9
Maharashtra,Rajkot,Maize,Kharif,10.27,923.0,27.6,76.1,9.0,7.28,24.2,69.6,31.5,108.9,Rainfed,250.5,4.46,0.8,803191.0,50.2
Punjab,Warangal,Sugarcane,Rabi,8.99,472.7,23.0,49.1,7.3,6.45,21.6,97.3,42.7,104.4,Drip,310.4,1.44,0.99,680014.0,52.8
Karnataka,Erode,Groundnut,Kharif,6.25,582.0,33.0,76.6,7.6,5.73,27.3,105.7,31.5,80.6,Sprinkler,161.9,6.4,0.74,445735.0,44.8
Punjab,Rajkot,Maize,Rabi,9.96,582.0,23.4,58.7,8.2,6.0,18.5,101.2,72.2,55.1,Flood,154.2,3.01,0.76,591624.0,44.2
Maharashtra,Nashik,Cotton,Kharif,10.1,1047.1,27.0,73.4,6.4,6.56,31.9,108.5,40.8,85.8,Rainfed,263.8,2.8,0.83,579815.0,66.0
Tamil Nadu,Ludhiana,Rice,Kharif,8.66,786.7,26.5,62.7,5.0,5.48,39.0,151.6,37.3,92.4,Flood,166.1,7.64,0.94,686032.0,39.1
Karnataka,Nalgonda,Cotton,Rabi,5.97,384.7,19.5,73.4,7.1,6.96,28.6,111.1,64.2,110.7,Flood,162.4,4.84,0.76,336560.0,52.9
Punjab,Rajkot,Wheat,Zaid,5.89,496.4,35.0,60.6,10.0,7.37,11.4,173.3,57.2,112.3,Flood,209.8,4.68,0.97,485236.0,53.8
Madhya Pradesh,Warangal,Pulses,Kharif,12.34,761.1,30.5,84.5,6.7,6.99,35.7,73.3,97.10099999999997,106.1,Sprinkler,234.8,6.1,0.97,771910.0,64.1
Punjab,Guntur,Rice,Rabi,5.01,554.0,21.8,59.2,7.6,5.68,28.9,99.2,48.1,91.8,Sprinkler,250.9,8.15,0.98,318690.0,20.5
Tamil Nadu,Rajkot,Pulses,Kharif,5.83,682.7,25.4,78.1,5.8,6.21,32.8,159.2,51.9,124.5,Flood,138.7,4.13,0.88,409290.0,61.0
Gujarat,Indore,Maize,Rabi,11.24,341.7,18.599,58.6,7.6,7.14,27.6,162.9,63.7,145.0,Flood,247.3,6.37,0.77,959734.0,39.1
Telangana,Warangal,Wheat,Zaid,14.89,126.9,31.3,58.9,9.8,6.88,17.4,80.1,51.6,77.0,Sprinkler,249.5,3.67,0.83,1014951.0,47.4
Andhra Pradesh,Nalgonda,Cotton,Kharif,4.67,1182.2,30.4,82.4,8.3,7.57,35.8,175.0,80.7,162.0,Flood,200.9,5.73,0.71,376848.0,61.5
Gujarat,Rajkot,Maize,Kharif,12.39,578.9,27.8,71.2,6.2,6.48,39.1,84.7,65.7,119.9,Flood,127.8,2.52,0.88,866233.0,41.0
Punjab,Warangal,Pulses,Rabi,4.58,320.1,25.2,47.4,9.4,5.55,25.4,151.6,66.1,89.2,Rainfed,80.9,0.5,0.97,211886.0,64.3
Maharashtra,Warangal,Rice,Rabi,2.9,405.4,19.9,46.0,6.8,6.19,27.5,98.1,76.3,65.5,Rainfed,124.5,5.98,0.97,176959.0,23.9
Tamil Nadu,Indore,Maize,Kharif,12.36,1034.9,35.1,82.8,8.9,7.49,36.6,64.9,75.3,67.7,Flood,137.3,3.32,0.76,716009.0,73.5
Gujarat,Guntur,Wheat,Rabi,12.6,582.0,22.9,56.0,7.0,6.51,26.1,150.6,52.2,86.2,Drip,186.9,3.64,0.77,689733.0,50.0
Maharashtra,Indore,Groundnut,Kharif,11.71,1004.0,28.9,55.2,5.6,7.44,31.5,161.4,59.1,73.7,Sprinkler,199.7,7.69,0.87,713481.0,47.1
Madhya Pradesh,Raichur,Rice,Kharif,2.86,1011.4,28.9,89.40399999999991,6.6,6.91,29.6,119.9,88.4,50.0,Rainfed,170.3,6.68,0.84,188064.0,48.8
Maharashtra,Erode,Rice,Kharif,11.5,663.3,34.3,67.3,6.0,7.01,37.2,106.8,95.3,93.7,Rainfed,157.3,5.03,0.87,793916.0,47.5
Maharashtra,Erode,Cotton,Rabi,0.64,248.7,22.6,65.5,7.3,6.74,19.6,136.9,43.9,90.9,Sprinkler,89.7,5.07,0.82,42634.82,45.9
Tamil Nadu,Guntur,Chilli,Rabi,6.11,508.4,24.2,55.8,7.8,5.51,33.0,88.2,49.6,105.1,Rainfed,266.1,6.99,0.99,452267.0,33.0
Andhra Pradesh,Nashik,Chilli,Rabi,12.94,508.4,22.9,53.1,7.6,6.54,26.4,134.3,53.9,121.3,Drip,91.5,4.16,0.71,735429.0,48.3
Gujarat,Guntur,Maize,Rabi,10.44,535.9,22.0,47.0,6.3,6.43,29.0,116.6,43.8,96.4,Flood,214.4,5.14,0.75,701150.0,32.6
Andhra Pradesh,Warangal,Pulses,Kharif,1.13,614.7,31.2,89.40399999999991,5.2,6.61,29.1,127.7,53.4,76.9,Sprinkler,44.595,6.76,0.81,82180.0,51.1
Karnataka,Warangal,Wheat,Rabi,2.43,461.8,21.1,55.5,7.7,6.24,28.4,115.1,83.9,55.6,Flood,196.3,7.23,0.7,155312.0,33.0
Andhra Pradesh,Ludhiana,Groundnut,Rabi,14.61,756.7,21.0,52.8,8.0,6.5,24.9,130.5,62.5,91.0,Sprinkler,235.4,6.4,0.87,982758.0,43.5
Punjab,Erode,Sugarcane,Kharif,8.87,878.7,28.5,76.0,6.8,7.02,34.9,122.4,57.8,68.2,Sprinkler,220.9,4.83,0.9,676634.0,52.6
Karnataka,Krishna,Rice,Kharif,13.44,772.0,25.3,78.7,7.3,6.52,38.5,142.3,52.1,114.9,Sprinkler,266.4,6.65,0.82,1121156.0,43.8
Gujarat,Krishna,Groundnut,Kharif,4.28,782.7,28.7,70.4,5.9,7.25,30.2,135.1,96.0,112.8,Rainfed,237.5,5.02,0.85,244113.0,47.1
Punjab,Krishna,Sugarcane,Kharif,14.89,684.9,30.6,60.8,6.2,6.08,31.7,91.1,56.1,87.4,Flood,163.6,6.19,0.82,1103823.0,51.8
Telangana,Warangal,Pulses,Kharif,2.98,914.9,33.2,81.3,6.0,8.23,26.7,130.1,28.1,94.8,Flood,144.6,7.6,0.73,182599.0,38.4
Tamil Nadu,Raichur,Sugarcane,Zaid,14.36,475.9,33.5,54.4,8.0,7.09,14.7,117.0,32.5,113.8,Drip,254.1,4.82,0.82,1126428.82,46.0
Andhra Pradesh,Warangal,Rice,Kharif,2.12,1040.1,25.4,76.8,7.9,6.7,29.5,135.5,40.9,104.7,Rainfed,257.5,4.24,0.67,118052.0,50.7
Karnataka,Nalgonda,Chilli,Zaid,9.82,505.7,29.0,51.2,8.9,7.16,16.9,91.9,25.2,116.5,Drip,225.0,4.53,0.71,748307.0,47.4
Tamil Nadu,Nalgonda,Sugarcane,Zaid,0.91,158.7,28.0,49.6,9.2,6.4,13.8,147.8,65.1,145.5,Sprinkler,143.9,5.38,0.76,61468.0,38.1
Gujarat,Indore,Sugarcane,Rabi,8.12,342.0,21.9,62.9,6.1,6.92,27.1,174.0,81.2,105.7,Flood,272.8,1.76,0.65,542008.0,41.7
Maharashtra,Warangal,Sugarcane,Rabi,7.83,340.8,21.1,58.9,6.8,6.28,24.2,120.5,39.3,113.7,Drip,186.2,3.78,0.99,495786.0,33.8
Telangana,Ludhiana,Wheat,Zaid,4.23,226.7,30.8,45.5,10.0,6.11,25.3,48.1,34.7,96.6,Flood,207.7,8.18,0.89,331941.0,18.7
Karnataka,Raichur,Chilli,Rabi,8.88,924.5,23.4,61.1,7.1,5.56,22.7,104.9,69.1,121.2,Drip,164.9,5.64,0.69,614083.0,47.3
Tamil Nadu,Indore,Cotton,Kharif,6.99,1001.0,25.5,67.5,8.6,7.01,33.8,75.0,97.10099999999997,90.0,Drip,277.4,5.04,0.75,448934.0,56.4
Punjab,Indore,Rice,Kharif,9.74,1029.2,29.3,89.40399999999991,5.3,6.2,33.8,98.7,59.8,142.9,Sprinkler,199.0,2.84,0.99,699879.0,74.60099999999997
Telangana,Raichur,Groundnut,Rabi,2.8,592.3,28.3,59.5,9.1,7.18,26.6,131.1,38.4,117.3,Sprinkler,157.4,5.49,0.83,176849.0,40.3
Gujarat,Indore,Rice,Zaid,6.31,337.1,30.6,51.2,7.8,6.07,19.8,107.4,42.7,72.8,Rainfed,174.6,6.91,0.82,346570.0,32.2
Karnataka,Raichur,Rice,Zaid,7.48,229.5,33.3,53.0,7.4,6.48,15.2,134.3,56.8,103.6,Drip,62.1,6.7,0.85,375759.0,39.7
Punjab,Raichur,Groundnut,Rabi,8.91,582.7,28.5,54.3,8.7,6.31,23.6,143.6,44.4,98.3,Rainfed,228.7,5.69,0.96,588508.0,51.2
Maharashtra,Indore,Rice,Kharif,1.19,873.2,30.0,69.3,7.9,7.73,32.6,130.8,41.0,82.6,Rainfed,236.3,6.67,0.72,76362.0,55.8
Gujarat,Erode,Wheat,Zaid,2.3,246.5,32.4,61.3,8.3,6.47,19.4,102.3,68.6,119.1,Flood,157.0,4.6,0.78,129621.0,31.4
Punjab,Raichur,Groundnut,Kharif,9.15,767.5,26.5,75.4,6.7,6.1,30.4,87.3,81.8,130.5,Drip,309.3,4.28,0.89,669624.0,60.9
Maharashtra,Raichur,Chilli,Kharif,3.41,748.0,29.3,70.7,7.2,7.0,30.7,104.3,75.3,72.1,Flood,152.9,3.49,0.68,241239.0,68.6
Andhra Pradesh,Warangal,Maize,Kharif,14.87,1125.6,27.3,82.1,6.1,5.52,30.2,83.6,59.2,84.1,Sprinkler,78.7,6.75,0.88,770947.0,55.9
Madhya Pradesh,Krishna,Rice,Zaid,4.49,383.1,33.8,50.1,8.5,7.97,16.0,136.6,89.8,144.2,Flood,151.0,5.31,0.67,243970.0,44.3
Karnataka,Erode,Rice,Kharif,7.02,978.4,30.9,66.1,6.5,6.77,33.5,164.0,59.0,38.6,Rainfed,307.9,7.16,0.8,610824.0,45.7
Karnataka,Ludhiana,Sugarcane,Zaid,14.07,80.0,32.7,49.7,6.4,6.88,18.4,152.7,44.6,82.6,Drip,253.2,4.73,0.92,942002.0,30.1
Maharashtra,Nashik,Maize,Rabi,7.96,477.9,22.1,64.3,9.0,7.17,30.5,118.3,52.7,112.3,Flood,223.6,4.73,0.88,596875.0,40.5
Tamil Nadu,Krishna,Sugarcane,Rabi,2.35,533.6,20.6,57.1,6.2,6.23,22.0,114.4,76.9,109.1,Sprinkler,189.4,2.98,0.95,171900.0,51.1
Telangana,Indore,Groundnut,Rabi,6.23,87.1,27.3,45.3,7.8,6.05,24.3,93.7,47.6,98.3,Flood,108.3,5.88,0.95,454076.0,33.7
Gujarat,Guntur,Groundnut,Kharif,2.76,1059.6,29.3,64.0,7.1,7.11,36.1,151.2,52.3,99.4,Flood,223.1,5.61,0.83,201733.0,55.6
Karnataka,Krishna,Maize,Kharif,0.77,1112.0,28.1,89.40399999999991,6.1,7.4,33.3,89.7,35.3,76.1,Drip,115.1,8.59,0.85,45482.0,54.7
Madhya Pradesh,Erode,Groundnut,Rabi,11.17,159.6,25.7,71.8,8.0,6.3,19.9,132.3,71.0,94.7,Rainfed,199.4,8.73,0.77,716530.0,23.4
Andhra Pradesh,Nalgonda,Chilli,Kharif,13.02,976.8,31.6,85.8,6.3,6.47,32.9,125.6,75.2,116.2,Rainfed,328.11199999999974,4.56,0.73,1038653.0,74.60099999999997
Punjab,Raichur,Groundnut,Kharif,3.54,707.6,27.9,89.2,7.8,6.75,34.3,132.5,88.2,159.6,Rainfed,199.2,4.97,0.85,250741.0,64.4
Maharashtra,Erode,Pulses,Kharif,9.67,947.9,26.8,64.4,5.8,5.59,29.8,115.6,51.1,46.2,Flood,153.7,6.41,0.67,653536.0,63.5
Maharashtra,Warangal,Cotton,Rabi,8.26,359.0,19.0,51.5,9.4,7.7,26.3,47.593,20.2,95.3,Flood,237.5,3.9,0.74,601583.0,30.4
Andhra Pradesh,Nalgonda,Chilli,Kharif,2.64,956.5,27.9,57.9,7.4,7.74,38.6,47.593,54.1,81.5,Drip,124.5,4.84,0.88,190964.0,55.8
Punjab,Warangal,Rice,Rabi,9.57,686.3,26.1,70.3,8.6,6.41,22.8,132.2,63.9,79.0,Rainfed,212.7,5.19,0.71,712789.0,55.6
Madhya Pradesh,Raichur,Pulses,Kharif,4.49,1050.8,30.7,77.2,7.8,6.2,32.4,179.1,75.8,82.2,Drip,210.9,4.21,0.8,285507.0,64.6
Punjab,Indore,Wheat,Kharif,13.89,860.8,28.2,89.40399999999991,7.2,6.0,31.9,149.1,34.1,103.7,Flood,148.7,5.98,0.82,1105642.0,61.0
Andhra Pradesh,Guntur,Rice,Kharif,3.65,970.5,25.5,65.1,7.1,7.68,29.8,122.6,56.2,74.4,Sprinkler,209.6,4.03,0.77,238220.0,55.1
Madhya Pradesh,Guntur,Rice,Rabi,1.28,185.1,23.4,57.1,6.7,7.14,22.8,149.8,70.7,111.1,Sprinkler,162.8,3.66,1.0,88834.0,44.1
Maharashtra,Krishna,Groundnut,Rabi,3.06,637.0,22.9,59.3,8.7,6.58,20.1,105.2,50.3,96.8,Rainfed,217.6,7.05,0.93,195594.0,47.8
Karnataka,Rajkot,Sugarcane,Rabi,8.49,80.0,24.4,60.5,7.4,7.25,25.1,79.5,42.5,89.1,Sprinkler,171.5,3.43,0.68,465569.0,33.7
Telangana,Krishna,Pulses,Kharif,12.85,851.7,27.3,71.8,7.4,6.23,34.7,88.5,75.1,114.0,Drip,138.1,3.01,0.78,695842.0,57.6
Telangana,Ludhiana,Cotton,Kharif,1.87,562.0,29.5,59.7,6.0,6.69,31.1,121.5,56.9,81.7,Drip,159.2,6.21,0.82,131840.0,37.6
Madhya Pradesh,Krishna,Maize,Kharif,11.53,768.8,25.6,71.5,7.9,6.71,32.7,120.2,73.0,97.8,Rainfed,180.9,1.59,0.93,722506.0,65.1
Punjab,Raichur,Wheat,Kharif,4.67,557.9,30.4,79.6,7.3,6.58,23.7,116.5,43.2,163.8,Rainfed,84.3,3.58,0.83,237291.0,68.1
Tamil Nadu,Nashik,Rice,Kharif,4.23,907.0,31.2,66.9,6.8,6.09,34.8,145.6,57.0,94.3,Drip,172.4,3.36,0.72,276134.0,67.3
Karnataka,Indore,Pulses,Rabi,13.23,312.8,23.2,73.0,7.3,6.44,13.5,130.7,57.0,122.2,Flood,209.5,2.15,0.83,801427.0,49.4
Gujarat,Nalgonda,Maize,Zaid,2.77,146.7,32.6,61.9,8.8,6.83,20.2,135.5,46.6,95.5,Drip,204.5,1.79,0.76,185091.0,38.2
Madhya Pradesh,Nashik,Rice,Kharif,2.18,822.5,28.9,85.0,7.0,7.47,38.4,134.4,57.2,113.1,Rainfed,104.4,5.35,0.94,125890.0,55.6
Punjab,Indore,Rice,Kharif,12.73,909.6,29.3,79.5,7.6,8.240099999999998,29.8,47.593,96.5,72.6,Flood,219.3,4.6,0.97,929221.0,68.8
Tamil Nadu,Rajkot,Maize,Zaid,5.58,352.0,27.9,62.3,9.5,7.46,17.8,136.3,49.8,74.0,Rainfed,125.8,1.74,0.95,296682.0,52.3
Madhya Pradesh,Nashik,Maize,Kharif,12.95,268.1,25.6,67.9,6.2,7.04,29.7,80.5,17.298000000000002,116.6,Rainfed,162.3,4.53,0.99,844970.0,42.9
Maharashtra,Guntur,Cotton,Rabi,4.61,345.0,25.7,50.1,8.6,7.07,35.8,161.8,17.298000000000002,109.6,Drip,228.8,5.55,0.67,353949.0,24.8
Gujarat,Nashik,Cotton,Kharif,5.1,1011.5,26.1,67.8,5.4,6.14,23.1,104.7,40.3,98.1,Sprinkler,127.8,1.9,0.8,315919.0,64.1
Madhya Pradesh,Nalgonda,Maize,Kharif,2.6,897.6,32.5,50.2,8.0,6.88,33.0,103.5,70.1,130.3,Sprinkler,175.9,4.42,0.67,161663.0,48.5
Punjab,Warangal,Sugarcane,Rabi,14.74,589.1,24.2,54.5,8.0,6.81,19.1,151.3,80.3,127.8,Sprinkler,187.3,4.43,0.98,972119.0,43.8
Andhra Pradesh,Krishna,Maize,Kharif,9.24,958.2,29.0,54.6,7.6,6.94,32.0,150.3,66.7,124.4,Drip,156.4,5.87,0.87,562151.0,53.4
Gujarat,Raichur,Chilli,Rabi,13.19,221.2,24.3,53.7,7.5,7.3,17.3,89.5,48.1,147.2,Drip,149.4,4.32,0.94,739537.0,30.8
Telangana,Nalgonda,Wheat,Kharif,0.64,717.9,32.9,89.40399999999991,6.7,7.49,33.7,122.6,46.1,87.7,Rainfed,160.9,5.75,0.65,42634.82,37.5
Tamil Nadu,Warangal,Maize,Rabi,12.28,890.2,23.3,54.3,7.6,6.41,20.7,132.8,55.2,97.9,Rainfed,156.2,8.52,0.83,753494.0,34.4
Punjab,Rajkot,Rice,Kharif,7.76,621.7,31.3,78.7,6.6,8.240099999999998,35.2,139.8,29.1,122.7,Flood,290.6,2.17,0.76,579940.0,61.6
Karnataka,Rajkot,Maize,Kharif,8.95,1180.1,25.4,65.3,6.8,6.49,40.5,87.5,51.9,90.6,Flood,76.2,4.25,1.0,385486.0,57.8
Maharashtra,Krishna,Maize,Kharif,3.51,638.5,25.7,73.0,7.8,7.84,37.1,76.1,77.8,129.4,Rainfed,133.7,3.2,0.78,193464.0,53.5
Gujarat,Rajkot,Maize,Kharif,10.31,1149.3,27.9,66.9,7.1,6.96,33.4,97.1,48.5,110.7,Sprinkler,242.3,7.64,0.67,785711.0,40.7
Tamil Nadu,Nalgonda,Rice,Rabi,1.52,361.3,28.8,41.3,8.2,7.07,22.8,113.5,26.2,75.0,Flood,44.595,4.3,0.99,71752.0,37.3
Maharashtra,Warangal,Maize,Rabi,7.38,758.1,25.8,66.5,7.1,6.03,11.7,111.2,67.4,71.2,Rainfed,177.0,5.14,0.91,538921.0,54.6
Telangana,Ludhiana,Maize,Rabi,6.97,494.6,24.4,49.8,6.9,7.48,22.8,159.1,96.1,125.8,Flood,158.8,4.3,0.98,408886.0,45.8
Maharashtra,Rajkot,Pulses,Zaid,3.64,511.4,29.9,44.5,7.5,7.59,27.0,128.3,70.1,105.0,Drip,154.0,6.07,0.67,220371.0,34.5
Tamil Nadu,Nalgonda,Chilli,Rabi,4.23,454.8,24.8,64.8,9.3,6.68,25.5,91.5,66.9,139.5,Drip,189.7,5.17,0.72,256357.0,38.2
Maharashtra,Raichur,Cotton,Kharif,5.54,961.9,30.1,53.9,5.5,6.06,31.3,106.9,34.8,89.8,Drip,305.4,5.17,0.72,429603.0,49.9
Gujarat,Ludhiana,Wheat,Kharif,8.91,830.6,29.6,75.8,6.1,6.44,33.5,124.0,67.7,149.6,Flood,269.8,1.13,0.81,562055.0,61.3
Andhra Pradesh,Erode,Cotton,Rabi,7.73,470.5,24.6,63.9,8.1,6.77,15.8,133.0,43.8,84.1,Drip,148.5,4.46,0.88,466151.0,50.7
Karnataka,Krishna,Rice,Rabi,10.35,500.9,27.1,41.6,8.5,6.94,26.0,70.2,84.1,46.3,Rainfed,225.3,2.95,0.88,643304.0,33.3
Andhra Pradesh,Erode,Pulses,Zaid,10.74,80.0,31.4,55.0,5.7,6.79,20.5,69.8,50.8,121.1,Rainfed,70.7,3.45,0.85,580909.0,42.8
Maharashtra,Ludhiana,Wheat,Kharif,14.29,872.2,27.3,70.9,5.5,6.65,28.6,190.6039999999999,45.4,136.4,Flood,229.2,6.28,0.79,1033483.0,46.5
Tamil Nadu,Guntur,Chilli,Kharif,1.15,780.6,30.9,73.6,6.1,5.84,28.7,47.593,60.9,129.9,Rainfed,283.6,2.13,0.97,70973.0,70.4
Karnataka,Warangal,Maize,Kharif,10.2,1003.0,29.8,85.0,6.2,6.52,36.7,119.0,58.3,69.1,Flood,328.11199999999974,4.15,0.78,779375.0,61.4
Punjab,Guntur,Wheat,Kharif,11.77,1071.4,29.4,70.6,6.4,6.21,31.0,126.9,86.7,112.5,Sprinkler,197.5,0.5,0.71,708666.0,67.2
Karnataka,Indore,Maize,Rabi,9.56,126.2,27.6,73.5,8.0,6.72,29.8,167.9,52.4,63.0,Sprinkler,183.9,8.14,0.93,602709.0,36.4
Tamil Nadu,Erode,Pulses,Rabi,6.17,537.3,19.5,69.2,6.5,8.240099999999998,23.9,161.8,66.7,168.6,Drip,280.7,3.65,0.87,483204.0,40.0
Punjab,Erode,Chilli,Rabi,14.63,332.0,22.1,69.1,8.1,6.83,18.9,96.0,43.5,134.5,Flood,179.1,4.43,0.85,888938.0,43.8
Gujarat,Erode,Chilli,Kharif,7.75,450.4,32.9,58.7,9.1,7.33,31.7,190.6039999999999,62.3,142.7,Flood,246.6,3.83,0.95,566160.0,39.2
Madhya Pradesh,Nashik,Cotton,Kharif,9.06,856.6,26.2,64.3,8.1,7.07,39.9,111.7,73.9,44.4,Rainfed,132.2,6.74,0.7,543229.0,35.5
Telangana,Nalgonda,Wheat,Zaid,3.45,537.2,33.0,55.7,8.4,6.75,15.8,159.3,63.0,71.9,Sprinkler,269.1,5.02,0.87,308439.0,50.5
Karnataka,Indore,Wheat,Kharif,1.24,995.3,28.5,69.5,6.3,5.83,32.2,148.6,78.3,102.6,Flood,156.6,4.3,0.75,74716.0,70.8
Maharashtra,Guntur,Chilli,Zaid,7.95,263.2,27.0,48.1,8.0,6.92,21.0,131.5,53.1,118.8,Drip,149.6,7.79,1.0,496596.0,28.9
Maharashtra,Guntur,Pulses,Kharif,13.68,797.9,28.1,73.5,8.2,7.82,30.9,131.9,34.3,120.0,Sprinkler,235.7,8.03,0.78,923634.0,42.9
Karnataka,Warangal,Groundnut,Rabi,2.22,668.0,23.0,44.4,6.0,6.58,20.9,153.9,78.7,61.3,Flood,95.9,6.41,0.67,132630.0,36.6
Madhya Pradesh,Warangal,Chilli,Rabi,11.2,506.0,22.8,58.3,8.2,6.12,25.0,151.9,79.1,97.5,Drip,169.2,4.88,0.69,812218.0,32.2
Maharashtra,Warangal,Cotton,Rabi,11.29,419.2,20.9,35.5,6.6,6.92,16.4,157.5,41.6,106.2,Drip,188.0,6.03,0.71,861316.0,19.8
Telangana,Krishna,Rice,Rabi,4.56,143.6,22.9,59.9,7.9,5.92,20.8,138.3,41.7,100.8,Flood,247.7,6.31,0.69,351602.0,24.0
Andhra Pradesh,Nashik,Cotton,Zaid,3.63,505.2,28.6,52.6,4.9,8.03,21.1,82.3,57.0,62.7,Sprinkler,174.3,7.2,0.8,267215.0,18.7
Madhya Pradesh,Nalgonda,Cotton,Kharif,8.39,620.2,26.7,70.7,6.9,5.92,30.2,66.4,68.0,125.3,Drip,226.5,5.32,0.95,552210.0,52.4
Maharashtra,Nashik,Rice,Zaid,2.2,80.0,33.9,52.3,7.5,6.49,16.0,119.6,96.6,115.8,Flood,243.6,4.71,0.7,154319.0,43.1
Punjab,Erode,Cotton,Zaid,3.48,256.7,31.0,58.6,8.4,5.75,25.2,118.9,35.9,142.0,Drip,104.8,4.78,0.9,236379.0,30.4
Andhra Pradesh,Guntur,Wheat,Kharif,5.56,855.5,24.4,84.3,6.5,7.36,35.1,163.2,67.0,147.4,Drip,298.8,6.1,0.89,469824.0,63.2
Telangana,Raichur,Pulses,Kharif,14.75,888.7,27.1,69.7,5.4,7.14,24.9,118.3,57.3,110.4,Sprinkler,204.5,6.85,0.85,1126428.82,41.2
Andhra Pradesh,Erode,Pulses,Kharif,8.67,879.2,26.5,69.9,7.3,6.52,35.8,165.1,41.8,73.0,Flood,136.6,2.36,0.81,620548.0,59.5
Punjab,Erode,Pulses,Zaid,8.91,521.4,32.0,43.7,8.6,6.03,21.1,93.1,58.0,73.4,Rainfed,176.3,2.79,0.87,420584.0,39.3
Gujarat,Warangal,Groundnut,Rabi,1.07,378.6,18.599,57.4,7.6,6.57,30.6,98.2,69.9,100.5,Drip,240.6,5.22,0.66,82155.0,31.9
Andhra Pradesh,Warangal,Chilli,Kharif,7.78,719.0,27.3,86.9,7.8,7.58,36.3,128.1,75.2,109.4,Drip,163.7,2.44,0.83,466547.0,74.60099999999997
Maharashtra,Erode,Pulses,Kharif,3.24,997.5,27.2,75.0,6.0,7.45,33.2,123.9,43.4,84.9,Flood,219.0,5.99,0.77,179285.0,56.7
Madhya Pradesh,Indore,Groundnut,Kharif,1.25,982.9,28.7,69.0,7.4,7.58,36.5,63.5,49.1,85.9,Drip,282.5,8.04,0.81,88048.0,43.3
Punjab,Warangal,Rice,Rabi,11.27,357.4,25.8,58.7,8.1,6.22,20.3,98.6,50.0,111.7,Rainfed,143.8,7.18,0.71,730400.0,25.6
Maharashtra,Guntur,Wheat,Rabi,6.03,524.3,28.5,39.3,7.1,6.3,25.8,54.5,62.9,130.7,Rainfed,250.0,1.08,0.69,381283.0,45.4
Tamil Nadu,Raichur,Wheat,Kharif,14.01,1153.3,29.9,83.9,6.4,7.18,30.5,102.8,42.8,129.7,Drip,179.1,2.85,0.99,996586.0,74.60099999999997
Telangana,Raichur,Wheat,Kharif,7.12,582.0,28.7,67.9,8.1,6.67,23.8,134.8,31.8,110.0,Drip,246.6,5.94,0.68,479043.0,42.8
Karnataka,Raichur,Chilli,Rabi,5.83,408.5,24.5,56.1,8.7,7.19,24.8,107.9,59.1,143.5,Rainfed,102.6,8.25,0.66,306404.0,38.8
Punjab,Raichur,Chilli,Zaid,0.83,494.4,31.3,55.6,6.7,6.89,27.3,160.8,68.9,93.9,Rainfed,124.5,4.92,0.74,51450.0,34.6
Tamil Nadu,Indore,Groundnut,Kharif,8.23,690.9,28.8,55.1,7.4,5.98,37.3,124.9,48.0,114.9,Drip,242.8,0.5,0.73,504340.0,48.0
Telangana,Ludhiana,Rice,Rabi,3.87,291.0,25.5,67.9,7.2,6.54,31.8,125.2,68.1,141.0,Rainfed,219.4,1.36,0.96,208303.0,44.4
Tamil Nadu,Erode,Chilli,Kharif,12.2,1117.2,25.2,62.9,7.5,6.68,30.5,137.6,57.7,133.0,Drip,214.4,5.63,0.7,852962.0,56.2
Andhra Pradesh,Nalgonda,Cotton,Rabi,13.67,370.2,23.4,50.5,6.6,7.18,26.5,137.9,56.5,130.2,Rainfed,225.5,5.35,0.7,784240.0,26.4
Madhya Pradesh,Indore,Groundnut,Kharif,14.89,986.9,30.9,66.4,5.4,8.1,34.5,120.0,83.3,136.0,Rainfed,229.2,1.18,0.91,934981.0,60.7
Gujarat,Erode,Rice,Kharif,12.33,814.2,26.7,58.6,6.8,6.14,24.7,92.4,40.6,129.8,Flood,155.5,7.8,0.8,890657.0,35.8
Maharashtra,Erode,Pulses,Kharif,2.9,801.0,28.6,63.1,6.3,7.06,32.1,118.6,57.8,92.4,Drip,127.9,6.92,0.7,161769.0,40.4
Andhra Pradesh,Indore,Pulses,Rabi,11.5,415.8,18.8,48.9,7.9,6.15,23.5,138.4,62.1,106.6,Rainfed,211.4,8.26,0.8,634370.0,30.0
Tamil Nadu,Ludhiana,Rice,Kharif,13.99,888.2,31.4,76.9,4.899000000000001,6.33,31.3,126.6,41.8,97.4,Sprinkler,231.7,6.81,0.68,1126428.82,62.8
Madhya Pradesh,Krishna,Wheat,Rabi,5.15,682.2,21.9,55.5,7.8,6.26,25.0,127.1,46.8,75.5,Drip,168.4,4.08,0.86,337325.0,46.4
Madhya Pradesh,Ludhiana,Maize,Rabi,8.28,80.0,21.6,53.8,5.6,6.35,20.5,96.1,47.9,159.6,Drip,148.4,3.61,0.73,536063.0,33.4
Andhra Pradesh,Raichur,Chilli,Rabi,0.95,514.7,21.2,51.1,6.4,7.1,22.9,109.4,72.6,116.4,Rainfed,271.0,3.7,0.98,58865.0,48.9
Gujarat,Nalgonda,Pulses,Rabi,3.35,425.6,29.0,75.7,7.4,6.77,28.5,108.0,40.4,106.3,Sprinkler,247.8,6.15,0.9,273969.0,27.6
Madhya Pradesh,Guntur,Rice,Zaid,11.56,326.4,26.5,47.9,7.4,6.44,21.5,120.8,43.6,97.8,Flood,216.8,7.32,0.72,815618.0,31.4
Gujarat,Erode,Wheat,Kharif,12.17,770.4,24.9,71.9,6.6,7.07,24.1,94.3,60.1,123.2,Flood,207.2,6.93,0.89,983846.0,41.9
Punjab,Raichur,Rice,Kharif,12.91,750.6,27.8,70.7,5.0,5.97,37.8,98.5,49.6,60.8,Rainfed,231.7,5.44,0.95,897964.0,54.2
Andhra Pradesh,Warangal,Maize,Kharif,3.2,877.4,26.6,70.1,6.2,7.01,33.7,107.4,48.3,95.3,Flood,170.5,7.36,0.7,252472.0,43.3
Tamil Nadu,Indore,Wheat,Rabi,13.42,548.8,28.3,42.5,5.9,7.11,25.6,106.4,88.9,114.3,Flood,151.8,6.31,0.81,750453.0,39.2
Punjab,Krishna,Cotton,Kharif,8.29,601.9,25.4,82.9,7.4,7.65,39.3,156.7,32.1,105.4,Sprinkler,205.9,1.84,0.75,571954.0,59.3
Telangana,Guntur,Groundnut,Zaid,14.89,388.2,33.7,60.7,8.1,6.49,16.3,155.6,44.8,113.8,Rainfed,178.7,5.65,0.69,1019506.0,33.2
Tamil Nadu,Guntur,Cotton,Kharif,11.03,750.2,25.4,71.4,5.8,6.95,30.0,113.1,68.7,73.2,Flood,200.3,3.65,0.8,593487.0,60.3
Tamil Nadu,Indore,Rice,Zaid,7.7,692.6,27.4,42.6,9.1,5.46,11.4,166.4,55.5,122.3,Drip,195.4,5.93,0.78,566270.0,28.4
Madhya Pradesh,Nashik,Rice,Zaid,14.79,453.3,31.7,55.1,9.5,6.42,21.6,94.9,76.2,155.2,Rainfed,148.1,8.67,0.88,1005973.0,48.6
Tamil Nadu,Rajkot,Cotton,Rabi,1.79,80.0,22.5,75.0,7.0,6.31,27.9,89.7,68.2,92.7,Sprinkler,224.3,6.24,0.8,118657.0,38.6
Madhya Pradesh,Warangal,Groundnut,Kharif,1.66,842.0,28.0,77.5,6.4,7.7,26.7,74.2,56.6,39.4,Sprinkler,72.7,6.77,0.87,94790.0,43.6
Andhra Pradesh,Rajkot,Wheat,Kharif,2.79,1058.5,29.8,82.7,7.5,7.11,23.8,189.1,75.0,96.9,Rainfed,156.6,0.85,0.7,150875.0,74.60099999999997
Karnataka,Warangal,Sugarcane,Rabi,13.47,395.2,23.0,70.3,7.4,6.79,18.9,130.8,42.7,60.7,Rainfed,112.8,4.21,0.79,716200.0,44.7
Maharashtra,Nalgonda,Groundnut,Kharif,6.02,797.8,31.1,84.1,6.8,6.07,26.8,96.7,62.3,95.2,Sprinkler,51.5,5.58,0.93,252308.0,44.1
Tamil Nadu,Ludhiana,Maize,Zaid,11.9,180.6,33.0,55.1,10.0,6.48,20.3,112.5,63.3,92.4,Rainfed,184.4,5.89,0.83,829408.0,32.6
Telangana,Indore,Chilli,Kharif,12.51,899.7,24.1,68.1,6.6,7.57,27.0,127.0,55.5,86.2,Sprinkler,234.0,4.66,0.87,789444.0,50.3
Maharashtra,Raichur,Cotton,Kharif,3.5,725.8,28.7,73.8,6.5,6.31,28.0,103.9,65.3,109.5,Flood,174.7,3.63,0.78,196330.0,50.5
Andhra Pradesh,Erode,Pulses,Zaid,13.75,353.4,32.0,38.8,10.0,7.41,12.5,139.4,82.8,126.1,Drip,238.6,2.55,0.9,826934.0,41.1
Tamil Nadu,Indore,Cotton,Kharif,5.22,1042.2,32.0,82.8,6.1,6.34,36.1,96.8,67.1,68.4,Rainfed,188.9,5.66,0.86,404297.0,58.2
Andhra Pradesh,Krishna,Wheat,Kharif,8.21,566.1,27.0,62.7,7.0,5.39,29.2,93.6,75.2,109.2,Drip,114.9,6.23,0.8,521072.0,55.0
Tamil Nadu,Nalgonda,Rice,Kharif,3.94,807.7,24.2,70.3,7.4,6.81,33.6,104.8,41.7,143.7,Sprinkler,202.0,4.42,0.73,249210.0,55.6
Maharashtra,Krishna,Rice,Kharif,11.01,1089.5,25.8,70.0,5.2,5.99,39.4,147.2,31.7,114.0,Sprinkler,106.0,6.64,0.93,658968.0,47.1
Maharashtra,Krishna,Pulses,Zaid,7.59,530.4,30.8,61.6,4.899000000000001,6.9,21.6,120.3,56.6,97.9,Flood,225.1,3.81,0.76,524863.0,49.4
Karnataka,Nalgonda,Chilli,Kharif,3.02,827.0,25.3,66.3,6.9,7.36,30.7,126.4,54.8,126.1,Flood,101.6,2.43,0.68,175184.0,58.9
Maharashtra,Nalgonda,Pulses,Rabi,6.5,461.4,18.7,62.4,6.4,7.05,21.9,130.1,64.4,132.3,Rainfed,112.3,7.52,0.76,374518.0,32.9
Andhra Pradesh,Indore,Rice,Kharif,11.68,871.6,28.5,76.2,5.4,6.54,31.1,139.0,52.4,81.1,Drip,197.7,2.89,0.84,682376.0,51.1
Gujarat,Rajkot,Groundnut,Kharif,1.14,1123.0,23.9,63.0,7.4,6.61,29.4,154.5,53.3,119.7,Rainfed,222.9,6.34,0.86,90760.0,38.6
Tamil Nadu,Raichur,Sugarcane,Rabi,3.02,512.2,21.1,56.0,8.6,6.52,26.3,126.9,64.1,58.3,Sprinkler,222.7,3.78,0.77,193810.0,49.5
Maharashtra,Nalgonda,Chilli,Kharif,3.55,873.6,25.7,69.6,5.2,6.71,35.4,93.9,82.9,65.5,Flood,172.1,6.24,0.83,235637.0,47.0
Maharashtra,Guntur,Maize,Kharif,3.98,616.4,25.6,72.7,9.5,5.85,34.5,152.0,46.2,129.5,Drip,166.2,4.5,0.77,213465.0,49.0
Telangana,Rajkot,Rice,Kharif,13.66,673.9,30.0,58.2,6.8,6.23,39.7,172.8,45.7,85.7,Drip,141.5,3.66,0.78,680610.0,47.0
Punjab,Raichur,Cotton,Zaid,2.16,174.1,33.4,59.3,6.7,6.43,16.4,51.2,74.1,120.6,Rainfed,159.1,5.47,0.73,135355.0,30.5
Karnataka,Guntur,Groundnut,Kharif,1.63,902.4,28.6,71.0,7.3,7.24,27.5,126.2,65.2,118.9,Flood,99.4,6.14,0.71,100392.0,63.7
Punjab,Guntur,Pulses,Kharif,3.88,827.4,28.5,62.7,6.6,6.7,28.3,121.5,42.9,104.5,Rainfed,184.9,5.06,0.88,267967.0,46.7
Madhya Pradesh,Erode,Sugarcane,Rabi,7.39,315.2,23.7,71.6,7.7,6.46,16.2,100.7,40.8,90.5,Sprinkler,90.1,5.47,0.82,367881.0,54.3
Telangana,Rajkot,Maize,Rabi,9.09,191.9,20.8,67.1,7.4,6.52,27.4,190.6039999999999,58.5,110.8,Flood,214.3,7.65,0.74,690390.0,35.1
Karnataka,Nashik,Chilli,Zaid,10.31,207.8,34.9,41.3,9.0,7.24,17.7,183.3,58.5,38.592000000000006,Drip,102.7,8.12,0.74,506899.0,38.9
Andhra Pradesh,Raichur,Groundnut,Kharif,5.04,983.7,28.6,66.6,5.7,6.98,24.6,141.0,60.0,53.4,Flood,125.7,5.49,0.96,335375.0,56.3
Gujarat,Guntur,Rice,Kharif,14.67,401.5,29.3,63.0,7.1,6.71,28.0,74.2,81.3,93.7,Drip,187.9,5.69,0.75,985460.0,39.7
Telangana,Rajkot,Wheat,Rabi,14.12,495.9,23.4,54.0,9.1,6.61,27.0,126.9,67.0,67.2,Drip,250.7,3.41,0.91,855141.0,53.7
Tamil Nadu,Warangal,Wheat,Rabi,2.97,457.5,24.7,69.7,8.0,5.86,25.2,102.4,43.0,140.8,Sprinkler,157.2,5.6,0.98,180000.0,47.0
Karnataka,Nashik,Maize,Rabi,11.4,426.1,23.8,62.3,6.8,7.2,22.8,147.5,61.8,168.9,Flood,124.6,4.79,0.82,787157.0,51.6
Tamil Nadu,Warangal,Maize,Kharif,4.08,935.3,28.5,76.2,6.4,6.02,26.4,99.9,82.2,63.5,Flood,154.5,7.7,0.68,295548.0,50.3
Telangana,Nalgonda,Rice,Kharif,10.3,979.6,33.0,62.1,5.1,6.1,33.9,103.6,68.4,138.9,Rainfed,176.0,6.12,0.71,662505.0,46.5
Maharashtra,Nashik,Wheat,Rabi,13.57,80.0,25.1,55.6,7.0,6.06,23.9,136.6,60.9,38.592000000000006,Drip,178.6,4.0,0.7,829621.0,30.8
Madhya Pradesh,Warangal,Maize,Kharif,2.33,1045.3,30.6,80.7,5.0,7.47,29.7,87.8,58.3,99.9,Rainfed,93.1,7.54,0.85,148397.0,66.1
Tamil Nadu,Krishna,Wheat,Kharif,3.13,766.5,26.9,73.9,8.6,7.26,26.4,137.4,52.9,119.2,Rainfed,194.9,2.1,0.73,183003.0,49.9
Gujarat,Nashik,Chilli,Kharif,11.52,914.7,29.8,82.8,7.5,7.26,24.6,113.0,62.7,136.9,Drip,250.7,4.54,0.98,834625.0,74.60099999999997
Maharashtra,Nalgonda,Wheat,Kharif,11.96,712.7,32.8,71.9,7.2,7.1,30.6,111.8,85.5,118.9,Flood,132.7,2.92,0.8,788679.0,65.6
Karnataka,Nashik,Groundnut,Zaid,14.85,80.0,27.9,57.7,7.1,7.08,25.8,90.8,60.7,128.7,Sprinkler,155.2,5.4,0.83,978661.0,37.3
Telangana,Rajkot,Pulses,Zaid,13.77,157.7,31.9,47.6,7.7,5.89,18.7,118.1,65.1,115.4,Rainfed,175.9,3.6,0.98,785441.0,43.0
Karnataka,Warangal,Cotton,Kharif,5.56,482.8,26.0,59.6,7.1,6.67,41.0,135.7,78.6,107.8,Rainfed,162.9,2.73,0.96,404523.0,45.7
Punjab,Raichur,Chilli,Kharif,9.86,872.1,29.2,65.5,7.6,6.71,35.3,82.8,60.3,126.4,Flood,130.0,4.92,0.8,626835.0,48.2
Andhra Pradesh,Guntur,Pulses,Rabi,14.63,590.0,29.0,60.6,9.5,6.78,21.0,150.3,69.9,91.0,Rainfed,95.2,4.52,0.96,869084.0,49.6
Andhra Pradesh,Krishna,Rice,Zaid,13.64,100.9,31.1,47.9,9.2,6.64,19.0,112.2,33.7,67.4,Rainfed,67.8,5.64,0.67,976614.0,39.3
Punjab,Ludhiana,Rice,Kharif,12.91,1046.7,27.9,83.5,6.0,7.79,32.2,152.8,80.0,115.3,Rainfed,180.5,6.45,0.9,875412.0,45.5
Telangana,Nalgonda,Cotton,Kharif,10.7,529.5,29.6,67.3,6.6,6.41,34.2,158.3,90.8,122.0,Drip,164.0,8.91,0.9,861543.0,37.4
Punjab,Rajkot,Maize,Rabi,11.25,528.2,20.1,63.1,8.7,5.2,23.0,74.1,65.4,122.9,Drip,239.0,1.65,0.84,675097.0,43.4
Karnataka,Erode,Rice,Kharif,12.01,1049.4,28.6,80.7,6.0,6.93,33.6,101.0,25.2,108.8,Drip,248.7,6.91,0.71,960213.0,62.1
Maharashtra,Warangal,Rice,Kharif,2.57,519.2,31.0,69.6,4.899000000000001,7.28,27.7,87.3,46.4,123.5,Rainfed,292.3,5.73,0.66,201659.0,46.2
Tamil Nadu,Guntur,Wheat,Rabi,12.56,502.3,27.7,76.1,9.2,7.66,30.6,88.4,83.5,111.3,Rainfed,176.9,3.24,0.75,807350.0,55.9
Andhra Pradesh,Guntur,Sugarcane,Zaid,8.95,252.9,31.4,51.1,7.4,6.51,21.0,93.6,63.4,84.8,Flood,166.8,2.38,0.93,621204.0,52.3
Karnataka,Krishna,Maize,Rabi,1.94,397.8,21.1,59.7,7.1,6.79,18.5,152.2,56.2,92.0,Drip,249.0,2.8,0.73,127790.0,44.0
Maharashtra,Indore,Chilli,Kharif,5.19,874.0,28.5,70.0,7.1,7.26,31.8,117.6,89.0,90.4,Sprinkler,292.0,9.520199999999996,0.76,401120.0,37.2
Telangana,Rajkot,Sugarcane,Kharif,2.24,815.4,26.4,89.40399999999991,6.6,6.56,41.0,55.4,55.3,132.7,Drip,168.5,7.35,0.67,131684.0,43.9
Karnataka,Erode,Pulses,Rabi,11.01,400.9,21.3,51.4,7.0,6.44,33.3,117.6,47.7,141.3,Rainfed,196.3,1.23,0.84,607232.0,39.0
Punjab,Indore,Maize,Zaid,7.34,80.0,32.2,51.0,6.5,6.6,20.3,98.6,54.8,75.6,Rainfed,128.0,3.47,0.71,481663.0,34.7
Tamil Nadu,Warangal,Maize,Kharif,5.91,785.0,31.9,79.9,8.4,6.42,23.2,120.7,28.6,109.1,Drip,259.4,5.3,0.94,381893.0,56.8
Karnataka,Krishna,Sugarcane,Rabi,4.3,797.1,26.3,44.6,9.2,6.43,24.6,104.7,84.1,77.3,Rainfed,199.3,7.21,0.72,292191.0,47.6
Andhra Pradesh,Erode,Maize,Kharif,9.58,843.3,24.3,70.9,7.8,5.48,17.6,137.6,65.4,113.5,Drip,61.8,7.04,0.92,528986.0,49.4
Andhra Pradesh,Warangal,Groundnut,Kharif,2.61,796.6,24.2,71.8,6.5,7.31,27.0,155.6,76.8,128.2,Rainfed,222.7,5.99,0.9,209221.0,49.1
Tamil Nadu,Rajkot,Pulses,Zaid,0.64,582.0,31.2,68.7,8.0,5.39,22.1,103.4,54.2,80.9,Flood,191.9,8.24,0.75,42634.82,40.3
Madhya Pradesh,Nashik,Rice,Kharif,12.44,1122.2,30.2,62.3,7.5,7.48,30.3,162.4,53.5,62.4,Drip,154.4,3.1,0.94,879647.0,66.6
Telangana,Krishna,Maize,Zaid,8.23,249.9,28.2,50.8,7.6,6.77,24.5,160.4,41.1,143.7,Sprinkler,236.9,3.67,0.96,714788.0,45.0
Maharashtra,Ludhiana,Pulses,Rabi,14.85,363.6,22.0,46.2,5.4,7.46,15.7,110.6,75.0,168.90299999999993,Rainfed,113.4,7.64,0.65,835560.0,35.1
Karnataka,Nalgonda,Chilli,Zaid,4.5,340.7,32.1,41.6,8.7,5.29,20.1,112.8,57.7,115.9,Flood,155.5,6.22,0.87,260067.0,43.2
Tamil Nadu,Guntur,Groundnut,Zaid,14.52,170.1,29.6,44.3,8.6,6.55,11.7,104.0,61.0,97.0,Flood,204.1,3.44,0.86,800432.0,52.7
Karnataka,Nalgonda,Sugarcane,Rabi,14.39,543.4,18.599,60.5,8.3,7.16,22.6,122.8,66.5,110.9,Drip,250.5,1.88,0.75,1041379.0,37.4
Madhya Pradesh,Ludhiana,Sugarcane,Kharif,3.09,769.4,27.3,72.7,5.8,6.06,25.7,115.8,57.1,129.8,Drip,246.4,6.25,0.68,222032.0,44.7
Maharashtra,Krishna,Pulses,Rabi,9.21,406.0,25.2,60.0,6.9,6.8,21.7,124.0,38.1,66.6,Flood,257.5,8.14,0.67,718776.0,24.6
Karnataka,Guntur,Rice,Zaid,0.93,102.2,29.1,63.0,8.6,6.49,19.8,117.5,49.0,38.592000000000006,Flood,241.5,4.32,0.81,74717.0,29.7
Gujarat,Krishna,Maize,Kharif,14.05,1191.4,28.8,63.6,6.9,7.13,34.5,88.0,41.0,122.1,Flood,196.5,4.03,0.69,995104.0,65.6
Karnataka,Krishna,Wheat,Kharif,13.87,702.2,25.6,81.2,6.0,6.73,26.4,76.9,64.1,131.9,Rainfed,206.3,7.7,0.77,1008988.0,49.0
Punjab,Krishna,Groundnut,Zaid,2.88,207.1,27.7,52.8,8.3,6.3,19.1,126.8,53.2,165.5,Drip,129.7,4.6,0.97,187560.0,45.9
Madhya Pradesh,Nalgonda,Groundnut,Kharif,13.51,764.1,30.9,73.6,7.1,5.8,26.0,140.1,37.4,90.8,Drip,145.1,6.15,0.67,871460.0,61.7
Karnataka,Krishna,Pulses,Kharif,2.32,766.8,27.2,70.1,6.8,6.46,36.3,98.1,52.3,118.4,Drip,164.7,3.65,0.73,163437.0,44.8
Punjab,Krishna,Chilli,Zaid,3.1,583.0,32.5,50.8,8.5,7.12,14.7,187.9,19.6,103.5,Flood,162.5,4.61,0.7,227218.0,48.7
Karnataka,Nashik,Wheat,Rabi,6.8,581.1,26.5,40.3,5.3,6.7,23.7,77.5,53.9,50.8,Flood,266.9,5.99,0.88,637468.0,42.5
Andhra Pradesh,Nashik,Wheat,Kharif,10.33,1029.2,24.7,83.4,6.5,6.62,29.2,89.8,49.9,138.9,Flood,198.0,5.41,0.94,791867.0,52.6
Andhra Pradesh,Nalgonda,Maize,Kharif,3.5,691.7,27.6,73.1,6.4,6.94,28.6,110.3,66.1,128.0,Sprinkler,196.1,4.6,0.97,252754.0,53.2
Maharashtra,Nashik,Pulses,Rabi,12.96,275.1,27.8,61.7,7.3,7.71,15.2,116.3,72.2,110.5,Drip,101.2,8.49,0.65,747959.0,21.4
Madhya Pradesh,Nashik,Rice,Rabi,11.48,105.0,24.3,47.8,8.7,6.48,14.8,112.8,43.5,119.9,Drip,222.7,5.98,0.96,790176.0,30.6
Punjab,Nashik,Maize,Kharif,6.08,1032.8,28.4,72.3,7.6,5.94,35.1,87.1,38.2,74.6,Drip,183.9,2.53,0.89,430477.0,61.7
Telangana,Guntur,Pulses,Kharif,5.58,982.5,24.8,60.8,6.6,6.97,28.9,91.5,69.1,141.5,Flood,142.7,2.75,0.78,385646.0,52.3
Andhra Pradesh,Guntur,Groundnut,Kharif,8.45,1098.3,23.8,70.2,6.5,6.89,36.8,128.1,51.1,81.2,Sprinkler,270.7,5.21,0.82,591631.0,63.3
Gujarat,Ludhiana,Pulses,Rabi,14.01,582.0,25.7,59.2,8.5,6.81,32.9,130.2,57.4,78.2,Flood,150.1,5.25,0.9,965560.0,40.1
Madhya Pradesh,Erode,Cotton,Rabi,14.03,447.2,20.9,62.8,7.0,6.39,28.1,118.5,75.1,93.1,Drip,278.2,5.85,0.98,1126428.82,36.1
Gujarat,Indore,Pulses,Rabi,11.52,472.7,26.9,55.8,7.5,6.43,20.6,120.6,68.6,98.0,Rainfed,308.8,3.19,0.98,740423.0,48.3
Karnataka,Guntur,Wheat,Kharif,8.74,732.7,31.7,64.5,7.6,7.44,33.2,130.5,40.0,110.6,Flood,191.6,5.9,0.67,587094.0,47.2
Andhra Pradesh,Ludhiana,Rice,Rabi,8.75,291.4,21.6,59.2,6.9,5.39,28.1,92.6,49.2,129.3,Flood,81.6,4.2,0.98,565968.0,49.4
Madhya Pradesh,Warangal,Sugarcane,Rabi,4.59,580.1,26.7,53.6,9.4,6.03,25.7,148.9,51.3,134.7,Flood,168.4,7.62,0.87,301913.0,19.7
Madhya Pradesh,Indore,Cotton,Kharif,6.96,1174.6,26.4,79.0,5.7,6.04,31.1,178.6,63.4,84.5,Sprinkler,191.6,7.75,0.85,474814.0,48.8
Maharashtra,Indore,Cotton,Kharif,6.35,1203.6019999999999,26.3,73.6,7.1,6.33,30.4,149.3,41.8,98.8,Drip,143.0,5.63,0.69,441813.0,52.7
Tamil Nadu,Raichur,Sugarcane,Rabi,11.32,297.2,18.599,64.4,6.4,5.55,22.5,144.0,41.6,130.7,Rainfed,195.8,5.92,0.94,826201.0,36.9
Maharashtra,Indore,Groundnut,Rabi,9.57,185.3,23.9,56.2,7.9,5.99,25.3,150.3,60.8,108.5,Rainfed,180.6,6.68,0.72,527492.0,31.9
Madhya Pradesh,Nalgonda,Maize,Kharif,8.29,1012.8,31.4,85.9,6.6,6.63,31.2,123.5,59.5,73.3,Flood,179.7,4.21,0.97,501705.0,62.5
Andhra Pradesh,Nashik,Wheat,Rabi,4.25,162.8,24.1,65.4,8.1,6.9,26.6,149.0,54.2,115.3,Flood,69.8,4.06,0.89,245593.0,31.7
Madhya Pradesh,Warangal,Rice,Kharif,8.53,635.6,29.2,57.5,5.9,6.18,34.4,111.3,45.6,133.1,Rainfed,254.0,7.36,0.88,681956.0,41.5
Telangana,Indore,Maize,Zaid,14.64,465.9,30.3,44.0,8.9,6.67,23.1,114.8,43.6,114.6,Drip,208.7,4.13,1.0,945613.0,49.6
Tamil Nadu,Indore,Maize,Kharif,4.29,860.6,23.4,81.0,6.8,7.29,41.0,108.1,61.2,104.7,Drip,153.6,6.36,0.95,273094.0,47.7
Karnataka,Raichur,Maize,Rabi,11.98,216.0,26.4,53.8,7.1,6.42,13.5,136.6,24.1,66.7,Drip,256.2,6.4,0.85,824266.0,32.8
Gujarat,Warangal,Cotton,Kharif,12.66,670.0,22.7,84.0,6.3,6.33,31.1,89.9,67.6,103.6,Flood,138.6,5.4,0.99,864030.0,36.6
Gujarat,Indore,Sugarcane,Zaid,6.94,322.1,30.4,57.3,6.5,6.7,11.4,111.9,68.2,115.0,Flood,164.5,4.9,0.88,470888.0,51.3
Madhya Pradesh,Indore,Chilli,Rabi,14.65,232.5,24.3,59.2,9.0,5.51,31.9,114.4,60.1,93.8,Rainfed,267.4,2.83,0.98,1010495.0,44.3
Andhra Pradesh,Warangal,Groundnut,Kharif,0.89,1093.0,33.0,69.9,8.8,6.25,30.7,70.5,58.5,136.9,Flood,274.7,5.51,0.72,77878.0,59.0
Punjab,Rajkot,Chilli,Kharif,6.19,579.5,31.2,51.1,5.1,7.92,30.0,116.7,56.1,124.0,Flood,178.7,6.3,0.89,443163.0,52.1
Maharashtra,Raichur,Maize,Kharif,1.31,874.6,25.0,58.8,7.1,6.07,24.6,136.0,70.0,129.0,Rainfed,180.3,2.99,0.69,85470.0,69.3
Karnataka,Warangal,Pulses,Rabi,11.46,277.3,26.0,57.7,7.5,7.18,17.6,88.3,48.8,54.7,Flood,180.2,7.92,0.71,783107.0,38.3
Gujarat,Erode,Cotton,Rabi,4.34,312.4,18.599,51.2,7.3,6.16,29.1,99.4,50.4,143.8,Flood,140.0,2.9,0.88,215728.0,40.7
Madhya Pradesh,Rajkot,Wheat,Rabi,13.33,543.0,27.9,71.5,7.4,6.79,12.9,89.5,39.0,106.2,Rainfed,160.9,2.95,0.89,856093.0,57.6
Punjab,Ludhiana,Pulses,Zaid,9.73,462.6,31.8,64.7,7.5,7.68,11.4,81.5,69.0,98.4,Drip,214.3,7.45,0.68,721077.0,36.8
Punjab,Nalgonda,Cotton,Rabi,1.52,417.5,23.0,67.5,8.5,6.54,26.0,136.5,44.5,105.1,Sprinkler,176.4,2.6,0.86,134546.0,43.6
Tamil Nadu,Raichur,Rice,Rabi,5.77,693.8,23.0,67.0,7.8,6.27,19.3,111.7,61.4,124.7,Flood,187.7,8.73,0.83,452854.0,39.8
Tamil Nadu,Krishna,Rice,Kharif,10.37,986.3,23.5,78.8,5.8,6.78,24.6,83.6,54.6,133.7,Rainfed,189.7,4.37,0.76,715386.0,56.6
Gujarat,Ludhiana,Sugarcane,Zaid,14.61,283.1,28.1,38.2,6.5,7.76,18.3,114.1,52.7,82.3,Sprinkler,124.6,5.97,0.83,882469.0,21.1
Telangana,Nashik,Wheat,Rabi,13.83,115.2,22.5,58.7,7.8,7.03,15.8,119.4,65.4,125.4,Flood,126.9,6.43,0.72,1007796.0,38.4
Gujarat,Erode,Maize,Kharif,11.24,1064.3,29.3,69.1,7.1,7.36,38.7,133.0,76.5,85.5,Sprinkler,194.7,3.82,0.87,747285.0,65.9
Maharashtra,Guntur,Sugarcane,Kharif,4.74,1059.5,24.6,86.6,6.9,5.75,33.3,127.5,43.9,113.5,Rainfed,101.2,5.05,0.7,271647.0,57.1
Maharashtra,Guntur,Pulses,Kharif,13.52,867.1,28.3,69.5,5.4,7.14,24.6,143.0,24.7,107.6,Flood,165.0,3.54,0.96,886313.0,49.0
Karnataka,Warangal,Groundnut,Rabi,9.42,350.9,21.1,58.3,6.8,7.05,24.7,152.6,28.1,129.5,Flood,188.7,7.01,0.98,718902.0,29.7
Andhra Pradesh,Nashik,Chilli,Rabi,7.94,456.8,25.3,47.7,7.6,7.1,12.9,108.0,75.8,96.5,Flood,228.2,8.51,0.87,619157.0,34.4
Andhra Pradesh,Ludhiana,Pulses,Kharif,9.21,1123.4,32.5,70.5,7.5,5.85,41.0,92.7,77.6,85.2,Flood,305.6,5.59,0.85,690449.0,48.3
Karnataka,Raichur,Wheat,Rabi,3.98,541.4,22.9,56.5,8.1,5.99,20.3,117.4,69.2,94.2,Rainfed,162.8,7.7,0.82,221790.0,36.8
Karnataka,Nalgonda,Cotton,Kharif,2.49,886.7,28.0,69.5,6.0,7.0,20.9,91.8,53.7,128.6,Sprinkler,163.8,7.19,0.93,185216.0,49.8
Tamil Nadu,Nalgonda,Groundnut,Rabi,6.76,477.8,24.3,49.8,6.8,6.51,22.9,131.4,58.2,66.6,Sprinkler,237.5,3.92,0.76,514036.0,48.8
Telangana,Rajkot,Rice,Zaid,3.7,704.8,27.8,56.8,6.8,6.78,22.1,121.5,17.298000000000002,105.8,Sprinkler,193.4,7.78,0.67,281585.0,30.6
Telangana,Nalgonda,Pulses,Kharif,4.97,804.1,30.3,78.7,6.5,7.2,28.3,141.6,70.2,125.7,Flood,241.4,6.62,0.73,379662.0,32.3
Telangana,Nalgonda,Groundnut,Rabi,10.91,189.4,21.3,64.4,7.0,5.86,21.9,167.2,80.8,79.5,Flood,111.9,7.39,0.85,803096.0,21.8
Madhya Pradesh,Ludhiana,Chilli,Rabi,11.89,179.0,23.9,48.1,7.4,7.93,37.7,47.593,39.1,105.3,Flood,230.7,5.02,0.71,838891.0,49.2
Andhra Pradesh,Warangal,Rice,Kharif,13.93,870.0,26.5,58.9,7.9,5.29,24.3,130.2,43.5,112.4,Flood,143.0,6.1,0.66,863751.0,47.1
Madhya Pradesh,Krishna,Groundnut,Kharif,2.08,701.5,29.4,78.7,6.5,6.94,29.7,82.7,59.9,90.2,Rainfed,199.2,5.84,0.99,153818.0,53.9
Telangana,Nalgonda,Cotton,Rabi,6.56,642.8,21.1,59.2,8.0,6.32,15.5,124.6,46.1,102.4,Flood,50.6,3.01,0.81,247752.0,41.4
Punjab,Nalgonda,Pulses,Kharif,11.19,682.6,28.1,82.7,8.6,7.91,35.6,117.5,22.8,104.3,Sprinkler,136.1,4.54,0.86,579591.0,52.9
Punjab,Rajkot,Cotton,Zaid,11.47,240.1,29.6,63.6,7.1,6.17,24.1,183.1,73.4,66.5,Flood,257.7,7.0,0.91,859819.0,35.1
Punjab,Indore,Rice,Zaid,9.72,174.2,32.4,44.9,8.8,7.63,24.4,88.9,61.8,100.1,Rainfed,215.5,4.44,0.97,586001.0,33.7
Karnataka,Raichur,Cotton,Zaid,3.58,341.2,28.6,49.2,9.8,6.84,18.2,120.7,81.8,102.2,Flood,85.6,5.15,0.91,176258.0,31.7
Gujarat,Indore,Rice,Kharif,7.06,947.6,29.7,68.0,8.2,6.9,33.9,103.5,89.3,101.3,Rainfed,230.4,6.41,0.86,458812.0,55.9
Gujarat,Erode,Groundnut,Kharif,7.72,979.4,26.1,72.5,5.3,5.82,37.8,134.5,57.3,87.4,Sprinkler,116.2,5.84,0.68,391543.0,45.0
Gujarat,Raichur,Sugarcane,Rabi,6.8,401.8,26.3,60.9,8.2,7.16,26.4,125.5,80.2,138.9,Flood,188.2,8.75,0.9,378817.0,26.1
Andhra Pradesh,Krishna,Maize,Rabi,2.14,558.3,25.4,74.1,8.2,6.95,23.5,142.2,53.2,148.3,Flood,188.3,2.05,0.89,111009.0,57.6
Maharashtra,Nalgonda,Maize,Rabi,10.41,518.2,22.7,65.5,9.3,7.18,25.4,147.9,37.9,70.1,Sprinkler,225.8,6.27,0.86,696662.0,51.5
Maharashtra,Nalgonda,Cotton,Rabi,12.93,430.3,23.0,48.4,5.0,7.56,22.4,116.6,80.2,110.8,Rainfed,239.3,5.45,0.68,836190.0,32.2
Maharashtra,Warangal,Maize,Zaid,8.48,389.0,30.8,52.4,9.0,7.28,23.2,127.6,52.9,92.3,Flood,227.3,6.93,0.77,684496.0,23.8
Andhra Pradesh,Indore,Wheat,Kharif,13.96,958.0,28.8,86.8,6.5,6.62,39.2,176.6,52.0,107.6,Drip,213.8,8.72,0.81,941600.0,50.4
Gujarat,Indore,Cotton,Kharif,12.42,1020.0,23.7,76.9,6.7,7.37,24.0,138.2,29.8,101.8,Sprinkler,89.9,5.37,0.7,784988.0,55.7
Madhya Pradesh,Rajkot,Wheat,Zaid,7.65,208.2,27.1,50.8,9.1,6.82,13.9,133.2,46.1,106.2,Drip,265.9,3.77,0.9,569703.0,53.3
Tamil Nadu,Guntur,Maize,Kharif,11.45,955.9,29.8,81.6,6.7,6.47,22.8,190.6,71.9,112.6,Flood,87.1,3.67,1.0,631145.0,57.1
Punjab,Indore,Chilli,Zaid,4.67,429.7,35.1,56.7,9.3,7.01,26.4,152.2,56.6,119.7,Rainfed,224.0,4.05,0.99,274253.0,44.7
Maharashtra,Nalgonda,Maize,Kharif,3.58,1015.9,29.0,70.5,5.3,6.41,41.0,184.7,63.9,86.4,Rainfed,44.595,6.93,0.95,202153.0,41.2
Karnataka,Ludhiana,Sugarcane,Rabi,14.03,290.1,23.5,68.2,6.2,8.24,21.0,111.3,62.9,125.1,Rainfed,231.1,5.47,0.69,672861.0,35.5
Telangana,Warangal,Cotton,Zaid,13.96,496.6,35.1,54.4,9.4,8.01,14.9,122.5,57.2,117.8,Sprinkler,226.4,6.04,0.98,1094030.0,41.6
Maharashtra,Indore,Wheat,Zaid,2.56,80.0,33.7,48.9,7.3,6.54,19.1,106.8,86.5,86.3,Drip,232.3,5.72,0.88,148493.0,41.1
Telangana,Erode,Chilli,Kharif,11.59,666.3,27.4,63.1,6.6,6.3,31.0,153.3,57.8,105.2,Rainfed,196.6,5.75,0.71,766263.0,48.8
Telangana,Erode,Groundnut,Kharif,3.36,1108.6,27.6,59.8,7.5,6.53,30.7,72.4,51.9,129.2,Flood,165.2,7.28,0.75,219340.0,40.7
Maharashtra,Nashik,Groundnut,Rabi,2.73,634.5,25.3,63.6,6.2,6.13,16.7,115.0,60.8,90.4,Flood,198.9,4.83,0.98,182519.0,51.5
Gujarat,Raichur,Maize,Kharif,4.92,871.0,30.0,74.4,7.0,7.89,28.1,123.6,31.8,92.6,Flood,199.3,8.51,0.74,391183.0,51.5
Tamil Nadu,Raichur,Wheat,Kharif,13.89,855.1,30.8,72.0,5.5,5.75,31.1,96.7,36.1,129.1,Drip,217.2,6.0,0.95,796467.0,52.7
Punjab,Rajkot,Maize,Kharif,7.68,977.8,32.8,65.7,6.8,7.08,27.2,152.2,26.1,119.9,Flood,269.1,4.32,0.87,612476.0,52.1
Maharashtra,Krishna,Rice,Kharif,1.5,753.4,30.0,79.9,8.1,6.02,34.7,112.6,67.2,107.4,Sprinkler,126.9,1.62,0.92,90422.0,74.60099999999997
Madhya Pradesh,Ludhiana,Chilli,Zaid,7.24,582.0,33.4,45.9,8.2,6.72,16.4,158.3,73.5,80.8,Rainfed,317.6,1.59,0.96,527158.0,43.3
Maharashtra,Krishna,Cotton,Rabi,7.14,444.2,18.599,56.6,7.2,8.09,28.3,84.8,51.5,49.0,Sprinkler,201.3,5.42,0.74,540148.0,41.1
Andhra Pradesh,Krishna,Rice,Zaid,13.96,89.9,28.5,43.4,9.5,6.83,15.9,79.3,35.5,142.1,Rainfed,222.5,4.67,0.91,877099.0,37.9
Madhya Pradesh,Indore,Chilli,Kharif,3.37,619.4,28.3,72.9,6.8,6.93,35.1,124.8,69.6,64.1,Flood,245.0,2.46,0.84,224847.0,65.8
Andhra Pradesh,Ludhiana,Maize,Kharif,1.45,1203.6019999999999,26.4,83.4,7.5,5.98,38.5,108.7,60.0,162.0,Drip,328.11199999999974,7.11,0.71,93098.0,60.7
Madhya Pradesh,Indore,Pulses,Rabi,14.87,305.8,24.9,61.1,5.9,6.25,26.9,72.3,46.6,120.5,Sprinkler,187.2,6.93,0.78,1126428.82,38.6
Karnataka,Indore,Maize,Kharif,10.78,791.3,28.9,71.9,7.1,7.45,40.2,121.7,17.298000000000002,168.90299999999993,Drip,274.3,3.12,0.76,834937.0,67.8
Gujarat,Indore,Pulses,Rabi,13.28,272.9,23.4,51.6,8.5,6.15,24.7,111.7,49.0,114.8,Drip,307.2,0.97,0.92,947941.0,38.8
Gujarat,Erode,Wheat,Zaid,13.62,247.3,28.8,55.6,8.5,6.29,20.4,92.2,59.0,106.9,Sprinkler,275.9,5.5,0.84,950360.0,49.0
Andhra Pradesh,Indore,Rice,Kharif,14.88,973.8,24.5,80.2,7.7,6.23,38.3,104.2,66.3,111.6,Sprinkler,138.1,2.57,0.81,847621.0,61.7
Gujarat,Warangal,Cotton,Kharif,8.99,723.7,28.5,86.6,5.9,5.99,26.7,99.6,43.7,69.8,Drip,210.9,5.28,0.8,554879.0,57.8
Andhra Pradesh,Warangal,Chilli,Rabi,13.42,372.6,20.3,63.8,8.2,5.71,34.8,128.1,97.10099999999997,81.7,Flood,287.8,4.29,0.67,988748.0,45.2
Karnataka,Indore,Wheat,Rabi,6.23,633.0,24.8,65.6,6.9,6.24,23.8,132.1,74.8,66.0,Rainfed,186.2,3.88,0.77,331759.0,35.6
Tamil Nadu,Guntur,Maize,Rabi,4.69,128.8,24.1,56.3,7.4,6.54,25.9,97.7,65.3,51.6,Sprinkler,135.8,5.64,0.68,269103.0,18.7
Andhra Pradesh,Erode,Rice,Kharif,14.89,796.2,27.2,64.3,7.3,7.26,38.8,114.6,31.0,66.0,Flood,192.2,2.29,0.93,982822.0,60.2
Punjab,Rajkot,Rice,Kharif,2.08,816.8,29.5,76.4,5.8,6.08,40.0,88.4,56.1,138.1,Flood,138.1,4.96,0.88,152544.0,60.6
Karnataka,Erode,Wheat,Kharif,5.51,972.1,25.4,82.9,7.1,6.64,35.1,121.0,58.9,75.0,Flood,97.1,5.17,0.9,331994.0,47.0
Andhra Pradesh,Erode,Rice,Kharif,14.21,920.1,29.7,79.0,6.5,6.86,35.6,169.5,55.0,111.0,Flood,110.2,6.29,0.84,1063716.0,50.8
Tamil Nadu,Krishna,Rice,Kharif,14.14,701.3,28.7,83.1,6.8,6.21,26.1,130.1,33.5,121.7,Drip,49.4,7.67,0.66,679161.0,38.6
Madhya Pradesh,Raichur,Groundnut,Zaid,3.03,549.5,32.0,55.5,9.6,6.25,20.1,72.6,50.0,111.5,Sprinkler,193.5,4.76,0.8,174647.0,43.2
Karnataka,Krishna,Groundnut,Kharif,13.86,970.6,26.2,89.40399999999991,7.6,7.41,24.1,161.4,40.4,152.8,Flood,256.0,3.39,0.87,1126428.82,55.1
Karnataka,Rajkot,Sugarcane,Rabi,2.72,484.3,22.3,74.8,7.8,6.85,20.2,161.8,62.5,78.1,Flood,113.3,7.6,0.77,165204.0,28.8
Gujarat,Raichur,Rice,Rabi,11.93,516.5,22.7,48.6,6.6,7.22,25.0,121.3,52.3,128.7,Flood,167.6,0.5,0.72,721164.0,49.7
Tamil Nadu,Erode,Chilli,Kharif,7.55,995.5,31.0,66.0,6.4,6.54,32.3,123.2,75.9,134.7,Flood,172.6,3.92,0.93,487157.0,41.7
Gujarat,Krishna,Wheat,Kharif,7.85,750.1,29.0,68.5,5.9,6.3,29.5,94.8,26.3,102.1,Flood,293.4,1.14,0.76,580022.0,60.8
Andhra Pradesh,Rajkot,Groundnut,Kharif,0.95,979.1,34.6,66.0,5.8,6.56,39.9,133.6,88.9,81.9,Flood,111.7,3.63,0.83,62174.0,70.8
Gujarat,Raichur,Pulses,Kharif,9.63,1126.2,29.5,73.6,8.0,6.34,25.2,134.3,89.5,155.8,Flood,135.0,6.73,0.85,578209.0,60.3
Maharashtra,Nashik,Chilli,Kharif,14.66,764.2,26.4,66.8,8.3,6.26,31.0,122.9,77.2,129.8,Rainfed,140.0,6.9,0.86,745081.0,43.9
Andhra Pradesh,Rajkot,Maize,Rabi,9.48,649.7,26.7,69.3,6.7,6.33,19.0,110.4,78.6,122.6,Drip,234.7,2.87,0.9,754440.0,68.1
Telangana,Erode,Maize,Kharif,9.64,962.7,28.6,78.8,5.8,6.24,22.9,152.7,77.0,107.6,Flood,173.5,4.68,0.96,675279.0,55.2
Madhya Pradesh,Erode,Groundnut,Rabi,1.41,300.4,23.0,58.5,7.2,7.99,33.4,123.8,40.3,130.1,Rainfed,205.8,5.85,0.95,95089.0,34.4
Karnataka,Nalgonda,Cotton,Kharif,8.88,694.2,28.9,74.3,5.4,7.02,24.1,126.7,61.8,88.1,Rainfed,202.9,1.87,0.96,663853.0,53.7
Maharashtra,Warangal,Chilli,Kharif,14.45,806.5,28.9,68.9,8.6,6.48,27.1,131.6,75.4,120.6,Flood,182.9,2.52,0.94,1059050.0,58.0
Tamil Nadu,Warangal,Pulses,Kharif,3.0,1203.6019999999999,26.6,69.1,5.9,6.92,35.0,87.5,57.5,87.4,Rainfed,141.3,5.49,0.67,184763.0,60.2
Gujarat,Warangal,Cotton,Kharif,10.23,1063.7,26.8,84.7,7.7,7.14,23.6,126.6,31.8,67.1,Drip,201.9,2.41,0.8,613499.0,69.1
Maharashtra,Warangal,Chilli,Zaid,10.17,410.6,35.1,64.0,9.4,6.49,22.1,171.8,72.9,134.4,Flood,217.5,7.9,0.98,804964.0,39.3
Karnataka,Guntur,Rice,Kharif,11.36,648.2,30.6,69.2,7.2,6.12,28.5,139.0,46.0,94.4,Flood,288.0,4.67,0.83,907442.0,47.7
Madhya Pradesh,Warangal,Rice,Rabi,7.46,248.6,23.1,45.4,8.8,6.46,27.7,85.3,30.6,71.9,Drip,177.1,5.07,0.85,415287.0,30.3
Maharashtra,Ludhiana,Rice,Rabi,5.65,250.7,23.7,62.0,5.4,6.0,25.2,156.1,73.0,140.5,Rainfed,85.4,6.66,0.71,339325.0,36.5
Madhya Pradesh,Erode,Maize,Rabi,11.49,224.0,23.3,50.1,7.6,6.65,19.3,87.3,29.1,88.0,Rainfed,83.1,5.26,0.88,711919.0,21.2
Telangana,Erode,Maize,Zaid,11.58,351.1,34.4,57.8,8.2,6.92,21.8,93.6,50.4,95.3,Drip,248.1,4.42,0.81,964707.0,53.2
Maharashtra,Raichur,Cotton,Kharif,0.86,908.7,27.0,81.5,7.0,6.8,39.2,89.0,72.9,77.3,Flood,206.5,6.24,0.85,57096.0,48.2
Maharashtra,Indore,Maize,Zaid,11.82,239.5,29.6,59.9,7.9,5.85,11.4,148.3,69.0,69.9,Rainfed,281.2,6.53,0.65,848156.0,38.2
Tamil Nadu,Indore,Chilli,Rabi,12.79,560.5,18.599,51.8,6.2,5.2,19.5,130.5,66.5,89.1,Sprinkler,191.0,5.59,0.68,979377.0,35.9
Telangana,Guntur,Rice,Zaid,7.62,80.0,32.8,53.4,7.3,6.55,20.6,124.4,60.0,114.3,Drip,120.4,5.68,0.69,447383.0,36.1
Telangana,Warangal,Pulses,Kharif,5.15,839.5,25.5,62.3,6.8,6.47,33.8,85.3,56.0,100.2,Rainfed,191.3,2.12,0.93,329504.0,59.5
Karnataka,Ludhiana,Maize,Kharif,2.93,531.3,30.0,74.1,5.5,6.48,24.2,87.1,33.8,96.2,Flood,301.1,5.45,0.93,216010.0,55.7
Tamil Nadu,Rajkot,Wheat,Kharif,8.17,649.5,27.1,67.2,7.1,6.36,32.8,114.9,20.9,106.4,Rainfed,168.2,8.42,0.92,544659.0,35.0
Madhya Pradesh,Nalgonda,Chilli,Zaid,14.54,370.9,31.8,35.5,8.2,6.94,15.8,161.1,88.0,96.8,Sprinkler,193.4,3.0,0.78,974850.0,46.6
Gujarat,Krishna,Maize,Kharif,1.26,674.0,29.9,55.4,6.8,7.73,29.3,172.8,61.7,58.2,Drip,260.6,5.05,0.88,114212.0,50.9
Andhra Pradesh,Ludhiana,Sugarcane,Kharif,7.48,797.2,27.7,73.4,6.9,6.84,33.1,170.2,47.0,78.4,Drip,157.7,5.95,0.98,491085.0,36.9
Andhra Pradesh,Raichur,Maize,Kharif,12.9,647.1,28.4,82.6,7.9,6.57,31.4,106.4,79.8,103.7,Rainfed,139.1,7.5,0.82,730026.0,52.4
Punjab,Guntur,Sugarcane,Zaid,12.54,324.3,26.5,44.7,9.0,6.76,11.9,159.1,64.8,119.1,Sprinkler,114.9,4.4,0.92,634204.0,37.9
Maharashtra,Krishna,Maize,Kharif,1.5,473.7,30.3,57.8,5.4,5.99,30.3,127.9,79.3,87.6,Rainfed,79.2,3.77,0.68,68638.0,52.8
Andhra Pradesh,Krishna,Groundnut,Rabi,6.14,423.1,22.2,53.4,7.0,7.1,25.0,190.6039999999999,59.3,85.3,Flood,160.9,6.54,0.86,386561.0,31.2
Andhra Pradesh,Raichur,Cotton,Zaid,4.56,216.3,31.7,43.6,9.0,7.16,11.9,124.2,67.2,146.7,Flood,275.7,6.71,0.89,370527.0,32.0
Gujarat,Raichur,Maize,Rabi,13.23,587.6,24.7,59.3,8.4,5.53,30.4,131.5,42.2,142.9,Flood,284.9,5.46,0.76,1065547.0,52.4
Tamil Nadu,Indore,Pulses,Rabi,8.41,466.9,24.7,59.7,6.4,7.47,26.2,116.3,89.6,83.2,Sprinkler,192.7,3.28,0.69,507332.0,37.6
Tamil Nadu,Raichur,Pulses,Kharif,10.85,750.9,35.1,64.8,6.4,5.87,25.7,81.3,55.3,148.0,Sprinkler,145.8,6.57,0.98,773521.0,48.1
Madhya Pradesh,Guntur,Pulses,Kharif,6.32,699.8,28.2,77.4,7.1,6.42,27.6,66.0,72.6,90.9,Rainfed,300.5,6.27,0.66,463575.0,54.0
Maharashtra,Erode,Cotton,Kharif,5.3,692.3,30.3,70.9,6.6,6.62,17.1,130.1,49.7,91.9,Rainfed,145.7,2.76,0.94,328252.0,38.5
Punjab,Indore,Sugarcane,Rabi,5.46,274.1,18.599,41.2,7.5,7.68,25.7,142.8,44.2,38.592000000000006,Rainfed,114.7,6.28,0.92,409151.0,24.2
Andhra Pradesh,Nalgonda,Maize,Kharif,8.8,1203.6019999999999,30.2,59.5,6.5,7.38,25.9,86.2,73.3,85.2,Drip,328.11199999999974,5.22,0.68,686532.0,55.9
Madhya Pradesh,Ludhiana,Rice,Rabi,12.52,424.4,26.7,49.9,9.1,5.77,18.4,110.7,56.3,127.8,Flood,130.0,4.86,0.8,762424.0,31.4
Telangana,Erode,Maize,Rabi,13.06,188.5,22.2,54.9,5.8,6.52,26.9,88.6,32.5,81.8,Sprinkler,299.9,5.42,0.97,1092961.0,37.9
Karnataka,Nalgonda,Maize,Rabi,12.22,572.5,20.4,50.2,7.4,7.09,20.8,156.6,44.2,111.8,Flood,207.6,5.94,0.71,850067.0,29.2
Tamil Nadu,Indore,Groundnut,Rabi,9.71,406.1,28.8,69.5,8.0,6.58,21.5,106.3,38.1,63.5,Sprinkler,290.6,5.43,0.76,750551.0,42.5
Telangana,Ludhiana,Chilli,Kharif,7.19,767.2,26.9,68.1,8.5,6.87,29.7,69.9,68.7,61.7,Flood,78.2,6.15,0.93,407256.0,52.1
Telangana,Krishna,Pulses,Rabi,10.82,419.3,20.6,60.4,6.2,7.14,19.3,136.6,79.7,116.7,Rainfed,259.0,4.54,0.77,638427.0,49.8
Andhra Pradesh,Warangal,Wheat,Rabi,4.16,841.5,20.7,55.9,6.1,6.94,18.0,131.3,58.3,84.2,Rainfed,250.8,8.87,0.81,305401.0,22.2
Maharashtra,Rajkot,Sugarcane,Zaid,1.34,510.5,31.6,50.2,7.8,6.02,22.5,110.6,73.6,71.8,Drip,95.2,5.51,0.68,85078.0,41.7
Madhya Pradesh,Ludhiana,Rice,Kharif,4.08,819.1,27.9,65.9,5.6,6.85,36.2,47.593,37.1,148.6,Sprinkler,137.0,5.75,0.93,229295.0,60.2
Telangana,Indore,Wheat,Kharif,4.07,735.6,27.8,89.40399999999991,4.9,6.63,35.4,63.3,45.8,168.90299999999993,Rainfed,243.5,5.2,0.69,328184.0,58.7
Madhya Pradesh,Nashik,Pulses,Rabi,3.2,580.6,24.4,60.3,9.0,5.94,24.2,188.1,67.2,69.7,Flood,264.2,6.32,0.68,233461.0,36.9
Punjab,Ludhiana,Rice,Rabi,5.7,477.4,22.6,51.4,7.1,6.51,26.2,153.5,54.6,162.1,Drip,171.8,0.5,0.89,430554.0,54.7
Madhya Pradesh,Indore,Rice,Kharif,12.93,1167.4,29.8,80.9,6.9,6.09,34.0,190.2,74.5,136.3,Flood,139.4,5.72,0.78,755399.0,63.9
Gujarat,Erode,Groundnut,Rabi,13.38,447.0,21.5,67.0,8.2,6.13,32.1,94.5,64.2,55.9,Rainfed,44.595,6.52,0.96,657347.0,38.8
Karnataka,Erode,Rice,Rabi,2.25,508.8,26.4,75.0,7.1,7.4,25.3,163.9,42.6,81.3,Flood,196.9,4.43,0.77,169350.0,45.6
Telangana,Indore,Chilli,Kharif,1.42,1203.6019999999999,25.5,59.7,5.5,5.89,27.4,94.6,58.3,134.8,Flood,239.7,8.24,0.69,110695.0,47.5
Telangana,Ludhiana,Groundnut,Kharif,8.32,1034.4,27.8,76.5,7.4,7.32,32.2,101.3,17.298000000000002,96.8,Sprinkler,273.8,2.72,0.95,576777.0,70.4
Telangana,Warangal,Cotton,Rabi,8.13,686.8,25.0,51.8,6.2,6.91,25.9,132.0,33.0,116.9,Sprinkler,175.2,6.65,0.84,564687.0,19.1
Karnataka,Rajkot,Maize,Rabi,14.63,519.1,19.6,62.9,6.7,6.38,21.6,147.5,57.7,47.5,Drip,146.8,9.51,0.69,805717.0,42.2
Gujarat,Warangal,Groundnut,Rabi,11.47,80.0,24.7,59.2,8.1,6.2,27.0,138.2,45.3,117.2,Flood,165.0,4.41,0.92,771088.0,50.0
Madhya Pradesh,Erode,Groundnut,Kharif,6.52,961.3,29.9,77.3,6.9,5.89,29.2,106.6,71.3,130.1,Sprinkler,170.3,2.64,0.81,469983.0,66.6
Madhya Pradesh,Nashik,Cotton,Kharif,10.66,943.7,29.2,69.4,5.3,6.69,25.6,93.1,39.4,142.2,Drip,250.1,7.32,0.85,776817.0,56.8
Telangana,Nashik,Pulses,Rabi,14.89,603.6,22.0,50.3,5.9,6.99,21.5,109.2,56.3,123.2,Flood,195.3,4.19,0.8,1126428.82,42.1
Punjab,Raichur,Wheat,Rabi,12.81,504.3,23.2,60.6,8.1,7.54,33.8,125.3,47.2,98.0,Sprinkler,147.6,8.13,0.85,1062510.0,39.3
Gujarat,Warangal,Cotton,Kharif,5.02,1038.7,28.2,77.9,6.8,7.21,25.6,110.3,64.5,85.6,Flood,156.5,8.09,0.66,324287.0,45.9
Maharashtra,Guntur,Wheat,Rabi,11.35,331.5,21.3,63.0,8.8,6.53,22.4,106.3,85.2,131.5,Flood,77.2,3.15,0.86,572180.0,54.5
Maharashtra,Krishna,Rice,Rabi,1.86,183.9,23.2,58.8,7.4,6.27,13.1,114.2,56.8,75.9,Sprinkler,97.9,5.56,0.83,115260.0,43.5
Madhya Pradesh,Nashik,Maize,Rabi,0.98,275.5,19.0,47.4,6.4,5.91,12.1,109.8,57.7,54.5,Flood,126.9,5.61,0.8,56499.0,28.6
Punjab,Warangal,Maize,Kharif,13.8,806.9,24.1,72.4,6.3,6.53,30.6,103.4,86.0,45.6,Drip,156.4,6.62,0.72,835672.0,49.7
Telangana,Guntur,Wheat,Zaid,13.63,375.3,32.8,39.1,7.5,7.85,23.2,78.9,57.3,143.9,Flood,44.595,4.58,0.71,733065.0,36.4
Telangana,Erode,Maize,Rabi,3.39,631.0,23.1,45.2,7.2,5.74,31.2,168.3,67.4,140.6,Rainfed,200.7,3.3,0.99,190389.0,44.0
Punjab,Nalgonda,Wheat,Rabi,12.78,760.0,20.3,59.6,7.4,7.25,28.3,109.5,88.5,131.2,Rainfed,145.9,6.7,0.86,786938.0,50.6
Punjab,Nalgonda,Maize,Kharif,1.16,751.3,28.8,75.4,5.5,6.83,28.4,81.2,63.1,134.8,Flood,116.4,6.46,0.8,80511.0,53.4
Madhya Pradesh,Warangal,Rice,Rabi,1.53,414.8,29.5,51.9,7.8,5.68,15.1,118.4,18.2,123.1,Rainfed,44.595,2.87,0.74,85022.0,43.6
Tamil Nadu,Guntur,Groundnut,Kharif,9.34,1123.6,28.4,71.7,5.1,6.32,33.2,104.7,39.4,114.9,Flood,224.3,2.26,0.73,625353.0,56.4
Gujarat,Raichur,Maize,Kharif,1.81,858.1,26.0,51.4,7.7,7.37,29.8,84.6,59.2,129.6,Rainfed,253.1,4.85,0.74,119377.0,56.6
Maharashtra,Guntur,Rice,Kharif,6.63,939.3,26.0,69.3,5.8,7.94,38.6,112.8,75.5,76.7,Drip,248.7,7.92,0.77,445882.0,48.6
Maharashtra,Nashik,Groundnut,Kharif,7.64,828.6,29.3,67.1,5.8,6.62,27.0,96.9,32.2,114.8,Flood,257.9,5.86,0.76,564557.0,52.9
Telangana,Erode,Rice,Kharif,10.31,839.2,30.5,78.7,6.7,6.79,26.3,120.2,80.2,95.6,Flood,167.1,5.95,0.93,707897.0,71.6
Karnataka,Guntur,Wheat,Rabi,9.96,166.7,25.2,43.6,7.3,6.24,25.9,48.1,63.0,111.0,Drip,164.8,4.04,0.69,609456.0,41.3
Maharashtra,Guntur,Rice,Rabi,14.11,589.3,24.0,74.2,7.6,6.94,33.0,75.3,73.3,130.1,Drip,168.5,5.78,0.73,1123133.0,41.1
Gujarat,Krishna,Rice,Kharif,1.1,789.1,27.4,55.5,6.4,6.93,36.7,101.0,97.10099999999997,57.7,Flood,174.7,2.63,0.84,66013.0,58.2
Andhra Pradesh,Rajkot,Wheat,Kharif,9.88,1028.6,29.5,83.9,7.6,5.35,35.4,117.7,36.0,99.9,Flood,188.1,8.82,0.82,657264.0,58.0
Telangana,Erode,Rice,Zaid,5.63,135.5,26.5,43.6,7.8,7.23,23.7,90.1,42.3,46.4,Flood,210.3,5.13,0.85,367729.0,25.9
Gujarat,Ludhiana,Sugarcane,Rabi,10.76,248.7,25.3,59.7,6.6,6.61,20.9,99.4,64.1,113.6,Sprinkler,191.4,3.22,0.89,695689.0,33.8
Gujarat,Krishna,Rice,Rabi,7.87,594.4,22.5,50.1,7.6,7.44,20.2,108.3,62.6,60.2,Sprinkler,206.3,4.96,0.83,564533.0,41.2
Karnataka,Ludhiana,Pulses,Rabi,9.59,337.3,26.0,64.6,8.4,6.75,18.7,129.5,28.9,128.8,Flood,328.11199999999974,0.91,0.78,699000.0,64.2
Andhra Pradesh,Raichur,Cotton,Rabi,0.84,370.7,24.2,53.5,8.2,6.79,24.0,156.5,75.5,63.7,Flood,142.7,3.97,0.93,56720.0,37.3
Karnataka,Krishna,Maize,Rabi,14.89,275.3,23.5,59.3,7.8,5.6,27.2,84.9,61.9,54.9,Drip,232.5,6.82,0.99,1024178.0,42.5
Madhya Pradesh,Nashik,Chilli,Rabi,6.84,351.6,23.6,54.3,6.1,5.44,32.3,101.8,56.4,113.4,Flood,188.0,2.99,0.75,416094.0,57.3
Gujarat,Warangal,Wheat,Rabi,12.1,285.1,23.9,62.4,7.7,7.66,26.4,94.5,55.7,94.9,Drip,44.595,3.52,0.74,604037.0,42.5
Madhya Pradesh,Erode,Cotton,Rabi,6.05,227.5,23.3,50.6,7.0,6.35,33.0,81.5,73.0,128.6,Flood,72.4,2.81,0.69,368208.0,48.2
Punjab,Indore,Cotton,Zaid,2.82,252.3,31.3,45.2,8.1,7.36,18.6,97.1,62.7,38.592000000000006,Flood,228.2,4.66,0.7,179837.0,32.3
Madhya Pradesh,Raichur,Chilli,Rabi,2.59,407.3,19.1,68.4,8.0,6.08,29.7,107.6,55.3,131.5,Drip,235.1,1.92,0.89,176172.0,51.2
Maharashtra,Raichur,Wheat,Kharif,8.22,961.2,26.3,56.1,7.5,6.88,29.1,146.2,67.8,102.8,Sprinkler,176.9,9.520199999999996,0.87,626782.0,41.8
Gujarat,Rajkot,Pulses,Rabi,9.0,371.4,18.7,55.4,5.6,7.07,20.3,124.6,69.1,82.8,Flood,166.1,2.13,0.7,516729.0,54.8
Gujarat,Nalgonda,Rice,Rabi,1.29,347.9,23.9,58.4,7.3,7.85,29.5,142.0,73.7,111.1,Sprinkler,226.0,3.5,0.9,99427.0,55.8
Madhya Pradesh,Rajkot,Wheat,Rabi,7.58,524.9,23.3,55.9,6.7,7.16,16.7,102.6,57.9,112.5,Sprinkler,121.6,4.86,0.93,448472.0,45.5
Karnataka,Ludhiana,Cotton,Zaid,7.39,380.6,27.4,64.6,6.3,6.8,25.8,83.5,69.2,70.8,Sprinkler,196.7,8.63,0.8,592330.0,29.3
Telangana,Ludhiana,Maize,Kharif,6.77,875.2,32.7,79.1,7.6,7.4,31.0,136.6,97.10099999999997,134.7,Flood,198.6,1.29,0.69,447692.0,69.3
Madhya Pradesh,Warangal,Maize,Rabi,5.7,300.2,22.0,77.4,8.5,6.15,20.5,93.5,50.4,112.6,Drip,149.8,3.11,0.95,342297.0,51.4
Andhra Pradesh,Nalgonda,Rice,Rabi,8.37,599.7,27.3,59.4,8.9,6.48,15.7,160.4,51.7,158.2,Flood,234.9,5.45,0.8,534924.0,34.2
Karnataka,Guntur,Cotton,Rabi,4.81,178.9,22.9,45.3,7.7,6.73,24.7,90.4,51.5,69.4,Rainfed,207.7,5.25,0.65,305913.0,33.2
Tamil Nadu,Rajkot,Maize,Kharif,0.83,788.4,29.8,75.4,7.1,6.96,32.4,139.2,54.4,96.1,Rainfed,126.0,7.91,0.86,48693.0,46.9
Andhra Pradesh,Warangal,Chilli,Rabi,6.31,484.3,20.9,50.3,7.8,7.37,23.4,101.9,30.1,76.9,Sprinkler,169.8,2.35,0.67,401995.0,43.1
Telangana,Erode,Groundnut,Kharif,1.86,715.0,19.4,81.5,6.6,6.68,33.9,103.9,79.1,118.1,Flood,171.2,4.42,0.98,119928.0,55.3
Telangana,Ludhiana,Sugarcane,Rabi,6.35,637.8,24.1,59.4,7.5,7.16,16.9,97.3,75.2,144.5,Flood,200.7,1.6,0.73,469206.0,49.7
Punjab,Raichur,Maize,Kharif,11.97,991.7,25.6,71.4,7.2,6.35,30.7,54.9,39.7,139.0,Flood,210.9,3.86,0.83,840092.0,55.7
Punjab,Rajkot,Cotton,Rabi,9.04,543.3,24.4,52.6,7.2,6.95,21.4,100.6,50.7,93.7,Drip,239.5,5.34,0.83,646364.0,39.7
Tamil Nadu,Krishna,Maize,Zaid,1.33,340.8,27.4,59.3,8.7,7.11,14.6,143.5,59.9,93.7,Drip,231.1,9.520199999999996,0.74,117381.0,18.7
Andhra Pradesh,Nalgonda,Chilli,Zaid,13.09,345.2,33.8,45.0,7.5,7.01,14.3,135.4,71.9,97.9,Sprinkler,246.7,7.33,0.73,1126428.82,29.5
Gujarat,Krishna,Pulses,Rabi,0.71,697.3,22.7,54.7,8.1,5.84,19.1,163.9,97.10099999999997,154.6,Flood,159.0,6.51,0.84,48011.0,49.1
Madhya Pradesh,Raichur,Sugarcane,Kharif,13.65,1032.2,33.0,76.7,7.4,6.08,29.7,167.7,50.4,126.5,Rainfed,292.6,0.5,0.98,959826.0,73.6
Madhya Pradesh,Guntur,Wheat,Zaid,11.6,275.5,30.8,51.2,9.3,6.39,17.5,168.4,65.9,128.1,Flood,273.6,5.47,0.65,814045.0,32.2
Andhra Pradesh,Indore,Wheat,Kharif,14.02,527.1,34.2,80.3,6.6,7.43,33.4,140.9,57.6,121.1,Flood,230.2,5.14,0.74,974484.0,44.6
Telangana,Raichur,Cotton,Kharif,12.07,669.7,25.9,89.40399999999991,7.1,8.05,32.6,81.0,52.6,107.2,Sprinkler,151.5,2.38,0.85,644173.0,66.1
Gujarat,Warangal,Sugarcane,Rabi,0.81,362.8,30.1,58.8,8.3,6.19,35.2,136.6,54.1,140.0,Drip,236.5,4.17,0.67,53776.0,31.9
Andhra Pradesh,Guntur,Groundnut,Rabi,13.53,740.4,26.7,55.2,7.9,5.67,21.0,134.5,77.0,115.5,Rainfed,246.9,7.73,0.86,1033996.0,42.3
Tamil Nadu,Ludhiana,Groundnut,Rabi,3.25,80.0,27.2,78.2,8.0,6.23,23.6,162.7,75.0,88.4,Sprinkler,274.4,2.78,0.75,266901.0,55.0
Tamil Nadu,Nalgonda,Cotton,Kharif,0.64,1045.1,26.0,65.1,7.4,7.58,26.6,115.8,54.4,103.9,Flood,193.4,5.27,0.9,53939.0,65.9
Karnataka,Ludhiana,Cotton,Kharif,12.8,835.2,24.7,64.3,8.0,6.56,34.2,143.0,63.0,54.1,Drip,109.5,6.84,0.66,870979.0,55.6
Andhra Pradesh,Rajkot,Groundnut,Kharif,12.76,676.1,28.4,83.0,8.6,6.49,12.7,169.2,40.7,92.2,Sprinkler,177.4,5.0,0.69,764820.0,58.1
Tamil Nadu,Nashik,Rice,Zaid,12.56,497.4,29.0,67.2,8.8,7.26,20.6,142.6,55.9,92.6,Drip,228.3,5.51,0.82,842727.0,52.0
Gujarat,Erode,Maize,Kharif,12.11,1005.2,26.9,82.2,7.9,5.2,29.4,107.7,56.2,120.3,Drip,93.1,3.71,0.86,653622.0,54.7
Madhya Pradesh,Warangal,Chilli,Kharif,11.16,1051.3,28.4,68.8,6.6,7.06,29.9,112.4,33.2,117.8,Drip,45.9,5.57,0.86,631114.0,65.7
Andhra Pradesh,Warangal,Chilli,Kharif,11.26,772.6,30.6,78.2,8.2,6.83,22.7,112.0,45.7,131.8,Drip,215.4,7.59,0.97,870896.0,52.7
Gujarat,Raichur,Pulses,Kharif,0.64,902.0,24.8,77.7,7.2,7.78,29.9,137.5,64.2,117.9,Flood,278.6,5.61,0.95,42979.0,45.1
Gujarat,Nalgonda,Maize,Rabi,12.44,474.4,21.4,54.1,7.9,6.76,15.4,85.7,80.4,64.0,Flood,210.1,5.63,0.92,772977.0,29.6
Punjab,Guntur,Maize,Rabi,14.52,831.3,27.2,73.9,7.3,6.41,30.2,119.0,54.4,97.8,Flood,214.2,6.46,0.91,1126428.82,37.8
Maharashtra,Nalgonda,Rice,Zaid,7.72,522.0,34.6,45.2,8.6,6.61,16.4,130.2,45.5,127.0,Flood,227.5,3.78,0.69,566937.0,53.3
Tamil Nadu,Rajkot,Pulses,Kharif,1.61,497.2,27.2,74.2,7.0,5.49,34.5,139.5,82.5,130.4,Flood,231.5,3.8,0.66,104806.0,51.5
Tamil Nadu,Guntur,Pulses,Kharif,14.31,493.4,29.9,68.6,7.7,7.21,38.9,94.3,91.8,79.0,Rainfed,99.1,6.09,0.88,1086667.0,46.2
Madhya Pradesh,Raichur,Rice,Kharif,13.46,561.5,31.6,72.0,7.0,6.94,30.1,91.4,58.5,91.1,Rainfed,180.4,5.38,0.9,909799.0,48.6
Andhra Pradesh,Nalgonda,Wheat,Zaid,14.14,194.1,28.7,50.6,7.9,6.39,21.7,92.8,54.3,132.3,Rainfed,121.2,3.12,0.88,905195.0,51.8
Maharashtra,Indore,Rice,Kharif,1.04,601.0,27.9,69.7,5.5,6.35,27.8,137.4,37.4,51.7,Flood,173.6,6.46,0.69,66015.0,43.9
Gujarat,Warangal,Maize,Rabi,9.58,393.5,25.0,59.8,8.2,7.15,28.9,47.593,69.9,167.2,Rainfed,174.2,2.44,0.95,601697.0,43.3
Punjab,Krishna,Pulses,Rabi,6.45,506.1,23.8,49.1,7.4,5.91,14.4,134.7,61.0,42.1,Rainfed,183.5,1.89,0.91,428498.0,52.6
Gujarat,Erode,Rice,Rabi,1.69,248.5,23.1,62.4,7.3,5.74,31.1,68.5,63.1,119.2,Sprinkler,199.1,2.85,0.97,96113.0,42.1
Andhra Pradesh,Erode,Pulses,Rabi,6.82,114.7,30.5,60.0,7.1,7.12,22.9,110.1,58.1,68.8,Sprinkler,78.2,2.15,0.88,352548.0,49.1
Telangana,Raichur,Chilli,Kharif,12.96,839.3,28.2,68.3,5.9,7.18,36.4,137.4,33.2,122.0,Drip,125.7,6.56,0.92,811620.0,47.6
Maharashtra,Erode,Wheat,Rabi,5.9,394.1,21.5,68.0,8.0,7.52,24.0,108.0,97.10099999999997,38.592000000000006,Flood,212.8,5.28,0.87,346039.0,47.1
Telangana,Erode,Pulses,Kharif,3.83,610.3,27.3,83.9,6.3,6.83,32.6,150.7,45.0,38.592000000000006,Sprinkler,176.3,5.7,0.67,257531.0,47.1
Punjab,Nashik,Cotton,Kharif,6.59,745.4,29.2,61.4,7.6,6.63,30.7,86.2,72.2,60.2,Flood,163.5,7.13,0.78,471598.0,34.6
Gujarat,Nalgonda,Cotton,Kharif,1.47,627.3,24.3,70.7,7.7,7.52,37.3,112.8,79.2,115.4,Drip,141.7,1.33,0.71,89080.0,58.7
Tamil Nadu,Guntur,Cotton,Kharif,10.68,798.9,27.2,69.0,6.5,7.33,26.4,109.5,55.6,89.5,Flood,266.7,5.07,0.93,783755.0,54.7
Karnataka,Nalgonda,Sugarcane,Kharif,14.47,614.3,26.1,71.0,8.0,6.78,38.5,139.3,69.8,102.9,Flood,156.1,8.66,0.92,1043508.0,50.8
Tamil Nadu,Indore,Pulses,Rabi,7.19,268.3,24.1,66.4,6.8,6.98,31.7,145.2,37.0,86.0,Sprinkler,196.1,5.33,0.72,403866.0,36.7
Gujarat,Guntur,Groundnut,Zaid,9.22,419.9,31.8,64.6,8.1,6.52,16.9,117.2,38.0,55.0,Sprinkler,184.8,5.12,0.94,502259.0,52.6
Punjab,Raichur,Rice,Kharif,3.79,1058.1,23.5,81.2,5.7,6.54,34.7,111.2,34.6,101.9,Flood,219.6,3.49,0.69,286990.0,67.2
Andhra Pradesh,Warangal,Cotton,Rabi,5.53,651.3,26.4,65.4,8.1,6.54,19.0,70.3,78.7,98.4,Rainfed,328.11199999999974,5.83,0.75,472292.0,38.4
Maharashtra,Krishna,Rice,Kharif,14.24,890.0,27.1,89.40399999999991,7.5,6.8,29.0,119.1,31.5,128.1,Rainfed,211.3,6.77,0.87,858188.0,58.9
Andhra Pradesh,Erode,Cotton,Rabi,12.64,448.2,20.5,53.8,6.6,5.99,22.4,68.1,52.0,70.1,Rainfed,181.8,2.78,0.67,794889.0,46.2
Madhya Pradesh,Nashik,Maize,Zaid,2.91,213.8,28.0,57.8,8.3,5.9,25.4,106.2,97.10099999999997,72.8,Flood,160.2,3.24,0.78,194005.0,35.0
Madhya Pradesh,Guntur,Maize,Kharif,13.06,818.6,27.2,65.5,8.0,6.47,35.4,134.6,29.8,134.7,Drip,251.1,6.1,0.74,809342.0,42.5
Madhya Pradesh,Ludhiana,Groundnut,Zaid,5.62,160.5,33.3,62.1,9.2,7.49,18.0,96.9,21.5,76.4,Rainfed,286.1,6.81,0.83,367880.0,20.5
Madhya Pradesh,Indore,Wheat,Kharif,2.95,683.1,28.6,70.2,6.9,5.94,31.9,105.4,68.4,91.2,Flood,229.5,4.88,0.73,184303.0,38.7
Gujarat,Krishna,Wheat,Rabi,6.07,539.4,18.599,52.6,8.1,5.68,18.4,137.7,51.8,99.4,Rainfed,209.6,3.04,0.68,312584.0,42.6
Tamil Nadu,Raichur,Chilli,Zaid,11.68,278.1,30.4,47.9,7.2,7.18,17.3,88.3,49.2,121.0,Flood,158.1,4.09,0.82,776999.0,40.0
Andhra Pradesh,Rajkot,Chilli,Kharif,5.18,833.8,28.8,75.6,5.1,5.47,31.5,117.4,77.1,133.5,Flood,225.5,6.08,0.88,368110.0,47.7
Karnataka,Ludhiana,Maize,Rabi,1.53,337.0,23.1,73.2,7.8,7.37,20.7,59.1,56.0,71.1,Drip,131.9,2.67,0.96,101866.0,48.1
Gujarat,Ludhiana,Cotton,Rabi,1.83,502.1,19.3,42.3,7.2,6.49,26.8,76.4,75.1,91.7,Drip,251.5,2.84,0.86,144893.0,47.2
Tamil Nadu,Raichur,Maize,Kharif,11.23,927.0,28.0,63.0,7.6,6.96,36.8,119.8,67.0,134.5,Rainfed,175.9,3.33,0.87,695197.0,57.9
Punjab,Indore,Chilli,Rabi,6.28,426.3,25.5,69.4,9.9,7.74,25.1,101.9,74.2,102.2,Drip,246.8,4.48,0.94,469343.0,43.9
Andhra Pradesh,Ludhiana,Groundnut,Rabi,14.64,170.8,22.1,62.7,7.6,8.240099999999998,19.2,79.8,60.8,146.7,Sprinkler,322.3,5.99,0.68,1126428.82,29.3
Madhya Pradesh,Raichur,Cotton,Rabi,7.51,197.8,22.3,69.8,7.8,6.83,29.3,144.3,70.0,100.0,Rainfed,283.3,3.85,0.81,393404.0,42.0
Telangana,Indore,Chilli,Rabi,13.27,416.1,21.2,58.6,9.6,5.81,29.1,146.4,17.298000000000002,106.1,Sprinkler,100.4,7.68,0.7,979553.0,24.4
Karnataka,Erode,Wheat,Rabi,0.93,569.3,21.7,60.1,7.6,7.11,28.2,93.1,58.2,78.0,Flood,147.7,4.41,0.81,56097.0,44.6
Punjab,Warangal,Chilli,Kharif,13.46,835.6,30.1,77.9,8.2,6.09,33.4,76.7,23.9,96.7,Rainfed,223.3,8.54,0.93,1038446.0,35.6
Madhya Pradesh,Indore,Rice,Rabi,10.33,473.5,27.6,65.4,7.1,7.7,21.4,120.2,84.6,116.5,Drip,235.6,3.51,0.96,765938.0,58.2
Madhya Pradesh,Ludhiana,Wheat,Kharif,7.78,759.4,29.3,73.2,7.4,6.97,21.3,123.5,62.3,54.7,Sprinkler,105.4,6.63,0.91,492210.0,50.6
Punjab,Erode,Rice,Kharif,13.21,1203.6019999999999,28.4,84.9,6.7,6.54,30.4,107.0,56.3,97.2,Drip,172.7,5.06,0.83,865129.0,74.60099999999997
Madhya Pradesh,Raichur,Rice,Kharif,12.76,991.1,29.6,71.1,5.8,6.95,25.0,112.5,72.8,92.4,Rainfed,215.7,5.12,0.87,844148.0,49.4
Maharashtra,Warangal,Rice,Kharif,13.48,470.7,25.1,81.1,6.2,7.47,29.7,117.2,36.5,111.3,Rainfed,238.0,7.82,0.92,1121980.0,45.9
Gujarat,Ludhiana,Maize,Rabi,12.69,336.3,22.5,69.2,6.6,7.17,19.9,118.0,25.6,136.4,Flood,206.8,7.31,0.88,946955.0,34.3
Tamil Nadu,Erode,Sugarcane,Kharif,13.49,1203.6019999999999,28.2,63.7,8.2,6.63,27.1,122.7,64.2,100.8,Rainfed,214.1,5.82,0.82,1039127.0,63.5
Tamil Nadu,Ludhiana,Sugarcane,Zaid,7.41,172.4,34.3,45.2,8.4,7.43,26.4,103.8,35.2,168.90299999999993,Drip,202.0,6.58,0.73,549790.0,28.2
Gujarat,Erode,Chilli,Zaid,8.63,172.6,26.9,47.8,7.0,6.03,16.8,59.8,26.9,131.5,Sprinkler,131.9,5.71,0.8,470649.0,31.5
Maharashtra,Erode,Cotton,Rabi,9.72,403.4,20.6,61.1,6.4,6.6,27.7,97.9,71.1,97.6,Sprinkler,106.4,5.9,0.91,610675.0,41.0
Madhya Pradesh,Warangal,Cotton,Kharif,11.83,961.8,27.4,73.6,7.6,6.63,24.8,142.3,66.8,119.1,Rainfed,147.7,5.41,0.86,917414.0,58.7
Gujarat,Guntur,Sugarcane,Zaid,12.15,207.6,32.0,56.3,10.0,7.69,17.1,145.6,35.3,48.0,Rainfed,178.0,3.86,0.89,989721.0,36.9
Karnataka,Indore,Groundnut,Kharif,13.69,920.8,26.4,74.2,6.3,7.39,38.4,97.2,44.0,101.0,Drip,146.4,3.54,0.93,905330.0,41.8
Karnataka,Nashik,Cotton,Rabi,6.6,94.0,22.3,57.3,7.1,7.14,11.4,67.1,60.1,43.1,Rainfed,227.5,4.31,0.94,492669.0,52.2
Maharashtra,Nashik,Groundnut,Zaid,2.84,85.1,27.9,66.1,9.0,7.74,20.9,150.1,31.8,97.9,Flood,232.8,3.79,0.96,203574.0,42.6
Maharashtra,Indore,Groundnut,Rabi,4.43,551.2,23.8,48.4,8.5,8.240099999999998,19.6,169.8,63.3,156.6,Flood,163.4,2.95,0.92,329423.0,45.4
Gujarat,Indore,Maize,Kharif,6.02,1203.6019999999999,26.7,60.9,5.5,6.52,32.7,53.3,68.2,94.8,Drip,209.6,6.83,0.87,378503.0,56.8
Madhya Pradesh,Raichur,Sugarcane,Kharif,7.74,1075.1,27.6,74.6,6.7,6.49,24.6,169.9,55.2,86.6,Drip,164.1,6.68,0.73,503585.0,49.9
Punjab,Nashik,Cotton,Rabi,8.46,610.3,23.5,56.2,8.5,7.64,30.0,140.6,58.4,38.592000000000006,Rainfed,239.2,7.05,0.73,578332.0,39.9
Karnataka,Raichur,Cotton,Zaid,8.34,80.0,32.7,48.0,8.7,7.8,17.6,47.593,65.9,100.3,Sprinkler,260.4,7.97,0.94,535678.0,48.4
Karnataka,Ludhiana,Maize,Kharif,9.87,918.8,32.8,56.9,6.8,6.5,29.9,151.5,63.9,152.0,Drip,211.9,4.74,0.85,711204.0,53.7
Punjab,Warangal,Cotton,Kharif,13.6,1089.2,28.4,68.1,6.5,5.72,27.9,124.9,56.2,126.1,Rainfed,178.7,4.71,0.98,923897.0,55.2
Maharashtra,Nalgonda,Pulses,Zaid,13.8,582.0,33.6,55.1,7.4,6.98,16.9,141.8,55.6,90.0,Flood,107.4,1.76,0.8,859614.0,44.8
Madhya Pradesh,Warangal,Groundnut,Rabi,1.53,165.3,18.599,62.5,6.6,8.240099999999998,26.9,69.6,75.1,101.1,Drip,177.3,4.63,1.0,106635.0,32.9
Maharashtra,Nashik,Groundnut,Kharif,2.85,786.0,27.8,65.1,7.4,6.61,33.4,144.3,59.4,51.8,Flood,158.8,3.52,0.8,181820.0,41.4
Gujarat,Rajkot,Sugarcane,Rabi,10.08,519.0,21.8,61.7,7.3,6.59,20.0,93.2,68.1,88.1,Drip,276.9,4.88,0.78,773241.0,49.0
Telangana,Nashik,Sugarcane,Kharif,8.4,741.3,26.6,67.7,9.0,6.83,36.9,155.1,59.4,90.0,Flood,189.6,5.36,0.93,511331.0,54.8
Gujarat,Rajkot,Wheat,Zaid,8.38,458.1,31.9,50.9,5.4,5.98,20.7,80.0,94.4,91.6,Sprinkler,270.5,5.4,0.8,512673.0,34.0
Telangana,Nalgonda,Wheat,Zaid,11.87,161.3,34.0,47.8,8.1,5.88,18.4,78.6,69.7,55.8,Flood,171.8,7.75,0.88,896401.0,31.1
Punjab,Warangal,Sugarcane,Zaid,1.91,117.1,29.6,35.5,7.4,6.46,13.3,89.7,49.1,141.2,Drip,182.9,4.21,0.81,137170.0,43.5
Gujarat,Krishna,Rice,Kharif,1.43,721.1,29.1,75.4,7.6,7.9,33.6,118.5,79.4,137.1,Rainfed,186.2,6.01,0.82,96126.0,45.3
Karnataka,Indore,Wheat,Kharif,3.92,862.2,29.6,73.7,6.5,6.51,35.3,144.9,97.10099999999997,105.8,Drip,95.1,6.82,0.65,249439.0,47.8
Maharashtra,Ludhiana,Pulses,Rabi,13.37,429.8,22.2,56.3,7.1,5.75,26.7,164.0,33.1,110.9,Sprinkler,127.3,2.48,0.99,736484.0,48.5
Punjab,Indore,Cotton,Kharif,9.96,1020.6,28.3,68.2,7.4,5.47,32.7,117.2,59.9,81.1,Drip,154.8,4.82,0.71,654408.0,65.6
Telangana,Raichur,Maize,Rabi,5.34,385.1,22.8,52.4,7.5,6.74,21.4,119.2,69.0,98.4,Drip,147.8,3.06,0.66,335209.0,36.4
Andhra Pradesh,Rajkot,Rice,Zaid,13.97,202.2,33.4,42.8,6.6,7.4,19.6,64.5,40.2,68.4,Drip,204.1,4.1,0.83,1126428.82,29.0
Madhya Pradesh,Erode,Wheat,Kharif,11.03,1094.2,23.8,54.4,6.9,7.17,32.0,120.1,81.3,111.7,Flood,146.3,4.23,0.94,641921.0,60.0
Maharashtra,Guntur,Wheat,Kharif,6.7,538.5,26.4,55.0,5.1,5.76,29.8,145.3,49.7,58.0,Flood,236.8,0.5,0.71,489364.0,63.1
Gujarat,Warangal,Pulses,Kharif,13.97,741.2,26.0,67.0,4.899000000000001,6.79,37.2,118.9,79.3,113.0,Flood,313.1,7.12,0.98,1023933.0,43.5
Gujarat,Erode,Pulses,Rabi,7.03,563.6,24.1,58.3,7.0,6.93,15.4,87.9,52.4,98.1,Flood,44.595,7.35,0.86,416192.0,36.5
Tamil Nadu,Krishna,Cotton,Rabi,3.08,615.4,23.5,52.9,7.9,7.18,24.2,97.2,48.3,64.9,Sprinkler,206.2,6.07,0.91,209137.0,34.5
Tamil Nadu,Warangal,Cotton,Rabi,13.01,520.0,18.599,57.0,6.3,6.52,22.4,103.9,51.2,96.1,Sprinkler,235.7,6.47,0.75,947744.0,31.3
Tamil Nadu,Erode,Rice,Kharif,4.11,831.5,33.7,72.4,6.6,5.52,31.0,85.7,57.2,87.0,Sprinkler,131.3,7.11,0.91,255678.0,42.3
Tamil Nadu,Nashik,Maize,Rabi,12.66,415.3,21.9,47.5,8.3,6.66,24.2,144.0,49.7,150.3,Sprinkler,239.7,4.38,0.82,834712.0,38.8
Tamil Nadu,Nalgonda,Sugarcane,Rabi,4.02,290.4,27.1,65.4,5.6,7.37,25.9,165.5,79.5,62.0,Flood,173.7,6.97,0.92,253708.0,44.2
Andhra Pradesh,Nashik,Rice,Rabi,2.01,701.4,26.5,60.0,6.4,6.17,22.5,157.9,35.1,85.1,Sprinkler,191.1,2.12,0.89,111877.0,56.6
Tamil Nadu,Nashik,Rice,Kharif,1.33,470.1,28.7,81.4,5.2,6.86,35.5,94.6,69.6,77.6,Sprinkler,205.7,3.06,0.78,93904.0,53.0
Andhra Pradesh,Ludhiana,Cotton,Zaid,4.15,80.0,32.1,52.6,6.4,6.34,21.2,111.5,75.0,121.2,Sprinkler,161.8,6.47,0.93,272535.0,35.3
Punjab,Ludhiana,Cotton,Rabi,10.79,371.3,25.0,73.8,6.2,7.16,27.9,86.3,69.5,49.6,Rainfed,145.0,2.74,0.8,671348.0,61.1
Gujarat,Erode,Chilli,Rabi,13.89,430.3,25.3,49.8,6.8,6.65,24.6,128.9,58.9,101.9,Rainfed,67.1,0.87,0.78,604996.0,52.5
Andhra Pradesh,Nalgonda,Wheat,Kharif,3.9,921.8,30.5,77.2,6.8,7.5,34.9,88.9,44.9,96.5,Sprinkler,130.5,3.42,0.7,255824.0,66.5
Maharashtra,Nashik,Pulses,Kharif,7.97,655.4,27.0,64.4,6.3,6.35,28.2,166.4,49.5,117.0,Sprinkler,147.8,8.76,0.72,522380.0,33.8
Punjab,Warangal,Cotton,Rabi,12.12,625.8,26.7,66.6,4.899000000000001,6.54,20.2,182.1,65.8,93.3,Flood,253.6,5.3,0.69,820543.0,43.8
Gujarat,Erode,Maize,Zaid,10.61,80.0,28.6,58.3,8.5,5.28,16.3,117.7,32.7,144.4,Drip,138.3,6.0,0.92,590380.0,37.2
Gujarat,Guntur,Rice,Kharif,3.24,747.4,27.3,72.2,5.8,5.49,32.4,104.3,70.1,149.9,Rainfed,157.3,5.36,0.84,219512.0,59.7
Madhya Pradesh,Raichur,Rice,Kharif,3.62,868.4,28.4,69.8,7.0,7.82,36.8,116.4,86.5,39.8,Rainfed,79.4,7.67,0.98,181678.0,56.8
Madhya Pradesh,Indore,Groundnut,Rabi,6.5,881.3,23.6,47.4,7.4,6.96,32.5,99.8,60.3,109.6,Flood,231.4,3.88,0.77,445428.0,45.5
Gujarat,Ludhiana,Chilli,Kharif,6.41,859.5,34.0,75.5,5.7,7.65,26.6,88.4,50.6,103.8,Drip,155.5,3.97,0.93,355101.0,56.9
Andhra Pradesh,Indore,Maize,Kharif,10.27,940.4,31.7,82.5,7.1,6.21,41.0,137.9,51.5,156.6,Drip,152.3,5.46,0.99,655673.0,54.7
Gujarat,Ludhiana,Groundnut,Rabi,9.81,428.1,20.7,63.7,6.9,6.87,17.1,162.5,97.10099999999997,85.9,Rainfed,193.8,3.41,0.74,738513.0,39.0
Telangana,Raichur,Cotton,Kharif,1.58,731.0,26.3,70.6,7.8,7.8,23.3,165.6,37.6,106.9,Flood,198.5,2.23,0.67,108087.0,64.6
Karnataka,Nashik,Maize,Kharif,9.52,743.1,29.0,78.0,7.5,6.09,39.7,157.3,67.6,38.592000000000006,Flood,164.7,2.26,0.69,752324.0,69.5
Punjab,Erode,Pulses,Zaid,3.51,80.0,28.0,50.6,9.7,6.51,29.5,152.6,69.9,59.7,Flood,163.2,6.56,0.86,262644.0,31.4
Andhra Pradesh,Nashik,Rice,Zaid,12.31,172.6,30.8,52.8,8.2,6.49,16.5,96.5,69.0,148.2,Rainfed,151.2,8.52,0.69,748138.0,28.2
Tamil Nadu,Indore,Maize,Rabi,2.67,243.5,20.7,50.5,7.1,5.94,20.6,170.5,37.4,103.5,Sprinkler,117.1,2.84,0.68,181583.0,40.5
Telangana,Indore,Maize,Rabi,5.08,699.0,23.4,45.4,8.3,6.72,26.1,140.8,76.9,80.6,Rainfed,150.7,2.78,0.78,229698.0,51.7
Andhra Pradesh,Rajkot,Pulses,Rabi,8.79,297.5,27.7,67.9,8.8,6.55,24.5,127.8,22.3,62.6,Drip,180.6,3.81,0.71,449112.0,49.4
Madhya Pradesh,Warangal,Pulses,Kharif,8.89,841.9,31.6,65.5,7.1,7.08,37.0,158.3,80.6,93.3,Flood,155.5,5.84,0.73,671677.0,40.5
Andhra Pradesh,Guntur,Maize,Rabi,2.8,551.0,22.9,74.5,9.0,6.93,25.4,114.6,70.5,124.0,Sprinkler,85.3,2.96,0.67,201474.0,50.2
Karnataka,Nalgonda,Wheat,Rabi,5.06,340.3,22.8,50.0,7.1,5.81,32.1,128.5,72.2,92.7,Flood,145.3,4.65,0.76,328216.0,38.7
Maharashtra,Raichur,Rice,Kharif,8.0,701.6,29.6,84.9,6.4,7.61,29.4,125.3,80.5,66.1,Drip,209.9,9.520199999999996,0.66,611585.0,54.7
Andhra Pradesh,Ludhiana,Wheat,Rabi,3.36,421.9,23.9,69.5,9.0,7.76,21.9,82.6,77.8,122.9,Drip,244.0,2.56,0.94,222224.0,64.2
Punjab,Ludhiana,Rice,Rabi,12.15,547.8,23.1,67.5,7.4,6.07,23.6,114.3,74.8,71.0,Flood,298.4,4.38,0.88,911031.0,33.9
Madhya Pradesh,Rajkot,Maize,Kharif,3.23,1051.0,29.9,69.3,5.7,6.31,27.9,151.1,17.298000000000002,109.1,Rainfed,138.9,6.79,0.74,218238.0,54.1
Punjab,Rajkot,Rice,Rabi,8.42,280.8,24.0,57.0,6.8,7.65,19.0,146.2,42.6,108.2,Drip,111.7,5.92,0.84,534354.0,31.0
Telangana,Raichur,Sugarcane,Rabi,0.88,199.0,28.2,47.9,6.9,7.58,34.1,117.3,81.5,168.90299999999993,Rainfed,237.0,5.36,0.98,58378.0,31.7
Andhra Pradesh,Krishna,Rice,Kharif,5.45,1112.7,29.4,64.6,8.5,6.96,41.0,115.9,54.2,75.1,Flood,240.0,7.8,0.93,416299.0,53.1
Maharashtra,Raichur,Sugarcane,Rabi,12.28,383.8,26.2,65.2,5.8,6.48,22.8,106.3,72.7,68.1,Drip,267.5,2.34,0.76,944405.0,45.6
Andhra Pradesh,Indore,Groundnut,Rabi,7.97,351.5,23.9,37.4,6.1,6.48,18.2,175.1,45.2,168.0,Drip,137.8,3.67,0.99,452540.0,45.8
Telangana,Rajkot,Wheat,Rabi,1.72,80.0,21.2,51.5,6.9,6.96,20.4,151.0,60.5,110.2,Rainfed,190.3,3.04,0.66,107339.0,46.8
Madhya Pradesh,Guntur,Groundnut,Rabi,4.25,569.5,25.1,48.5,6.1,6.7,30.3,124.1,74.6,107.4,Flood,183.4,2.76,0.69,318286.0,48.6
Andhra Pradesh,Indore,Maize,Rabi,1.12,582.0,22.7,57.3,7.9,6.0,19.8,185.7,78.8,141.3,Rainfed,114.0,6.37,0.88,55699.0,39.6
Punjab,Ludhiana,Pulses,Kharif,8.92,804.3,27.7,73.4,7.4,6.45,33.1,190.6039999999999,80.5,98.0,Drip,82.8,5.18,0.93,544830.0,52.0
Andhra Pradesh,Rajkot,Rice,Kharif,9.0,712.2,30.5,83.1,6.2,5.88,35.5,150.9,52.1,107.2,Sprinkler,172.0,3.01,0.83,610472.0,64.4
Madhya Pradesh,Rajkot,Cotton,Kharif,2.72,998.7,29.4,55.3,7.0,7.4,39.2,103.0,81.1,72.3,Flood,208.2,5.63,0.77,202151.0,46.8
Punjab,Nalgonda,Maize,Kharif,11.03,752.3,25.8,80.7,7.8,6.24,21.6,164.3,29.3,117.9,Rainfed,243.9,5.4,0.71,768506.0,54.0
Madhya Pradesh,Ludhiana,Groundnut,Kharif,13.02,1021.5,27.5,62.1,5.8,6.39,23.4,88.6,30.3,110.3,Rainfed,209.1,6.36,0.8,874345.0,35.2
Tamil Nadu,Ludhiana,Pulses,Kharif,10.43,424.1,23.6,69.4,8.1,7.29,28.2,143.1,67.8,104.1,Drip,182.7,4.97,0.98,744500.0,44.4
Andhra Pradesh,Rajkot,Wheat,Kharif,12.51,514.4,29.9,54.2,7.2,7.06,28.5,94.0,48.3,120.5,Rainfed,239.4,4.78,0.91,866219.0,42.7
Karnataka,Erode,Rice,Kharif,3.15,985.1,26.9,58.8,6.6,5.71,38.1,124.2,90.8,89.6,Flood,224.8,5.51,0.85,226859.0,48.9
Karnataka,Nalgonda,Cotton,Rabi,7.03,421.6,18.8,54.1,9.4,6.51,27.9,103.8,56.1,78.4,Rainfed,203.5,5.93,0.87,431326.0,32.2
Telangana,Nalgonda,Groundnut,Rabi,5.22,431.8,24.9,48.6,8.4,7.09,31.1,83.8,58.6,123.0,Drip,180.0,6.34,0.97,405155.0,30.5
Madhya Pradesh,Nashik,Groundnut,Kharif,13.94,913.5,30.8,79.4,5.4,5.98,32.8,150.1,83.2,141.8,Rainfed,137.9,1.82,0.81,586306.0,63.7
Maharashtra,Nalgonda,Groundnut,Kharif,8.2,673.7,32.4,66.7,6.2,7.06,34.3,138.6,17.298000000000002,95.7,Drip,198.1,7.55,0.68,603155.0,49.2
Tamil Nadu,Erode,Rice,Zaid,13.34,219.3,34.9,50.4,7.1,5.94,21.7,114.7,70.9,73.8,Flood,195.5,5.64,0.86,930433.0,28.1
Karnataka,Nashik,Cotton,Zaid,6.34,233.1,33.4,60.0,8.0,6.11,15.5,114.8,47.0,111.2,Drip,112.3,5.25,0.66,395592.0,35.2
Maharashtra,Rajkot,Wheat,Rabi,5.83,533.2,25.3,48.8,9.8,7.04,19.1,118.8,47.4,164.9,Sprinkler,131.1,3.69,0.85,356425.0,41.4
Andhra Pradesh,Erode,Groundnut,Rabi,7.92,223.5,20.5,63.2,6.7,7.48,24.3,115.0,56.6,84.8,Drip,219.3,5.8,0.85,589978.0,29.3
Karnataka,Nalgonda,Pulses,Kharif,3.45,1108.5,31.5,69.6,8.1,6.97,41.0,129.2,69.9,84.4,Sprinkler,195.3,4.46,0.82,266346.0,58.0
Tamil Nadu,Warangal,Wheat,Rabi,5.1,195.8,27.0,64.3,8.3,6.52,15.4,108.2,78.4,74.5,Rainfed,203.9,4.67,0.87,290344.0,38.1
Telangana,Erode,Wheat,Rabi,1.53,414.9,23.3,65.1,7.6,7.59,31.1,61.5,17.298000000000002,114.3,Rainfed,155.7,5.12,0.95,96327.0,46.5
Telangana,Erode,Rice,Kharif,12.38,714.0,26.1,72.9,7.1,6.28,24.5,89.9,54.8,112.2,Flood,113.4,3.96,0.87,753179.0,60.0
Tamil Nadu,Nalgonda,Wheat,Rabi,8.0,694.6,23.2,35.5,7.3,7.13,29.5,161.5,68.5,94.9,Drip,200.6,8.95,0.9,597345.0,40.5
Madhya Pradesh,Nalgonda,Chilli,Rabi,12.06,428.4,27.4,70.7,8.8,6.94,20.5,102.8,31.3,141.2,Rainfed,189.4,6.48,0.78,889305.0,50.9
Punjab,Erode,Chilli,Kharif,1.94,1203.6019999999999,23.5,73.5,7.5,6.65,38.7,103.1,61.1,92.5,Rainfed,197.0,3.83,0.91,125383.0,65.2
Tamil Nadu,Nalgonda,Rice,Rabi,5.82,628.2,26.5,63.0,7.0,6.78,17.7,118.9,87.5,131.1,Rainfed,118.4,7.16,0.85,320010.0,39.8
Telangana,Indore,Maize,Zaid,12.22,321.3,35.1,49.9,8.3,5.93,19.0,146.4,74.2,106.3,Flood,164.8,7.37,0.93,769431.0,24.7
Telangana,Nalgonda,Sugarcane,Zaid,14.6,376.9,31.1,39.5,9.0,6.56,17.2,65.2,76.3,146.8,Rainfed,175.0,5.67,0.98,1021678.0,35.0
Maharashtra,Indore,Sugarcane,Kharif,12.43,704.2,26.2,64.7,5.2,6.25,33.5,108.4,67.4,88.2,Rainfed,179.3,2.93,0.73,762773.0,56.3
Madhya Pradesh,Indore,Pulses,Rabi,11.7,223.7,24.5,78.4,6.9,7.37,27.3,106.1,48.1,121.1,Rainfed,60.9,6.93,0.82,642134.0,35.8
Telangana,Ludhiana,Groundnut,Kharif,4.14,1041.7,26.2,76.1,6.8,6.25,25.6,157.0,35.6,107.2,Rainfed,59.5,3.76,0.71,259189.0,62.9
Madhya Pradesh,Nashik,Cotton,Rabi,7.03,524.5,25.3,63.2,8.3,6.51,26.1,126.6,67.4,65.8,Flood,187.8,4.89,0.8,423050.0,41.1
Telangana,Nashik,Cotton,Rabi,4.67,215.6,26.6,50.6,8.3,6.19,28.9,94.4,61.5,120.3,Flood,251.2,5.2,0.88,397242.0,36.7
Karnataka,Ludhiana,Cotton,Rabi,5.83,536.4,22.9,47.8,8.1,6.89,15.0,109.9,73.8,70.1,Flood,143.4,4.31,0.82,352790.0,47.1
Tamil Nadu,Guntur,Pulses,Rabi,6.65,677.3,19.9,52.5,7.3,7.31,13.6,69.9,71.8,95.3,Sprinkler,201.6,4.68,0.76,450014.0,34.1
Maharashtra,Ludhiana,Maize,Rabi,10.0,198.7,21.0,52.6,6.9,7.12,15.2,117.1,36.7,50.9,Flood,273.9,4.27,0.67,740344.0,42.7
Maharashtra,Rajkot,Wheat,Kharif,2.57,1005.0,26.3,85.0,6.0,6.03,25.3,78.0,95.5,90.4,Flood,277.1,3.58,0.97,192967.0,68.6
Tamil Nadu,Indore,Rice,Rabi,3.03,296.2,24.9,57.8,7.1,6.39,25.4,89.0,70.8,127.9,Rainfed,216.8,5.35,0.86,206999.0,28.5
Telangana,Indore,Wheat,Zaid,2.78,474.7,32.8,35.5,7.7,6.25,23.7,144.5,45.2,112.2,Rainfed,49.9,6.28,0.97,218562.0,35.8
Gujarat,Warangal,Chilli,Kharif,4.77,1015.0,31.9,71.6,6.9,6.65,31.2,108.1,38.9,91.1,Flood,203.1,5.61,0.67,371336.0,59.3
Gujarat,Indore,Rice,Kharif,5.86,761.6,29.6,89.40399999999991,6.1,5.82,27.6,139.0,78.8,87.1,Drip,306.8,5.08,0.97,423272.0,62.7
Karnataka,Nashik,Chilli,Rabi,12.92,582.0,22.9,61.9,9.9,7.35,17.8,114.1,74.6,88.7,Flood,183.9,7.0,0.69,991502.0,34.4
Tamil Nadu,Raichur,Maize,Zaid,14.57,503.0,30.8,44.5,9.4,7.0,29.1,74.0,49.6,79.1,Flood,320.9,2.22,0.92,1126428.82,36.7
Madhya Pradesh,Indore,Pulses,Kharif,8.65,998.3,25.9,65.1,6.7,6.37,17.3,94.1,46.4,48.4,Flood,113.3,5.83,0.71,595168.0,59.0
Telangana,Nashik,Sugarcane,Rabi,5.66,354.4,21.6,75.5,7.9,5.9,26.9,72.7,58.9,128.0,Drip,92.5,7.99,0.93,371329.0,27.3
Andhra Pradesh,Krishna,Groundnut,Rabi,3.18,664.8,24.4,45.7,7.7,7.12,31.6,150.4,31.6,90.0,Rainfed,127.4,3.53,0.89,216090.0,37.9
Punjab,Raichur,Maize,Rabi,14.01,275.2,25.4,49.8,8.8,6.41,14.5,117.2,49.1,132.6,Drip,233.3,6.99,0.92,988346.0,18.7
Madhya Pradesh,Raichur,Sugarcane,Kharif,3.97,1018.3,23.6,68.4,7.6,6.5,30.4,119.3,62.4,90.9,Rainfed,326.0,9.44,0.95,310668.0,37.7
Maharashtra,Erode,Rice,Kharif,5.14,795.9,28.8,60.3,6.7,7.5,34.9,139.1,59.9,78.6,Rainfed,266.5,4.59,0.91,346165.0,62.9
Andhra Pradesh,Erode,Chilli,Kharif,2.79,1003.7,28.7,73.3,7.8,7.52,36.7,112.5,77.9,104.9,Flood,179.0,7.62,0.82,182075.0,53.8
Karnataka,Ludhiana,Pulses,Rabi,4.24,319.4,22.3,53.7,7.0,7.17,24.1,107.8,77.4,50.5,Drip,177.4,6.59,0.83,210147.0,18.7
Andhra Pradesh,Nalgonda,Cotton,Zaid,9.05,407.6,33.3,53.0,8.0,6.52,15.1,67.6,79.9,79.2,Flood,204.7,3.0,0.66,564523.0,52.8
Madhya Pradesh,Krishna,Cotton,Kharif,10.31,953.1,25.6,71.0,5.2,6.2,33.5,98.7,52.5,96.4,Sprinkler,121.2,8.05,0.75,626027.0,37.1
Tamil Nadu,Rajkot,Chilli,Rabi,3.94,395.8,23.1,59.1,8.1,6.69,26.4,190.6,58.7,107.3,Sprinkler,254.2,3.41,0.83,302231.0,33.6
Telangana,Nashik,Wheat,Kharif,14.37,1067.6,26.5,88.4,7.2,6.98,27.7,168.6,64.3,83.3,Drip,290.1,4.4,0.89,1126428.82,67.9
Karnataka,Nashik,Groundnut,Rabi,12.07,361.5,26.3,57.0,7.9,6.88,17.3,83.1,48.2,144.1,Drip,175.4,3.61,0.8,902208.0,52.4
Karnataka,Nashik,Chilli,Kharif,2.86,845.3,29.9,89.40399999999991,7.6,7.78,30.5,151.7,60.0,119.8,Rainfed,188.2,6.97,0.88,211516.0,39.3
Gujarat,Krishna,Wheat,Zaid,2.47,128.4,30.1,36.8,7.3,7.1,15.1,112.4,60.1,143.0,Rainfed,196.1,6.96,0.8,159581.0,34.4
Karnataka,Warangal,Groundnut,Zaid,13.66,232.6,33.9,43.6,7.3,5.64,23.3,183.0,24.3,136.7,Sprinkler,168.7,4.68,0.7,915351.0,38.1
Punjab,Erode,Sugarcane,Rabi,11.42,314.6,25.7,53.5,7.0,6.04,16.5,112.0,73.8,118.1,Rainfed,147.3,4.94,0.79,519517.0,43.8
Andhra Pradesh,Ludhiana,Wheat,Kharif,5.14,914.1,29.9,63.8,6.6,5.25,37.6,118.9,41.3,107.8,Flood,185.1,4.72,0.73,315074.0,58.7
Tamil Nadu,Rajkot,Chilli,Zaid,7.15,464.7,31.7,60.0,9.4,6.18,13.6,109.0,44.7,116.1,Flood,273.1,6.71,0.79,600521.0,45.6
Gujarat,Warangal,Chilli,Rabi,1.53,368.0,23.8,44.8,8.3,6.3,28.6,47.593,28.6,131.1,Drip,99.9,7.75,0.92,83699.0,34.1
Punjab,Nalgonda,Wheat,Rabi,12.51,543.9,21.4,61.7,7.0,6.35,16.9,124.9,56.2,90.0,Sprinkler,147.8,3.73,0.99,945997.0,46.1
Karnataka,Ludhiana,Cotton,Zaid,5.56,534.4,33.0,35.5,7.2,7.17,15.6,75.7,47.3,74.2,Flood,155.9,3.57,1.0,386294.0,33.5
Madhya Pradesh,Ludhiana,Sugarcane,Rabi,8.1,287.9,23.0,63.2,7.9,6.06,21.5,50.7,52.0,124.5,Drip,169.8,3.0,0.91,396396.0,49.7
Maharashtra,Rajkot,Maize,Zaid,11.2,184.0,28.1,56.3,7.1,6.01,15.5,117.1,73.6,140.1,Sprinkler,133.5,7.36,0.84,696038.0,22.5
Maharashtra,Warangal,Chilli,Rabi,10.68,308.2,26.8,63.6,7.5,7.97,23.9,149.4,79.7,136.6,Flood,162.5,1.9,0.85,579945.0,52.9
Telangana,Krishna,Wheat,Kharif,0.72,792.6,30.9,83.3,7.8,6.88,31.2,150.2,39.4,50.1,Rainfed,244.3,2.71,0.71,44873.0,71.9
Madhya Pradesh,Guntur,Chilli,Kharif,7.85,821.6,30.2,69.5,7.0,6.29,40.7,111.0,90.3,86.5,Rainfed,143.7,2.89,0.73,489810.0,61.0
Telangana,Ludhiana,Maize,Kharif,10.3,1109.2,27.8,85.2,7.4,6.87,29.3,95.4,51.0,75.9,Flood,138.5,3.68,0.73,625198.0,56.0
Gujarat,Raichur,Maize,Kharif,10.41,597.4,26.5,74.9,6.4,7.26,32.8,105.4,69.2,110.5,Flood,127.4,5.93,0.91,651459.0,45.9
Maharashtra,Rajkot,Sugarcane,Zaid,10.74,80.0,29.5,54.6,7.9,6.0,14.7,144.9,96.0,97.7,Drip,189.5,5.71,0.71,703289.0,32.3
Punjab,Erode,Wheat,Kharif,8.09,723.5,32.0,57.6,7.0,6.37,29.1,158.8,55.4,79.6,Flood,292.8,6.35,0.88,596909.0,38.0
Maharashtra,Krishna,Cotton,Rabi,7.68,410.7,25.6,55.4,6.4,7.14,22.1,173.2,82.7,103.4,Rainfed,140.3,6.16,0.74,513929.0,34.9
Gujarat,Erode,Rice,Kharif,13.24,658.2,25.1,64.4,4.9,6.22,40.4,120.9,48.1,168.90299999999993,Flood,240.8,4.5,0.73,858994.0,55.1
Maharashtra,Ludhiana,Rice,Rabi,1.11,670.4,26.3,68.2,6.4,5.36,22.9,159.3,72.7,96.7,Drip,149.9,7.61,0.97,76751.0,43.5
Punjab,Guntur,Chilli,Kharif,5.47,886.3,31.7,70.7,7.2,6.02,28.9,116.8,64.4,106.9,Flood,221.8,7.59,0.93,422985.0,48.3
Punjab,Indore,Pulses,Zaid,6.33,80.0,33.1,51.6,9.3,6.51,18.7,111.8,41.3,63.6,Sprinkler,79.2,6.5,0.93,371221.0,36.7
Telangana,Erode,Cotton,Kharif,4.6,959.5,27.0,71.4,7.8,6.69,34.9,131.7,57.0,99.0,Drip,112.9,2.5,0.86,241594.0,61.6
Karnataka,Erode,Rice,Rabi,4.2,325.5,22.3,55.0,9.0,5.91,27.5,94.7,26.5,118.4,Flood,287.0,3.8,0.96,300259.0,45.1
Karnataka,Nalgonda,Cotton,Kharif,1.28,936.4,30.5,69.2,7.1,6.57,18.0,116.2,64.0,86.3,Flood,128.9,3.29,0.68,76523.0,74.60099999999997
Telangana,Nalgonda,Pulses,Kharif,14.89,910.5,30.5,84.2,7.7,7.81,25.2,125.2,51.5,102.2,Flood,97.2,1.54,0.96,1070866.0,69.6
Gujarat,Ludhiana,Pulses,Rabi,4.23,906.3,21.1,59.3,7.9,6.73,14.8,89.5,70.7,128.5,Flood,131.9,5.22,0.96,284181.0,42.6
Maharashtra,Indore,Groundnut,Kharif,2.42,530.9,21.7,74.4,6.1,6.57,27.6,133.8,71.5,107.9,Drip,133.3,6.75,0.67,143568.0,37.0
Andhra Pradesh,Ludhiana,Pulses,Rabi,11.44,466.3,19.9,53.7,7.3,7.11,23.5,147.6,36.8,94.1,Flood,230.4,5.41,0.87,655723.0,39.1
Andhra Pradesh,Krishna,Cotton,Rabi,14.48,250.5,22.0,70.3,6.4,6.85,32.1,53.7,69.5,110.8,Rainfed,250.9,3.72,0.94,913442.0,41.8
Tamil Nadu,Nashik,Rice,Kharif,10.35,741.3,32.8,71.0,7.0,6.66,32.9,100.5,49.5,159.9,Drip,126.7,5.02,0.94,610269.0,51.5
Telangana,Krishna,Pulses,Kharif,13.03,643.7,26.8,80.9,8.1,7.31,36.8,72.1,60.2,108.4,Flood,132.8,2.99,0.92,865547.0,59.8
Tamil Nadu,Erode,Wheat,Rabi,1.99,403.4,23.6,58.5,7.6,6.52,22.5,101.4,50.1,114.8,Flood,289.5,4.28,0.84,178751.0,43.6
Punjab,Nalgonda,Rice,Rabi,5.74,211.4,26.1,55.3,7.9,6.89,24.6,144.2,80.6,65.4,Drip,212.0,6.91,0.91,432453.0,35.2
Tamil Nadu,Rajkot,Maize,Rabi,2.24,313.7,26.6,50.7,9.4,6.39,20.7,121.6,31.7,132.0,Flood,126.9,9.520199999999996,0.73,119372.0,25.1
Telangana,Guntur,Chilli,Kharif,9.68,860.2,22.3,79.6,6.8,7.88,32.1,163.0,59.4,79.0,Flood,119.3,1.19,0.76,557048.0,68.4
Maharashtra,Erode,Wheat,Kharif,11.59,579.1,27.9,76.5,6.7,7.43,34.8,88.4,84.4,135.0,Flood,212.5,6.59,0.78,816534.0,44.3
Andhra Pradesh,Krishna,Wheat,Rabi,0.64,551.6,21.5,50.0,6.9,6.34,29.1,81.4,18.9,112.1,Flood,148.4,7.6,0.94,42634.82,20.1
Madhya Pradesh,Erode,Wheat,Kharif,10.38,911.5,27.3,82.5,7.8,7.22,29.9,190.6039999999999,42.4,68.5,Drip,153.2,2.65,0.88,500249.0,69.8
Maharashtra,Nashik,Maize,Zaid,11.99,393.7,32.6,37.3,8.0,6.26,21.0,140.5,69.4,130.1,Rainfed,146.5,8.51,0.89,721843.0,27.7
Maharashtra,Nashik,Sugarcane,Rabi,14.04,389.2,26.4,66.3,7.7,7.03,23.3,94.0,41.6,99.6,Drip,181.3,5.2,0.7,1008380.0,27.8
Karnataka,Guntur,Groundnut,Kharif,5.88,492.7,29.0,68.6,5.8,6.68,22.4,75.1,40.7,121.3,Rainfed,258.2,6.26,0.89,395567.0,40.6
Karnataka,Erode,Wheat,Zaid,7.22,339.9,26.5,72.8,9.6,6.33,13.8,85.1,72.5,92.3,Flood,100.4,6.32,0.85,425630.0,31.9
Tamil Nadu,Guntur,Maize,Kharif,0.82,743.7,28.4,60.2,6.4,7.44,24.6,112.7,58.9,100.5,Rainfed,176.1,7.93,1.0,57325.0,39.1
Madhya Pradesh,Nalgonda,Cotton,Kharif,4.82,1020.2,31.1,71.4,6.7,7.35,26.7,116.9,44.1,115.0,Drip,233.3,6.04,0.9,357378.0,59.7
Punjab,Warangal,Sugarcane,Zaid,6.83,402.6,30.7,63.3,5.9,6.27,16.9,108.7,52.4,65.5,Flood,280.1,9.520199999999996,0.76,569366.0,42.3
Andhra Pradesh,Guntur,Pulses,Rabi,0.64,80.0,25.1,65.2,8.2,6.51,25.0,140.2,86.8,123.2,Drip,44.595,8.82,0.88,42634.82,27.6
Punjab,Raichur,Groundnut,Kharif,3.85,758.7,31.2,65.3,7.9,6.19,37.7,126.9,49.1,115.4,Flood,198.4,5.99,0.74,251623.0,45.5
Andhra Pradesh,Raichur,Maize,Rabi,2.2,527.6,24.8,42.2,8.3,6.36,29.5,102.6,55.4,80.1,Flood,176.6,6.86,0.89,169624.0,34.4
Telangana,Indore,Pulses,Rabi,11.46,772.7,24.4,51.0,8.3,6.36,16.5,80.4,40.6,130.3,Rainfed,244.8,2.87,0.66,747822.0,44.0
Punjab,Nalgonda,Rice,Kharif,9.14,832.3,28.5,69.9,7.1,6.39,35.5,105.7,62.4,110.5,Sprinkler,181.8,2.25,0.97,604884.0,61.7
Maharashtra,Rajkot,Chilli,Kharif,2.36,813.2,24.4,59.3,6.3,7.34,29.3,129.1,89.4,92.7,Drip,162.3,6.08,0.85,177764.0,63.5
Karnataka,Warangal,Maize,Rabi,12.21,191.7,18.599,57.5,6.3,7.21,27.0,123.8,55.3,78.2,Flood,158.2,3.36,0.92,753121.0,44.0
Madhya Pradesh,Warangal,Pulses,Kharif,7.16,947.6,29.0,68.3,4.9,6.74,34.1,96.8,34.8,144.1,Flood,104.5,3.8,0.96,418362.0,60.3
Tamil Nadu,Raichur,Rice,Kharif,10.23,780.5,30.2,71.8,7.6,7.53,25.8,144.3,67.6,82.4,Sprinkler,297.0,6.13,0.77,760447.0,46.9
Madhya Pradesh,Indore,Maize,Kharif,4.77,954.7,30.3,65.9,6.0,6.96,34.3,133.9,58.7,137.1,Rainfed,328.11199999999974,5.69,0.74,356584.0,57.0
Andhra Pradesh,Raichur,Rice,Rabi,5.8,294.5,24.9,60.7,8.0,6.46,35.3,85.1,25.9,41.9,Rainfed,127.0,7.14,0.83,320248.0,37.9
Tamil Nadu,Nalgonda,Pulses,Rabi,2.11,781.9,26.7,54.6,9.4,5.2,14.6,85.6,86.3,94.0,Drip,155.2,7.65,0.85,132622.0,47.1
Karnataka,Nashik,Rice,Kharif,13.94,582.0,31.3,63.5,5.8,7.12,23.6,99.0,75.9,129.3,Flood,164.9,3.74,0.94,902372.0,63.8
Gujarat,Raichur,Cotton,Rabi,10.95,631.7,26.7,58.3,7.7,6.54,14.7,189.1,74.4,109.9,Sprinkler,175.2,4.72,1.0,589470.0,47.9
Andhra Pradesh,Erode,Wheat,Kharif,13.29,895.1,28.7,63.5,5.8,7.18,34.0,71.0,56.1,74.3,Rainfed,320.2,7.5,0.76,941778.0,60.8
Punjab,Nashik,Pulses,Rabi,1.29,532.2,21.9,53.6,6.7,8.240099999999998,16.7,150.3,86.4,81.4,Sprinkler,184.3,5.36,0.87,82360.0,45.0
Maharashtra,Indore,Groundnut,Kharif,5.98,990.7,25.7,72.2,7.5,6.34,36.3,155.4,56.2,119.8,Drip,170.5,4.63,0.72,416198.0,65.8
Karnataka,Rajkot,Maize,Kharif,10.87,926.4,31.7,63.8,7.6,6.19,28.0,115.4,55.2,91.2,Flood,306.1,6.4,0.69,950262.0,49.8
Telangana,Erode,Rice,Rabi,7.07,332.9,21.4,49.5,7.6,7.71,21.2,89.8,68.2,59.2,Drip,204.8,3.9,0.93,471010.0,50.2
Andhra Pradesh,Ludhiana,Rice,Zaid,7.88,435.8,34.0,50.4,7.2,6.3,12.2,79.5,57.8,119.1,Drip,254.1,3.46,0.7,459565.0,52.5
Tamil Nadu,Warangal,Groundnut,Kharif,14.82,1202.2,29.9,71.0,6.7,6.29,25.3,140.7,30.8,92.9,Sprinkler,180.7,5.39,0.91,1056669.0,61.6
Telangana,Nashik,Maize,Kharif,10.38,765.3,32.8,71.8,6.5,7.9,26.3,142.2,40.9,98.7,Drip,44.595,7.67,0.8,642733.0,56.3
Madhya Pradesh,Rajkot,Sugarcane,Rabi,13.18,449.1,22.3,68.5,7.4,6.38,28.8,119.2,59.7,83.6,Drip,159.9,3.74,0.76,951640.0,39.9
Telangana,Ludhiana,Groundnut,Kharif,5.87,676.2,32.2,55.4,7.9,6.91,25.8,78.3,38.9,62.8,Flood,180.9,4.08,0.72,424500.0,50.6
Karnataka,Rajkot,Rice,Rabi,5.21,563.1,24.0,58.8,8.6,5.57,30.4,134.9,82.2,145.4,Drip,162.4,4.85,0.67,378587.0,54.5
Madhya Pradesh,Indore,Rice,Rabi,4.18,568.9,22.6,61.6,6.8,6.53,20.3,74.5,89.2,111.1,Flood,147.9,9.47,0.8,296644.0,25.3
Tamil Nadu,Rajkot,Wheat,Rabi,0.64,300.1,22.8,53.9,7.5,7.04,22.2,118.6,55.8,131.3,Sprinkler,160.6,7.39,0.85,42634.82,27.1
Telangana,Indore,Cotton,Rabi,8.26,505.4,21.6,73.1,7.8,7.25,19.3,130.7,22.8,107.7,Sprinkler,213.5,3.11,0.84,618733.0,53.0
Telangana,Erode,Wheat,Kharif,10.51,1111.3,30.0,61.8,6.4,7.23,33.9,47.593,32.7,84.2,Drip,162.6,7.48,0.71,651301.0,53.0
Andhra Pradesh,Rajkot,Maize,Rabi,12.6,345.5,26.5,55.0,9.0,6.11,21.6,105.4,44.5,98.2,Drip,180.5,4.36,0.94,627768.0,43.7
Karnataka,Ludhiana,Sugarcane,Rabi,10.2,668.3,23.8,50.2,6.8,7.31,28.5,100.9,78.3,126.7,Rainfed,207.1,1.87,0.98,584020.0,47.0
Gujarat,Nashik,Maize,Zaid,4.23,224.7,28.8,46.1,9.7,6.63,12.4,100.6,53.6,99.2,Drip,248.1,5.78,0.83,253813.0,28.6
Telangana,Nalgonda,Rice,Kharif,8.03,741.1,30.0,77.0,6.2,6.38,34.5,177.5,37.4,92.4,Rainfed,209.3,5.09,0.75,509824.0,57.1
Madhya Pradesh,Guntur,Maize,Kharif,13.21,929.9,26.3,73.4,5.5,5.51,31.6,99.5,77.2,117.7,Sprinkler,205.4,4.28,0.75,830492.0,56.0
Madhya Pradesh,Rajkot,Groundnut,Rabi,7.86,263.0,25.9,58.9,8.3,6.63,20.5,105.1,43.7,105.3,Rainfed,217.0,8.63,0.91,561552.0,30.4
Gujarat,Ludhiana,Pulses,Kharif,11.7,549.6,32.6,64.4,5.1,7.85,26.1,135.2,44.6,133.4,Flood,219.2,2.98,0.73,819423.0,58.4
Karnataka,Erode,Pulses,Rabi,8.64,332.1,27.1,71.0,4.899000000000001,7.38,17.0,113.3,26.6,110.3,Rainfed,138.5,5.67,0.95,464977.0,51.7
Punjab,Erode,Chilli,Zaid,12.44,476.6,30.8,37.1,7.6,7.0,23.2,152.8,56.7,158.2,Sprinkler,194.1,3.29,0.88,827622.0,45.0
Gujarat,Raichur,Sugarcane,Rabi,11.78,575.8,27.1,52.5,5.1,6.72,15.4,117.2,25.0,124.0,Flood,196.1,3.96,1.0,918631.0,40.4
Punjab,Raichur,Groundnut,Kharif,14.46,1050.6,27.1,68.8,9.4,6.27,29.5,84.0,49.8,84.2,Sprinkler,233.8,8.87,0.87,980642.0,55.8
Madhya Pradesh,Ludhiana,Wheat,Kharif,14.7,649.2,27.9,82.7,7.6,6.33,33.4,121.8,57.7,86.2,Drip,262.7,5.75,0.78,1051409.0,39.7
Telangana,Raichur,Wheat,Kharif,9.18,726.0,30.3,54.6,8.2,7.58,28.0,110.5,45.6,83.4,Rainfed,181.2,2.19,0.94,575091.0,49.6
Punjab,Krishna,Groundnut,Kharif,5.04,871.2,29.0,88.4,7.8,5.94,38.9,108.5,64.9,53.9,Rainfed,139.7,5.71,1.0,261906.0,50.1
Telangana,Warangal,Maize,Kharif,6.58,1186.2,29.6,78.2,7.1,7.14,35.9,147.7,52.1,100.2,Sprinkler,234.7,3.69,0.99,455271.0,68.7
Maharashtra,Rajkot,Cotton,Rabi,11.06,500.6,20.1,57.0,6.6,6.68,22.3,107.7,42.3,78.9,Sprinkler,281.5,6.64,0.86,805185.0,44.9
Maharashtra,Rajkot,Groundnut,Rabi,1.61,419.9,22.4,43.1,6.1,6.02,21.9,74.5,30.8,139.2,Rainfed,79.2,5.15,0.94,69918.0,25.5
Tamil Nadu,Ludhiana,Rice,Rabi,11.04,462.6,27.0,60.8,5.8,6.71,16.9,121.6,72.2,138.6,Sprinkler,229.8,7.0,0.73,804823.0,40.3
Karnataka,Nalgonda,Wheat,Kharif,8.7,933.9,24.8,79.4,7.6,7.81,27.8,92.0,49.4,88.1,Flood,193.1,6.16,0.96,497878.0,57.0
Punjab,Nashik,Rice,Zaid,6.79,92.0,33.9,61.3,9.4,6.61,21.6,136.3,39.9,117.8,Flood,172.5,5.18,0.65,457099.0,47.4
Andhra Pradesh,Guntur,Wheat,Kharif,12.63,993.9,28.1,64.5,6.1,7.66,37.8,95.4,70.3,96.7,Sprinkler,76.0,4.12,0.88,719702.0,56.6
Madhya Pradesh,Guntur,Pulses,Kharif,2.41,913.8,27.5,73.3,8.1,5.77,23.5,108.6,37.2,76.3,Rainfed,291.3,3.75,0.96,150049.0,51.1
Tamil Nadu,Warangal,Groundnut,Zaid,9.28,396.0,26.7,63.0,8.7,7.06,15.4,136.7,67.6,137.6,Sprinkler,120.9,5.17,0.92,666324.0,32.5
Andhra Pradesh,Krishna,Maize,Rabi,3.65,454.3,23.3,39.9,9.1,7.06,22.6,117.8,23.8,87.3,Rainfed,195.9,4.32,0.69,225248.0,39.3
Andhra Pradesh,Krishna,Chilli,Kharif,5.72,849.0,27.0,70.6,7.6,6.33,26.0,148.5,56.4,102.4,Rainfed,213.0,4.72,0.69,413506.0,43.8
Maharashtra,Raichur,Wheat,Rabi,13.89,289.6,30.6,55.8,6.3,6.32,26.7,144.8,53.7,102.9,Flood,135.2,3.27,0.98,760622.0,51.2
Andhra Pradesh,Krishna,Groundnut,Kharif,5.98,694.3,30.3,83.8,7.1,5.97,30.4,182.1,44.5,164.6,Drip,112.7,5.7,0.82,333421.0,55.9
Maharashtra,Ludhiana,Sugarcane,Kharif,14.62,772.3,28.7,53.3,6.1,7.03,28.5,115.6,62.7,84.9,Rainfed,280.7,7.41,0.9,1126428.82,37.0
Andhra Pradesh,Erode,Maize,Kharif,12.9,974.3,28.8,77.1,7.9,7.26,41.0,171.3,69.3,102.0,Rainfed,225.5,4.17,0.68,1008127.0,44.9
Madhya Pradesh,Warangal,Wheat,Zaid,6.25,307.8,32.1,60.1,6.9,7.36,19.7,180.9,83.0,124.4,Drip,174.3,5.38,0.74,431818.0,40.8
Andhra Pradesh,Rajkot,Maize,Zaid,5.76,180.5,28.7,60.4,8.2,6.29,20.9,169.7,83.6,106.6,Flood,190.0,8.44,0.95,387186.0,37.1
Maharashtra,Nalgonda,Maize,Rabi,14.75,481.4,25.7,68.7,8.0,8.240099999999998,22.1,124.6,28.1,101.6,Sprinkler,82.1,7.19,0.89,877411.0,58.9
Karnataka,Nalgonda,Rice,Rabi,12.58,754.4,25.7,48.2,7.4,6.33,28.0,120.0,48.0,74.6,Drip,165.2,7.42,0.82,795906.0,36.5
Punjab,Warangal,Maize,Kharif,10.64,819.0,32.2,67.4,6.7,5.81,25.7,122.0,72.1,144.0,Rainfed,162.8,2.66,0.71,649464.0,63.0
Gujarat,Indore,Pulses,Rabi,10.6,308.5,20.9,65.6,6.1,6.92,27.5,162.5,56.8,104.1,Flood,206.4,6.9,0.85,771530.0,32.5
Karnataka,Guntur,Groundnut,Rabi,10.58,264.5,21.1,68.3,8.2,8.240099999999998,27.4,78.6,25.1,96.8,Flood,144.5,5.35,0.7,697797.0,37.6
Punjab,Krishna,Groundnut,Rabi,13.63,396.4,22.8,61.1,8.2,6.64,37.8,140.1,91.4,93.6,Rainfed,44.595,3.79,0.82,800414.0,34.6
Madhya Pradesh,Krishna,Maize,Kharif,14.89,813.7,29.7,66.5,7.7,6.81,28.2,125.2,49.6,72.0,Drip,149.1,0.93,0.99,1043039.0,57.3
Maharashtra,Raichur,Pulses,Kharif,4.33,672.3,29.5,75.8,6.5,6.64,25.8,113.4,46.5,81.4,Rainfed,134.3,4.88,0.65,259172.0,50.6
Punjab,Erode,Chilli,Zaid,5.41,287.8,31.7,45.7,8.9,6.63,17.4,84.0,73.8,82.8,Rainfed,122.6,2.91,0.86,366661.0,33.0
Karnataka,Rajkot,Cotton,Zaid,4.06,80.0,30.9,49.5,9.7,6.16,18.5,137.6,49.2,89.8,Rainfed,183.1,3.66,0.94,303692.0,29.6
Punjab,Indore,Maize,Rabi,5.82,627.5,22.2,56.8,7.7,7.64,16.0,123.1,73.1,114.2,Flood,216.3,6.85,0.99,394629.0,33.4
Telangana,Ludhiana,Cotton,Rabi,5.26,474.4,22.8,53.2,6.6,6.14,16.1,137.5,39.4,82.9,Rainfed,197.3,3.37,0.66,290949.0,46.6
Maharashtra,Guntur,Cotton,Rabi,7.93,712.9,23.9,53.1,6.9,7.21,20.7,124.8,39.7,122.8,Rainfed,120.0,0.5,0.81,416457.0,57.1
Punjab,Guntur,Pulses,Kharif,13.66,713.0,31.0,67.8,8.1,7.47,33.2,115.2,63.7,130.7,Drip,219.1,3.59,0.84,990747.0,36.4
Andhra Pradesh,Raichur,Pulses,Rabi,6.86,362.5,24.2,67.0,7.0,5.99,25.4,139.0,58.6,140.9,Rainfed,203.9,5.07,0.7,482253.0,47.6
Punjab,Warangal,Chilli,Rabi,14.77,80.0,26.9,66.0,8.2,7.37,24.9,128.3,74.2,85.5,Sprinkler,187.4,5.83,0.98,1122583.0,40.1
Karnataka,Erode,Pulses,Kharif,4.3,823.0,29.9,58.7,7.0,7.46,24.9,86.0,77.9,86.3,Flood,153.6,4.67,0.87,309715.0,53.2
Tamil Nadu,Indore,Pulses,Rabi,6.46,443.9,23.1,64.1,7.3,7.3,24.6,142.1,54.2,120.2,Sprinkler,86.0,8.43,0.65,411731.0,36.5
Telangana,Rajkot,Pulses,Zaid,2.6,253.7,27.9,58.4,8.5,6.22,21.3,92.1,57.4,83.1,Sprinkler,163.4,3.49,0.82,175314.0,42.1
Karnataka,Raichur,Rice,Kharif,1.33,857.9,27.7,62.2,7.2,6.72,38.8,55.6,50.1,96.2,Rainfed,92.8,4.18,0.93,62938.0,51.0
Andhra Pradesh,Ludhiana,Cotton,Kharif,10.01,768.3,31.7,65.7,6.7,5.85,32.8,79.3,61.2,66.6,Drip,297.6,6.12,0.71,814037.0,52.1
Telangana,Nashik,Cotton,Rabi,2.6,487.8,25.5,47.6,7.2,6.09,24.3,106.0,25.9,86.4,Drip,44.595,8.39,0.96,162720.0,27.3
Andhra Pradesh,Rajkot,Rice,Kharif,13.04,1131.6,26.9,86.2,6.5,7.41,35.4,190.6039999999999,45.1,112.9,Drip,202.5,3.77,0.68,933397.0,51.4
Telangana,Nalgonda,Groundnut,Kharif,3.28,793.8,29.4,63.6,7.3,6.81,36.6,150.4,39.3,116.2,Drip,104.8,8.08,0.69,237809.0,55.0
Andhra Pradesh,Nalgonda,Cotton,Rabi,0.67,540.7,25.7,62.3,7.7,7.09,21.4,135.4,49.1,41.2,Rainfed,180.4,5.55,0.78,42634.82,48.3
Telangana,Indore,Groundnut,Rabi,10.58,360.6,23.9,56.7,8.0,5.75,21.6,74.2,42.5,111.0,Rainfed,178.9,4.08,0.71,551491.0,33.2
Telangana,Nalgonda,Cotton,Zaid,3.64,538.1,29.4,53.4,8.5,6.96,16.5,83.9,56.2,112.1,Drip,95.5,6.39,0.96,146483.0,32.0
Madhya Pradesh,Raichur,Groundnut,Kharif,3.94,897.8,28.7,63.1,6.5,6.44,32.6,134.4,77.0,124.7,Flood,94.1,5.98,0.96,245874.0,45.3
Telangana,Raichur,Sugarcane,Kharif,10.4,1203.6019999999999,32.1,86.8,7.8,6.85,32.8,59.3,62.6,139.4,Rainfed,228.4,5.67,0.72,660037.0,74.60099999999997
Karnataka,Krishna,Wheat,Kharif,0.94,732.8,26.9,74.7,7.1,6.94,25.6,160.1,70.2,99.5,Rainfed,169.8,5.18,0.79,42635.0,47.5
Punjab,Indore,Sugarcane,Kharif,3.04,1111.1,29.7,54.5,8.2,7.45,37.1,149.7,70.6,101.3,Drip,242.8,4.46,0.87,197135.0,48.7
Madhya Pradesh,Erode,Rice,Rabi,12.56,727.8,22.5,65.0,7.5,6.18,23.7,110.2,52.2,101.1,Sprinkler,230.6,6.9,0.89,889584.0,47.7
Madhya Pradesh,Rajkot,Cotton,Rabi,6.22,519.4,19.0,57.3,7.9,6.73,21.3,55.5,62.8,105.5,Drip,230.0,5.56,0.81,448555.0,37.4
Punjab,Nalgonda,Sugarcane,Kharif,8.78,615.5,28.7,54.3,6.4,7.96,36.6,63.6,71.7,74.6,Drip,213.3,6.75,0.67,593048.0,32.6
Tamil Nadu,Guntur,Sugarcane,Kharif,10.23,968.2,28.1,89.40399999999991,5.0,6.6,24.7,101.6,71.8,64.3,Rainfed,177.1,3.76,0.72,632815.0,72.7
Punjab,Indore,Rice,Kharif,13.07,1093.1,29.3,89.40399999999991,6.6,7.36,30.7,96.1,53.2,115.5,Flood,217.7,4.7,0.66,997013.0,64.7
Punjab,Ludhiana,Wheat,Kharif,12.78,882.4,27.7,67.7,5.7,6.49,32.9,133.5,36.3,124.7,Drip,81.7,3.53,0.65,898875.0,65.2
Andhra Pradesh,Ludhiana,Rice,Rabi,6.07,80.0,25.7,58.1,6.8,6.68,23.2,93.6,59.8,65.0,Rainfed,245.6,5.43,0.96,402266.0,35.7
Karnataka,Nashik,Pulses,Rabi,12.65,403.1,24.6,64.7,7.7,6.64,26.0,77.1,44.7,116.3,Drip,328.11199999999974,1.71,0.84,842931.0,53.5
Tamil Nadu,Rajkot,Sugarcane,Rabi,6.52,348.9,21.9,42.8,6.4,7.12,23.4,159.3,97.10099999999997,108.7,Rainfed,229.3,9.34,0.74,490823.0,24.9
Madhya Pradesh,Warangal,Sugarcane,Kharif,7.42,583.1,24.4,83.4,5.7,6.27,23.9,62.6,41.5,99.4,Flood,99.8,6.32,0.87,456928.0,49.7
Tamil Nadu,Raichur,Pulses,Rabi,3.9,380.5,27.7,80.0,9.5,5.98,22.5,88.0,25.1,74.5,Sprinkler,182.3,3.43,0.88,279401.0,57.1
Tamil Nadu,Nalgonda,Pulses,Kharif,1.34,1097.6,29.5,62.6,6.8,6.36,39.6,183.8,46.1,91.2,Sprinkler,114.0,1.52,0.99,82226.0,68.8
Gujarat,Guntur,Chilli,Rabi,8.87,83.9,26.8,35.5,7.9,6.85,25.4,133.6,50.3,158.0,Drip,292.2,6.61,0.76,615755.0,20.9
Punjab,Nashik,Maize,Rabi,11.28,266.4,24.5,52.3,6.3,7.91,19.1,130.6,63.9,60.5,Rainfed,136.6,6.72,0.86,777105.0,36.2
Punjab,Warangal,Cotton,Zaid,14.11,142.7,31.0,48.7,8.9,6.22,13.6,120.5,56.6,69.3,Flood,83.6,4.36,0.87,860188.0,42.7
Telangana,Erode,Rice,Kharif,7.18,854.2,25.9,88.0,6.4,6.67,34.2,146.8,66.1,132.1,Sprinkler,194.4,7.21,0.86,512697.0,55.1
Andhra Pradesh,Warangal,Sugarcane,Kharif,6.11,780.2,29.9,77.2,6.1,6.91,22.1,109.5,69.9,66.9,Rainfed,122.5,8.48,0.79,420473.0,56.8
Gujarat,Erode,Cotton,Kharif,6.09,1203.6019999999999,29.2,68.5,5.7,7.29,34.6,170.9,96.0,93.5,Sprinkler,206.1,1.88,0.73,402164.0,59.7
Karnataka,Ludhiana,Cotton,Rabi,8.69,362.7,23.0,52.3,9.1,6.45,24.9,108.3,54.4,147.2,Flood,225.2,6.19,0.7,623304.0,27.9
Madhya Pradesh,Nalgonda,Pulses,Rabi,10.56,611.7,21.3,57.9,9.1,7.68,30.6,111.2,65.4,119.2,Drip,220.3,2.94,0.98,654685.0,50.8
Madhya Pradesh,Raichur,Cotton,Rabi,11.6,562.2,21.9,78.0,8.2,6.88,25.2,124.3,52.7,91.9,Flood,44.595,2.76,0.85,681034.0,57.9
Punjab,Warangal,Pulses,Kharif,7.63,918.1,31.2,72.3,7.1,6.33,34.8,168.2,35.4,106.7,Flood,103.9,5.17,0.85,456646.0,66.6
Maharashtra,Guntur,Rice,Kharif,2.43,864.1,32.5,55.5,6.6,7.36,33.1,113.2,76.1,143.3,Flood,153.0,5.68,0.66,172081.0,49.0
Punjab,Krishna,Chilli,Rabi,4.61,392.6,25.4,59.9,6.4,7.22,21.2,54.3,53.5,128.9,Rainfed,238.0,8.27,0.85,343072.0,30.2
Maharashtra,Krishna,Rice,Kharif,14.47,1181.2,28.6,79.5,7.4,7.52,35.8,125.0,93.7,147.6,Flood,204.5,5.89,0.71,1005633.0,61.8
Telangana,Erode,Chilli,Kharif,5.67,1171.1,33.6,65.4,6.4,7.8,24.3,106.8,26.9,151.9,Sprinkler,196.4,7.05,0.98,321376.0,60.5
Gujarat,Warangal,Cotton,Rabi,12.22,99.1,26.3,63.9,6.5,6.23,20.3,154.0,50.4,90.4,Drip,180.5,5.88,0.75,816272.0,34.4
Maharashtra,Erode,Rice,Rabi,10.34,367.1,19.6,43.7,6.4,6.33,30.5,137.9,74.6,118.3,Drip,145.2,6.05,0.86,724665.0,32.7
Andhra Pradesh,Guntur,Rice,Rabi,4.18,250.7,21.3,61.7,7.5,6.95,19.6,123.9,54.2,122.2,Flood,192.3,2.26,0.83,261102.0,50.6
Gujarat,Rajkot,Cotton,Kharif,0.64,905.1,31.0,83.1,7.1,6.3,30.1,165.0,50.4,113.2,Drip,220.7,3.91,0.69,42634.82,55.0
Maharashtra,Ludhiana,Sugarcane,Rabi,7.05,195.2,26.6,62.7,8.4,6.54,28.5,74.6,17.298000000000002,135.9,Sprinkler,193.9,4.13,0.99,556453.0,45.6
Maharashtra,Indore,Maize,Rabi,13.28,359.9,25.6,60.0,6.9,7.31,28.5,139.5,67.1,119.1,Flood,193.7,6.23,0.78,837053.0,33.8
Punjab,Ludhiana,Chilli,Rabi,12.31,471.1,24.3,57.3,6.5,6.36,30.2,141.4,64.1,102.1,Flood,180.2,3.55,0.65,856215.0,42.2
Punjab,Indore,Sugarcane,Rabi,12.79,317.2,19.2,64.6,7.9,7.28,29.2,129.6,56.4,91.7,Flood,181.6,6.69,0.82,997501.0,46.7
Karnataka,Rajkot,Wheat,Rabi,10.03,586.4,22.9,68.3,8.6,7.23,24.9,135.6,45.4,38.592000000000006,Flood,256.0,1.16,0.81,676529.0,70.4
Punjab,Erode,Pulses,Rabi,7.58,417.9,21.0,62.7,7.9,6.2,21.4,150.7,81.9,132.5,Flood,175.7,8.76,0.91,564198.0,18.7
Karnataka,Rajkot,Cotton,Kharif,6.44,976.7,26.5,79.0,6.8,7.05,30.7,117.6,62.8,139.2,Drip,288.1,4.18,0.79,491558.0,62.5
Madhya Pradesh,Nashik,Cotton,Rabi,14.36,215.8,25.7,57.3,9.1,6.4,18.6,117.6,43.6,110.2,Flood,132.8,7.37,0.98,995381.0,35.8
Andhra Pradesh,Krishna,Groundnut,Kharif,3.19,943.3,33.0,69.8,7.4,6.43,29.4,74.8,56.9,109.1,Sprinkler,253.3,8.36,0.87,222519.0,37.0
Telangana,Ludhiana,Groundnut,Kharif,14.19,986.9,31.2,51.5,7.2,6.53,28.6,134.5,77.5,126.7,Flood,256.3,5.54,0.75,1076788.0,43.0
Gujarat,Krishna,Maize,Rabi,5.09,537.7,26.5,44.3,6.6,6.35,25.1,149.6,52.0,122.5,Rainfed,283.3,4.62,0.96,404781.0,43.8
Andhra Pradesh,Nashik,Maize,Kharif,14.79,980.5,29.5,59.0,7.0,6.83,22.6,120.2,67.2,94.1,Drip,220.3,2.49,0.73,867065.0,56.2
Tamil Nadu,Nashik,Wheat,Rabi,9.5,859.7,21.4,66.9,7.7,5.63,20.4,100.3,52.4,126.8,Flood,108.8,3.99,0.83,615830.0,53.6
Punjab,Krishna,Wheat,Zaid,2.63,80.0,26.7,35.5,7.3,6.14,12.1,81.6,72.1,109.3,Rainfed,184.8,5.91,0.67,180919.0,21.2
Punjab,Krishna,Chilli,Rabi,3.75,362.8,25.5,47.2,6.2,5.59,17.3,145.3,52.9,135.1,Flood,213.7,3.44,0.66,198424.0,35.7
Andhra Pradesh,Krishna,Rice,Kharif,5.32,699.8,33.8,68.9,7.4,6.75,27.2,130.5,97.10099999999997,140.1,Flood,328.11199999999974,5.05,0.97,442360.0,57.1
Telangana,Erode,Cotton,Rabi,13.23,479.9,24.3,56.3,8.8,5.69,17.9,162.6,60.9,113.0,Drip,291.4,4.92,0.94,1065611.0,48.5
Punjab,Krishna,Maize,Kharif,8.71,783.9,27.8,72.9,7.7,5.94,39.3,166.9,71.9,168.90299999999993,Sprinkler,207.2,2.83,0.92,598488.0,57.7
Punjab,Erode,Sugarcane,Kharif,11.79,926.4,28.3,56.4,6.4,7.33,33.5,114.9,54.1,97.8,Flood,200.1,0.5,0.92,731958.0,63.4
Madhya Pradesh,Warangal,Wheat,Rabi,9.46,435.3,23.3,54.3,7.1,7.57,28.6,111.0,22.2,109.9,Drip,221.9,1.09,0.99,684633.0,59.1
Punjab,Nalgonda,Sugarcane,Rabi,2.03,350.6,21.7,69.5,8.2,6.8,22.2,65.6,65.3,115.0,Flood,252.5,7.96,0.97,154906.0,20.1
Madhya Pradesh,Indore,Chilli,Rabi,9.36,210.8,22.0,60.3,8.6,6.5,23.6,117.2,70.7,109.8,Rainfed,137.9,1.82,0.7,542991.0,52.1
Andhra Pradesh,Warangal,Pulses,Rabi,5.91,739.7,23.6,50.5,7.7,6.45,20.5,167.7,58.7,48.8,Flood,242.2,3.38,0.84,463972.0,63.4
Tamil Nadu,Indore,Groundnut,Zaid,4.84,444.1,30.8,57.2,9.8,7.01,17.2,125.9,57.7,89.3,Drip,171.4,3.01,0.96,322694.0,44.1
Madhya Pradesh,Rajkot,Groundnut,Kharif,9.87,964.0,25.5,64.1,5.7,5.97,35.2,138.1,43.4,92.0,Rainfed,243.3,6.13,0.94,763002.0,36.4
Karnataka,Krishna,Rice,Kharif,3.24,894.5,26.8,72.6,5.5,7.56,26.3,109.1,42.3,137.7,Rainfed,57.5,8.79,0.92,180145.0,48.7
Maharashtra,Rajkot,Rice,Zaid,11.3,174.4,33.6,52.1,9.4,7.58,19.5,116.2,33.9,90.8,Flood,101.0,4.03,0.88,680348.0,38.1
Telangana,Indore,Cotton,Kharif,12.46,592.2,28.6,80.3,7.5,6.16,41.0,125.2,55.4,93.2,Drip,141.8,7.99,0.69,749236.0,36.7
Andhra Pradesh,Krishna,Pulses,Zaid,11.56,194.2,32.9,49.4,9.1,8.2,24.1,157.8,59.8,92.8,Flood,267.7,3.8,0.74,691146.0,38.4
Tamil Nadu,Warangal,Chilli,Kharif,14.89,715.2,30.7,49.6,7.4,6.42,30.6,132.5,38.1,77.6,Drip,264.1,5.82,0.77,1109069.0,45.7
Andhra Pradesh,Erode,Cotton,Kharif,14.7,1203.6019999999999,30.0,51.2,7.6,5.9,26.9,117.3,74.3,97.5,Flood,140.1,6.32,0.93,1100207.0,54.8
Telangana,Erode,Rice,Kharif,11.41,788.7,27.0,72.6,6.0,6.81,24.9,142.0,56.3,38.592000000000006,Rainfed,259.9,3.65,0.82,644166.0,63.1
Maharashtra,Erode,Cotton,Rabi,0.64,336.5,22.8,59.9,6.1,6.4,21.1,121.6,63.8,140.5,Rainfed,171.1,6.4,0.87,42634.82,41.9
Madhya Pradesh,Warangal,Rice,Kharif,14.61,922.5,29.7,81.8,6.2,6.84,30.6,175.7,62.4,105.7,Rainfed,205.0,1.67,0.92,989789.0,74.6
Maharashtra,Nashik,Cotton,Zaid,1.52,354.5,30.4,50.6,7.4,6.97,19.9,167.9,57.5,115.9,Flood,208.3,6.95,0.81,112113.0,40.7
Maharashtra,Nalgonda,Wheat,Rabi,11.75,80.0,23.5,46.4,8.2,6.58,25.6,187.5,62.9,115.5,Drip,93.2,8.76,0.9,613747.0,18.7
Tamil Nadu,Indore,Pulses,Zaid,0.92,80.0,30.3,44.4,7.5,5.94,16.1,62.7,43.5,152.9,Drip,103.4,3.08,0.72,48736.0,34.2
Maharashtra,Warangal,Wheat,Kharif,6.14,774.8,32.7,86.2,4.899000000000001,6.04,31.1,119.0,49.7,74.4,Sprinkler,216.6,5.7,0.84,482354.0,73.7
Gujarat,Rajkot,Cotton,Kharif,14.7,840.1,30.5,69.2,7.0,7.41,32.6,181.0,77.4,100.0,Flood,161.0,6.9,0.84,1059972.0,56.2
Madhya Pradesh,Guntur,Chilli,Kharif,10.03,611.5,25.4,80.7,6.8,6.54,36.6,144.8,67.0,118.8,Rainfed,194.9,1.54,0.81,651771.0,63.3
Andhra Pradesh,Indore,Groundnut,Rabi,13.61,409.4,23.7,61.1,7.4,7.14,16.0,129.4,46.4,106.0,Rainfed,176.7,6.91,0.75,778569.0,40.4
Maharashtra,Guntur,Groundnut,Rabi,4.17,651.5,24.0,63.1,5.6,6.15,34.2,62.0,17.298000000000002,124.1,Drip,240.1,8.27,0.77,315258.0,46.4
Gujarat,Nalgonda,Sugarcane,Rabi,3.2,476.5,23.3,72.7,7.9,5.75,21.8,86.4,54.7,118.7,Sprinkler,184.8,5.49,0.78,229831.0,47.1
Tamil Nadu,Erode,Chilli,Rabi,11.47,204.1,22.3,35.5,9.2,6.66,21.4,169.9,59.7,72.3,Rainfed,147.0,7.44,0.92,781060.0,18.7
Karnataka,Raichur,Cotton,Kharif,10.89,853.7,32.7,68.0,7.9,7.14,33.1,89.3,43.2,70.7,Flood,166.9,6.36,0.83,665642.0,47.4
Karnataka,Krishna,Chilli,Kharif,3.15,669.6,27.1,82.2,7.5,7.53,38.4,118.0,77.1,133.1,Flood,82.0,4.26,0.84,189823.0,64.7
Maharashtra,Nalgonda,Groundnut,Rabi,0.64,303.0,23.0,51.2,7.3,5.46,20.0,139.1,27.7,57.6,Flood,97.7,1.4,0.71,42634.82,45.1
Telangana,Indore,Wheat,Kharif,14.48,961.5,28.4,66.3,7.5,7.49,28.4,137.9,40.8,151.8,Flood,191.3,0.5,0.81,964436.0,74.2
Punjab,Warangal,Wheat,Kharif,0.73,881.1,26.0,73.9,4.899000000000001,5.86,17.4,100.3,85.1,72.2,Drip,158.5,7.3,0.77,52521.0,51.4
Gujarat,Nalgonda,Pulses,Rabi,4.26,300.6,24.1,51.4,6.8,6.34,33.1,161.9,51.7,86.4,Rainfed,78.9,7.28,0.91,250535.0,31.1
Telangana,Ludhiana,Pulses,Zaid,8.82,280.6,30.8,51.2,7.2,7.9,23.9,113.1,32.0,38.592000000000006,Flood,178.2,9.17,0.73,684281.0,19.7
Gujarat,Warangal,Rice,Rabi,1.9,674.4,21.1,58.9,6.8,6.97,25.4,104.0,54.5,89.9,Flood,93.0,4.51,0.72,114801.0,49.8
Andhra Pradesh,Nalgonda,Rice,Kharif,14.72,642.3,26.0,77.0,8.2,6.82,31.9,132.5,74.9,119.6,Drip,125.7,2.05,0.88,816279.0,65.7
Punjab,Raichur,Rice,Kharif,12.18,1039.8,28.6,58.6,5.6,6.79,28.9,87.7,74.7,141.8,Rainfed,298.0,2.59,0.85,892676.0,57.7
Madhya Pradesh,Warangal,Sugarcane,Zaid,5.46,344.5,28.0,52.3,8.5,6.11,19.7,150.9,46.5,99.9,Sprinkler,155.4,2.23,0.82,308091.0,42.5
Karnataka,Guntur,Groundnut,Kharif,1.84,599.5,30.7,81.8,8.5,7.32,28.7,101.3,47.4,99.9,Sprinkler,174.6,3.89,0.8,128937.0,67.9
Punjab,Guntur,Wheat,Kharif,10.89,819.7,29.8,84.5,6.0,6.42,32.9,117.3,44.9,77.2,Sprinkler,142.0,4.13,0.7,677279.0,67.7
Madhya Pradesh,Nalgonda,Groundnut,Zaid,1.87,376.1,29.5,48.3,7.6,6.59,21.3,181.8,50.7,133.5,Rainfed,223.7,2.9,0.91,138892.0,45.5
Karnataka,Raichur,Groundnut,Kharif,3.42,315.3,24.8,52.7,6.9,7.45,34.5,53.2,85.8,94.6,Drip,218.5,4.08,0.77,237164.0,50.4
Punjab,Raichur,Rice,Kharif,13.18,796.0,24.9,69.4,7.7,7.22,29.5,92.7,69.5,103.1,Rainfed,212.0,2.89,0.85,919872.0,56.0
Madhya Pradesh,Raichur,Chilli,Kharif,1.01,562.9,29.3,61.6,7.4,6.45,18.8,151.9,64.9,93.5,Flood,195.7,6.29,0.84,61054.0,39.5
Punjab,Rajkot,Groundnut,Kharif,3.69,965.8,28.4,66.3,6.9,7.95,29.1,95.8,32.7,127.7,Sprinkler,194.9,7.66,0.77,247887.0,48.0
Karnataka,Krishna,Maize,Kharif,5.56,750.0,26.8,72.2,5.4,6.17,23.5,169.2,69.2,130.5,Sprinkler,241.4,4.46,0.9,426882.0,60.8
Andhra Pradesh,Indore,Pulses,Rabi,14.76,847.7,24.2,64.9,6.9,5.42,26.4,126.7,46.5,80.2,Rainfed,149.3,1.64,0.98,914017.0,54.6
Andhra Pradesh,Guntur,Chilli,Rabi,3.74,504.1,26.0,64.7,8.2,6.84,29.4,56.1,45.2,139.6,Drip,186.4,8.15,0.88,252667.0,37.5
Tamil Nadu,Indore,Wheat,Rabi,4.98,678.5,20.5,45.0,6.1,6.72,28.7,96.3,53.4,92.1,Rainfed,216.7,4.12,0.71,366741.0,45.5
Telangana,Warangal,Maize,Kharif,2.02,846.3,26.9,66.8,7.2,7.52,36.2,105.2,61.3,70.1,Rainfed,70.8,3.71,0.72,122429.0,49.3
Punjab,Krishna,Groundnut,Rabi,13.21,85.7,25.5,65.3,8.5,6.95,29.0,129.7,35.7,87.8,Drip,44.595,9.27,0.74,789760.0,18.7
Punjab,Warangal,Pulses,Kharif,5.59,531.2,28.3,73.1,5.3,6.07,32.1,95.1,58.7,90.0,Rainfed,252.9,3.55,0.75,362005.0,62.2
Tamil Nadu,Warangal,Maize,Zaid,2.12,452.9,35.1,54.6,7.6,6.75,16.7,155.0,81.7,145.6,Sprinkler,180.2,8.09,0.71,145735.0,40.3
Gujarat,Erode,Maize,Kharif,3.39,938.7,26.2,87.6,7.9,7.08,29.2,166.6,43.7,138.7,Flood,207.0,5.67,0.9,248148.0,68.5
Telangana,Nalgonda,Wheat,Zaid,8.26,490.3,33.7,46.7,9.8,7.53,15.4,78.6,77.9,150.2,Sprinkler,213.2,1.21,0.73,589875.0,58.5
Punjab,Erode,Maize,Kharif,12.28,962.7,29.9,76.3,5.9,7.8,36.5,110.9,96.3,82.2,Flood,121.0,4.42,0.81,710922.0,67.9
Tamil Nadu,Raichur,Wheat,Rabi,13.72,638.1,26.5,62.7,7.3,7.19,31.9,104.9,64.7,56.0,Drip,161.7,1.73,1.0,746137.0,53.9
Tamil Nadu,Guntur,Rice,Rabi,5.29,542.8,25.5,60.3,7.5,6.53,24.8,118.5,73.7,72.8,Rainfed,178.7,1.84,0.81,232433.0,53.1
Andhra Pradesh,Nashik,Groundnut,Rabi,0.99,277.1,23.8,60.7,8.1,5.68,28.0,60.6,42.6,133.7,Rainfed,236.3,3.32,0.92,61543.0,53.8
Maharashtra,Nalgonda,Cotton,Rabi,4.24,702.8,23.7,55.1,8.1,6.07,27.4,165.8,39.0,118.6,Sprinkler,164.4,5.47,0.65,295357.0,43.7
Maharashtra,Warangal,Maize,Rabi,7.16,547.1,25.7,60.6,7.5,7.6,24.2,101.9,39.9,137.4,Rainfed,163.5,4.96,0.83,381258.0,33.9
Karnataka,Indore,Cotton,Kharif,8.69,1062.9,26.9,78.2,5.9,7.39,29.7,159.5,66.5,72.3,Rainfed,212.7,4.57,0.66,637725.0,61.7
Maharashtra,Indore,Maize,Kharif,9.19,501.7,30.6,77.3,6.1,5.84,26.4,122.0,62.9,82.7,Flood,219.2,6.05,0.93,708960.0,44.4
Andhra Pradesh,Erode,Pulses,Kharif,12.03,789.5,28.3,72.3,6.4,6.83,33.6,120.7,28.4,113.3,Flood,187.6,5.85,1.0,809336.0,45.9
Karnataka,Nalgonda,Pulses,Rabi,9.41,286.1,24.1,65.1,7.3,7.4,18.3,71.3,44.9,147.7,Drip,65.8,4.0,0.9,601596.0,40.7
Punjab,Nalgonda,Pulses,Rabi,4.74,216.0,25.2,35.5,9.8,6.73,32.6,92.3,80.5,73.8,Flood,194.9,9.36,0.68,353077.0,18.7
Maharashtra,Krishna,Maize,Rabi,3.05,241.0,28.0,58.1,6.8,6.8,13.0,67.2,56.8,91.2,Drip,86.9,7.57,0.83,198958.0,38.1
Gujarat,Erode,Maize,Rabi,14.78,111.3,26.1,58.4,8.5,6.71,31.2,137.0,42.5,127.7,Rainfed,281.2,9.520199999999996,0.95,1122550.0,24.5
Madhya Pradesh,Krishna,Wheat,Kharif,7.85,783.7,27.6,71.1,7.3,7.1,28.7,140.1,72.6,129.7,Sprinkler,250.0,4.08,0.72,617349.0,59.9
Andhra Pradesh,Warangal,Maize,Rabi,12.1,435.1,23.2,55.6,9.9,5.66,25.6,151.3,69.1,94.3,Drip,167.7,6.46,0.71,669991.0,34.3
Maharashtra,Raichur,Wheat,Rabi,4.19,503.1,27.1,52.1,5.6,7.18,22.6,141.1,60.3,101.9,Sprinkler,121.5,7.14,0.99,260110.0,35.5
Tamil Nadu,Erode,Groundnut,Kharif,10.25,727.1,29.2,67.7,7.5,5.44,34.4,70.9,94.5,134.0,Rainfed,139.2,1.17,0.88,545006.0,58.8
Karnataka,Nalgonda,Sugarcane,Kharif,6.38,941.4,25.2,69.8,5.5,6.75,25.1,170.7,47.7,90.9,Drip,244.9,3.56,0.77,435000.0,54.2
Punjab,Erode,Maize,Kharif,7.53,997.8,29.2,71.6,6.5,6.22,28.2,116.8,74.2,65.4,Flood,151.9,3.17,0.71,505451.0,66.9
Tamil Nadu,Warangal,Cotton,Zaid,1.51,278.3,28.6,71.2,6.3,5.43,17.1,153.5,51.6,113.0,Flood,56.9,4.43,0.66,84856.0,61.4
Gujarat,Erode,Rice,Rabi,12.19,715.8,23.5,53.5,7.9,5.76,23.4,111.2,19.2,96.6,Drip,135.6,5.51,0.83,997506.0,35.0
Punjab,Warangal,Rice,Rabi,4.39,298.1,27.0,73.7,8.4,6.73,24.6,163.4,52.2,144.0,Flood,312.7,1.14,0.9,364634.0,61.2
Gujarat,Indore,Cotton,Zaid,13.09,262.8,31.9,53.8,8.6,6.52,14.8,98.3,62.4,81.5,Drip,239.2,6.83,0.97,1107403.0,31.0
Tamil Nadu,Indore,Rice,Zaid,4.97,404.3,35.1,43.3,7.7,7.43,22.9,119.6,37.5,74.8,Rainfed,328.11199999999974,3.68,0.93,430010.0,41.2
Gujarat,Guntur,Groundnut,Rabi,10.43,663.8,23.4,63.6,7.4,6.16,15.9,95.6,59.5,73.3,Sprinkler,247.8,7.58,0.93,832795.0,40.4
Telangana,Indore,Maize,Kharif,10.44,742.9,27.4,70.5,6.3,6.27,38.8,140.9,42.8,93.9,Rainfed,141.3,4.09,0.89,598571.0,57.8
Tamil Nadu,Indore,Cotton,Rabi,11.83,513.6,23.2,59.9,8.5,8.05,23.0,106.3,90.5,85.7,Rainfed,200.5,6.81,0.72,915662.0,35.3
Madhya Pradesh,Ludhiana,Wheat,Zaid,6.3,330.0,33.0,66.9,8.3,6.8,15.8,106.2,84.2,105.7,Drip,129.8,2.82,0.89,366299.0,55.9
Andhra Pradesh,Nashik,Pulses,Kharif,0.88,818.0,29.6,74.5,7.6,7.37,30.0,141.8,63.1,128.2,Rainfed,326.5,5.43,0.75,55589.0,66.8
Madhya Pradesh,Guntur,Rice,Kharif,14.89,1203.6019999999999,29.4,75.0,4.899000000000001,6.58,26.3,133.2,34.0,86.4,Rainfed,187.3,2.81,0.81,945700.0,69.1
Punjab,Nashik,Sugarcane,Kharif,1.22,1034.6,30.6,67.8,7.5,6.81,32.9,125.2,67.7,99.6,Rainfed,245.1,2.81,0.77,96681.0,74.0
Punjab,Warangal,Rice,Kharif,11.87,454.2,28.2,68.9,5.9,7.71,37.2,133.9,57.8,122.2,Flood,234.4,5.22,0.71,931749.0,49.1
Telangana,Raichur,Rice,Rabi,12.54,457.5,25.5,64.9,6.4,7.25,19.7,131.6,36.2,90.4,Rainfed,44.595,9.520199999999996,0.72,659415.0,20.3
Madhya Pradesh,Warangal,Sugarcane,Kharif,14.32,1187.4,30.8,75.1,5.6,6.76,27.7,140.4,96.0,102.7,Sprinkler,215.6,1.35,0.77,953956.0,74.60099999999997
Madhya Pradesh,Erode,Chilli,Rabi,1.13,574.4,21.8,60.6,7.0,6.18,22.3,131.8,58.2,79.1,Flood,196.0,4.37,0.79,68445.0,49.7
Karnataka,Ludhiana,Rice,Kharif,4.29,747.1,24.8,77.6,5.8,5.74,31.1,106.8,67.0,100.1,Flood,215.0,6.63,0.82,307513.0,57.8
Karnataka,Rajkot,Sugarcane,Kharif,8.18,906.3,24.0,53.7,7.2,6.8,36.6,125.3,27.9,124.4,Flood,104.6,3.32,0.76,422022.0,54.7
Telangana,Krishna,Wheat,Kharif,2.23,786.9,33.3,71.3,6.6,5.76,33.6,100.6,61.7,138.4,Sprinkler,200.9,6.6,0.79,165381.0,55.9
Andhra Pradesh,Ludhiana,Maize,Zaid,14.66,528.9,30.7,59.5,7.4,6.26,22.5,130.5,46.7,61.4,Flood,96.3,5.6,0.7,831136.0,47.4
Tamil Nadu,Indore,Wheat,Zaid,0.64,356.7,29.8,41.1,7.9,7.66,22.0,133.3,72.8,112.3,Rainfed,112.4,2.23,0.66,42634.82,42.4
Tamil Nadu,Nashik,Sugarcane,Rabi,3.23,405.3,24.9,59.3,7.3,5.72,26.4,139.5,73.0,111.0,Flood,286.7,5.79,0.94,235033.0,42.4
Maharashtra,Guntur,Maize,Kharif,8.48,858.7,29.0,73.8,7.1,6.62,32.4,148.8,60.6,142.4,Flood,161.9,5.26,0.79,544787.0,49.1
Punjab,Warangal,Wheat,Rabi,4.66,264.1,18.599,60.4,8.4,6.77,21.6,71.0,35.6,152.2,Drip,143.1,3.39,0.82,283552.0,49.4
Telangana,Nalgonda,Rice,Rabi,3.38,539.8,27.9,54.2,7.6,6.92,21.4,87.0,52.6,149.1,Sprinkler,136.3,5.48,0.79,206072.0,29.9
Madhya Pradesh,Nalgonda,Groundnut,Rabi,11.83,92.5,26.0,62.0,9.2,7.52,25.8,133.2,57.8,85.8,Flood,281.2,2.09,0.87,813906.0,47.2
Punjab,Nashik,Cotton,Rabi,11.5,429.9,21.4,60.6,6.9,6.1,24.5,99.5,61.5,38.7,Flood,150.8,2.19,0.84,699979.0,36.7
Maharashtra,Guntur,Sugarcane,Rabi,13.85,518.4,18.9,42.7,7.8,5.44,27.2,101.2,58.2,100.9,Flood,188.7,3.68,0.67,769423.0,39.0
Maharashtra,Erode,Groundnut,Rabi,11.0,422.3,23.3,64.3,7.8,6.57,24.8,122.9,30.6,80.3,Flood,156.1,3.4,0.89,667178.0,52.2
Punjab,Guntur,Rice,Kharif,4.54,663.7,28.5,61.3,4.899000000000001,6.74,33.2,47.593,31.6,104.7,Flood,180.5,4.06,0.65,276050.0,55.1
Madhya Pradesh,Nalgonda,Pulses,Rabi,5.12,594.8,19.1,59.2,6.2,6.12,19.4,76.8,71.1,168.90299999999993,Flood,67.0,6.49,0.66,268084.0,36.0
Gujarat,Nalgonda,Sugarcane,Kharif,14.85,664.8,27.7,54.2,6.4,7.04,16.3,107.8,28.6,120.8,Drip,157.1,6.72,0.86,883868.0,47.6
Telangana,Krishna,Rice,Kharif,1.76,721.9,28.5,59.5,8.9,6.83,37.2,104.5,58.7,82.6,Rainfed,203.2,3.08,0.89,124279.0,57.6
Madhya Pradesh,Rajkot,Rice,Kharif,9.71,899.0,27.0,77.6,7.4,5.89,28.9,78.3,65.7,89.1,Rainfed,227.4,8.26,0.86,818567.0,58.3
Tamil Nadu,Raichur,Maize,Rabi,6.02,463.5,18.599,53.6,8.9,7.84,22.8,140.5,49.6,143.3,Rainfed,244.2,4.31,0.91,393142.0,36.8
Tamil Nadu,Raichur,Groundnut,Kharif,12.91,1108.5,27.8,68.1,7.3,7.24,39.4,124.3,47.7,65.8,Drip,286.1,4.88,0.94,874202.0,64.6
Punjab,Nashik,Pulses,Kharif,9.99,582.0,29.6,69.8,5.8,6.23,41.0,94.8,60.9,168.90299999999993,Flood,149.1,4.73,0.94,728214.0,54.2
Andhra Pradesh,Guntur,Sugarcane,Rabi,11.54,431.9,22.8,63.1,6.4,6.5,30.5,177.3,55.3,121.7,Sprinkler,137.0,6.7,0.91,760301.0,37.9
Andhra Pradesh,Erode,Pulses,Rabi,11.36,296.6,22.5,59.0,7.4,6.62,27.1,115.8,83.8,96.1,Flood,241.7,4.14,0.96,778704.0,48.5
Telangana,Ludhiana,Sugarcane,Rabi,6.61,425.0,22.2,70.9,6.7,5.73,27.0,117.4,41.4,103.9,Sprinkler,137.3,4.48,0.83,393957.0,40.3
Maharashtra,Rajkot,Rice,Kharif,14.32,888.9,27.6,86.2,7.7,7.49,25.0,94.9,56.6,135.7,Flood,209.7,3.71,0.73,951219.0,69.4
Tamil Nadu,Nashik,Wheat,Zaid,2.15,490.4,29.9,54.1,7.6,6.04,17.0,137.5,54.1,140.5,Flood,259.6,6.11,0.87,169643.0,48.8
Andhra Pradesh,Raichur,Groundnut,Rabi,10.4,362.7,21.2,78.5,8.1,7.21,27.4,135.8,46.0,98.0,Flood,179.9,3.76,0.79,704223.0,42.0
Tamil Nadu,Raichur,Pulses,Kharif,12.31,824.7,27.7,66.3,6.5,8.240099999999998,28.6,111.5,25.1,100.3,Sprinkler,196.4,4.68,0.97,970080.0,49.9
Maharashtra,Raichur,Wheat,Rabi,0.77,435.1,23.8,66.1,5.6,7.01,21.8,182.7,80.9,130.1,Rainfed,165.4,5.73,0.76,45558.0,52.0
Andhra Pradesh,Guntur,Groundnut,Rabi,13.99,671.5,22.1,57.8,8.1,6.89,23.4,68.3,59.4,69.0,Rainfed,328.11199999999974,4.91,0.7,979523.0,45.8
Andhra Pradesh,Krishna,Maize,Kharif,4.67,635.2,27.0,89.2,5.3,6.73,33.4,56.1,44.8,89.3,Flood,218.8,7.14,0.75,297735.0,46.4
Maharashtra,Erode,Maize,Kharif,14.34,869.5,25.8,73.2,7.5,6.64,30.3,171.5,58.8,105.5,Flood,214.2,5.19,0.87,980645.0,47.4
Andhra Pradesh,Krishna,Maize,Rabi,1.31,607.0,26.4,39.1,7.2,6.08,27.9,97.9,50.9,168.90299999999993,Drip,309.6,4.74,0.68,95957.0,31.1
Andhra Pradesh,Ludhiana,Cotton,Rabi,12.75,559.3,25.0,72.5,7.4,5.58,20.3,107.6,44.7,120.2,Flood,167.0,6.23,0.68,1013954.0,51.2
Karnataka,Rajkot,Pulses,Kharif,10.58,501.6,31.1,74.5,5.7,6.39,24.5,153.9,55.9,99.7,Flood,240.4,7.68,0.92,750814.0,51.3
Karnataka,Warangal,Chilli,Rabi,12.41,255.7,20.7,45.6,7.2,7.18,21.8,102.3,43.3,83.3,Rainfed,150.6,5.72,0.99,944108.0,26.2
Madhya Pradesh,Erode,Chilli,Rabi,14.62,325.5,22.5,57.9,6.8,6.25,22.3,64.8,67.3,111.9,Rainfed,232.2,2.98,1.0,1068058.0,32.7
Karnataka,Nalgonda,Chilli,Kharif,10.01,888.6,25.2,78.6,8.0,5.95,25.4,120.8,77.5,86.8,Drip,306.0,4.5,0.98,763970.0,61.1
Madhya Pradesh,Ludhiana,Rice,Zaid,11.94,235.0,32.2,67.9,8.8,7.97,17.4,146.4,46.3,46.6,Sprinkler,125.9,5.14,0.74,620870.0,30.7
Punjab,Erode,Cotton,Kharif,9.34,716.5,27.9,77.1,7.4,6.7,26.3,145.6,26.5,113.3,Flood,205.7,5.58,0.86,728481.0,60.2
Tamil Nadu,Guntur,Maize,Rabi,10.31,328.7,22.6,59.9,8.7,6.27,19.9,131.0,38.6,80.3,Rainfed,192.6,6.37,0.99,803381.0,29.4
Karnataka,Nalgonda,Sugarcane,Kharif,2.78,837.0,28.4,56.5,8.4,7.16,31.1,82.6,67.0,118.4,Rainfed,151.5,2.34,0.97,132074.0,65.6
Karnataka,Raichur,Rice,Kharif,10.33,890.4,25.7,53.3,7.5,6.46,29.3,118.6,71.0,128.3,Rainfed,192.8,6.32,0.9,660631.0,34.4
Gujarat,Warangal,Pulses,Rabi,9.87,487.2,23.9,50.2,6.9,6.22,12.4,153.6,73.9,114.2,Drip,136.4,4.21,0.78,741707.0,33.7
Andhra Pradesh,Nalgonda,Cotton,Kharif,10.85,866.2,26.6,78.4,6.8,6.69,28.8,98.2,50.1,89.2,Sprinkler,159.4,4.98,0.87,702988.0,59.6
Gujarat,Ludhiana,Wheat,Rabi,12.49,763.1,27.1,54.4,7.8,6.14,22.8,102.5,25.1,69.5,Drip,110.0,4.23,0.71,574483.0,53.9
Maharashtra,Rajkot,Wheat,Rabi,14.89,583.9,21.8,58.9,8.3,6.44,19.6,104.8,89.5,128.8,Rainfed,135.0,0.5,0.7,634890.0,55.4
Telangana,Indore,Chilli,Kharif,7.14,793.8,29.3,64.4,7.8,6.79,30.5,137.8,93.1,84.0,Sprinkler,155.0,5.88,0.71,357147.0,41.2
Punjab,Krishna,Groundnut,Kharif,1.58,959.0,27.7,72.1,7.9,6.9,36.7,97.0,50.6,104.6,Sprinkler,157.1,5.03,0.98,86556.0,58.0
Gujarat,Krishna,Sugarcane,Zaid,4.57,566.9,30.4,38.4,5.8,6.84,20.7,147.8,46.3,73.7,Rainfed,213.5,5.91,1.0,317927.0,35.1
Karnataka,Ludhiana,Pulses,Zaid,14.67,630.4,32.0,51.0,10.0,7.86,19.2,116.8,68.8,115.9,Rainfed,141.3,3.55,0.91,786394.0,47.3
Andhra Pradesh,Nashik,Groundnut,Rabi,2.39,622.5,22.8,60.0,8.8,6.59,24.1,126.5,50.4,117.9,Rainfed,162.5,4.04,0.86,156022.0,47.8
Tamil Nadu,Ludhiana,Wheat,Kharif,1.84,686.6,29.2,67.4,5.8,7.73,22.1,86.5,71.1,157.3,Rainfed,104.4,1.71,0.98,120699.0,62.0
Punjab,Raichur,Cotton,Rabi,5.35,442.9,21.4,63.7,9.5,6.12,22.8,109.5,58.4,113.5,Flood,244.9,4.94,0.89,438702.0,22.6
Tamil Nadu,Ludhiana,Rice,Zaid,14.89,204.5,33.9,44.2,8.0,6.83,26.2,125.4,45.2,145.0,Flood,205.1,2.33,0.91,1008900.0,42.2
Telangana,Warangal,Chilli,Zaid,9.92,151.5,31.8,50.5,8.5,6.27,20.8,71.7,69.9,121.5,Flood,313.9,4.75,0.98,791746.0,46.4
Maharashtra,Ludhiana,Groundnut,Kharif,0.64,582.0,31.5,76.0,6.9,6.71,31.7,95.7,82.0,92.1,Flood,134.8,4.88,0.86,42634.82,48.6
Andhra Pradesh,Nalgonda,Sugarcane,Rabi,9.18,450.4,26.3,35.5,8.0,6.57,31.2,167.8,43.9,103.5,Sprinkler,158.0,4.56,0.92,615233.0,28.3
Maharashtra,Rajkot,Cotton,Kharif,14.61,1121.5,28.2,83.6,8.2,6.15,29.0,109.2,65.3,122.3,Flood,178.0,4.79,0.83,1044544.0,74.60099999999997
Madhya Pradesh,Ludhiana,Chilli,Kharif,1.41,1160.1,24.9,68.8,5.6,7.08,31.2,187.8,63.0,120.2,Sprinkler,198.2,6.64,0.97,97615.0,66.8
Telangana,Nalgonda,Pulses,Rabi,12.94,674.0,25.2,71.6,7.9,6.04,25.4,106.4,49.2,109.0,Drip,144.9,5.61,0.92,879411.0,43.1
Tamil Nadu,Indore,Wheat,Rabi,8.88,348.6,25.2,62.3,7.2,6.18,22.5,153.2,40.7,122.3,Sprinkler,130.2,4.1,0.95,478966.0,44.2
Telangana,Nashik,Pulses,Zaid,9.83,164.4,30.4,45.2,8.4,5.23,26.4,120.9,37.6,153.6,Rainfed,156.5,4.77,0.95,698026.0,35.1
Andhra Pradesh,Warangal,Maize,Rabi,13.14,248.6,25.1,71.1,6.7,7.4,19.7,147.3,48.0,102.8,Rainfed,241.8,7.44,0.85,877962.0,27.5
Karnataka,Nalgonda,Groundnut,Rabi,13.81,426.7,22.4,49.2,7.8,6.02,25.7,108.5,25.3,110.4,Flood,229.1,4.23,0.92,1076274.0,40.3
Tamil Nadu,Ludhiana,Pulses,Rabi,10.78,330.1,24.1,51.0,7.9,6.84,19.0,173.4,48.3,99.9,Rainfed,242.2,3.14,0.96,732834.0,52.1
Telangana,Rajkot,Rice,Rabi,5.63,776.4,21.0,57.9,6.3,6.9,23.4,115.2,74.5,126.3,Drip,119.6,4.46,0.99,300377.0,39.2
Gujarat,Rajkot,Cotton,Rabi,9.02,385.9,23.9,46.9,7.2,6.61,32.0,122.2,19.0,116.3,Sprinkler,191.9,6.37,0.95,481722.0,34.0
Telangana,Guntur,Groundnut,Rabi,1.12,625.4,23.2,65.9,8.1,7.33,22.3,138.2,32.1,84.3,Drip,146.8,6.11,0.73,77743.0,40.8
Maharashtra,Warangal,Wheat,Kharif,6.01,942.9,32.9,64.0,5.8,6.27,33.7,130.5,46.9,137.1,Drip,211.1,7.18,0.65,396260.0,42.0
Gujarat,Guntur,Rice,Rabi,3.94,480.8,23.6,61.7,7.5,7.02,29.7,82.2,40.8,168.90299999999993,Sprinkler,232.9,5.73,0.89,244366.0,51.7
Telangana,Krishna,Sugarcane,Kharif,4.27,1016.7,32.6,62.6,5.5,6.9,41.0,115.2,48.3,93.8,Drip,224.4,6.71,0.68,279504.0,33.2
Gujarat,Warangal,Wheat,Kharif,3.02,1034.1,28.4,61.4,6.5,7.23,26.6,107.8,71.4,90.3,Drip,124.4,4.32,0.76,188945.0,58.6
Madhya Pradesh,Krishna,Maize,Kharif,11.85,930.4,27.4,78.0,7.7,7.04,36.6,66.5,72.2,99.5,Rainfed,259.2,5.2,0.65,801433.0,48.1
Punjab,Indore,Rice,Rabi,9.07,201.9,30.2,57.0,7.9,6.6,26.4,121.5,30.0,104.7,Flood,173.0,4.33,0.98,693371.0,50.7
Tamil Nadu,Rajkot,Maize,Rabi,10.89,316.1,21.8,65.9,6.7,6.99,31.1,170.1,83.6,121.8,Rainfed,169.8,8.82,0.88,796672.0,34.4
Andhra Pradesh,Nalgonda,Groundnut,Kharif,3.88,1141.7,27.2,77.5,7.0,7.74,28.6,156.3,34.2,123.6,Drip,214.5,4.95,1.0,278904.0,60.5
Punjab,Raichur,Groundnut,Kharif,2.57,882.1,28.9,76.7,6.4,6.46,32.1,119.0,74.6,110.7,Flood,174.2,4.83,0.75,152982.0,52.1
Punjab,Rajkot,Chilli,Kharif,11.47,769.6,27.6,65.9,7.0,6.1,35.0,165.0,41.6,142.0,Rainfed,126.6,3.69,0.81,717297.0,56.6
Andhra Pradesh,Raichur,Maize,Rabi,13.67,297.0,26.8,75.8,6.6,7.0,11.4,145.4,54.1,104.1,Flood,227.0,4.1,0.98,872194.0,45.2
Andhra Pradesh,Guntur,Cotton,Kharif,5.71,843.4,30.2,81.2,8.7,6.6,31.2,136.0,95.4,138.9,Drip,162.1,3.82,0.93,373772.0,63.2
Telangana,Nashik,Maize,Rabi,13.24,618.1,26.5,56.0,8.9,6.52,24.7,88.4,97.10099999999997,75.7,Flood,112.7,6.31,0.89,817782.0,43.2
Andhra Pradesh,Krishna,Wheat,Kharif,11.09,755.2,35.1,81.8,7.9,7.33,31.2,142.8,33.9,148.4,Flood,196.2,4.08,0.72,685980.0,62.2
Telangana,Warangal,Rice,Rabi,10.49,463.8,25.1,54.9,7.5,6.74,24.8,90.9,63.5,59.1,Rainfed,202.8,5.51,0.97,670869.0,31.1
Maharashtra,Erode,Maize,Kharif,4.9,709.0,28.0,74.4,6.6,5.83,27.6,72.8,75.1,71.5,Drip,306.2,3.67,0.88,324134.0,52.2
Andhra Pradesh,Nalgonda,Sugarcane,Zaid,6.92,302.1,27.1,37.8,9.1,7.29,12.3,99.3,72.3,92.6,Flood,219.2,3.79,0.87,610847.0,29.0
Tamil Nadu,Krishna,Pulses,Kharif,2.3,850.0,29.5,66.1,8.0,7.2,24.7,98.4,46.2,94.2,Sprinkler,135.9,4.94,0.76,162262.0,58.4
Andhra Pradesh,Indore,Cotton,Rabi,7.82,571.6,22.6,55.7,8.2,7.42,26.1,156.8,51.7,108.3,Sprinkler,204.5,1.07,0.83,496287.0,54.1
Telangana,Ludhiana,Maize,Kharif,2.51,646.1,29.6,70.6,6.2,6.4,27.1,135.0,61.5,154.2,Drip,171.0,3.22,0.83,176180.0,42.2
Maharashtra,Raichur,Cotton,Rabi,4.31,440.3,18.599,66.5,6.8,6.95,29.4,81.6,19.7,95.2,Drip,164.8,6.4,0.99,249006.0,35.4
Madhya Pradesh,Ludhiana,Rice,Kharif,4.45,796.6,26.0,72.0,6.7,6.0,35.2,100.6,43.8,84.5,Rainfed,125.6,5.84,0.77,267714.0,41.7
Gujarat,Rajkot,Pulses,Rabi,4.0,658.3,25.8,47.5,7.0,6.5,30.7,71.6,74.8,99.7,Flood,177.1,2.94,0.67,240435.0,46.7
Andhra Pradesh,Rajkot,Maize,Zaid,12.27,127.9,28.3,52.9,7.1,6.27,17.8,83.5,58.4,94.2,Drip,191.5,2.59,0.84,896788.0,46.5
Telangana,Ludhiana,Cotton,Kharif,14.89,1203.6019999999999,29.1,70.1,8.0,5.64,28.1,102.3,75.8,65.0,Rainfed,144.0,8.97,0.8,1005868.0,61.9
Punjab,Warangal,Groundnut,Rabi,6.97,470.4,26.3,49.8,7.4,6.25,15.6,111.0,64.3,155.1,Flood,159.4,2.1,0.71,407823.0,59.9
Maharashtra,Nalgonda,Maize,Rabi,8.03,539.5,30.3,51.4,6.3,6.57,27.5,148.8,59.9,114.2,Rainfed,194.0,7.32,0.83,551274.0,36.1
Punjab,Nalgonda,Pulses,Rabi,9.42,282.0,26.6,35.5,8.7,7.33,30.4,165.8,76.6,103.4,Flood,258.6,2.54,0.98,535576.0,38.6
Punjab,Rajkot,Wheat,Rabi,4.98,137.9,24.7,65.5,5.6,5.64,23.9,166.8,33.6,141.1,Flood,178.3,4.51,0.88,346017.0,36.4
Gujarat,Krishna,Pulses,Kharif,3.78,666.7,26.6,69.3,5.7,6.71,24.8,75.4,36.9,96.3,Flood,108.1,6.58,0.82,256864.0,41.0
Karnataka,Rajkot,Rice,Zaid,10.69,80.0,29.5,54.3,9.3,6.46,12.2,110.5,64.4,118.8,Rainfed,196.9,8.44,0.87,817336.0,27.4
Karnataka,Indore,Sugarcane,Kharif,10.25,1110.2,31.6,89.40399999999991,4.899000000000001,5.2,26.4,109.0,63.8,109.2,Flood,165.2,7.36,0.8,785319.0,58.1
Maharashtra,Nalgonda,Wheat,Zaid,12.61,509.3,30.3,49.4,8.5,7.01,18.4,145.1,79.1,84.9,Sprinkler,180.7,2.34,0.91,771971.0,39.4
Andhra Pradesh,Raichur,Wheat,Kharif,4.77,1160.8,27.5,87.9,5.7,6.29,36.3,87.5,55.0,148.8,Rainfed,190.8,5.77,0.68,292759.0,74.0
Madhya Pradesh,Rajkot,Wheat,Rabi,12.69,561.0,21.3,60.8,8.0,6.87,24.1,136.2,59.2,167.4,Flood,192.6,1.07,0.7,913207.0,45.4
Andhra Pradesh,Nalgonda,Chilli,Rabi,10.09,586.1,23.6,51.5,7.7,7.64,32.9,83.7,54.7,94.9,Flood,136.1,7.77,0.97,779554.0,34.8
Maharashtra,Nashik,Groundnut,Zaid,3.58,470.1,28.2,60.1,8.4,6.17,21.6,91.8,36.4,100.3,Flood,178.4,4.9,0.78,227315.0,45.3
Andhra Pradesh,Erode,Wheat,Kharif,6.59,954.7,25.7,59.1,7.6,6.62,31.3,190.2,89.0,69.3,Flood,255.9,5.09,0.82,445211.0,67.8
Gujarat,Nashik,Rice,Zaid,8.24,341.3,27.8,48.7,8.9,6.72,20.4,155.9,56.0,89.1,Flood,277.0,7.15,0.81,683356.0,22.2
Andhra Pradesh,Rajkot,Cotton,Rabi,11.9,715.7,24.7,68.1,5.2,5.79,21.8,133.1,52.6,114.3,Rainfed,186.2,6.89,0.69,830253.0,55.0
Maharashtra,Raichur,Maize,Zaid,3.5,257.1,31.1,66.1,7.2,6.49,22.2,123.1,49.3,70.8,Rainfed,249.4,7.37,0.81,228019.0,41.8
Tamil Nadu,Indore,Cotton,Rabi,6.43,362.5,25.6,74.0,7.2,6.85,23.3,113.7,28.3,76.5,Flood,256.5,6.49,0.9,415694.0,43.9
Karnataka,Ludhiana,Wheat,Rabi,5.84,199.0,23.4,53.0,7.6,6.41,35.1,117.6,49.1,45.7,Rainfed,231.2,5.89,0.95,422219.0,36.3
Maharashtra,Ludhiana,Chilli,Rabi,12.29,376.9,24.8,53.5,7.5,6.46,30.7,99.8,61.2,113.3,Rainfed,130.9,5.45,0.85,668563.0,27.8
Gujarat,Raichur,Maize,Rabi,14.31,605.4,24.7,74.0,8.5,7.42,23.3,94.8,66.0,103.7,Flood,141.7,5.91,0.79,1126428.82,59.0
Punjab,Rajkot,Chilli,Rabi,13.04,301.3,25.4,57.6,6.2,6.21,28.1,143.2,62.3,86.5,Flood,66.2,6.96,0.89,586190.0,29.5
Punjab,Rajkot,Rice,Zaid,13.55,152.9,29.2,44.4,7.8,5.49,26.0,96.4,41.5,95.3,Drip,234.7,3.48,0.75,1065824.0,21.2
Telangana,Erode,Maize,Kharif,1.89,823.8,28.3,63.4,7.0,7.11,23.2,118.8,56.6,149.2,Sprinkler,222.8,4.01,0.98,138631.0,53.0
Punjab,Krishna,Maize,Kharif,10.39,979.0,27.6,81.0,7.7,6.37,28.8,157.4,56.1,72.0,Sprinkler,304.0,9.520199999999996,0.69,855699.0,43.3
Gujarat,Warangal,Cotton,Zaid,4.84,213.2,30.8,39.0,7.2,6.73,22.4,166.8,56.9,120.1,Drip,109.9,7.54,0.83,341935.0,32.6
Maharashtra,Warangal,Groundnut,Zaid,6.73,83.1,28.3,49.1,6.9,7.63,21.0,79.9,17.298000000000002,131.1,Drip,208.8,2.43,0.74,492883.0,28.8
Andhra Pradesh,Rajkot,Wheat,Rabi,12.46,466.2,23.4,64.0,9.2,6.96,24.0,177.7,49.6,84.1,Rainfed,187.2,4.73,0.72,811811.0,42.7
Maharashtra,Rajkot,Wheat,Kharif,13.7,926.7,27.3,70.6,7.3,5.62,29.9,51.8,87.3,119.6,Rainfed,238.2,8.67,0.89,883141.0,35.0
Karnataka,Warangal,Pulses,Rabi,11.62,543.9,22.1,63.5,8.2,7.48,18.6,54.6,57.8,119.5,Flood,302.6,5.58,0.94,833031.0,37.3
Andhra Pradesh,Krishna,Rice,Rabi,0.65,154.1,25.0,61.7,7.7,7.22,24.9,147.1,79.5,68.9,Flood,143.7,7.51,0.91,45220.0,33.7
Punjab,Guntur,Sugarcane,Rabi,4.42,615.8,24.4,58.0,8.4,6.05,18.1,135.2,44.0,70.6,Drip,133.2,2.97,1.0,261016.0,51.2
Gujarat,Krishna,Cotton,Rabi,2.01,333.2,19.8,51.7,6.8,6.53,24.3,158.1,27.3,83.2,Flood,235.8,3.57,0.82,173455.0,44.6
Gujarat,Warangal,Sugarcane,Rabi,11.16,409.9,21.4,65.0,7.8,6.28,26.4,96.0,32.1,90.2,Drip,131.1,3.09,0.91,722250.0,51.4
Maharashtra,Krishna,Wheat,Rabi,14.49,402.7,27.6,56.3,5.8,6.57,21.3,156.5,83.0,79.4,Drip,202.8,6.31,0.94,1046049.0,37.3
Gujarat,Nalgonda,Rice,Kharif,11.77,619.7,30.2,80.6,5.9,6.72,37.9,172.1,27.5,125.7,Flood,229.5,5.27,0.68,705071.0,49.5
Punjab,Guntur,Rice,Kharif,1.24,920.8,29.2,81.0,6.5,6.85,30.0,78.2,65.6,99.2,Drip,224.2,7.22,0.75,81945.0,40.1
Tamil Nadu,Warangal,Maize,Zaid,10.13,227.2,35.1,35.5,6.7,6.19,15.4,144.0,41.4,96.7,Drip,182.8,5.19,0.66,619063.0,27.5
Tamil Nadu,Ludhiana,Pulses,Rabi,3.01,177.7,18.599,49.9,6.9,6.72,29.1,110.4,58.6,96.4,Flood,189.7,3.55,1.0,192800.0,32.0
Andhra Pradesh,Indore,Wheat,Zaid,7.58,80.0,32.2,53.9,7.6,8.22,25.8,144.8,38.3,88.3,Sprinkler,199.5,8.53,0.94,502945.0,23.5
Andhra Pradesh,Rajkot,Groundnut,Rabi,6.58,456.1,19.1,42.7,6.4,7.04,20.4,68.1,20.8,67.8,Drip,276.3,3.94,0.69,495648.0,35.5
Andhra Pradesh,Erode,Rice,Rabi,5.1,373.9,23.2,70.2,6.3,6.2,16.8,63.6,65.4,93.5,Rainfed,165.1,3.27,0.73,320674.0,49.2
Karnataka,Nashik,Maize,Rabi,12.91,445.8,24.8,49.1,8.2,6.14,22.6,101.5,51.7,154.7,Sprinkler,328.11199999999974,6.4,1.0,1087154.0,27.4
Gujarat,Nashik,Cotton,Rabi,6.71,248.0,18.6,69.8,7.7,5.88,29.9,73.4,70.6,135.6,Sprinkler,195.4,5.85,0.73,396949.0,46.3
Karnataka,Krishna,Cotton,Kharif,5.91,848.3,28.7,74.2,6.9,6.53,32.7,99.0,42.3,60.8,Sprinkler,271.4,5.46,0.68,473404.0,59.9
Madhya Pradesh,Nalgonda,Sugarcane,Kharif,13.78,1134.8,29.5,75.7,6.1,7.33,26.4,85.4,44.3,135.5,Rainfed,50.5,2.22,0.78,645768.0,68.0
Madhya Pradesh,Indore,Wheat,Kharif,14.02,758.2,22.4,76.4,6.4,7.33,28.8,144.9,41.9,121.3,Rainfed,287.7,8.21,0.88,1126428.82,53.1
Karnataka,Nashik,Wheat,Rabi,10.28,455.1,23.0,62.2,7.2,6.71,25.0,113.0,62.2,105.7,Drip,140.6,4.67,0.87,677923.0,47.8
Tamil Nadu,Indore,Maize,Rabi,11.76,441.8,24.4,59.9,6.4,6.77,24.3,60.2,31.5,136.2,Flood,165.6,3.21,0.79,724159.0,42.5
Madhya Pradesh,Erode,Pulses,Rabi,3.4,496.0,25.9,52.1,6.5,7.31,26.5,114.2,54.5,102.0,Sprinkler,205.8,4.54,0.67,233230.0,42.1
Maharashtra,Ludhiana,Cotton,Rabi,1.62,560.5,22.0,57.8,7.0,5.63,20.0,182.1,56.4,99.0,Flood,264.5,1.31,0.93,110894.0,61.1
Andhra Pradesh,Krishna,Chilli,Rabi,7.61,334.7,24.8,77.6,9.0,5.55,25.2,149.9,71.2,137.1,Rainfed,268.5,5.79,0.85,522803.0,53.9
Madhya Pradesh,Rajkot,Wheat,Rabi,1.46,583.9,23.9,49.2,6.6,5.61,20.6,156.4,52.4,168.90299999999993,Sprinkler,221.9,6.39,0.93,80834.0,23.8
Gujarat,Ludhiana,Groundnut,Zaid,3.71,354.7,34.4,41.4,8.4,6.31,12.4,102.0,27.0,81.7,Rainfed,145.2,4.27,0.7,181658.0,38.4
Telangana,Ludhiana,Rice,Rabi,2.78,719.2,22.9,66.4,6.8,7.08,23.8,84.8,55.0,89.4,Drip,138.8,1.44,0.87,149716.0,64.8
Punjab,Raichur,Pulses,Rabi,7.69,678.8,20.7,74.9,6.6,6.41,25.5,157.4,42.7,119.1,Flood,291.6,8.27,0.79,527389.0,52.1
Gujarat,Rajkot,Maize,Rabi,14.03,385.2,20.7,74.6,6.6,6.63,18.8,138.3,73.0,97.6,Drip,229.4,6.66,0.99,910116.0,34.5
Karnataka,Raichur,Pulses,Kharif,13.78,962.9,30.7,71.1,7.4,5.2,32.3,129.7,72.5,76.9,Rainfed,175.4,4.27,0.83,897102.0,57.8
Andhra Pradesh,Ludhiana,Sugarcane,Kharif,10.89,675.2,27.5,80.2,5.7,6.68,41.0,145.8,76.2,118.7,Rainfed,180.2,5.64,0.98,666567.0,53.4
Maharashtra,Erode,Pulses,Kharif,5.21,1035.9,29.4,76.8,7.1,6.74,30.0,126.2,39.2,133.6,Flood,179.9,5.41,0.71,396280.0,70.5
Maharashtra,Nashik,Cotton,Kharif,11.4,436.0,32.5,74.2,5.9,6.31,32.2,123.9,59.1,105.4,Flood,154.8,2.73,0.66,826568.0,53.2
Andhra Pradesh,Raichur,Sugarcane,Kharif,2.0,958.5,27.3,66.7,7.6,7.47,33.8,99.2,59.6,90.8,Rainfed,172.6,5.18,0.9,159609.0,47.5
Andhra Pradesh,Ludhiana,Rice,Zaid,8.46,419.2,26.0,60.2,8.4,6.5,21.6,98.9,59.5,127.8,Rainfed,312.6,5.03,0.88,706780.0,41.7
Andhra Pradesh,Ludhiana,Rice,Zaid,14.7,410.7,29.5,49.1,8.4,6.42,24.3,103.6,53.1,57.8,Flood,212.5,1.74,1.0,1126428.82,47.8
Madhya Pradesh,Rajkot,Wheat,Kharif,6.74,622.5,27.4,83.4,6.6,6.34,30.6,126.9,17.298000000000002,121.2,Flood,241.3,7.13,0.84,511425.0,40.5
Telangana,Nalgonda,Rice,Rabi,0.69,251.1,22.9,69.4,7.7,6.3,24.9,153.3,30.3,71.2,Drip,224.7,8.86,0.93,50875.0,33.4
Tamil Nadu,Erode,Pulses,Kharif,7.65,756.5,27.9,69.0,7.7,6.58,27.2,152.8,97.10099999999997,101.3,Drip,172.6,2.13,0.67,391952.0,63.2
Andhra Pradesh,Krishna,Cotton,Zaid,9.99,183.2,33.5,70.7,9.3,6.87,15.0,83.1,48.3,90.6,Sprinkler,181.6,1.72,0.68,590745.0,56.9
Maharashtra,Ludhiana,Cotton,Kharif,10.61,904.9,27.8,89.40399999999991,8.6,7.31,36.0,181.5,72.4,114.2,Flood,200.6,3.1,0.84,782707.0,72.7
Andhra Pradesh,Raichur,Wheat,Kharif,10.32,777.6,30.7,62.3,6.6,7.06,34.3,136.2,57.5,93.5,Rainfed,153.0,7.83,0.83,755276.0,45.9
Gujarat,Guntur,Sugarcane,Rabi,9.54,266.3,25.1,53.0,6.9,6.5,21.2,112.7,49.2,149.4,Drip,198.9,5.52,0.94,668231.0,37.6
Punjab,Erode,Cotton,Kharif,5.49,698.7,24.9,72.9,6.9,6.56,37.9,77.8,31.7,108.1,Rainfed,212.9,5.71,0.98,361776.0,55.3
Gujarat,Nalgonda,Maize,Kharif,0.91,717.6,29.4,84.5,7.2,7.07,35.7,145.6,67.2,138.9,Sprinkler,175.6,6.2,0.69,57455.0,56.2
Andhra Pradesh,Nashik,Wheat,Kharif,11.83,723.6,29.6,74.3,4.899000000000001,7.79,35.1,67.0,53.8,117.2,Sprinkler,176.5,2.16,0.73,883157.0,65.9
Maharashtra,Warangal,Chilli,Kharif,2.01,880.1,26.4,62.8,7.0,5.88,30.5,116.7,89.5,108.0,Rainfed,246.7,8.28,0.79,160478.0,39.0
Madhya Pradesh,Ludhiana,Maize,Kharif,7.74,1043.5,30.7,82.5,7.6,5.94,22.8,73.2,42.7,105.9,Sprinkler,254.7,5.55,0.96,531941.0,67.0
Andhra Pradesh,Indore,Rice,Kharif,2.73,1203.6019999999999,30.3,72.9,7.3,6.72,29.5,124.4,62.8,108.8,Drip,68.3,4.61,0.96,134828.0,66.1
Tamil Nadu,Rajkot,Rice,Rabi,4.26,551.1,18.599,52.3,7.2,6.6,17.8,96.6,63.7,110.0,Flood,144.0,6.54,0.83,267093.0,38.9
Karnataka,Warangal,Wheat,Rabi,6.47,609.6,21.5,69.8,7.4,6.59,19.1,149.9,74.3,94.1,Flood,117.0,6.4,0.96,488576.0,27.3
Andhra Pradesh,Rajkot,Rice,Kharif,4.71,932.4,27.8,70.7,7.0,7.02,35.7,106.9,32.8,125.4,Flood,126.7,2.89,0.7,323234.0,55.5
Andhra Pradesh,Indore,Wheat,Kharif,8.09,793.7,30.2,57.6,6.5,6.84,34.2,112.8,57.4,97.9,Sprinkler,159.3,7.91,0.66,531538.0,29.8
Gujarat,Nalgonda,Maize,Rabi,3.17,385.2,24.8,52.2,8.3,7.6,31.1,166.5,87.7,104.1,Drip,190.5,4.12,0.99,211965.0,44.6
Gujarat,Ludhiana,Wheat,Rabi,4.78,438.9,27.0,42.0,6.6,6.58,14.6,112.0,53.5,80.0,Rainfed,259.1,4.75,0.67,279500.0,43.8
Karnataka,Erode,Rice,Rabi,9.66,359.9,26.6,47.9,7.0,6.62,18.6,140.7,55.4,132.9,Rainfed,167.2,5.08,0.66,491683.0,37.4
Karnataka,Indore,Sugarcane,Zaid,9.13,234.6,27.9,61.5,7.4,7.15,30.6,154.2,33.6,107.9,Flood,168.9,3.34,0.82,574372.0,32.8
Gujarat,Indore,Rice,Rabi,3.34,625.3,22.8,70.4,7.0,7.76,33.3,89.9,56.1,110.3,Sprinkler,271.6,4.27,0.66,234218.0,42.8
Karnataka,Rajkot,Wheat,Rabi,8.4,352.6,26.2,45.9,8.3,7.53,29.9,98.8,55.2,121.7,Sprinkler,98.5,5.69,0.92,473890.0,30.4
Maharashtra,Indore,Cotton,Rabi,14.62,680.9,22.5,47.5,7.9,7.71,22.2,130.4,62.7,87.8,Flood,254.0,6.8,0.89,870256.0,27.9
Karnataka,Warangal,Cotton,Kharif,9.78,931.6,24.8,78.8,7.6,5.8,34.0,115.3,84.3,153.5,Drip,111.7,5.73,0.67,617640.0,58.5
Karnataka,Indore,Chilli,Kharif,11.81,607.0,25.7,71.9,6.7,6.2,31.0,101.1,73.2,77.6,Sprinkler,226.6,6.35,0.68,961453.0,40.5
Maharashtra,Krishna,Maize,Kharif,9.13,967.3,27.7,69.6,6.7,6.95,26.5,118.3,61.9,86.7,Drip,316.2,2.05,0.66,554871.0,74.60099999999997
Maharashtra,Warangal,Rice,Kharif,8.35,868.2,25.8,89.40399999999991,7.2,6.89,29.0,118.0,84.7,97.7,Drip,111.4,4.21,0.82,468898.0,68.0
Tamil Nadu,Guntur,Chilli,Kharif,7.83,1011.9,29.8,72.9,7.2,5.67,26.8,104.4,62.6,79.4,Rainfed,269.3,3.98,0.93,558321.0,61.8
Gujarat,Warangal,Maize,Kharif,3.14,799.8,33.3,76.5,7.7,8.02,31.8,119.8,52.6,125.1,Rainfed,216.2,4.46,0.96,226791.0,50.2
Tamil Nadu,Indore,Wheat,Kharif,5.29,867.7,27.9,85.1,8.4,6.84,39.7,126.4,85.2,146.8,Drip,279.0,7.34,0.66,444124.0,47.0
Tamil Nadu,Krishna,Groundnut,Rabi,6.37,377.3,22.0,48.2,7.5,6.1,22.5,97.5,32.5,72.5,Drip,271.7,4.32,0.92,408895.0,42.9
Telangana,Erode,Groundnut,Rabi,13.35,511.3,20.5,71.9,6.2,8.240099999999998,17.0,146.8,60.1,124.1,Rainfed,107.6,6.73,0.74,690127.0,36.4
Gujarat,Raichur,Pulses,Kharif,1.0,1095.9,28.1,72.1,6.2,7.25,19.4,94.3,40.5,49.3,Sprinkler,189.0,3.13,0.82,67672.0,58.5
Karnataka,Guntur,Maize,Rabi,5.19,269.3,18.599,47.2,9.3,5.57,30.0,148.9,68.8,92.2,Sprinkler,166.7,5.38,0.96,404533.0,39.1
Telangana,Raichur,Cotton,Zaid,13.9,80.0,32.7,45.5,8.5,5.77,20.4,54.0,74.9,77.3,Drip,65.8,1.21,0.75,608010.0,48.6
Punjab,Guntur,Rice,Rabi,14.55,372.0,26.8,54.2,7.6,6.72,27.3,128.5,26.3,90.9,Rainfed,284.5,8.85,0.73,1126428.82,30.4
Punjab,Nashik,Rice,Kharif,2.15,896.7,24.2,75.8,4.899000000000001,6.79,30.8,121.2,86.4,38.592000000000006,Sprinkler,255.9,0.5,0.99,150243.0,63.1
Telangana,Rajkot,Groundnut,Kharif,6.56,782.0,26.1,75.2,6.5,6.23,29.0,187.7,89.0,118.7,Rainfed,184.0,3.44,0.7,407379.0,56.9
Karnataka,Nashik,Chilli,Kharif,2.36,784.7,30.6,56.9,5.9,5.26,27.8,95.8,35.2,112.6,Drip,196.1,9.34,0.89,171687.0,27.4
Andhra Pradesh,Nashik,Pulses,Rabi,12.31,198.9,24.1,58.9,7.4,7.2,19.6,156.7,49.5,108.3,Rainfed,122.3,4.67,0.76,796197.0,23.6
Madhya Pradesh,Nashik,Chilli,Rabi,2.29,289.3,24.5,55.9,8.0,6.73,19.9,181.7,50.7,115.6,Rainfed,193.0,2.82,0.81,152394.0,22.6
Karnataka,Raichur,Maize,Zaid,14.01,447.1,30.7,55.7,8.7,6.67,24.9,143.7,51.2,107.8,Sprinkler,322.8,1.78,0.84,1124023.0,44.0
Andhra Pradesh,Nalgonda,Sugarcane,Rabi,7.36,611.4,23.3,49.7,8.1,5.53,19.1,123.6,64.4,100.7,Sprinkler,150.5,4.16,0.88,435268.0,42.7
Maharashtra,Nalgonda,Cotton,Rabi,5.11,413.2,24.7,59.7,9.7,5.65,22.0,139.5,66.7,110.6,Rainfed,259.0,8.59,0.88,405607.0,27.4
Andhra Pradesh,Guntur,Wheat,Rabi,7.61,469.7,23.3,58.2,6.6,6.96,17.2,65.7,48.1,114.8,Sprinkler,143.1,6.27,0.81,523371.0,32.7
Punjab,Rajkot,Wheat,Kharif,1.33,577.1,29.0,68.6,6.8,5.59,34.4,133.1,46.5,72.8,Flood,243.0,4.86,0.8,98048.0,38.3
Punjab,Nalgonda,Sugarcane,Zaid,13.6,491.1,30.6,46.8,7.7,6.88,28.6,153.3,37.3,108.0,Flood,180.6,5.59,0.72,802702.0,48.0
Maharashtra,Krishna,Rice,Rabi,2.42,397.5,27.1,50.6,7.6,6.0,32.9,127.5,46.8,96.9,Rainfed,245.7,5.82,0.82,176583.0,28.4
Karnataka,Nashik,Groundnut,Zaid,1.65,80.0,31.6,56.0,7.7,5.2,20.3,97.4,55.8,138.0,Drip,99.8,7.09,0.98,95249.0,30.9
Punjab,Erode,Cotton,Kharif,5.75,840.5,28.2,65.4,5.8,7.88,25.0,103.8,86.8,95.9,Sprinkler,151.9,7.23,0.66,388574.0,38.9
Tamil Nadu,Guntur,Rice,Rabi,4.31,204.9,25.5,53.0,7.3,7.31,23.6,136.8,44.8,82.1,Sprinkler,91.0,3.91,0.82,193694.0,35.2
Madhya Pradesh,Krishna,Rice,Kharif,9.03,1081.7,26.3,79.0,5.7,6.88,35.5,185.0,57.2,156.6,Flood,193.7,3.03,0.97,608313.0,68.3
Gujarat,Raichur,Rice,Kharif,11.14,785.4,31.6,83.6,6.0,6.17,30.6,54.1,60.0,102.3,Flood,106.9,7.18,0.83,740717.0,60.1
Madhya Pradesh,Ludhiana,Wheat,Rabi,6.51,431.1,24.4,65.4,8.0,7.52,21.6,72.6,65.9,108.5,Flood,176.1,4.91,0.79,463087.0,44.8
Andhra Pradesh,Warangal,Pulses,Rabi,5.57,487.9,27.0,51.4,6.8,7.66,26.3,93.8,80.9,103.2,Rainfed,214.6,4.37,0.84,332707.0,36.8
Gujarat,Ludhiana,Rice,Kharif,8.43,891.5,30.3,66.4,5.9,7.25,26.0,137.1,44.6,122.0,Sprinkler,201.4,3.02,0.67,582274.0,57.1
Andhra Pradesh,Guntur,Groundnut,Rabi,10.83,319.2,23.7,51.1,6.5,7.15,24.3,95.2,66.0,68.1,Rainfed,199.4,5.32,0.79,573810.0,34.2
Telangana,Warangal,Rice,Rabi,3.2,245.2,25.2,59.4,5.9,6.79,24.5,130.6,38.1,127.6,Rainfed,104.8,4.32,0.92,161938.0,36.3
Madhya Pradesh,Indore,Sugarcane,Rabi,10.14,374.8,21.9,62.6,7.0,6.16,17.5,164.7,54.3,117.6,Rainfed,190.1,5.25,0.85,712801.0,40.6
Punjab,Warangal,Sugarcane,Rabi,7.86,191.6,21.7,53.6,7.6,6.82,11.4,101.7,35.4,99.3,Rainfed,114.7,4.78,0.89,427298.0,39.8
Maharashtra,Krishna,Sugarcane,Rabi,5.67,397.3,18.599,56.6,9.1,6.23,22.1,122.2,65.1,96.8,Drip,328.11199999999974,4.58,0.83,424147.0,33.6
Madhya Pradesh,Ludhiana,Rice,Kharif,3.67,949.5,33.8,70.8,9.1,6.49,37.4,94.9,45.1,78.7,Flood,235.5,1.33,0.92,213679.0,74.60099999999997
Punjab,Warangal,Cotton,Kharif,1.73,567.8,31.1,83.6,6.7,5.83,34.7,119.5,57.8,130.7,Sprinkler,116.6,1.13,0.67,104870.0,60.5
Karnataka,Ludhiana,Maize,Rabi,0.91,556.9,21.7,49.1,6.0,7.12,16.0,134.4,62.9,99.7,Sprinkler,236.8,2.02,0.96,60983.0,58.4
Maharashtra,Erode,Maize,Rabi,4.61,603.4,27.7,59.1,5.4,5.87,23.2,160.0,48.1,95.0,Flood,225.6,5.59,0.96,344480.0,42.5
Karnataka,Nashik,Chilli,Rabi,2.11,125.1,26.5,47.1,9.0,6.55,22.5,82.0,74.4,119.9,Flood,222.7,4.57,0.8,146729.0,31.1
Telangana,Raichur,Rice,Rabi,5.06,678.7,24.5,56.7,7.9,6.66,19.6,99.0,41.8,128.2,Flood,162.9,3.39,0.88,350098.0,50.0
Tamil Nadu,Rajkot,Rice,Kharif,11.92,811.2,28.0,71.0,7.0,6.86,36.0,49.7,69.3,118.5,Flood,180.4,2.94,0.74,861397.0,56.7
Punjab,Warangal,Pulses,Rabi,0.97,767.3,21.5,51.0,6.8,6.79,26.0,110.3,80.6,120.7,Drip,181.7,5.8,0.66,63387.0,45.3
Karnataka,Warangal,Pulses,Kharif,7.32,675.5,28.1,62.1,8.0,6.32,31.7,117.3,50.3,121.9,Drip,112.2,5.53,0.96,469471.0,38.9
Karnataka,Warangal,Pulses,Rabi,5.09,386.3,27.0,54.5,8.4,7.18,21.5,73.4,50.5,99.5,Flood,302.7,8.03,0.85,433767.0,37.5
Maharashtra,Indore,Pulses,Kharif,9.92,719.2,31.0,62.3,6.7,7.08,31.4,102.1,89.7,114.6,Flood,144.5,7.34,0.7,719818.0,44.3
Andhra Pradesh,Nalgonda,Wheat,Rabi,11.82,118.1,26.0,57.6,8.3,6.9,16.6,136.3,59.8,102.8,Sprinkler,99.7,4.0,0.89,637063.0,31.4
Karnataka,Rajkot,Maize,Rabi,13.46,385.4,23.8,70.0,8.0,6.47,27.0,138.7,34.2,70.7,Rainfed,241.9,4.7,0.7,1018093.0,40.9
Tamil Nadu,Warangal,Wheat,Kharif,11.87,1176.6,28.6,77.1,6.6,5.41,38.6,146.6,29.8,126.1,Sprinkler,183.7,2.45,0.72,845422.0,72.5
Gujarat,Ludhiana,Rice,Kharif,7.84,947.9,28.3,82.7,7.0,6.64,36.0,134.5,44.1,162.8,Flood,126.4,6.95,0.79,469642.0,57.6
Madhya Pradesh,Raichur,Cotton,Rabi,1.5,431.8,24.8,60.1,6.9,6.27,33.4,120.7,64.8,106.2,Rainfed,44.595,2.65,0.8,84959.0,57.4
Maharashtra,Nashik,Rice,Kharif,10.83,1052.0,31.5,63.1,6.6,6.42,34.9,125.8,62.6,128.3,Flood,271.0,4.2,0.74,800206.0,52.1
Punjab,Nashik,Wheat,Kharif,10.12,989.7,27.1,64.8,6.6,6.5,30.0,99.7,29.0,98.0,Rainfed,160.0,4.51,0.95,684121.0,45.4
Gujarat,Ludhiana,Wheat,Kharif,7.15,859.8,25.3,71.6,5.8,6.19,36.4,132.0,70.2,91.3,Flood,261.7,4.26,0.98,495253.0,62.9
Karnataka,Ludhiana,Cotton,Kharif,9.48,862.1,33.7,62.1,9.5,7.53,35.1,138.0,67.9,118.4,Sprinkler,146.3,6.2,0.7,667732.0,57.0
Tamil Nadu,Guntur,Rice,Kharif,13.97,621.9,28.7,57.0,5.6,6.42,27.5,127.1,76.0,79.4,Rainfed,242.3,7.76,1.0,1059561.0,38.8
Maharashtra,Guntur,Pulses,Kharif,7.87,814.2,28.7,72.8,6.1,6.72,27.1,67.4,61.0,80.0,Rainfed,180.1,5.31,0.8,460068.0,54.4
Maharashtra,Indore,Maize,Kharif,4.87,754.6,30.3,82.3,8.3,6.46,31.3,112.9,77.5,137.0,Flood,168.4,4.52,0.66,384050.0,55.8
Tamil Nadu,Guntur,Chilli,Zaid,10.5,359.5,33.2,43.5,7.1,6.64,23.1,137.0,56.6,72.6,Rainfed,231.0,8.33,0.81,830425.0,27.2
Andhra Pradesh,Nalgonda,Pulses,Zaid,2.63,516.8,31.8,46.8,7.8,7.83,16.0,133.9,83.0,103.0,Flood,160.6,8.81,0.89,199591.0,26.0
Tamil Nadu,Warangal,Rice,Kharif,13.71,1150.6,27.2,80.5,7.7,5.65,33.5,98.7,67.8,70.2,Rainfed,44.595,8.9,0.86,774511.0,52.6
Karnataka,Raichur,Chilli,Kharif,12.96,518.5,27.0,67.1,6.8,5.82,24.8,98.9,74.3,168.90299999999993,Sprinkler,172.5,4.61,0.82,1001488.0,49.3
Karnataka,Nashik,Pulses,Kharif,0.98,946.5,29.9,66.0,7.1,6.51,37.6,190.0,35.8,122.7,Drip,116.8,5.91,0.74,53698.0,68.4
Tamil Nadu,Indore,Chilli,Kharif,14.39,418.9,23.4,84.1,6.7,6.3,36.6,134.0,36.5,38.592000000000006,Flood,145.1,1.54,0.94,783074.0,67.5
Tamil Nadu,Erode,Rice,Rabi,2.36,202.7,24.7,63.0,6.9,6.29,21.2,67.1,62.6,80.1,Sprinkler,255.2,0.5,0.91,170258.0,54.8
Maharashtra,Raichur,Cotton,Kharif,2.95,857.4,33.4,65.4,8.6,6.77,35.0,114.9,54.9,151.7,Flood,224.5,4.07,0.92,211266.0,66.7
Gujarat,Guntur,Pulses,Kharif,3.7,906.1,25.2,57.5,5.7,6.75,31.8,115.3,39.7,142.1,Sprinkler,147.7,4.1,0.96,217623.0,64.6
Karnataka,Nashik,Pulses,Zaid,11.72,222.4,32.4,63.8,8.8,7.39,28.8,154.8,47.9,86.3,Drip,162.3,5.99,0.77,763310.0,49.5
Andhra Pradesh,Rajkot,Sugarcane,Kharif,10.59,632.9,24.6,66.2,7.4,6.6,33.9,93.8,33.5,145.8,Flood,142.3,5.23,0.7,699116.0,44.2
Tamil Nadu,Warangal,Chilli,Rabi,9.19,582.6,22.1,37.5,7.0,7.25,28.7,137.9,78.4,85.6,Drip,249.0,2.44,0.74,634290.0,45.4
Andhra Pradesh,Raichur,Wheat,Zaid,13.26,421.7,34.5,47.5,8.5,6.03,19.3,135.9,58.8,149.3,Drip,209.8,5.62,0.99,953475.0,28.4
Punjab,Nashik,Cotton,Kharif,11.22,999.2,27.5,58.4,6.6,6.08,33.2,116.8,50.2,102.8,Flood,278.0,4.72,0.83,839947.0,47.2
Maharashtra,Indore,Rice,Rabi,11.34,316.0,24.6,58.4,8.2,7.01,21.7,104.5,22.6,129.6,Flood,209.6,5.03,0.94,794979.0,31.3
Karnataka,Rajkot,Maize,Kharif,9.98,654.4,28.3,77.2,6.6,6.8,29.8,93.2,44.7,140.3,Flood,105.1,4.77,0.88,647001.0,49.7
Maharashtra,Rajkot,Rice,Rabi,7.48,452.4,24.3,52.7,9.0,7.5,25.3,108.6,61.4,168.90299999999993,Rainfed,224.0,4.7,0.78,632287.0,41.1
Andhra Pradesh,Ludhiana,Groundnut,Kharif,11.57,847.8,30.5,71.1,7.1,6.46,28.5,146.6,65.5,67.9,Sprinkler,114.6,4.61,0.82,747204.0,58.0
Karnataka,Nalgonda,Pulses,Kharif,10.22,792.1,24.9,58.8,5.6,5.36,32.5,110.2,32.1,41.3,Flood,172.5,6.57,0.85,897039.0,42.6
Telangana,Erode,Cotton,Rabi,3.71,272.2,23.5,52.5,8.1,7.52,19.4,141.2,73.3,120.1,Flood,113.4,6.42,0.89,226066.0,42.3
Punjab,Erode,Groundnut,Kharif,13.29,776.4,32.9,73.8,7.0,6.68,33.9,88.2,57.0,113.0,Rainfed,96.4,7.01,0.94,848746.0,55.6
Tamil Nadu,Warangal,Rice,Kharif,10.15,988.2,29.3,76.7,7.1,6.39,32.2,129.1,51.4,133.1,Drip,149.7,8.68,0.98,680854.0,52.8
Telangana,Rajkot,Sugarcane,Rabi,9.51,573.3,21.2,50.6,6.4,6.58,26.4,92.2,79.9,66.8,Sprinkler,233.4,6.93,0.87,731205.0,30.8
Karnataka,Erode,Pulses,Kharif,7.88,1046.1,26.7,56.9,6.6,6.76,30.7,167.6,37.2,108.5,Rainfed,201.3,5.35,0.85,454597.0,35.6
Madhya Pradesh,Guntur,Maize,Rabi,14.24,551.8,19.3,48.4,8.4,7.1,34.2,96.1,49.3,124.8,Rainfed,252.6,6.13,0.77,1064101.0,31.5
Madhya Pradesh,Raichur,Wheat,Kharif,7.66,582.0,26.4,72.3,6.9,7.31,32.2,143.7,48.7,83.2,Drip,106.0,3.77,1.0,441481.0,56.3
Gujarat,Nashik,Sugarcane,Kharif,7.65,579.6,28.0,75.0,5.5,6.74,39.4,153.0,43.2,100.5,Drip,205.1,7.2,1.0,484604.0,44.5
Gujarat,Rajkot,Groundnut,Rabi,8.32,400.5,23.9,48.0,7.0,5.76,22.1,86.9,45.0,165.0,Drip,216.4,6.4,0.85,597966.0,33.6
Telangana,Guntur,Cotton,Zaid,5.82,330.3,31.9,52.7,5.9,7.01,20.2,127.8,37.2,127.1,Flood,136.4,3.75,0.77,340964.0,42.6
Punjab,Warangal,Cotton,Rabi,9.89,697.8,23.5,63.8,6.6,7.64,22.8,60.1,58.5,99.3,Flood,159.7,2.15,0.75,580185.0,53.1
Karnataka,Warangal,Maize,Kharif,4.84,685.2,27.9,76.4,7.7,6.81,30.6,91.4,54.4,126.6,Sprinkler,81.5,2.55,0.72,238854.0,64.4
Maharashtra,Guntur,Pulses,Rabi,11.29,333.7,23.3,64.0,9.3,6.64,29.9,125.5,67.8,87.0,Flood,261.9,4.47,0.7,748830.0,38.7
Telangana,Guntur,Groundnut,Rabi,3.88,264.0,25.4,61.6,7.7,6.96,28.5,149.4,41.2,94.9,Sprinkler,258.1,5.97,0.87,314222.0,32.0
Punjab,Guntur,Pulses,Rabi,14.89,504.5,24.1,38.1,6.0,6.9,18.2,95.9,53.4,122.1,Rainfed,272.0,5.58,0.81,1091574.0,33.8
Telangana,Erode,Rice,Rabi,8.45,357.1,19.0,53.6,6.5,6.07,23.7,118.9,63.9,118.4,Drip,194.6,4.74,0.92,565287.0,33.3
Gujarat,Nalgonda,Rice,Kharif,6.97,847.5,26.7,70.2,7.5,7.93,27.4,160.0,43.6,119.7,Sprinkler,52.1,7.91,0.85,431178.0,40.4
Karnataka,Guntur,Rice,Rabi,2.28,383.6,22.4,66.7,7.1,6.57,25.2,57.3,65.4,94.1,Rainfed,160.9,4.81,0.69,123220.0,52.6
Gujarat,Nalgonda,Rice,Rabi,10.87,457.3,22.6,45.6,6.9,6.26,30.3,79.5,69.9,49.2,Rainfed,173.0,5.7,0.8,801055.0,52.9
Gujarat,Guntur,Chilli,Rabi,3.79,482.0,24.9,48.7,8.9,6.17,23.0,82.5,44.0,112.1,Flood,192.4,5.26,0.99,258456.0,51.2
Madhya Pradesh,Ludhiana,Groundnut,Rabi,0.75,235.2,22.7,48.6,7.6,6.95,20.4,121.6,74.3,146.0,Rainfed,166.5,4.51,0.73,44667.0,43.9
Telangana,Guntur,Wheat,Kharif,0.73,1075.8,31.4,66.7,6.6,6.8,32.9,93.7,36.9,92.3,Sprinkler,279.8,9.04,0.87,58278.0,45.4
Karnataka,Krishna,Rice,Rabi,12.89,442.8,22.5,76.0,7.7,7.93,26.2,130.8,73.0,108.5,Flood,117.8,4.79,0.9,945158.0,45.7
Maharashtra,Raichur,Pulses,Kharif,13.37,1025.4,31.1,73.0,6.9,7.54,23.8,67.5,59.7,129.8,Flood,249.2,1.57,0.67,1073179.0,60.9
Andhra Pradesh,Indore,Pulses,Rabi,5.54,257.7,21.2,53.5,7.1,5.69,20.0,116.1,25.1,110.7,Sprinkler,210.8,1.31,0.8,359519.0,42.7
Karnataka,Ludhiana,Chilli,Zaid,11.36,127.0,34.0,48.0,7.8,6.18,26.8,174.5,82.7,85.8,Drip,123.5,3.47,0.94,622905.0,37.2
Maharashtra,Rajkot,Wheat,Kharif,1.2,1203.6019999999999,27.8,64.4,5.4,6.07,28.9,103.5,52.2,119.1,Rainfed,196.9,3.55,0.73,79759.0,61.3
Punjab,Erode,Pulses,Zaid,7.99,279.4,28.1,56.9,7.6,6.38,26.4,114.9,54.5,126.5,Flood,95.2,4.72,0.66,549054.0,40.7
Telangana,Krishna,Groundnut,Kharif,7.45,772.3,27.6,85.4,7.5,6.65,28.4,102.9,55.7,101.4,Drip,152.8,5.73,0.88,466391.0,59.1
Maharashtra,Ludhiana,Chilli,Rabi,14.61,553.4,21.7,72.6,6.7,6.76,29.1,171.6,45.5,103.6,Drip,218.2,5.15,0.8,812696.0,44.1
Madhya Pradesh,Nalgonda,Pulses,Kharif,3.03,1040.9,28.9,57.6,6.9,5.89,41.0,121.5,28.6,86.4,Flood,182.5,6.55,0.96,221958.0,49.5
Gujarat,Nalgonda,Pulses,Kharif,6.97,845.5,33.3,80.2,4.899000000000001,6.43,29.2,98.9,72.7,97.1,Drip,166.3,5.75,0.73,424761.0,49.8
Gujarat,Warangal,Chilli,Zaid,1.58,236.1,31.3,52.7,7.9,6.3,13.0,88.4,40.2,102.7,Sprinkler,209.1,3.82,0.69,117759.0,42.4
Andhra Pradesh,Krishna,Maize,Rabi,13.78,525.8,28.6,54.4,7.3,5.43,27.1,143.3,70.3,128.3,Drip,109.6,4.23,0.8,792857.0,54.3
Maharashtra,Rajkot,Wheat,Rabi,5.97,724.4,24.0,68.8,7.0,7.05,19.4,128.0,74.5,62.7,Sprinkler,272.9,5.45,0.72,376228.0,52.9
Andhra Pradesh,Nashik,Maize,Zaid,9.65,292.6,31.9,37.7,8.8,7.22,18.6,190.6039999999999,69.9,95.9,Rainfed,50.6,8.99,0.85,412404.0,18.7
Tamil Nadu,Ludhiana,Groundnut,Kharif,5.91,569.2,32.1,75.4,7.1,6.51,31.3,132.2,49.5,147.2,Flood,150.1,6.82,0.91,482059.0,45.3
Tamil Nadu,Rajkot,Chilli,Kharif,10.01,788.6,22.9,59.5,8.4,6.51,38.2,74.7,54.6,85.8,Flood,316.1,3.18,0.96,883886.0,57.5
Telangana,Guntur,Wheat,Kharif,3.86,1203.6019999999999,25.9,64.4,6.2,6.87,29.8,133.1,53.8,105.5,Flood,163.0,6.18,0.87,231318.0,68.2
Karnataka,Rajkot,Sugarcane,Rabi,3.27,582.0,28.1,65.6,6.8,6.75,26.7,115.4,52.6,106.3,Flood,192.9,4.72,0.92,208043.0,47.8
Telangana,Warangal,Sugarcane,Zaid,14.51,430.5,30.0,51.8,7.5,7.09,19.3,74.4,47.9,108.4,Rainfed,186.6,4.87,0.86,1020799.0,41.1
Maharashtra,Krishna,Maize,Kharif,12.44,1139.2,28.8,84.6,5.8,6.15,30.3,96.3,42.7,77.2,Flood,204.4,6.09,0.83,924101.0,42.3
Andhra Pradesh,Nashik,Maize,Zaid,9.33,169.5,30.2,46.7,8.2,6.83,11.4,161.3,54.4,61.4,Rainfed,217.0,5.72,0.94,635637.0,30.5
Telangana,Nalgonda,Maize,Rabi,2.14,313.6,23.9,56.1,7.3,6.1,28.5,167.3,40.9,160.5,Sprinkler,131.9,3.0,0.74,119797.0,48.5
Telangana,Indore,Maize,Zaid,0.64,244.9,29.5,60.0,9.8,6.63,21.6,105.1,55.6,56.3,Drip,300.5,8.27,0.97,42634.82,37.4
Punjab,Guntur,Pulses,Kharif,5.03,1167.0,29.4,84.4,7.1,6.79,29.9,108.1,29.3,121.0,Flood,232.5,4.03,0.8,340711.0,61.5
Maharashtra,Indore,Rice,Kharif,5.08,985.4,24.9,74.6,6.6,6.32,32.7,94.3,48.6,86.6,Flood,259.6,3.25,0.79,338419.0,60.7
Tamil Nadu,Krishna,Sugarcane,Rabi,4.58,203.5,25.6,59.5,6.9,6.0,29.8,132.6,91.0,137.5,Flood,252.7,7.2,0.88,358289.0,24.5
Tamil Nadu,Rajkot,Pulses,Rabi,6.09,321.4,22.2,56.5,8.1,7.72,22.5,180.3,68.9,116.7,Sprinkler,181.1,5.52,0.93,396021.0,37.4
Andhra Pradesh,Raichur,Rice,Kharif,12.64,1009.1,27.1,81.7,8.7,6.99,26.4,109.8,60.0,102.8,Drip,124.8,5.79,0.78,807366.0,64.4
Punjab,Erode,Rice,Rabi,9.82,480.9,21.3,54.9,9.0,6.47,22.3,117.9,54.2,92.0,Drip,328.11199999999974,5.9,0.82,686085.0,31.2
Telangana,Rajkot,Groundnut,Rabi,9.17,407.1,26.4,52.9,7.2,7.33,21.9,154.1,59.1,131.9,Sprinkler,119.1,3.64,0.81,529075.0,46.4
Karnataka,Nalgonda,Wheat,Rabi,4.46,574.8,21.8,57.5,8.6,6.2,20.9,190.6039999999999,69.9,114.7,Rainfed,101.9,3.15,0.69,241522.0,45.2
Telangana,Rajkot,Groundnut,Rabi,1.91,456.3,24.6,69.9,7.4,6.95,14.4,79.4,56.1,76.8,Rainfed,246.5,1.62,0.69,118096.0,41.1
Tamil Nadu,Warangal,Groundnut,Rabi,8.0,550.3,26.3,49.6,6.4,7.13,31.0,58.8,56.8,101.0,Rainfed,190.7,9.520199999999996,0.94,589798.0,27.4
Punjab,Raichur,Rice,Rabi,0.64,315.5,23.6,49.5,8.7,6.18,17.3,158.6,61.1,52.6,Sprinkler,159.3,5.1,0.75,42634.82,30.5
Karnataka,Nashik,Groundnut,Kharif,10.14,1097.3,26.8,67.7,4.899000000000001,7.33,32.9,117.7,88.3,83.1,Rainfed,124.1,3.74,0.99,632016.0,67.0
Maharashtra,Ludhiana,Rice,Kharif,13.37,1047.4,26.7,68.5,7.1,6.19,27.0,116.9,76.3,145.4,Drip,189.6,5.02,0.8,962185.0,44.5
Tamil Nadu,Raichur,Sugarcane,Rabi,8.12,344.8,24.7,48.9,9.8,6.01,20.5,81.0,72.1,63.5,Drip,216.8,2.44,0.95,516358.0,37.1
Punjab,Warangal,Pulses,Kharif,9.52,706.1,25.7,67.5,5.3,6.75,32.4,148.8,65.5,160.0,Flood,124.0,7.64,0.91,719681.0,42.7
Punjab,Nalgonda,Cotton,Rabi,4.64,609.4,24.6,62.8,6.9,6.15,22.4,97.9,51.9,96.9,Rainfed,198.5,4.87,0.81,254342.0,46.9
Madhya Pradesh,Krishna,Chilli,Rabi,9.66,540.5,21.0,54.7,8.0,6.56,17.7,154.9,46.7,121.1,Flood,150.3,7.67,0.95,656636.0,37.6
Punjab,Guntur,Maize,Rabi,13.24,373.3,24.0,57.4,7.3,6.35,24.4,69.9,84.1,71.3,Flood,173.7,6.07,0.98,977146.0,32.9
Karnataka,Nalgonda,Sugarcane,Kharif,11.54,734.7,27.9,76.4,6.0,5.66,22.6,95.9,39.0,45.0,Flood,251.4,6.88,0.92,1009237.0,49.7
Telangana,Rajkot,Pulses,Rabi,8.13,472.8,20.8,60.1,7.0,7.4,18.8,49.1,54.4,84.9,Drip,153.3,7.4,0.89,527589.0,44.8
Tamil Nadu,Guntur,Pulses,Kharif,9.96,839.5,28.9,72.9,7.2,7.7,22.0,142.5,43.0,125.2,Drip,191.4,4.59,0.82,668240.0,55.8
Madhya Pradesh,Ludhiana,Cotton,Kharif,1.34,635.1,28.5,73.3,6.9,6.41,30.1,129.9,65.9,38.592000000000006,Sprinkler,248.1,3.82,0.71,95725.0,54.7
Andhra Pradesh,Raichur,Rice,Kharif,13.01,883.7,25.6,74.4,6.0,7.49,23.2,157.8,62.6,96.3,Rainfed,145.2,5.57,0.76,814830.0,56.5
Maharashtra,Guntur,Maize,Rabi,4.5,702.3,19.9,71.2,6.1,6.96,25.9,115.7,64.5,84.4,Flood,258.9,2.36,0.7,327597.0,60.4
Madhya Pradesh,Nalgonda,Rice,Kharif,9.1,644.5,28.6,74.5,6.9,6.66,34.2,124.4,85.2,79.3,Drip,214.6,6.76,0.78,655450.0,36.5
Andhra Pradesh,Warangal,Cotton,Rabi,12.76,346.2,23.1,41.7,8.7,5.28,20.2,108.1,40.3,111.5,Rainfed,208.7,6.07,0.79,856983.0,27.4
Gujarat,Nashik,Rice,Kharif,6.25,823.7,27.8,64.8,6.1,6.94,30.3,113.7,74.2,94.8,Rainfed,149.3,5.05,0.66,369710.0,48.8
Karnataka,Rajkot,Rice,Rabi,8.18,511.5,24.9,73.3,9.2,5.85,21.9,144.6,55.8,107.4,Sprinkler,170.6,5.89,0.84,568960.0,38.7
Karnataka,Raichur,Pulses,Zaid,1.97,279.7,30.6,42.4,8.1,6.52,11.7,72.6,61.6,125.3,Sprinkler,158.2,7.05,0.72,110739.0,27.6
Andhra Pradesh,Guntur,Chilli,Rabi,2.21,314.5,20.9,52.3,5.8,6.69,21.9,116.7,56.2,117.9,Sprinkler,166.9,7.3,0.93,158940.0,34.1
Madhya Pradesh,Guntur,Groundnut,Rabi,3.43,598.6,24.8,51.1,7.6,5.6,24.6,54.9,80.0,131.7,Rainfed,197.8,3.12,0.88,212084.0,42.9
Madhya Pradesh,Guntur,Rice,Kharif,3.68,810.1,25.7,78.7,7.4,6.28,33.5,132.2,64.9,104.9,Sprinkler,215.3,1.07,0.91,247904.0,55.2
Maharashtra,Indore,Maize,Rabi,13.17,370.7,22.0,68.4,9.0,5.56,21.7,106.6,66.6,123.3,Rainfed,260.1,5.83,0.68,957450.0,38.1
Karnataka,Erode,Rice,Kharif,8.24,1041.6,26.3,77.6,7.2,6.21,32.3,80.6,34.9,107.3,Flood,158.2,7.13,0.88,552490.0,56.2
Andhra Pradesh,Krishna,Cotton,Kharif,13.54,536.1,23.9,59.2,7.1,6.42,25.2,130.3,62.2,98.0,Drip,223.9,5.88,0.97,798319.0,31.5
Tamil Nadu,Nashik,Maize,Kharif,6.42,967.0,30.1,75.4,6.6,6.96,34.8,115.2,77.8,145.2,Drip,199.1,4.57,0.87,497089.0,60.4
Gujarat,Raichur,Sugarcane,Kharif,12.87,830.4,30.2,71.1,6.1,5.95,41.0,160.4,94.1,116.6,Flood,231.0,3.94,0.94,907621.0,61.0
Karnataka,Erode,Rice,Rabi,4.67,553.0,25.5,44.6,6.7,6.04,18.1,137.0,79.8,78.6,Sprinkler,164.5,3.09,0.92,316858.0,43.1
Karnataka,Ludhiana,Maize,Kharif,9.38,829.1,29.3,64.5,7.3,7.4,36.1,101.4,71.1,123.5,Rainfed,108.8,4.39,0.78,520526.0,57.2
Maharashtra,Krishna,Pulses,Kharif,4.77,817.2,30.1,74.1,6.7,6.22,36.5,117.9,60.0,94.4,Flood,114.3,4.96,0.84,302777.0,51.1
Tamil Nadu,Nalgonda,Pulses,Kharif,14.07,606.8,30.5,62.9,6.2,5.73,28.4,172.5,53.7,133.8,Drip,289.9,5.63,0.97,1120882.0,51.7
Madhya Pradesh,Guntur,Cotton,Zaid,6.59,125.5,29.2,51.4,9.5,7.65,26.7,96.7,53.1,132.3,Drip,162.8,5.94,0.85,461848.0,28.5
Maharashtra,Indore,Cotton,Rabi,7.87,587.1,22.0,62.1,7.4,6.26,22.8,91.4,54.9,133.3,Sprinkler,145.7,1.91,0.74,455001.0,46.4
Madhya Pradesh,Warangal,Groundnut,Kharif,2.41,722.3,28.9,80.5,8.0,5.75,36.2,112.5,56.6,108.8,Rainfed,172.1,4.97,0.7,137444.0,56.8
Karnataka,Rajkot,Groundnut,Kharif,7.73,982.6,31.0,72.3,6.3,6.47,26.4,86.1,81.2,139.4,Flood,190.9,3.81,0.68,497733.0,62.8
Madhya Pradesh,Rajkot,Sugarcane,Rabi,4.39,317.1,25.0,67.3,8.5,5.6,15.6,57.7,47.2,113.2,Flood,206.9,3.67,0.68,271062.0,51.3
Tamil Nadu,Erode,Cotton,Zaid,12.64,197.0,31.8,51.9,9.1,5.82,16.1,98.0,39.2,50.1,Flood,178.2,7.08,0.99,915408.0,23.4
Madhya Pradesh,Indore,Wheat,Zaid,10.59,353.2,29.6,43.6,9.7,6.59,26.5,127.8,34.5,105.5,Rainfed,44.595,3.29,0.86,604279.0,54.5
Telangana,Warangal,Pulses,Kharif,14.73,894.2,27.1,63.2,7.2,6.97,26.4,147.8,51.9,93.4,Flood,144.2,6.43,0.92,1062377.0,58.2
Karnataka,Krishna,Cotton,Rabi,8.62,317.3,20.3,58.6,8.4,6.67,19.5,109.2,48.7,125.5,Flood,104.6,2.4,0.98,513161.0,45.4
Tamil Nadu,Nalgonda,Wheat,Rabi,6.78,622.2,30.0,68.2,9.1,5.61,16.5,164.6,41.4,85.1,Rainfed,217.4,5.83,0.68,484362.0,42.8
Tamil Nadu,Rajkot,Rice,Kharif,11.22,892.3,32.6,70.0,6.2,6.82,24.5,135.1,61.0,168.90299999999993,Flood,220.0,1.56,0.92,887424.0,74.4
Telangana,Indore,Wheat,Kharif,7.69,859.4,31.8,83.6,6.1,6.58,38.1,115.0,54.0,74.0,Sprinkler,142.5,1.94,0.92,450733.0,53.5
Gujarat,Nalgonda,Groundnut,Kharif,13.57,738.5,28.4,69.1,7.4,6.86,24.5,94.1,49.9,73.4,Flood,123.4,6.14,0.91,882008.0,52.0
Madhya Pradesh,Warangal,Rice,Rabi,12.82,319.5,24.5,72.5,6.9,6.04,31.4,133.6,72.8,114.2,Sprinkler,201.4,6.67,0.81,1035543.0,35.2
Andhra Pradesh,Warangal,Rice,Kharif,0.89,882.7,26.2,71.8,8.2,6.57,32.8,100.3,56.5,144.3,Flood,168.2,8.25,0.88,57675.0,47.3
Karnataka,Krishna,Pulses,Rabi,4.58,149.7,29.3,65.9,8.0,6.48,27.0,146.3,72.5,94.3,Rainfed,261.3,7.79,0.81,301669.0,49.2
Karnataka,Raichur,Groundnut,Kharif,13.13,717.9,30.7,73.5,6.4,6.46,32.3,107.0,69.5,49.3,Rainfed,194.0,2.8,0.65,885704.0,56.6
Gujarat,Nalgonda,Pulses,Rabi,2.69,311.1,23.5,51.7,7.8,6.52,18.8,76.9,86.5,95.1,Rainfed,241.1,8.09,0.81,222228.0,31.4
Tamil Nadu,Nashik,Groundnut,Rabi,6.54,391.5,21.4,73.1,7.5,6.08,22.3,93.7,61.5,109.8,Flood,223.2,2.79,0.96,501937.0,52.9
Tamil Nadu,Ludhiana,Pulses,Kharif,8.1,797.5,33.9,82.3,7.5,6.95,37.3,94.3,58.5,92.7,Rainfed,211.7,4.42,0.89,586986.0,74.60099999999997
Punjab,Nashik,Cotton,Zaid,8.18,80.0,32.9,67.2,9.3,5.3,18.7,135.0,45.0,50.4,Sprinkler,139.6,7.39,0.71,483844.0,19.5
Karnataka,Krishna,Wheat,Kharif,9.85,1019.2,29.8,73.5,8.4,6.23,25.9,181.7,58.8,76.8,Rainfed,44.595,7.19,0.89,519279.0,63.1
Tamil Nadu,Nalgonda,Wheat,Kharif,9.19,721.4,27.7,60.8,7.5,6.94,29.0,144.7,69.3,112.3,Rainfed,163.2,5.89,0.95,537518.0,55.3
Maharashtra,Erode,Maize,Kharif,12.37,1136.7,30.4,68.4,6.5,6.53,22.3,99.4,78.3,103.0,Rainfed,155.3,6.29,0.78,814805.0,67.6
Maharashtra,Nashik,Wheat,Zaid,3.78,80.0,29.4,52.0,9.3,6.37,22.5,112.5,54.8,112.8,Rainfed,134.7,3.03,0.94,235978.0,32.9
Andhra Pradesh,Nalgonda,Maize,Kharif,8.15,984.3,28.4,73.9,8.3,7.0,32.7,149.2,76.3,164.2,Sprinkler,270.3,5.19,0.73,496066.0,53.6
Andhra Pradesh,Raichur,Chilli,Kharif,12.94,702.5,28.6,82.2,6.1,6.98,35.3,110.5,68.1,135.3,Rainfed,157.1,2.34,0.96,717338.0,53.9
Andhra Pradesh,Nashik,Wheat,Kharif,11.72,733.0,29.0,81.5,8.1,7.32,34.8,155.1,49.9,111.9,Rainfed,140.5,3.18,0.74,684718.0,68.1
Tamil Nadu,Raichur,Cotton,Rabi,11.85,365.3,24.0,64.0,5.2,6.72,33.3,96.4,91.9,114.3,Drip,311.5,6.89,0.77,913688.0,45.4
Punjab,Indore,Wheat,Rabi,9.24,720.6,23.6,51.9,7.1,6.82,21.5,116.4,72.6,112.3,Sprinkler,138.7,6.29,0.86,659835.0,52.4
Madhya Pradesh,Krishna,Groundnut,Kharif,14.7,1098.9,29.3,86.8,5.3,8.240099999999998,27.5,123.2,57.1,46.9,Sprinkler,210.3,5.35,0.65,1118092.0,66.2
Madhya Pradesh,Krishna,Wheat,Rabi,11.47,491.5,25.6,61.6,7.3,6.45,25.8,107.8,33.4,103.9,Rainfed,211.0,5.3,0.89,789587.0,36.0
Gujarat,Nashik,Rice,Kharif,10.02,902.1,29.1,65.5,9.3,6.64,33.1,132.3,48.3,85.4,Rainfed,174.5,0.5,0.89,492498.0,66.1
Punjab,Ludhiana,Groundnut,Kharif,12.79,866.5,28.9,53.0,6.2,7.01,22.2,87.7,76.1,121.1,Rainfed,168.3,5.51,0.81,814476.0,44.5
Telangana,Ludhiana,Rice,Zaid,11.33,214.8,28.3,59.8,8.0,6.37,21.2,70.7,50.6,86.3,Sprinkler,171.1,1.83,0.75,741282.0,56.2
Maharashtra,Raichur,Chilli,Kharif,0.64,634.4,27.6,87.6,5.6,5.68,27.7,123.6,74.9,88.9,Rainfed,179.9,6.16,0.77,42634.82,59.6
Tamil Nadu,Rajkot,Pulses,Rabi,5.29,463.1,22.6,55.8,6.6,6.01,29.2,89.8,25.7,119.6,Flood,219.8,6.99,0.73,376315.0,23.2
Karnataka,Rajkot,Cotton,Rabi,11.65,293.3,18.8,59.0,5.4,6.17,33.6,154.1,51.0,79.8,Flood,125.7,4.64,0.84,795403.0,38.5
Karnataka,Krishna,Cotton,Rabi,0.93,536.0,27.1,75.7,8.1,7.5,31.0,111.5,38.1,119.5,Flood,179.1,0.84,0.89,56442.0,63.9
Tamil Nadu,Warangal,Maize,Rabi,0.92,399.0,21.3,58.9,8.0,5.99,20.9,64.7,64.1,121.5,Drip,207.4,5.22,0.77,59388.0,47.1
Madhya Pradesh,Raichur,Cotton,Kharif,14.8,897.7,25.6,66.3,7.5,6.75,27.7,125.6,55.7,98.7,Rainfed,201.8,1.18,0.69,740462.0,63.0
Karnataka,Erode,Sugarcane,Rabi,9.95,394.0,21.4,58.8,7.8,7.17,32.1,131.7,53.7,122.0,Flood,222.8,5.6,0.78,811945.0,39.8
Madhya Pradesh,Indore,Maize,Rabi,1.51,339.6,20.7,56.2,7.8,8.15,24.5,120.4,65.3,77.6,Drip,107.7,3.5,0.88,81699.0,34.3
Madhya Pradesh,Nalgonda,Rice,Rabi,2.18,486.2,21.6,65.2,7.9,6.43,25.9,118.3,39.9,72.4,Drip,44.595,3.02,1.0,118235.0,54.3
Tamil Nadu,Nashik,Maize,Kharif,12.05,1093.5,30.0,73.2,7.2,6.52,23.8,80.0,70.0,124.7,Sprinkler,153.1,5.8,0.69,805762.0,59.1
Karnataka,Krishna,Pulses,Rabi,6.32,465.8,24.8,53.7,6.7,7.16,15.2,76.6,32.8,125.6,Rainfed,215.1,5.98,0.96,398121.0,40.1
Maharashtra,Nalgonda,Chilli,Kharif,5.31,864.0,26.1,67.7,7.9,6.37,39.4,143.8,71.8,142.9,Drip,152.0,1.37,0.8,301782.0,63.9
Maharashtra,Erode,Rice,Kharif,4.35,742.9,26.8,63.6,6.7,5.82,35.7,117.8,52.0,64.9,Flood,213.0,1.54,0.79,283583.0,59.1
Karnataka,Warangal,Wheat,Zaid,8.99,482.1,32.6,51.8,8.9,6.13,21.1,111.9,72.2,115.5,Flood,294.2,4.18,0.86,593665.0,44.2
Tamil Nadu,Indore,Groundnut,Zaid,11.15,80.0,31.8,61.8,8.6,5.56,19.8,79.2,59.7,75.6,Drip,128.5,5.88,0.96,579752.0,32.3
Andhra Pradesh,Krishna,Pulses,Rabi,14.11,411.6,26.3,58.5,8.2,6.61,27.8,104.1,69.3,118.6,Drip,217.0,5.08,0.95,853156.0,32.7
Karnataka,Indore,Wheat,Kharif,7.1,814.9,27.9,72.2,6.5,6.66,33.8,136.8,41.5,86.5,Flood,134.9,5.14,0.9,401230.0,60.6
Telangana,Warangal,Chilli,Kharif,4.43,846.7,26.5,70.7,8.6,6.13,29.0,91.5,62.0,91.6,Sprinkler,159.8,3.47,0.86,235214.0,56.8
Madhya Pradesh,Warangal,Cotton,Rabi,6.4,661.3,22.6,58.6,8.3,6.46,27.5,86.8,35.4,147.7,Drip,160.0,3.59,0.79,432770.0,53.3
Madhya Pradesh,Nalgonda,Chilli,Rabi,6.5,301.9,21.2,86.0,7.8,7.1,19.9,81.5,57.7,126.3,Rainfed,245.7,8.59,0.9,524144.0,38.7
Telangana,Rajkot,Chilli,Kharif,10.24,675.6,26.0,65.4,6.1,5.77,33.8,68.0,42.5,127.9,Sprinkler,221.4,4.24,0.97,718521.0,55.5
Tamil Nadu,Ludhiana,Rice,Zaid,10.73,131.4,34.4,47.2,6.1,6.21,23.6,101.3,66.2,113.8,Flood,266.8,5.22,0.97,893586.0,51.5
Madhya Pradesh,Raichur,Chilli,Kharif,13.93,805.4,31.1,63.3,7.4,7.96,28.7,122.1,61.2,135.0,Flood,279.6,8.3,0.93,1101858.0,38.0
Gujarat,Raichur,Rice,Rabi,6.59,381.4,25.6,46.6,7.0,6.59,20.2,183.4,86.0,44.8,Rainfed,186.6,2.63,1.0,410209.0,53.3
Tamil Nadu,Ludhiana,Pulses,Rabi,7.4,186.1,24.8,53.9,8.2,7.76,23.5,118.1,21.2,73.1,Sprinkler,202.6,4.62,0.94,448968.0,49.0
Telangana,Ludhiana,Rice,Rabi,13.05,284.8,23.5,45.6,6.7,7.49,38.7,121.6,80.5,116.7,Rainfed,281.4,0.5,0.94,880921.0,40.6
Maharashtra,Ludhiana,Rice,Kharif,5.91,1054.3,28.8,73.2,7.4,6.28,28.0,140.0,49.2,126.9,Flood,244.0,3.08,0.82,460200.0,61.3
Karnataka,Guntur,Rice,Kharif,5.29,730.0,26.8,48.7,8.0,6.7,32.3,122.2,61.8,99.5,Rainfed,320.7,4.96,0.98,377477.0,49.3
Tamil Nadu,Warangal,Cotton,Rabi,11.19,178.6,28.1,49.6,8.0,8.240099999999998,21.7,117.2,45.2,118.7,Rainfed,204.0,1.23,0.98,518592.0,41.5
Tamil Nadu,Erode,Maize,Rabi,2.08,482.5,22.4,49.4,7.2,6.04,20.3,119.5,30.5,92.6,Sprinkler,141.7,2.85,0.9,128514.0,18.7
Gujarat,Nashik,Rice,Rabi,4.87,475.3,21.5,54.6,6.3,5.98,21.1,121.0,78.7,95.0,Flood,175.6,4.9,0.85,287747.0,46.8
Madhya Pradesh,Rajkot,Chilli,Rabi,1.82,436.6,20.8,55.0,8.1,5.2,20.6,47.593,63.2,51.7,Flood,267.2,7.01,0.78,137534.0,33.0
Maharashtra,Raichur,Cotton,Rabi,7.87,437.0,21.1,58.8,7.1,6.77,24.0,94.9,58.7,110.8,Rainfed,252.1,1.62,0.88,597250.0,39.2
Telangana,Warangal,Wheat,Kharif,11.92,906.7,23.4,71.4,8.4,6.42,34.0,126.4,59.4,72.8,Sprinkler,229.9,8.34,0.98,869542.0,54.3
Telangana,Indore,Rice,Kharif,8.43,692.3,30.5,70.4,7.5,6.44,30.1,116.5,68.0,113.7,Flood,77.5,3.77,0.81,445272.0,68.2
Andhra Pradesh,Nalgonda,Maize,Rabi,6.22,344.1,20.3,51.7,7.3,7.66,26.4,114.6,65.7,134.9,Drip,138.2,6.97,0.85,374470.0,18.7
Gujarat,Guntur,Maize,Zaid,8.27,191.5,35.1,56.3,8.9,6.75,15.0,97.9,61.2,88.4,Rainfed,135.5,4.84,0.69,548305.0,54.0
Telangana,Guntur,Wheat,Kharif,14.3,1203.6019999999999,30.6,53.1,7.6,7.49,38.6,137.3,56.2,131.7,Flood,244.5,5.4,0.7,1027084.0,47.6
Madhya Pradesh,Nashik,Sugarcane,Zaid,14.89,498.0,28.6,57.3,9.6,7.0,13.1,110.3,75.7,115.6,Drip,267.1,4.22,0.7,1126428.82,37.6
Andhra Pradesh,Nalgonda,Cotton,Kharif,2.13,614.7,29.4,71.2,5.6,7.55,24.9,131.7,24.7,125.2,Sprinkler,216.1,2.75,0.97,180157.0,53.1
Punjab,Ludhiana,Pulses,Kharif,13.66,1137.4,30.5,68.0,8.2,5.33,36.5,165.3,44.8,113.7,Flood,179.6,3.3,0.7,737205.0,62.8
Punjab,Erode,Maize,Rabi,6.67,757.2,18.9,70.6,7.7,7.04,24.8,111.3,68.6,116.5,Flood,172.5,2.81,0.68,422800.0,44.6
Karnataka,Guntur,Maize,Kharif,7.59,889.7,27.7,69.6,7.2,6.77,34.3,87.8,52.3,122.3,Sprinkler,235.1,4.46,0.89,514811.0,52.0
Madhya Pradesh,Raichur,Cotton,Zaid,1.09,80.0,27.5,46.4,8.4,6.48,22.9,61.0,78.1,117.9,Drip,44.595,1.84,0.9,69232.0,44.8
Gujarat,Nalgonda,Wheat,Rabi,2.39,584.3,19.3,50.3,7.5,6.8,19.4,105.3,80.4,129.0,Sprinkler,161.5,7.27,0.83,156988.0,41.6
Andhra Pradesh,Ludhiana,Wheat,Rabi,4.42,381.7,23.2,51.8,9.1,5.95,27.5,110.4,47.7,85.3,Rainfed,230.7,5.37,0.71,327615.0,35.0
Punjab,Krishna,Maize,Kharif,4.05,794.4,25.8,82.0,6.1,7.03,24.6,111.2,88.4,60.9,Flood,232.9,4.46,0.79,309927.0,52.6
Gujarat,Ludhiana,Groundnut,Kharif,4.59,975.9,30.2,79.8,5.4,6.78,29.2,127.5,53.1,156.7,Rainfed,112.4,4.74,0.71,235611.0,59.1
Gujarat,Nashik,Cotton,Zaid,14.57,345.6,31.7,61.1,9.3,6.13,13.7,70.2,43.3,105.9,Rainfed,222.5,3.61,0.73,969796.0,46.6
Punjab,Rajkot,Maize,Kharif,3.17,584.3,27.7,75.7,8.4,6.58,36.0,132.3,38.8,38.592000000000006,Rainfed,231.2,4.46,0.83,238432.0,48.0
Telangana,Krishna,Wheat,Rabi,9.08,269.1,21.7,48.3,7.9,7.04,22.8,150.1,17.298000000000002,131.8,Flood,89.5,6.4,0.91,614500.0,38.3
Andhra Pradesh,Erode,Rice,Rabi,10.79,367.5,24.4,50.7,8.4,8.09,22.7,89.8,61.8,99.7,Flood,237.6,4.17,0.98,745534.0,29.0
Andhra Pradesh,Ludhiana,Wheat,Rabi,11.51,686.9,22.3,52.6,8.0,7.53,22.1,140.0,61.8,104.2,Rainfed,203.6,5.54,0.96,776014.0,46.0
Maharashtra,Erode,Wheat,Kharif,11.73,760.6,25.2,83.2,8.7,6.75,35.2,135.9,72.1,113.7,Drip,202.4,2.62,0.68,779225.0,71.8
Gujarat,Indore,Pulses,Rabi,8.53,403.0,26.0,64.9,8.5,5.71,25.0,143.6,56.2,112.4,Drip,205.9,5.1,0.96,474381.0,33.0
Gujarat,Krishna,Wheat,Rabi,7.35,372.7,25.7,64.0,8.7,6.53,29.4,79.4,64.4,128.2,Rainfed,44.595,8.47,0.68,428044.0,29.3
Maharashtra,Ludhiana,Chilli,Zaid,9.52,410.1,32.7,56.3,6.9,7.41,17.0,136.4,77.8,81.5,Flood,213.7,3.64,0.71,693316.0,40.7
Karnataka,Guntur,Groundnut,Kharif,12.37,1054.3,28.0,72.0,5.9,5.2,30.4,129.5,79.9,140.9,Sprinkler,328.11199999999974,4.79,0.94,979898.0,59.8
Telangana,Warangal,Maize,Kharif,9.99,1203.6019999999999,24.8,81.6,7.5,7.18,25.7,102.4,48.8,81.9,Flood,195.7,9.47,0.86,844569.0,38.7
Tamil Nadu,Ludhiana,Pulses,Rabi,9.19,400.2,27.4,60.8,6.6,6.01,18.5,101.3,45.5,119.8,Sprinkler,269.3,7.35,0.97,714821.0,44.0
Maharashtra,Ludhiana,Sugarcane,Rabi,14.6,546.2,21.3,53.3,6.5,6.51,29.4,99.5,50.7,120.0,Flood,219.0,6.0,0.9,935528.0,35.6
Andhra Pradesh,Erode,Rice,Kharif,5.84,724.6,25.8,72.1,8.2,6.28,33.4,107.1,70.9,85.0,Drip,44.595,4.26,0.91,288836.0,57.2
Maharashtra,Erode,Wheat,Rabi,3.01,422.2,21.4,59.7,8.5,6.96,27.4,70.4,58.9,77.0,Flood,76.7,3.17,0.95,166822.0,40.9
Telangana,Nashik,Rice,Kharif,3.55,905.7,27.4,74.2,8.1,7.18,31.7,185.6,65.5,100.2,Flood,227.6,3.68,0.72,237088.0,58.3
Madhya Pradesh,Ludhiana,Rice,Rabi,2.64,593.7,24.2,60.3,9.1,7.19,22.6,68.3,42.7,124.7,Flood,224.3,6.11,0.75,176788.0,40.1
Karnataka,Indore,Wheat,Kharif,10.91,891.5,28.2,74.8,8.5,7.17,34.4,116.2,58.9,125.2,Flood,121.5,5.95,0.66,826296.0,53.5
Gujarat,Ludhiana,Maize,Zaid,9.87,361.4,34.8,50.6,8.7,6.35,11.4,120.8,31.4,108.1,Flood,240.1,1.45,0.85,625159.0,42.0
Telangana,Guntur,Cotton,Kharif,5.88,682.3,28.0,82.3,7.9,7.24,26.5,150.0,74.1,132.5,Flood,234.0,5.36,0.71,354374.0,66.8
Karnataka,Ludhiana,Chilli,Kharif,6.12,893.3,31.5,79.8,7.8,7.87,30.4,154.9,33.8,92.3,Flood,130.6,2.76,0.86,368943.0,67.3
Madhya Pradesh,Warangal,Cotton,Rabi,5.49,259.0,24.3,75.5,9.3,6.34,14.5,52.0,49.0,87.1,Sprinkler,168.2,1.69,0.71,303865.0,54.6
Telangana,Warangal,Chilli,Kharif,1.6,1008.7,28.1,63.9,6.3,7.24,20.5,111.8,54.7,72.6,Flood,189.0,1.42,0.86,103015.0,61.2
Telangana,Erode,Rice,Kharif,4.83,1203.6019999999999,27.5,74.3,6.1,6.14,34.8,83.4,43.3,58.8,Sprinkler,193.0,5.55,0.91,384869.0,69.0
Maharashtra,Nalgonda,Groundnut,Rabi,12.84,553.7,25.6,65.2,7.0,6.2,12.3,135.2,57.4,121.3,Rainfed,124.2,5.56,0.86,839220.0,49.3
Tamil Nadu,Indore,Rice,Kharif,5.77,895.8,28.9,57.4,5.1,7.73,29.1,111.1,45.8,91.4,Drip,144.9,2.98,0.77,418402.0,66.5
Telangana,Rajkot,Wheat,Kharif,1.54,820.8,28.7,60.8,6.2,7.44,29.6,112.5,35.8,127.7,Rainfed,222.3,6.59,0.79,102659.0,49.5
Punjab,Nashik,Wheat,Rabi,5.36,520.5,22.8,62.9,7.6,7.28,21.1,151.4,43.1,106.4,Rainfed,251.1,4.62,0.96,286491.0,49.3
Gujarat,Warangal,Cotton,Rabi,11.08,326.7,21.2,66.3,6.8,6.15,25.6,138.0,65.2,57.0,Drip,246.7,5.19,0.88,879272.0,29.0
Telangana,Ludhiana,Maize,Kharif,8.32,809.7,31.2,79.3,6.7,5.76,26.6,110.3,60.1,106.3,Rainfed,104.5,0.68,0.74,520128.0,73.6
Tamil Nadu,Rajkot,Chilli,Rabi,12.69,296.9,24.7,57.3,8.0,5.42,22.0,96.1,57.0,107.1,Sprinkler,132.7,3.99,0.9,805442.0,30.0
Karnataka,Krishna,Maize,Kharif,8.64,929.2,28.4,83.7,7.3,7.37,32.3,88.4,47.2,123.7,Rainfed,247.5,3.59,0.75,594763.0,74.60099999999997
Tamil Nadu,Ludhiana,Cotton,Rabi,11.37,578.4,25.1,53.5,8.6,5.98,24.4,131.8,58.6,130.2,Sprinkler,248.9,6.6,0.81,734858.0,37.7
Andhra Pradesh,Rajkot,Wheat,Rabi,5.49,325.9,25.9,43.1,7.3,7.39,26.3,124.1,73.9,120.1,Flood,227.4,8.39,0.89,395911.0,32.1
Karnataka,Erode,Wheat,Rabi,4.27,367.8,21.5,55.4,6.5,6.28,23.2,161.1,91.0,129.4,Flood,140.0,5.38,0.78,329603.0,40.7
Gujarat,Raichur,Maize,Rabi,13.86,427.9,26.8,57.4,7.9,6.95,28.0,134.2,76.5,131.9,Flood,300.7,3.24,0.96,995860.0,49.9
Andhra Pradesh,Warangal,Wheat,Rabi,7.82,550.7,20.6,64.2,7.1,5.98,18.7,76.6,40.5,105.0,Sprinkler,235.4,3.3,0.84,438523.0,65.6
Tamil Nadu,Ludhiana,Sugarcane,Rabi,11.99,562.9,25.6,41.4,7.5,6.22,20.9,133.0,54.2,114.4,Sprinkler,186.2,3.77,0.91,849840.0,39.5
Tamil Nadu,Erode,Pulses,Rabi,3.17,240.0,26.5,55.1,9.6,5.48,25.5,143.8,59.9,139.6,Drip,202.5,7.79,0.82,237353.0,31.3
Maharashtra,Rajkot,Pulses,Kharif,13.93,594.9,28.4,89.40399999999991,6.3,6.81,28.9,84.0,77.5,81.6,Drip,318.6,6.33,0.85,1114635.0,57.2
Karnataka,Rajkot,Maize,Rabi,5.81,774.3,27.5,68.5,8.8,6.55,26.9,107.3,64.5,136.1,Drip,229.8,4.12,0.9,379333.0,54.2
Maharashtra,Nashik,Rice,Rabi,0.64,80.0,21.6,51.7,7.3,6.22,23.5,129.0,78.0,115.7,Drip,204.7,4.38,0.88,42634.82,19.6
Maharashtra,Indore,Wheat,Zaid,4.12,310.1,31.5,67.0,9.5,6.11,14.0,95.4,61.0,79.9,Flood,99.3,5.9,0.96,228581.0,43.6
Gujarat,Raichur,Rice,Kharif,12.25,750.6,27.0,73.6,7.2,6.99,25.7,111.1,42.7,98.5,Rainfed,268.5,5.05,0.9,870101.0,54.8
Karnataka,Nalgonda,Rice,Kharif,11.97,1142.7,24.8,77.1,5.9,6.16,30.9,130.2,74.9,89.3,Flood,114.2,9.27,0.68,784002.0,53.4
Tamil Nadu,Indore,Chilli,Kharif,10.69,784.5,32.5,62.4,7.6,6.88,33.6,96.5,83.3,98.9,Drip,167.5,6.27,0.72,766473.0,44.8
Karnataka,Nashik,Maize,Kharif,3.91,532.5,23.5,67.6,6.1,8.240099999999998,30.3,101.7,28.7,98.7,Sprinkler,248.2,9.520199999999996,0.68,347262.0,21.3
Karnataka,Raichur,Pulses,Zaid,13.9,313.4,33.9,59.4,7.5,7.2,17.3,125.7,39.6,107.6,Sprinkler,196.0,5.71,0.71,1055194.0,30.7
Andhra Pradesh,Raichur,Groundnut,Kharif,4.31,519.0,27.3,73.1,8.2,5.93,22.0,97.2,36.4,106.2,Flood,209.3,5.86,0.67,271020.0,58.0
Andhra Pradesh,Ludhiana,Maize,Zaid,0.74,492.0,33.8,68.2,10.0,6.67,17.9,168.0,45.7,74.5,Rainfed,247.7,5.03,0.96,59245.0,47.8
Tamil Nadu,Erode,Maize,Kharif,8.33,746.2,27.7,66.4,6.5,6.98,37.9,130.5,40.2,108.7,Flood,196.4,4.66,0.69,545892.0,50.4
Andhra Pradesh,Guntur,Groundnut,Rabi,1.78,663.8,22.8,57.7,4.9,6.31,28.6,54.9,51.4,98.4,Flood,292.1,2.83,0.75,125670.0,48.2
Madhya Pradesh,Rajkot,Cotton,Rabi,2.96,693.4,23.5,77.0,8.1,7.19,26.5,74.4,73.2,79.3,Rainfed,239.6,6.81,0.95,201019.0,42.1
Karnataka,Nalgonda,Maize,Rabi,3.93,694.5,23.0,65.3,7.9,6.98,26.2,84.7,79.0,117.6,Rainfed,129.4,7.16,0.68,209797.0,48.7
Andhra Pradesh,Ludhiana,Cotton,Rabi,13.56,144.6,26.3,63.3,6.5,7.48,21.7,93.1,47.0,81.4,Rainfed,137.7,3.18,0.99,923979.0,48.9
Tamil Nadu,Indore,Rice,Kharif,3.09,538.5,31.0,73.3,6.4,6.28,33.9,111.5,63.6,101.4,Flood,236.3,5.0,0.91,225728.0,50.8
Tamil Nadu,Warangal,Sugarcane,Kharif,12.27,852.6,28.4,72.3,5.8,6.5,35.1,98.3,67.9,103.5,Rainfed,218.8,2.26,0.93,794145.0,58.6
Punjab,Krishna,Maize,Zaid,7.21,342.1,25.6,48.8,7.6,6.54,27.6,108.0,53.4,117.7,Drip,161.8,6.73,0.69,439193.0,18.7
Andhra Pradesh,Rajkot,Sugarcane,Kharif,14.21,875.5,22.5,72.2,6.8,6.11,29.8,181.2,40.8,99.1,Rainfed,206.4,0.5,0.81,989587.0,70.7
Telangana,Nashik,Rice,Kharif,10.88,1129.5,28.1,75.0,6.9,5.64,26.3,66.0,90.1,90.4,Rainfed,147.4,3.48,0.7,791814.0,67.3
Telangana,Rajkot,Sugarcane,Kharif,13.3,925.8,32.5,59.3,7.6,6.19,38.9,151.3,52.5,113.1,Drip,156.1,4.71,0.98,994860.0,58.7
Telangana,Nalgonda,Cotton,Rabi,8.83,604.9,23.9,59.9,8.2,7.39,18.9,81.8,57.4,99.4,Flood,221.3,0.5,0.73,519963.0,61.2
Gujarat,Ludhiana,Rice,Rabi,11.94,197.2,24.2,56.6,7.1,6.01,31.4,105.0,62.3,92.9,Rainfed,191.9,4.97,0.76,666146.0,40.9
Karnataka,Indore,Maize,Rabi,6.87,346.5,26.3,73.7,6.5,6.6,26.4,87.3,28.8,38.592000000000006,Drip,63.8,5.96,0.69,399013.0,50.7
Karnataka,Warangal,Chilli,Kharif,13.04,921.0,28.4,77.6,6.5,6.65,39.2,141.1,46.1,96.0,Drip,163.1,4.65,0.97,784135.0,47.4
Maharashtra,Erode,Pulses,Kharif,7.49,719.7,22.6,78.8,5.2,7.01,26.1,97.0,61.2,81.9,Drip,84.3,7.77,0.7,558122.0,39.1
Maharashtra,Rajkot,Chilli,Kharif,9.68,788.8,31.4,72.7,6.4,6.81,41.0,87.3,19.7,143.6,Rainfed,233.4,5.85,0.71,658186.0,45.0
Maharashtra,Rajkot,Maize,Zaid,12.93,377.0,27.4,48.8,8.7,6.51,26.4,145.0,59.1,168.90299999999993,Rainfed,208.7,4.87,0.8,891309.0,41.1
Telangana,Warangal,Groundnut,Rabi,6.86,948.9,19.7,71.6,8.3,6.86,27.4,122.0,63.7,106.4,Flood,218.0,3.22,0.91,474197.0,49.8
Tamil Nadu,Rajkot,Cotton,Rabi,2.78,371.9,24.2,70.2,6.9,7.64,22.9,111.2,64.9,87.3,Rainfed,207.8,8.42,0.73,225653.0,19.5
Gujarat,Nalgonda,Cotton,Kharif,3.95,834.9,31.6,81.3,5.9,5.2,22.5,164.3,39.3,147.5,Flood,267.5,3.17,0.74,260522.0,61.6
Andhra Pradesh,Warangal,Rice,Rabi,5.18,272.1,25.2,65.3,5.7,6.87,25.6,180.1,54.4,131.2,Rainfed,150.6,4.18,0.98,325783.0,44.8
Maharashtra,Nalgonda,Groundnut,Rabi,8.47,477.8,23.3,52.5,9.5,6.05,20.7,113.0,60.7,112.6,Flood,90.1,6.99,0.99,487787.0,38.0
Punjab,Erode,Pulses,Kharif,13.05,868.3,23.2,71.6,6.7,6.46,27.9,69.8,67.1,123.8,Rainfed,268.3,4.71,0.87,832415.0,52.3
Madhya Pradesh,Indore,Rice,Rabi,3.09,544.8,23.2,49.6,7.1,5.78,16.2,102.8,74.0,108.1,Sprinkler,111.4,3.19,0.87,184868.0,42.2
Madhya Pradesh,Warangal,Rice,Rabi,0.68,268.4,22.7,54.5,7.5,6.32,27.3,87.3,62.8,96.5,Sprinkler,214.1,5.53,0.99,47268.0,26.0
Telangana,Indore,Rice,Rabi,5.39,239.2,23.1,53.2,7.5,6.99,16.3,133.6,62.5,115.4,Flood,267.7,4.91,0.73,359829.0,32.7
Tamil Nadu,Raichur,Sugarcane,Kharif,9.35,845.8,30.6,78.9,7.7,6.78,22.8,141.4,51.0,93.3,Flood,193.5,4.22,0.97,664050.0,46.1
Punjab,Indore,Groundnut,Rabi,10.07,80.0,22.3,48.3,7.2,5.2,25.6,153.6,22.3,58.7,Sprinkler,166.4,3.73,0.71,668966.0,31.1
Andhra Pradesh,Raichur,Groundnut,Kharif,14.64,829.4,32.3,79.5,6.6,6.47,38.9,158.6,50.4,132.3,Sprinkler,276.0,7.12,0.86,978911.0,55.9
Karnataka,Krishna,Maize,Kharif,1.41,849.3,30.7,83.5,7.0,6.61,37.3,117.6,64.8,141.2,Rainfed,89.4,3.19,0.71,76242.0,65.9
Tamil Nadu,Rajkot,Pulses,Kharif,10.44,644.6,30.7,75.5,7.5,6.88,29.8,102.2,87.4,51.7,Flood,228.3,5.3,0.78,852257.0,55.1
Madhya Pradesh,Rajkot,Wheat,Rabi,1.22,585.1,24.1,57.2,7.1,5.39,22.5,137.1,83.5,120.2,Sprinkler,148.1,4.86,0.82,85319.0,56.6
Madhya Pradesh,Nalgonda,Rice,Kharif,12.43,1008.1,32.1,66.4,5.6,6.64,28.1,93.7,59.0,78.8,Drip,205.4,4.04,0.83,834823.0,52.0
Tamil Nadu,Ludhiana,Pulses,Kharif,10.72,842.5,23.1,78.4,7.6,6.12,29.9,65.1,45.2,126.6,Sprinkler,190.7,6.12,0.82,894889.0,44.4
Tamil Nadu,Raichur,Pulses,Kharif,6.01,778.5,25.1,62.5,4.899000000000001,6.49,34.5,134.3,58.6,91.9,Rainfed,185.5,3.11,1.0,408237.0,57.8
Telangana,Erode,Sugarcane,Rabi,14.66,253.1,26.8,50.0,8.8,7.26,27.4,95.7,72.0,118.1,Rainfed,190.2,1.7,0.98,808095.0,39.7
Gujarat,Rajkot,Cotton,Rabi,13.13,187.1,22.9,54.1,8.7,6.45,29.3,96.1,33.7,128.5,Flood,218.3,7.19,0.87,1088504.0,31.9
Punjab,Warangal,Wheat,Kharif,5.55,1117.3,30.4,74.2,6.3,6.71,29.9,120.6,38.2,98.6,Rainfed,328.11199999999974,5.7,0.85,459378.0,58.3
Gujarat,Indore,Sugarcane,Kharif,6.32,689.0,29.6,68.2,5.9,6.68,30.5,125.9,71.8,103.9,Drip,171.0,0.5,0.75,364374.0,60.1
Gujarat,Nashik,Wheat,Rabi,4.41,208.4,27.9,61.6,8.6,7.51,25.1,149.5,49.6,46.1,Flood,214.0,4.27,0.9,340731.0,42.0
Gujarat,Ludhiana,Rice,Zaid,0.85,388.1,29.0,54.6,8.7,6.57,15.3,120.2,62.5,128.1,Sprinkler,286.7,5.99,1.0,66219.0,41.0
Karnataka,Nalgonda,Rice,Rabi,14.42,450.9,23.6,72.4,7.7,6.82,31.6,114.1,70.4,140.5,Sprinkler,204.6,6.71,0.65,952561.0,53.5
Punjab,Ludhiana,Pulses,Kharif,9.51,623.9,26.4,84.7,7.4,6.27,34.3,91.7,55.2,94.8,Drip,175.5,3.77,0.93,472580.0,61.9
Madhya Pradesh,Rajkot,Rice,Rabi,5.38,509.7,19.9,38.6,7.2,5.57,14.0,98.6,55.3,55.7,Flood,178.4,3.24,0.65,348779.0,18.7
Telangana,Erode,Pulses,Rabi,10.52,99.1,21.9,52.1,8.9,5.49,22.9,139.1,71.9,118.1,Flood,139.5,3.74,0.88,535978.0,47.8
Maharashtra,Nalgonda,Groundnut,Rabi,7.01,499.4,22.1,60.0,7.7,7.19,24.6,104.7,64.1,93.0,Flood,312.6,3.44,0.95,568807.0,51.0
Maharashtra,Nashik,Sugarcane,Kharif,13.62,552.2,28.6,61.0,8.1,5.76,25.0,132.1,42.2,85.6,Sprinkler,116.9,5.87,0.85,932036.0,52.0
Andhra Pradesh,Rajkot,Rice,Kharif,12.14,994.5,24.6,63.5,7.2,7.77,39.2,112.7,63.2,134.3,Flood,286.5,3.23,0.82,842078.0,72.4
Telangana,Warangal,Pulses,Rabi,13.42,683.7,23.2,55.0,4.899000000000001,6.44,25.9,135.4,77.5,148.1,Rainfed,182.2,6.77,0.87,662530.0,51.4
Punjab,Krishna,Maize,Kharif,10.31,852.4,22.7,80.2,4.899000000000001,6.97,35.0,159.6,57.8,107.1,Rainfed,214.5,6.66,0.77,686760.0,45.6
Madhya Pradesh,Rajkot,Chilli,Kharif,5.88,888.8,25.8,68.7,6.5,7.29,30.1,125.0,31.7,80.3,Drip,200.6,5.71,0.98,412314.0,51.9
Gujarat,Ludhiana,Maize,Rabi,7.95,264.3,26.6,54.9,7.4,7.85,31.7,155.3,69.8,116.6,Drip,218.3,8.01,0.82,545383.0,29.8
Punjab,Krishna,Wheat,Zaid,3.8,236.3,35.1,35.5,7.9,5.67,14.8,163.5,85.0,96.8,Drip,180.1,9.02,0.93,243974.0,22.3
Karnataka,Nalgonda,Sugarcane,Rabi,6.28,127.7,23.7,60.3,8.2,6.55,23.1,128.1,80.9,114.7,Rainfed,236.9,5.59,0.66,403898.0,35.4
Andhra Pradesh,Krishna,Groundnut,Kharif,3.04,993.8,31.5,79.1,5.9,7.47,18.2,137.9,60.9,119.4,Flood,44.595,5.01,0.97,174834.0,62.4
Tamil Nadu,Nashik,Chilli,Rabi,6.46,383.0,22.2,51.6,6.9,6.33,23.9,91.6,53.7,80.7,Sprinkler,171.8,6.32,0.92,458157.0,29.2
Andhra Pradesh,Nashik,Sugarcane,Kharif,6.22,560.7,30.5,84.7,7.4,7.05,36.4,91.6,52.2,102.2,Rainfed,204.3,4.23,0.67,444267.0,59.6
Tamil Nadu,Rajkot,Wheat,Kharif,7.22,1003.3,28.2,72.5,7.2,5.82,32.5,167.8,50.0,112.8,Flood,131.0,4.93,0.7,377997.0,61.8
Gujarat,Guntur,Rice,Rabi,12.42,468.0,25.3,70.4,6.3,7.19,22.7,137.9,48.1,49.9,Flood,134.5,5.15,0.76,759887.0,32.7
Andhra Pradesh,Krishna,Rice,Kharif,3.25,1066.6,27.1,89.40399999999991,6.7,5.29,28.3,149.1,66.7,128.5,Drip,257.6,6.34,0.86,240158.0,66.7
Gujarat,Nalgonda,Groundnut,Rabi,8.79,456.2,19.7,61.2,6.5,5.56,26.3,126.4,52.3,76.8,Flood,174.9,8.93,0.77,548150.0,25.3
Telangana,Indore,Chilli,Kharif,9.89,1053.2,27.9,82.4,6.8,6.56,30.0,136.6,47.3,95.1,Drip,85.3,1.97,0.88,614229.0,67.4
Andhra Pradesh,Raichur,Chilli,Kharif,8.05,585.4,25.5,71.4,7.5,6.36,32.5,54.4,39.4,123.2,Flood,109.9,6.58,0.97,533839.0,47.4
Maharashtra,Nalgonda,Rice,Kharif,5.91,769.8,26.7,65.0,6.8,7.25,33.9,129.7,41.8,150.4,Rainfed,132.6,3.44,0.89,304198.0,57.1
Tamil Nadu,Indore,Wheat,Rabi,4.33,517.8,25.8,53.5,8.4,6.87,22.6,101.2,50.9,112.4,Rainfed,196.4,2.67,0.96,290504.0,41.3
Telangana,Guntur,Rice,Kharif,1.93,912.6,25.6,63.1,6.4,5.93,35.0,147.2,37.4,113.8,Sprinkler,164.6,4.0,0.75,147617.0,40.1
Tamil Nadu,Raichur,Pulses,Zaid,3.03,192.5,30.0,53.7,9.1,7.16,28.9,150.0,48.0,103.8,Sprinkler,117.9,8.06,0.87,178661.0,25.8
Andhra Pradesh,Rajkot,Groundnut,Zaid,4.73,253.5,33.7,40.1,6.8,6.79,24.6,166.7,58.9,97.8,Flood,184.3,1.67,0.86,292272.0,43.6
Andhra Pradesh,Ludhiana,Maize,Zaid,12.91,212.1,30.1,49.1,8.4,7.11,24.0,150.7,40.4,101.5,Drip,150.9,5.91,0.78,812013.0,37.0
Madhya Pradesh,Ludhiana,Sugarcane,Kharif,4.75,741.1,26.7,59.8,7.0,7.09,27.6,101.5,45.1,124.5,Rainfed,201.8,7.19,0.8,294912.0,54.8
Madhya Pradesh,Raichur,Wheat,Rabi,9.28,559.5,18.599,49.6,7.8,6.25,21.3,188.8,78.2,103.2,Rainfed,257.3,6.69,0.89,650242.0,21.4
Punjab,Nalgonda,Sugarcane,Rabi,9.61,157.1,21.8,65.2,7.5,6.71,20.9,148.8,68.2,93.5,Flood,154.6,6.21,0.9,551843.0,21.7
Karnataka,Nalgonda,Rice,Zaid,13.8,477.0,28.1,40.6,8.4,7.86,23.4,82.8,48.3,77.3,Flood,299.7,4.88,0.97,963976.0,44.7
Karnataka,Rajkot,Cotton,Zaid,6.62,273.3,33.9,45.8,7.0,6.21,24.3,142.7,92.7,108.4,Rainfed,290.4,4.08,0.84,472649.0,28.2
Karnataka,Erode,Rice,Rabi,9.38,359.7,23.8,46.7,7.8,8.240099999999998,23.9,151.0,57.9,113.2,Drip,280.7,5.71,0.99,634846.0,36.9
Karnataka,Nashik,Wheat,Kharif,12.04,1137.7,30.7,64.5,6.3,7.08,38.6,115.3,74.2,95.4,Flood,183.9,2.98,0.95,888555.0,71.6
Karnataka,Erode,Cotton,Kharif,10.06,568.2,26.5,68.8,6.6,6.75,35.6,127.2,39.8,112.0,Flood,140.6,2.2,0.88,454507.0,53.2
Gujarat,Erode,Pulses,Zaid,4.86,561.8,32.1,62.1,7.4,5.58,16.3,140.1,31.1,110.1,Rainfed,254.8,5.98,1.0,352213.0,56.6
Gujarat,Guntur,Rice,Kharif,11.23,582.0,32.5,67.9,6.5,7.67,32.3,165.8,21.7,90.4,Rainfed,142.1,7.92,0.76,649666.0,33.1
Karnataka,Nashik,Rice,Rabi,12.28,260.4,19.8,49.5,6.0,6.02,25.5,152.6,68.5,124.7,Rainfed,232.6,8.97,0.81,1005380.0,29.8
Maharashtra,Krishna,Cotton,Rabi,7.72,489.3,20.6,42.9,6.4,6.24,24.0,165.8,48.3,72.3,Flood,145.2,4.86,1.0,504676.0,38.5
Karnataka,Nashik,Cotton,Rabi,12.99,840.0,21.2,49.4,6.7,6.53,12.4,137.5,51.8,168.90299999999993,Drip,252.1,5.4,0.86,983344.0,40.8
Maharashtra,Raichur,Maize,Zaid,1.85,203.0,30.9,52.3,8.5,6.25,22.9,116.0,61.3,136.0,Flood,257.0,5.54,0.85,140841.0,29.9
Telangana,Guntur,Maize,Kharif,14.79,862.2,26.3,82.8,8.2,7.82,31.5,180.3,56.7,102.6,Flood,101.2,4.98,0.67,994452.0,49.3
Telangana,Guntur,Maize,Rabi,5.19,466.8,24.7,48.7,9.3,7.1,24.5,113.6,44.8,132.5,Drip,153.7,2.56,0.96,325294.0,53.8
Punjab,Nalgonda,Cotton,Rabi,10.46,556.9,19.4,46.7,7.3,6.12,12.2,110.3,22.6,137.3,Sprinkler,287.8,4.25,0.9,820752.0,28.5
Gujarat,Guntur,Cotton,Rabi,6.4,361.8,26.2,61.2,8.4,7.07,14.8,127.0,88.5,100.2,Flood,306.8,5.44,0.86,518027.0,47.8
Punjab,Nalgonda,Rice,Kharif,1.85,749.7,28.4,71.9,7.9,8.08,28.5,76.6,89.5,107.9,Rainfed,221.0,2.03,0.69,130753.0,44.1
Madhya Pradesh,Rajkot,Wheat,Kharif,11.69,956.0,26.8,76.5,7.1,6.94,35.0,143.6,43.5,127.2,Flood,125.6,5.95,0.85,772588.0,52.2
Punjab,Krishna,Maize,Kharif,9.56,722.9,29.3,69.9,7.4,6.74,37.9,138.6,52.6,150.7,Flood,55.7,5.83,0.75,591755.0,49.0
Andhra Pradesh,Indore,Cotton,Zaid,14.41,221.4,34.2,47.0,7.3,7.76,17.7,107.1,33.0,142.9,Drip,178.1,3.05,0.97,995405.0,38.2
Andhra Pradesh,Guntur,Maize,Zaid,12.36,525.7,33.1,50.0,7.1,5.52,19.6,162.5,64.4,155.6,Drip,159.9,1.41,0.82,689540.0,57.7
Karnataka,Ludhiana,Wheat,Kharif,8.74,1025.0,28.8,70.6,7.0,7.1,27.5,111.7,81.0,153.3,Sprinkler,124.8,6.39,0.7,569442.0,66.3
Gujarat,Nalgonda,Chilli,Rabi,3.32,363.9,23.6,70.1,8.4,5.2,31.4,131.9,36.7,80.1,Drip,126.4,3.91,0.68,187584.0,49.4
Gujarat,Warangal,Cotton,Rabi,1.59,480.3,24.6,39.2,7.9,6.2,28.1,136.3,31.1,99.5,Drip,182.8,4.95,0.78,108392.0,38.7
Andhra Pradesh,Nashik,Chilli,Rabi,6.43,662.3,26.0,49.3,7.5,7.87,30.8,115.2,82.4,72.4,Rainfed,194.4,3.44,0.93,409408.0,50.7
Tamil Nadu,Ludhiana,Chilli,Rabi,4.23,650.7,22.7,44.1,7.4,6.47,27.4,104.5,42.3,146.8,Drip,262.8,4.95,0.9,288984.0,48.4
Tamil Nadu,Guntur,Pulses,Kharif,5.12,771.5,34.0,69.7,6.4,7.98,33.9,170.6,67.5,97.4,Flood,209.0,6.0,0.82,374195.0,48.1
Telangana,Indore,Sugarcane,Kharif,9.76,1009.5,28.7,69.1,6.2,7.09,31.6,95.9,70.8,65.0,Drip,305.7,4.26,0.77,707549.0,45.3
Gujarat,Ludhiana,Wheat,Kharif,12.51,710.1,27.5,67.1,6.1,6.0,25.2,94.5,43.3,127.2,Flood,102.7,4.94,0.98,784297.0,47.7
Maharashtra,Rajkot,Rice,Rabi,4.98,168.3,18.9,60.0,9.4,7.94,24.0,74.0,39.8,105.1,Flood,202.4,5.04,0.89,347808.0,28.6
Telangana,Indore,Cotton,Kharif,5.8,1054.6,34.9,83.8,6.5,7.01,38.0,59.2,39.2,83.2,Sprinkler,117.0,5.27,0.76,323241.0,68.8
Maharashtra,Warangal,Sugarcane,Rabi,8.33,374.5,23.2,47.0,6.2,6.54,29.3,132.8,56.9,105.4,Drip,224.5,4.22,0.7,575397.0,32.2
Gujarat,Raichur,Chilli,Rabi,7.09,395.1,21.3,63.2,7.7,6.57,23.4,104.2,71.0,65.4,Flood,133.6,1.55,0.89,454833.0,47.2
Telangana,Raichur,Wheat,Rabi,11.94,414.4,25.5,81.3,6.5,6.72,30.7,163.9,39.8,75.7,Flood,197.7,5.42,0.83,769179.0,52.8
Telangana,Ludhiana,Groundnut,Zaid,7.58,465.8,29.4,55.9,8.5,6.12,11.4,82.1,45.1,124.1,Flood,253.5,3.37,0.94,508029.0,50.7
Andhra Pradesh,Nalgonda,Rice,Kharif,13.87,886.0,25.9,66.8,7.6,6.45,24.0,121.8,77.4,65.3,Flood,178.2,5.12,0.81,700751.0,57.0
Tamil Nadu,Nashik,Groundnut,Kharif,3.46,313.2,30.0,75.5,6.8,7.02,23.5,144.5,71.1,90.7,Sprinkler,146.2,2.91,0.89,210522.0,62.2
Karnataka,Warangal,Maize,Rabi,6.47,182.6,27.8,51.8,7.7,7.06,20.5,132.4,45.5,38.592000000000006,Rainfed,94.3,6.02,0.86,365994.0,26.5
Telangana,Rajkot,Maize,Rabi,3.14,80.0,28.2,56.2,8.6,7.26,21.1,154.6,52.7,46.8,Flood,193.1,6.65,0.82,217275.0,32.9
Maharashtra,Krishna,Rice,Rabi,1.32,86.5,22.4,59.2,8.7,6.79,24.0,91.4,67.1,73.8,Flood,128.2,5.47,0.86,91481.0,40.3
Andhra Pradesh,Rajkot,Chilli,Kharif,7.7,728.5,33.0,74.9,6.9,8.240099999999998,37.7,149.1,51.6,150.6,Drip,310.7,4.44,0.97,559500.0,52.7
Andhra Pradesh,Raichur,Cotton,Kharif,0.79,1058.2,26.7,60.9,7.5,6.57,31.3,138.8,17.298000000000002,57.0,Sprinkler,198.4,7.61,0.78,55125.0,56.3
Tamil Nadu,Nashik,Maize,Kharif,1.37,954.5,22.9,63.0,7.1,6.99,35.9,152.6,65.8,123.5,Sprinkler,215.1,3.38,0.68,91147.0,53.8
Andhra Pradesh,Indore,Wheat,Rabi,8.76,259.1,24.2,50.3,7.0,5.99,29.2,108.7,85.3,143.9,Flood,205.6,5.55,0.95,571984.0,28.0
Karnataka,Ludhiana,Chilli,Kharif,14.43,1163.8,27.8,82.9,8.4,6.67,31.6,144.0,55.1,70.3,Flood,270.9,2.04,0.89,1000485.0,74.60099999999997
Telangana,Indore,Cotton,Zaid,5.27,157.7,32.3,54.6,6.6,7.11,19.0,131.2,46.4,73.1,Flood,264.9,2.37,0.68,391790.0,55.0
Gujarat,Nalgonda,Cotton,Kharif,13.86,608.5,30.4,69.5,5.9,6.66,23.8,107.5,59.6,47.1,Drip,131.3,0.8,0.77,777753.0,58.5
Karnataka,Krishna,Cotton,Zaid,6.9,269.1,31.6,38.2,8.1,7.35,30.9,69.7,67.5,100.4,Rainfed,192.8,5.8,0.73,410519.0,30.3
Maharashtra,Nashik,Groundnut,Kharif,5.98,1203.6019999999999,25.9,70.1,4.899000000000001,8.240099999999998,28.7,112.7,73.5,109.4,Flood,94.0,4.86,0.82,310065.0,55.3
Telangana,Nashik,Cotton,Kharif,12.96,906.1,25.2,62.8,6.8,6.24,37.2,128.3,60.3,58.2,Drip,220.6,5.49,0.68,895809.0,59.1
Madhya Pradesh,Krishna,Rice,Rabi,2.31,596.9,22.6,76.9,5.8,6.91,14.9,97.4,67.6,86.1,Drip,121.3,2.19,0.97,143765.0,58.2
Karnataka,Erode,Cotton,Kharif,11.02,954.9,29.7,66.6,6.3,6.73,31.0,105.1,67.5,101.5,Rainfed,279.0,6.18,0.84,854696.0,50.0
Tamil Nadu,Erode,Cotton,Kharif,6.69,1125.9,30.4,76.8,8.3,6.95,33.0,76.2,45.2,118.9,Rainfed,185.5,4.18,0.72,426321.0,60.1
Gujarat,Indore,Pulses,Kharif,5.84,477.5,30.6,63.2,6.4,5.44,23.6,71.3,58.0,136.9,Drip,160.3,3.16,0.8,377889.0,47.3
Telangana,Indore,Sugarcane,Kharif,7.38,903.8,33.5,86.7,6.0,7.01,35.1,132.1,63.0,84.7,Rainfed,250.9,7.5,0.78,456033.0,49.6
Telangana,Nalgonda,Wheat,Kharif,2.08,941.3,30.8,60.1,5.1,6.94,30.6,171.9,55.5,83.7,Drip,176.4,4.81,0.84,128965.0,52.8
Andhra Pradesh,Indore,Wheat,Zaid,12.75,254.0,30.5,50.9,8.4,7.88,18.5,106.9,52.0,117.1,Sprinkler,178.7,6.64,0.88,727452.0,23.1
Tamil Nadu,Guntur,Chilli,Kharif,13.67,899.9,35.1,64.6,6.1,5.86,30.4,122.0,60.4,112.3,Flood,155.7,7.12,0.87,1107177.0,51.1
Andhra Pradesh,Krishna,Maize,Zaid,7.97,99.2,28.0,56.5,9.1,6.52,21.4,136.6,35.5,73.3,Rainfed,218.8,6.98,0.86,642758.0,19.1
Tamil Nadu,Nalgonda,Groundnut,Kharif,6.12,850.5,30.4,64.9,6.6,8.17,21.2,83.4,41.9,93.1,Sprinkler,193.3,4.97,0.65,428657.0,62.2
Karnataka,Nalgonda,Sugarcane,Zaid,7.22,393.2,31.3,59.3,8.8,6.5,22.3,190.6039999999999,76.5,112.7,Sprinkler,236.0,1.75,0.72,474477.0,56.5
Punjab,Nashik,Rice,Kharif,3.43,675.5,29.9,70.9,6.2,6.81,36.3,98.4,63.6,93.1,Rainfed,46.0,3.25,0.85,154852.0,66.3
Karnataka,Ludhiana,Maize,Zaid,9.18,412.7,33.8,59.5,7.9,6.57,19.9,95.4,51.1,98.6,Rainfed,174.4,9.39,1.0,660706.0,32.6
Telangana,Ludhiana,Sugarcane,Kharif,5.59,1090.3,29.0,72.8,8.4,6.02,37.5,155.8,54.9,108.8,Rainfed,223.5,7.41,0.69,438360.0,49.8
Tamil Nadu,Raichur,Pulses,Rabi,12.1,633.7,21.3,60.9,8.2,7.0,19.0,138.9,81.3,79.2,Sprinkler,152.8,6.95,0.79,722852.0,31.6
Madhya Pradesh,Warangal,Rice,Kharif,10.89,540.0,30.7,76.0,9.5,7.07,35.6,157.5,97.10099999999997,98.1,Rainfed,289.0,3.34,0.66,804188.0,40.6
Karnataka,Nashik,Rice,Kharif,9.97,789.0,24.6,72.2,5.9,7.05,29.7,72.3,87.4,89.1,Drip,229.8,3.12,0.78,819414.0,69.2
Madhya Pradesh,Nalgonda,Pulses,Rabi,0.91,417.5,21.5,53.6,7.3,5.86,29.1,153.5,53.1,84.1,Flood,192.3,4.8,0.69,61651.0,45.7
Andhra Pradesh,Raichur,Chilli,Zaid,10.47,260.0,31.6,37.9,8.7,5.75,22.6,47.593,43.1,90.2,Drip,215.4,7.31,0.95,752035.0,33.9
Tamil Nadu,Nashik,Chilli,Kharif,0.7,1025.5,23.2,69.0,6.9,7.31,34.2,181.9,59.7,150.4,Rainfed,276.9,6.74,0.8,46277.0,42.5
Punjab,Nashik,Rice,Kharif,11.09,1148.4,26.7,69.3,8.6,7.01,35.1,78.6,35.0,38.592000000000006,Flood,182.0,2.61,0.83,657211.0,73.7
Karnataka,Raichur,Pulses,Rabi,6.3,250.6,22.6,56.9,8.5,7.32,25.6,79.1,57.1,52.2,Drip,112.0,4.6,0.97,350280.0,41.5
Gujarat,Ludhiana,Pulses,Kharif,6.7,1132.3,27.3,55.2,7.0,6.99,25.3,127.4,73.1,85.9,Drip,223.2,2.01,0.89,525717.0,61.5
Gujarat,Raichur,Wheat,Rabi,7.62,209.0,23.1,70.4,8.1,6.8,28.8,105.0,66.9,136.3,Rainfed,201.9,6.09,0.85,536908.0,36.9
Maharashtra,Indore,Sugarcane,Kharif,11.42,726.0,31.1,75.4,7.1,6.44,34.6,131.2,39.7,67.9,Flood,222.2,2.63,0.81,853338.0,62.8
Karnataka,Guntur,Chilli,Rabi,8.46,308.4,21.4,61.0,7.0,6.66,33.3,94.5,77.5,116.5,Flood,134.2,1.32,0.68,504184.0,40.0
Telangana,Nalgonda,Wheat,Kharif,8.5,648.7,24.8,89.40399999999991,6.2,6.39,40.6,124.7,76.7,90.0,Flood,196.2,3.61,0.88,538955.0,65.2
Tamil Nadu,Rajkot,Chilli,Rabi,8.19,615.3,23.6,74.5,7.7,7.15,23.8,134.1,65.7,82.4,Rainfed,178.1,6.29,0.68,496662.0,43.2
Tamil Nadu,Guntur,Pulses,Rabi,2.17,308.2,24.3,56.7,7.3,5.77,31.3,125.9,65.4,84.7,Flood,180.5,3.82,0.93,145024.0,43.1
Maharashtra,Krishna,Wheat,Kharif,9.33,561.5,28.0,72.8,6.4,7.12,25.9,61.7,78.9,129.5,Flood,118.2,5.27,0.65,507026.0,44.4
Tamil Nadu,Ludhiana,Sugarcane,Kharif,1.42,916.4,25.4,76.6,7.3,6.18,32.0,139.3,65.2,124.4,Sprinkler,187.2,5.09,0.77,104569.0,45.2
Gujarat,Krishna,Sugarcane,Rabi,9.26,496.4,20.5,66.2,5.5,5.66,29.1,111.2,63.1,78.7,Sprinkler,112.1,5.81,0.79,592275.0,37.3
Madhya Pradesh,Nalgonda,Pulses,Zaid,2.67,158.4,29.7,49.3,9.3,6.91,17.4,126.3,74.2,107.6,Flood,146.5,4.04,0.91,150519.0,37.9
Punjab,Ludhiana,Rice,Kharif,10.04,794.9,22.1,78.2,6.6,6.39,26.4,127.7,50.0,108.3,Rainfed,134.2,6.67,0.91,687905.0,44.8
Gujarat,Rajkot,Maize,Rabi,10.22,269.4,27.6,53.4,8.7,5.49,27.7,110.3,47.4,106.2,Drip,171.9,4.3,0.83,716596.0,30.3
Madhya Pradesh,Ludhiana,Groundnut,Rabi,3.98,244.7,24.5,78.4,6.5,5.34,23.3,128.4,46.2,104.1,Sprinkler,273.9,5.83,0.79,308269.0,41.1
Telangana,Ludhiana,Groundnut,Rabi,8.0,465.1,24.3,68.7,8.2,6.97,18.0,132.0,54.5,100.7,Sprinkler,197.7,8.62,0.88,538378.0,45.3
Andhra Pradesh,Rajkot,Rice,Kharif,11.82,451.2,24.3,61.4,6.0,6.8,30.3,81.7,58.3,140.0,Flood,172.1,8.52,0.72,795221.0,33.2
Andhra Pradesh,Krishna,Chilli,Zaid,13.98,191.4,29.1,47.1,8.6,7.44,20.3,47.593,59.2,71.0,Drip,147.5,0.5,0.99,816173.0,47.0
Tamil Nadu,Ludhiana,Chilli,Kharif,12.06,993.0,30.8,78.1,5.7,6.73,28.3,133.2,80.1,143.7,Drip,148.5,6.89,0.68,839705.0,40.5
Karnataka,Rajkot,Wheat,Zaid,13.2,343.8,27.6,45.7,8.8,6.52,25.0,72.9,76.4,108.0,Rainfed,151.5,6.64,0.76,833889.0,32.5
Punjab,Nalgonda,Wheat,Rabi,14.72,326.0,27.3,69.7,6.6,5.98,27.3,108.1,80.9,62.3,Sprinkler,131.7,4.5,0.86,756327.0,30.2
Gujarat,Guntur,Pulses,Kharif,12.6,1122.6,28.6,67.8,4.9,8.03,36.2,148.2,53.5,137.6,Rainfed,200.1,8.79,0.86,864129.0,46.1
Madhya Pradesh,Erode,Rice,Kharif,10.82,973.8,31.8,70.0,8.8,6.86,28.6,111.5,51.2,118.1,Drip,133.4,4.15,0.87,735536.0,59.7
Tamil Nadu,Guntur,Groundnut,Rabi,9.12,341.6,24.0,42.7,7.7,6.19,20.0,126.1,66.3,55.9,Rainfed,126.9,7.24,0.75,513283.0,40.8
Punjab,Ludhiana,Cotton,Rabi,5.46,517.2,24.6,56.6,7.9,6.16,23.0,174.4,93.4,107.4,Drip,140.3,4.52,0.71,321019.0,32.4
Madhya Pradesh,Ludhiana,Wheat,Rabi,7.08,504.5,26.6,68.7,7.7,7.09,22.6,122.0,55.6,58.9,Sprinkler,228.1,7.48,0.89,484345.0,28.2
Punjab,Indore,Maize,Zaid,10.78,609.0,31.6,44.4,8.4,6.89,26.5,71.6,61.8,113.0,Sprinkler,328.11199999999974,5.23,0.92,981651.0,44.0
Gujarat,Indore,Pulses,Rabi,2.88,386.9,24.1,57.0,10.0,5.83,29.0,181.5,68.6,135.4,Drip,160.9,5.49,0.73,193767.0,38.3
Maharashtra,Nashik,Maize,Kharif,7.8,1033.9,29.9,56.7,6.5,7.03,27.0,137.7,70.6,38.592000000000006,Sprinkler,56.0,5.89,0.77,524319.0,66.6
Gujarat,Nalgonda,Maize,Kharif,2.44,844.2,33.0,78.7,7.0,6.91,33.5,129.2,37.4,109.5,Flood,212.7,1.67,0.69,149821.0,68.4
Tamil Nadu,Ludhiana,Cotton,Kharif,13.27,690.5,32.9,82.7,8.0,7.31,27.8,126.7,70.9,124.0,Sprinkler,253.1,7.09,0.95,882125.0,63.4
Andhra Pradesh,Guntur,Cotton,Rabi,14.89,88.2,28.5,56.6,7.7,7.1,26.7,133.4,68.4,100.3,Drip,58.5,7.88,0.76,793458.0,23.4
Andhra Pradesh,Nalgonda,Maize,Zaid,1.7,621.6,30.3,58.7,8.2,6.52,11.4,145.7,53.5,141.0,Drip,226.4,4.79,0.95,125373.0,51.7
Telangana,Nalgonda,Groundnut,Rabi,14.68,360.7,25.1,49.5,9.2,6.3,24.7,110.0,33.7,67.0,Flood,175.0,8.32,0.85,950791.0,22.5
Madhya Pradesh,Guntur,Wheat,Rabi,3.88,433.4,29.2,45.1,7.7,6.36,26.8,71.6,77.3,123.2,Sprinkler,205.2,3.66,0.98,301109.0,40.1
Karnataka,Guntur,Groundnut,Kharif,6.16,588.5,27.2,61.1,7.8,6.89,34.6,133.4,74.4,127.4,Rainfed,190.7,3.26,0.86,344173.0,51.9
Madhya Pradesh,Ludhiana,Rice,Kharif,14.67,977.0,26.7,75.8,9.0,5.58,37.4,47.593,17.298000000000002,60.7,Drip,133.2,6.27,0.96,921710.0,67.1
Tamil Nadu,Warangal,Cotton,Kharif,3.23,929.8,28.1,56.1,5.5,7.65,35.0,169.8,74.8,90.4,Flood,162.4,2.98,0.72,199386.0,56.7
Karnataka,Indore,Rice,Rabi,7.07,590.0,21.1,60.1,7.7,6.66,24.0,102.6,69.5,109.9,Rainfed,188.5,2.23,0.95,440516.0,60.8
Maharashtra,Guntur,Cotton,Rabi,2.8,529.2,22.0,58.1,6.6,6.71,17.0,140.3,51.0,89.2,Flood,280.9,5.77,1.0,207613.0,32.8
Telangana,Krishna,Maize,Rabi,1.68,80.0,23.8,69.8,7.5,5.68,24.5,110.6,58.0,121.1,Drip,328.11199999999974,3.88,0.98,133587.0,29.5
Andhra Pradesh,Indore,Pulses,Rabi,1.28,448.5,22.8,50.0,6.2,7.13,22.3,127.3,51.4,125.1,Flood,231.5,6.43,0.74,98578.0,28.0
Telangana,Nalgonda,Groundnut,Rabi,8.23,305.1,21.1,60.4,9.0,6.66,21.5,115.4,74.3,71.4,Drip,129.8,7.84,0.76,497367.0,18.8
Telangana,Nashik,Chilli,Kharif,5.62,1203.6019999999999,27.9,36.9,7.0,7.5,32.8,145.4,52.8,107.0,Flood,188.4,4.54,0.73,472264.0,60.8
Gujarat,Guntur,Pulses,Rabi,2.03,304.9,25.0,52.2,7.7,7.54,20.1,147.8,66.2,92.8,Flood,130.7,2.85,0.74,153078.0,33.7
Telangana,Nashik,Chilli,Zaid,12.64,650.0,30.2,61.2,8.6,6.71,23.6,98.8,56.9,67.4,Drip,128.6,5.47,0.72,768068.0,51.5
Tamil Nadu,Raichur,Wheat,Rabi,3.53,561.4,25.3,76.8,6.2,6.66,18.5,91.5,32.4,136.1,Flood,192.2,4.81,1.0,216318.0,37.9
Gujarat,Ludhiana,Cotton,Kharif,1.91,672.1,27.6,69.0,6.8,6.6,32.9,120.6,35.5,83.5,Rainfed,244.2,8.67,0.79,129887.0,48.9
Karnataka,Warangal,Groundnut,Kharif,1.8,701.4,27.0,70.0,4.899000000000001,6.02,29.9,91.8,59.1,91.1,Drip,190.5,8.11,0.67,135842.0,28.8
Gujarat,Warangal,Cotton,Kharif,8.45,930.0,29.0,72.1,7.2,7.17,29.9,140.3,65.8,109.7,Drip,252.7,5.63,0.82,595887.0,51.2
Maharashtra,Guntur,Rice,Rabi,6.31,729.5,18.599,83.9,7.6,5.87,26.7,190.6039999999999,76.8,101.4,Flood,175.1,9.18,0.85,399343.0,38.3
Tamil Nadu,Guntur,Sugarcane,Kharif,10.11,833.3,27.6,72.2,8.8,6.63,25.3,107.5,43.7,79.1,Rainfed,213.5,4.85,0.76,649426.0,37.2
Tamil Nadu,Raichur,Maize,Zaid,14.61,172.6,33.4,54.7,8.3,6.52,11.4,78.8,91.2,70.2,Sprinkler,175.3,5.55,0.75,1023286.0,37.2
Maharashtra,Warangal,Rice,Rabi,14.26,602.1,26.0,55.0,7.0,7.18,22.6,144.5,78.5,98.2,Flood,66.6,6.09,0.84,769972.0,39.7
Madhya Pradesh,Raichur,Cotton,Zaid,5.44,542.2,34.0,35.9,7.7,6.63,20.1,47.593,46.1,76.9,Drip,88.0,8.09,0.97,303592.0,33.6
Karnataka,Nashik,Wheat,Kharif,4.7,757.9,32.4,67.7,6.2,6.84,29.0,126.1,77.3,90.3,Sprinkler,184.6,6.49,0.8,337155.0,42.1
Karnataka,Krishna,Maize,Rabi,9.91,503.5,24.6,47.3,6.7,7.24,20.6,113.3,46.3,106.8,Drip,238.0,4.34,0.7,544234.0,42.0
Andhra Pradesh,Warangal,Wheat,Kharif,10.01,928.5,28.6,80.5,8.7,6.25,33.8,102.8,57.0,120.6,Rainfed,138.1,2.81,0.7,429373.0,66.1
Andhra Pradesh,Nashik,Groundnut,Rabi,8.26,647.9,23.0,62.1,6.8,7.61,19.6,91.8,74.0,88.3,Flood,290.0,6.3,0.97,802751.0,32.9
Tamil Nadu,Ludhiana,Chilli,Rabi,8.88,347.0,24.8,44.7,7.1,7.11,27.6,71.3,44.7,74.7,Rainfed,179.4,6.4,0.83,645861.0,31.4
Tamil Nadu,Erode,Groundnut,Rabi,5.69,149.9,21.2,57.9,8.3,6.66,24.8,90.7,63.2,97.4,Sprinkler,215.1,8.41,0.89,400410.0,29.1
Maharashtra,Rajkot,Wheat,Kharif,1.65,977.0,30.7,68.2,7.3,6.32,29.0,115.9,50.1,93.3,Rainfed,328.11199999999974,5.54,0.95,129653.0,53.9
Telangana,Indore,Rice,Rabi,12.26,580.9,21.5,50.4,7.3,6.5,25.7,123.2,63.9,133.1,Flood,163.1,4.73,0.73,805278.0,44.4
Gujarat,Warangal,Rice,Kharif,10.38,796.4,30.7,62.0,7.6,5.85,25.9,151.8,28.4,105.1,Flood,226.6,9.11,0.87,850432.0,25.6
Tamil Nadu,Ludhiana,Groundnut,Rabi,0.91,163.4,25.4,68.0,8.6,6.07,17.6,56.9,57.9,100.4,Drip,180.0,3.18,0.66,75200.0,40.9
Andhra Pradesh,Warangal,Cotton,Kharif,13.73,925.5,24.8,68.3,5.3,6.92,33.4,107.6,65.9,65.6,Flood,94.7,5.64,0.97,899351.0,47.4
Punjab,Indore,Chilli,Rabi,9.95,537.7,24.9,51.8,7.9,6.64,19.4,139.0,72.0,93.6,Drip,114.9,4.99,0.87,577226.0,50.5
Tamil Nadu,Indore,Wheat,Rabi,13.18,573.5,23.1,41.6,8.4,5.98,21.7,98.7,74.8,83.9,Flood,163.6,5.11,0.74,826628.0,38.5
Madhya Pradesh,Warangal,Pulses,Kharif,10.53,791.8,28.3,71.0,6.7,5.64,37.0,91.3,70.2,129.0,Flood,215.5,1.57,0.69,776434.0,70.3
Andhra Pradesh,Indore,Cotton,Kharif,4.81,892.2,27.6,81.0,7.3,6.42,24.0,95.4,19.4,102.7,Flood,198.4,5.62,0.91,422909.0,59.5
Telangana,Nalgonda,Groundnut,Kharif,5.77,693.6,30.4,76.0,6.1,6.72,37.7,67.6,84.7,106.6,Drip,317.7,6.1,0.74,471695.0,49.5
Punjab,Nashik,Chilli,Rabi,2.01,407.4,21.6,64.1,7.4,6.46,31.0,150.2,81.8,80.3,Rainfed,173.5,3.71,0.77,108423.0,53.4
Gujarat,Guntur,Groundnut,Kharif,6.23,850.3,31.8,65.5,6.8,6.74,36.8,161.8,65.1,149.0,Rainfed,99.1,5.85,0.96,364507.0,50.1
Karnataka,Krishna,Cotton,Rabi,7.07,622.0,25.0,45.5,7.3,7.38,28.5,96.7,36.5,97.3,Drip,184.2,6.22,0.85,445234.0,39.1
Telangana,Warangal,Rice,Zaid,2.58,324.9,34.2,48.0,8.6,6.59,19.6,95.7,80.7,97.6,Drip,194.5,2.93,0.93,149902.0,41.2
Tamil Nadu,Erode,Maize,Kharif,13.99,704.8,29.5,89.40399999999991,8.4,5.97,34.5,109.6,52.3,123.4,Sprinkler,278.3,5.75,0.79,1080912.0,61.3
Maharashtra,Guntur,Cotton,Rabi,5.52,678.5,23.7,63.0,8.2,7.61,26.2,84.7,70.0,77.6,Rainfed,191.3,4.74,0.71,357514.0,58.0
Maharashtra,Raichur,Chilli,Kharif,7.0,1120.4,25.1,77.7,4.899000000000001,5.5,36.5,92.3,83.0,161.0,Flood,257.7,7.12,0.67,569727.0,54.3
Karnataka,Warangal,Wheat,Rabi,4.45,80.0,18.599,78.3,7.1,7.3,32.5,72.1,80.3,118.8,Sprinkler,123.6,4.79,0.69,305569.0,44.0
Andhra Pradesh,Warangal,Chilli,Rabi,4.62,277.8,23.5,43.0,7.9,5.31,22.2,97.7,35.6,82.0,Sprinkler,184.0,7.65,0.67,327912.0,18.7
Punjab,Nalgonda,Groundnut,Rabi,4.69,455.8,26.2,41.7,8.9,7.18,23.5,140.5,74.6,130.8,Drip,242.4,4.5,0.93,386995.0,39.8
Karnataka,Ludhiana,Pulses,Rabi,7.88,330.4,27.7,51.9,6.7,6.76,22.3,93.7,39.7,118.8,Drip,178.8,4.82,0.89,533756.0,33.2
Madhya Pradesh,Indore,Wheat,Rabi,3.43,583.5,21.4,73.3,7.0,6.85,27.0,78.8,53.2,108.5,Rainfed,193.3,2.75,0.9,258902.0,43.7
Karnataka,Ludhiana,Cotton,Rabi,10.68,228.5,21.7,61.0,8.9,7.15,24.7,70.2,60.2,116.2,Rainfed,147.5,3.33,0.72,621286.0,45.0
Gujarat,Nalgonda,Rice,Rabi,5.71,296.0,23.5,55.3,8.3,6.67,27.3,118.0,67.1,129.3,Flood,159.8,3.44,1.0,374020.0,37.5
Gujarat,Nalgonda,Pulses,Rabi,11.02,341.9,21.2,57.2,6.9,6.97,20.0,117.0,65.1,70.8,Flood,81.5,4.02,0.94,653063.0,37.7
Karnataka,Krishna,Groundnut,Rabi,2.15,550.3,25.2,64.6,7.8,6.22,27.0,114.7,44.9,112.5,Flood,203.3,6.61,0.9,153669.0,33.8
Maharashtra,Warangal,Maize,Kharif,7.96,779.7,27.7,73.8,6.0,6.87,27.4,190.6039999999999,45.3,88.2,Flood,168.8,6.5,0.79,503979.0,43.9
Punjab,Ludhiana,Wheat,Zaid,7.78,329.0,28.1,35.5,9.2,6.58,11.4,107.4,34.4,111.6,Flood,231.5,2.18,0.96,591420.0,37.1
Telangana,Rajkot,Wheat,Zaid,9.99,451.6,30.6,60.0,8.6,6.25,11.6,127.7,66.1,105.2,Drip,158.2,7.55,0.72,714905.0,35.0
Madhya Pradesh,Guntur,Cotton,Kharif,1.65,957.4,34.7,73.5,5.6,7.12,36.1,95.7,90.4,168.90299999999993,Flood,200.9,6.54,0.72,122246.0,59.5
Tamil Nadu,Warangal,Maize,Rabi,13.02,779.6,25.5,52.8,6.3,7.79,20.5,142.7,87.5,104.6,Flood,98.7,5.45,0.69,666511.0,57.2
Telangana,Nalgonda,Cotton,Kharif,10.55,961.5,27.8,77.8,5.8,6.33,23.8,156.7,71.6,66.8,Flood,44.595,5.83,0.71,702841.0,61.5
Andhra Pradesh,Warangal,Chilli,Zaid,2.94,515.2,31.6,62.1,8.2,8.24,18.7,47.593,70.2,42.8,Drip,172.8,5.73,0.66,187008.0,48.0
Telangana,Indore,Cotton,Kharif,13.74,596.5,27.3,66.2,6.8,6.69,26.4,139.4,39.2,104.3,Flood,259.7,6.1,0.86,1081805.0,57.1
Maharashtra,Warangal,Cotton,Zaid,2.72,370.0,33.1,50.1,8.4,6.69,12.1,150.3,55.6,65.0,Rainfed,85.8,5.95,0.9,159674.0,38.2
Punjab,Raichur,Pulses,Kharif,2.49,1040.0,25.3,67.4,8.6,6.16,32.5,87.2,52.2,72.6,Rainfed,202.7,1.71,0.79,171033.0,74.60099999999997
Punjab,Krishna,Groundnut,Kharif,8.05,690.9,32.1,67.8,7.4,6.76,33.9,118.3,60.2,135.8,Sprinkler,218.9,3.2,0.99,618456.0,47.4
Andhra Pradesh,Nashik,Rice,Kharif,1.41,885.8,28.5,63.9,6.1,7.39,23.9,143.9,74.8,95.5,Flood,199.1,1.65,0.87,108739.0,60.7
Karnataka,Nashik,Rice,Rabi,8.3,371.4,18.599,35.5,7.1,6.37,22.6,156.8,63.3,100.3,Sprinkler,89.6,4.38,0.69,628652.0,47.0
Karnataka,Ludhiana,Wheat,Rabi,10.59,382.5,20.9,60.6,7.4,6.58,19.8,48.2,20.6,105.2,Rainfed,198.1,6.09,0.91,610472.0,40.1
Tamil Nadu,Rajkot,Rice,Kharif,13.57,998.7,27.1,89.40399999999991,5.1,7.3,34.4,115.3,50.4,134.7,Drip,199.4,8.48,0.71,955550.0,50.7
Tamil Nadu,Warangal,Wheat,Zaid,11.65,487.0,31.0,49.4,8.5,7.04,18.5,94.8,73.2,88.3,Drip,278.1,5.92,0.68,688128.0,30.9
Madhya Pradesh,Nashik,Wheat,Kharif,6.71,991.7,27.8,78.0,7.0,6.02,29.2,47.593,54.1,143.6,Flood,267.7,4.38,0.7,429879.0,57.6
Madhya Pradesh,Guntur,Maize,Kharif,11.84,892.2,24.8,59.4,8.4,6.04,30.8,72.3,41.1,78.9,Sprinkler,119.9,6.79,0.94,739709.0,36.7
Gujarat,Guntur,Maize,Rabi,9.15,582.2,20.7,70.9,10.0,7.48,26.1,157.0,46.6,71.6,Drip,147.3,6.01,0.9,506864.0,35.4
Tamil Nadu,Nalgonda,Pulses,Kharif,8.24,668.1,24.6,81.9,8.2,7.72,32.3,169.7,66.0,86.1,Drip,233.5,4.94,0.98,556769.0,61.4
Punjab,Erode,Groundnut,Rabi,11.26,527.1,25.1,49.4,8.2,6.91,24.1,139.6,56.3,89.5,Sprinkler,44.595,6.4,0.83,584584.0,35.2
Andhra Pradesh,Rajkot,Cotton,Rabi,13.78,360.9,20.5,61.8,9.9,6.81,30.0,109.6,54.0,68.0,Sprinkler,170.8,4.37,0.85,933396.0,51.7
Telangana,Rajkot,Groundnut,Rabi,9.5,459.5,18.599,63.8,6.9,7.27,22.6,140.2,57.0,106.8,Flood,169.7,5.92,0.82,667294.0,41.9
Telangana,Erode,Groundnut,Rabi,2.75,326.0,25.3,61.3,8.2,7.77,17.5,137.8,32.4,85.4,Flood,231.5,6.6,0.87,219146.0,36.0
Tamil Nadu,Guntur,Sugarcane,Kharif,14.16,860.4,26.5,74.0,5.0,7.14,29.7,157.2,66.1,151.7,Drip,122.0,5.71,0.73,875331.0,41.8
Andhra Pradesh,Raichur,Chilli,Zaid,12.06,456.6,30.8,59.2,9.1,7.65,20.7,130.9,58.7,99.2,Flood,236.3,9.520199999999996,0.73,931348.0,26.5
Tamil Nadu,Krishna,Cotton,Rabi,11.94,411.4,24.3,43.1,8.1,6.82,22.8,137.8,63.5,100.6,Flood,260.6,6.05,0.67,922911.0,37.0
Andhra Pradesh,Krishna,Rice,Kharif,9.44,873.7,25.5,70.7,6.9,6.41,22.3,127.1,60.6,128.3,Flood,201.9,5.1,0.81,593186.0,56.7
Gujarat,Guntur,Maize,Zaid,12.72,193.5,30.7,44.9,7.8,6.32,15.1,152.5,97.10099999999997,74.0,Flood,182.1,6.67,0.96,932657.0,26.5
Telangana,Nashik,Wheat,Kharif,12.55,935.7,25.5,65.7,6.8,6.7,27.4,125.6,70.7,121.6,Flood,128.8,5.63,0.84,736544.0,48.4
Gujarat,Raichur,Groundnut,Zaid,8.83,176.8,30.0,45.8,6.2,6.73,11.7,74.8,64.3,72.2,Rainfed,162.8,2.48,0.95,529211.0,47.0
Karnataka,Nalgonda,Groundnut,Rabi,10.36,665.8,27.1,45.0,8.3,6.32,13.3,105.5,46.9,83.8,Sprinkler,189.2,3.67,0.78,590945.0,44.3
Madhya Pradesh,Rajkot,Chilli,Rabi,0.69,355.0,22.1,56.9,7.6,6.89,32.2,76.0,69.2,96.2,Drip,167.5,5.74,0.9,51341.0,20.9
Gujarat,Guntur,Chilli,Kharif,7.23,764.6,28.9,78.0,5.0,6.81,35.7,86.8,35.6,154.1,Sprinkler,88.9,2.85,0.87,379569.0,55.7
Karnataka,Indore,Rice,Zaid,9.23,117.5,34.3,35.5,9.5,6.65,21.9,82.6,63.7,106.7,Rainfed,290.8,6.62,0.85,757379.0,19.6
Karnataka,Warangal,Rice,Rabi,14.89,611.0,22.2,61.3,7.0,6.03,17.0,140.3,68.1,125.1,Drip,166.8,6.79,0.96,1096479.0,31.3
Punjab,Ludhiana,Sugarcane,Rabi,13.7,120.9,23.6,61.2,8.7,7.76,21.2,139.5,54.7,38.592000000000006,Rainfed,168.0,6.07,0.84,935074.0,42.2
Maharashtra,Indore,Wheat,Kharif,12.56,940.0,31.0,74.8,6.6,7.29,28.2,106.4,49.9,109.7,Sprinkler,156.8,4.94,0.95,811532.0,57.9
Punjab,Raichur,Cotton,Kharif,11.46,669.8,31.3,65.9,8.7,6.79,38.7,132.8,50.7,86.9,Rainfed,261.9,2.31,0.85,802972.0,56.2
Karnataka,Nashik,Pulses,Rabi,4.06,702.0,22.8,47.9,7.4,6.53,23.8,70.1,72.6,107.2,Flood,136.5,5.43,0.86,253157.0,40.1
Andhra Pradesh,Nashik,Cotton,Kharif,6.8,942.9,22.9,62.3,7.5,6.16,28.0,132.1,57.2,129.4,Rainfed,99.8,7.41,0.81,351079.0,48.0
Gujarat,Guntur,Rice,Rabi,11.33,336.8,21.9,51.9,7.9,6.91,25.4,155.4,84.7,98.8,Sprinkler,142.0,4.15,0.77,774038.0,42.9
Punjab,Nalgonda,Cotton,Kharif,4.12,717.0,30.5,58.1,5.9,6.85,29.6,120.7,52.8,82.2,Sprinkler,100.7,8.42,0.96,227790.0,38.4
Andhra Pradesh,Indore,Sugarcane,Zaid,4.2,447.4,33.3,49.0,8.8,6.45,21.1,132.3,55.9,85.9,Drip,207.4,3.33,0.82,271891.0,48.5
Gujarat,Warangal,Sugarcane,Kharif,12.2,703.2,29.0,64.6,5.4,5.79,39.8,92.8,47.3,123.2,Sprinkler,214.5,5.66,0.72,813057.0,45.2
Maharashtra,Raichur,Chilli,Rabi,3.51,647.8,24.6,60.0,7.1,6.14,28.6,96.8,73.3,80.6,Drip,152.9,6.12,0.82,213038.0,60.5
Punjab,Guntur,Wheat,Rabi,9.35,582.0,23.4,62.6,8.2,6.22,18.1,154.2,64.6,53.4,Flood,206.1,6.33,0.96,646630.0,34.0
Andhra Pradesh,Indore,Pulses,Kharif,8.52,838.4,28.8,89.1,6.8,6.23,34.0,104.5,69.8,119.7,Flood,214.7,5.13,0.87,581640.0,53.1
Telangana,Nashik,Maize,Kharif,13.21,735.2,35.1,65.0,7.6,6.47,34.9,123.7,43.1,138.5,Flood,200.9,4.47,0.95,820289.0,44.2
Gujarat,Guntur,Wheat,Kharif,9.7,893.9,27.2,71.0,7.0,7.43,29.9,144.6,49.9,96.7,Flood,177.3,5.64,0.93,684115.0,60.6
Gujarat,Erode,Chilli,Kharif,0.64,946.9,27.8,73.0,6.1,7.64,32.0,127.6,71.3,104.5,Rainfed,233.5,3.74,0.97,42634.82,53.7
Tamil Nadu,Raichur,Pulses,Rabi,14.83,447.8,19.7,69.0,7.4,6.26,29.1,134.5,70.1,97.9,Sprinkler,235.8,3.07,0.97,1014867.0,59.8
Telangana,Nalgonda,Pulses,Rabi,1.29,623.2,23.4,63.2,6.6,7.26,22.7,113.7,50.5,131.2,Flood,202.8,8.88,0.9,89012.0,35.9
Tamil Nadu,Ludhiana,Groundnut,Rabi,10.61,469.8,22.5,66.5,8.2,6.43,17.1,115.1,58.9,79.2,Sprinkler,163.6,5.71,0.71,693066.0,53.6
Punjab,Guntur,Pulses,Kharif,7.64,1044.2,30.2,60.6,6.2,6.66,33.7,98.0,97.10099999999997,127.7,Flood,205.8,5.41,0.69,382747.0,58.8
Gujarat,Nalgonda,Maize,Rabi,3.19,360.4,23.6,62.4,8.8,6.81,25.9,81.2,37.2,109.6,Rainfed,95.3,3.01,0.71,177607.0,36.7
Telangana,Warangal,Sugarcane,Kharif,6.31,1057.2,32.2,75.8,7.0,6.8,30.9,107.3,63.4,134.0,Rainfed,107.7,5.32,0.93,367905.0,53.2
Punjab,Krishna,Pulses,Kharif,1.07,590.3,34.5,74.5,8.0,6.0,38.8,157.0,51.1,105.0,Rainfed,195.0,3.72,0.93,75623.0,40.0
Tamil Nadu,Indore,Chilli,Kharif,14.18,868.9,30.9,89.40399999999991,7.3,7.61,31.6,92.5,44.6,138.0,Drip,65.2,6.77,0.78,807054.0,55.6
Gujarat,Raichur,Rice,Rabi,6.15,556.4,19.7,57.3,6.2,7.83,18.2,121.7,64.8,164.9,Flood,251.8,1.07,0.67,491432.0,46.9
Andhra Pradesh,Raichur,Wheat,Zaid,11.88,219.8,31.1,50.8,9.0,6.62,12.5,156.6,67.4,147.7,Flood,207.5,0.5,0.93,779076.0,47.8
Madhya Pradesh,Erode,Chilli,Kharif,6.08,1083.6,27.8,85.6,4.9,5.92,34.3,104.7,65.4,139.3,Sprinkler,238.1,7.48,0.89,437569.0,63.0
Punjab,Raichur,Wheat,Zaid,4.46,83.6,28.5,66.3,7.4,6.43,23.2,157.9,52.9,142.7,Rainfed,108.5,2.98,0.89,235009.0,34.9
Madhya Pradesh,Guntur,Cotton,Kharif,2.14,1026.5,28.7,69.6,6.3,6.25,31.4,135.1,60.9,102.2,Flood,206.0,5.89,0.82,157304.0,53.4
Maharashtra,Warangal,Maize,Rabi,11.07,358.8,23.9,48.7,6.3,5.85,16.8,119.1,41.2,79.5,Sprinkler,260.1,3.91,0.94,756405.0,45.6
Telangana,Krishna,Pulses,Rabi,12.09,379.2,22.1,68.3,7.2,7.18,25.7,123.0,60.4,86.7,Flood,158.5,3.03,0.83,737092.0,42.7
Karnataka,Nashik,Rice,Rabi,10.69,618.2,26.9,56.8,5.9,7.85,22.9,67.5,65.8,102.4,Rainfed,135.7,4.84,0.99,703391.0,51.8
Andhra Pradesh,Warangal,Wheat,Kharif,3.22,830.2,28.4,77.7,6.5,7.39,31.9,163.4,59.2,54.6,Drip,269.2,7.04,0.65,247188.0,57.1
Karnataka,Rajkot,Rice,Rabi,1.87,845.0,22.6,61.5,6.8,6.92,20.3,115.8,56.0,91.7,Rainfed,146.5,4.29,0.95,102412.0,58.7
Madhya Pradesh,Nalgonda,Cotton,Rabi,8.23,669.4,23.2,53.0,7.8,7.15,16.9,138.8,69.4,97.8,Flood,63.6,5.14,0.91,624364.0,61.1
Tamil Nadu,Guntur,Rice,Zaid,7.34,445.4,28.2,52.9,7.5,7.46,18.0,126.7,49.1,112.8,Flood,214.5,4.92,0.79,482878.0,46.4
Karnataka,Rajkot,Wheat,Kharif,7.07,607.4,25.8,63.8,6.0,7.23,33.3,106.3,53.4,51.6,Sprinkler,180.6,1.39,0.66,457259.0,59.7
Karnataka,Guntur,Rice,Zaid,0.71,308.6,35.1,49.8,5.7,7.05,13.2,136.5,74.7,125.6,Flood,203.1,2.22,0.97,52027.0,43.5
Karnataka,Guntur,Maize,Kharif,7.12,808.8,28.6,74.1,6.5,6.07,28.8,151.4,41.2,131.8,Drip,239.3,1.8,0.89,535160.0,69.5
Andhra Pradesh,Raichur,Pulses,Kharif,9.59,652.5,27.8,72.9,8.3,6.63,35.3,173.1,31.0,103.6,Rainfed,216.2,5.82,0.92,530134.0,55.0
Karnataka,Krishna,Pulses,Kharif,7.67,951.6,29.0,76.1,6.1,6.64,32.6,134.7,74.3,84.3,Flood,231.5,6.18,0.86,525178.0,52.1
Maharashtra,Nalgonda,Wheat,Zaid,13.6,84.0,33.8,60.1,7.7,7.44,16.9,120.5,56.4,89.0,Flood,220.1,4.96,0.95,906143.0,30.0
Telangana,Indore,Cotton,Kharif,12.46,886.4,29.4,74.5,8.2,6.14,28.0,79.0,46.4,113.5,Flood,84.9,0.5,1.0,633739.0,52.6
Telangana,Nalgonda,Groundnut,Rabi,11.0,310.3,24.0,60.5,7.9,7.4,28.7,133.7,65.9,95.3,Drip,161.6,4.17,0.77,812396.0,46.3
Tamil Nadu,Indore,Maize,Kharif,9.24,690.5,30.3,81.2,7.3,7.79,34.7,117.5,34.8,114.6,Flood,200.0,2.98,0.68,695967.0,64.2
Gujarat,Guntur,Sugarcane,Rabi,7.27,315.3,24.5,56.0,6.9,5.74,20.9,109.7,58.8,39.9,Sprinkler,202.5,6.59,0.73,463536.0,30.2
Punjab,Warangal,Cotton,Kharif,13.09,457.4,27.4,81.9,7.0,6.83,30.6,110.0,41.1,157.4,Rainfed,315.3,6.47,0.68,964413.0,53.0
Andhra Pradesh,Guntur,Rice,Kharif,9.27,940.8,25.3,75.0,7.1,6.76,23.4,99.0,78.3,104.2,Rainfed,92.3,5.35,0.68,507333.0,67.7
Gujarat,Rajkot,Wheat,Rabi,14.89,380.8,21.8,58.7,7.9,6.6,20.4,77.6,60.3,98.2,Sprinkler,260.0,6.31,0.92,1126428.82,37.6
Punjab,Nalgonda,Groundnut,Kharif,8.69,950.2,30.1,67.2,6.0,6.82,36.2,143.4,82.6,88.6,Rainfed,130.1,4.82,0.9,492835.0,55.5
Madhya Pradesh,Nashik,Cotton,Kharif,3.93,600.8,27.2,72.6,7.6,7.73,34.9,84.7,42.3,99.0,Drip,203.5,7.44,0.83,272931.0,36.7
Tamil Nadu,Erode,Maize,Kharif,0.81,610.4,27.9,72.1,6.5,7.42,22.1,64.4,56.3,109.6,Rainfed,170.5,5.0,0.77,54498.0,56.4
Punjab,Krishna,Maize,Kharif,2.25,1093.5,27.3,57.0,4.899000000000001,7.61,32.4,190.6039999999999,39.1,122.5,Rainfed,104.0,5.35,0.9,107828.0,41.9
Gujarat,Nalgonda,Maize,Rabi,6.76,742.0,22.9,71.5,9.5,7.04,26.8,129.1,27.0,113.9,Drip,128.9,7.29,0.97,452782.0,61.3
Karnataka,Ludhiana,Maize,Rabi,8.4,264.5,21.9,57.1,7.3,7.05,21.6,148.6,35.8,157.2,Sprinkler,170.6,2.82,0.74,555202.0,39.4
Andhra Pradesh,Krishna,Pulses,Kharif,0.64,976.5,29.3,70.1,6.0,6.45,33.8,97.6,49.2,101.9,Sprinkler,48.9,3.22,0.72,42634.82,68.5
Telangana,Krishna,Maize,Kharif,11.05,1203.6019999999999,30.5,85.4,6.6,7.57,34.5,138.3,72.2,96.3,Drip,89.1,4.51,0.96,624894.0,67.2
Telangana,Warangal,Maize,Kharif,13.15,711.8,26.2,60.6,7.5,5.55,25.2,75.2,32.8,115.9,Flood,133.6,6.64,0.85,913967.0,46.2
Karnataka,Nashik,Pulses,Rabi,10.06,329.5,18.9,59.3,9.5,6.73,26.0,136.5,74.0,122.7,Flood,166.1,6.23,0.66,666113.0,33.9
Punjab,Erode,Cotton,Zaid,10.98,80.0,31.5,76.5,9.0,8.240099999999998,13.2,121.0,52.4,96.5,Drip,208.1,4.97,0.65,779454.0,42.9
Andhra Pradesh,Raichur,Rice,Kharif,4.05,500.1,28.3,66.3,6.6,6.77,26.8,131.8,48.6,124.6,Drip,249.3,3.95,0.98,256401.0,43.9
Punjab,Raichur,Cotton,Zaid,6.49,489.4,29.7,39.6,7.6,6.93,18.6,107.2,92.6,137.8,Flood,195.1,5.51,0.82,439273.0,33.7
Telangana,Erode,Wheat,Kharif,2.96,828.8,29.9,70.0,6.0,6.49,33.7,125.6,51.2,134.3,Flood,132.9,3.58,0.74,178645.0,69.1
Andhra Pradesh,Erode,Rice,Rabi,6.1,432.8,20.6,47.0,7.5,6.5,22.6,190.6039999999999,91.9,105.6,Drip,247.3,4.48,0.93,473864.0,42.7
Punjab,Guntur,Pulses,Zaid,3.21,80.0,31.6,62.7,8.7,6.57,24.5,84.4,75.8,111.1,Rainfed,196.5,3.92,0.78,178737.0,36.5
Maharashtra,Indore,Wheat,Kharif,9.3,892.3,28.3,84.6,7.6,6.98,31.8,144.2,61.2,142.1,Drip,203.2,3.73,0.8,661302.0,64.0
Madhya Pradesh,Nalgonda,Wheat,Zaid,5.36,629.9,28.4,40.1,7.5,7.3,26.4,122.3,69.8,78.2,Sprinkler,108.3,9.26,0.91,360205.0,26.8
Tamil Nadu,Guntur,Chilli,Zaid,10.72,432.1,28.8,50.7,9.3,6.63,16.5,136.5,93.3,123.0,Sprinkler,190.3,5.25,0.66,660415.0,38.4
Gujarat,Rajkot,Sugarcane,Kharif,14.36,710.4,29.6,72.9,7.1,7.22,37.1,132.8,77.4,92.2,Drip,143.4,6.64,0.9,1049748.0,46.7
Andhra Pradesh,Ludhiana,Wheat,Kharif,12.39,516.1,27.9,75.2,5.3,7.19,29.4,137.4,54.6,128.5,Flood,170.1,0.51,0.83,705675.0,61.1
Punjab,Raichur,Pulses,Kharif,10.49,905.6,29.0,74.2,5.8,5.74,33.0,59.2,82.4,126.3,Sprinkler,251.8,5.4,0.67,766230.0,57.4
Gujarat,Nashik,Chilli,Rabi,4.43,579.0,22.7,49.5,8.0,6.43,23.8,155.1,60.7,104.4,Rainfed,179.9,2.73,0.82,229266.0,56.7
Maharashtra,Ludhiana,Wheat,Rabi,7.78,777.2,21.6,51.4,6.9,7.07,26.1,106.4,55.4,98.6,Rainfed,87.3,4.53,0.74,413326.0,51.0
Maharashtra,Nashik,Rice,Kharif,9.09,1103.9,27.9,72.1,6.7,6.67,36.7,95.0,48.5,116.8,Sprinkler,80.4,4.05,0.99,560711.0,46.5
Telangana,Erode,Maize,Kharif,2.16,582.0,29.7,81.1,6.7,6.71,22.6,158.7,87.4,71.0,Rainfed,197.0,0.5,0.79,130775.0,74.60099999999997
Telangana,Erode,Maize,Rabi,4.98,443.6,22.2,46.9,7.0,6.69,31.6,102.2,57.6,105.5,Drip,266.4,4.84,0.74,354131.0,33.1
Gujarat,Rajkot,Chilli,Rabi,14.89,80.0,23.8,37.8,9.6,5.58,27.3,120.9,85.6,119.5,Rainfed,214.9,6.18,0.69,974099.0,30.4
Andhra Pradesh,Nalgonda,Pulses,Kharif,6.14,634.7,30.4,89.40399999999991,8.1,6.95,40.3,132.5,70.6,104.0,Flood,191.0,5.62,0.68,431730.0,54.3
Karnataka,Rajkot,Sugarcane,Kharif,7.23,679.6,26.3,65.9,6.9,6.86,33.0,147.6,55.1,86.9,Sprinkler,91.3,3.55,0.94,445799.0,41.3
Andhra Pradesh,Ludhiana,Maize,Kharif,8.86,1177.8,26.8,75.6,6.4,6.17,35.4,165.4,42.9,135.2,Flood,248.6,6.35,0.93,705821.0,53.7
Maharashtra,Ludhiana,Maize,Kharif,12.66,835.7,24.4,88.2,8.2,6.34,34.2,100.2,61.1,66.4,Flood,221.7,3.86,0.68,877963.0,48.1
Punjab,Ludhiana,Chilli,Kharif,5.94,1104.4,21.8,66.9,7.2,7.79,24.6,140.0,67.9,168.90299999999993,Flood,137.2,5.7,0.99,375946.0,55.7
Maharashtra,Nalgonda,Maize,Zaid,13.7,191.4,34.2,46.6,7.3,7.59,20.1,102.3,50.3,90.6,Sprinkler,126.9,5.26,0.94,1043626.0,38.4
Punjab,Raichur,Groundnut,Kharif,11.31,828.5,27.8,64.3,7.3,6.61,41.0,81.4,50.3,68.1,Drip,237.2,7.08,0.82,963809.0,47.4
Karnataka,Ludhiana,Sugarcane,Zaid,1.09,80.0,31.0,58.1,9.9,6.66,14.8,74.2,48.4,107.2,Drip,197.7,7.99,0.71,77608.0,35.4
Karnataka,Raichur,Cotton,Kharif,4.21,1048.9,32.5,74.8,6.8,7.03,35.8,80.8,77.7,94.8,Flood,253.5,4.07,0.69,352210.0,60.2
Gujarat,Nashik,Rice,Zaid,13.49,289.9,30.5,56.8,8.5,7.28,19.1,117.6,31.1,83.9,Rainfed,237.4,3.49,0.72,950207.0,41.2
Gujarat,Erode,Maize,Kharif,11.07,1048.5,32.1,85.0,5.4,6.44,31.3,118.5,51.7,84.2,Flood,141.3,7.71,0.92,787032.0,50.3
Punjab,Indore,Groundnut,Kharif,13.55,367.9,28.7,76.6,6.5,7.93,32.0,120.7,55.6,100.7,Flood,190.9,2.4,0.99,927045.0,59.6
Gujarat,Raichur,Rice,Zaid,6.17,355.8,32.7,52.9,8.7,6.09,17.6,133.6,74.4,98.0,Flood,229.7,6.02,0.68,446442.0,27.4
Gujarat,Raichur,Wheat,Kharif,5.38,996.5,27.5,60.0,7.5,7.52,34.8,93.9,56.6,45.7,Flood,106.8,4.52,0.87,325064.0,65.1
Madhya Pradesh,Guntur,Chilli,Rabi,9.2,654.1,24.1,58.8,7.3,7.76,31.0,170.6,55.9,113.2,Flood,278.3,5.39,0.84,755256.0,46.0
Andhra Pradesh,Raichur,Rice,Kharif,2.09,1021.9,29.6,63.9,8.0,6.65,20.9,169.4,67.9,55.3,Sprinkler,175.3,5.76,0.79,135997.0,43.2
Karnataka,Rajkot,Cotton,Rabi,5.4,535.2,20.1,61.6,8.8,7.59,23.3,113.0,64.2,72.8,Flood,210.5,9.15,0.74,398765.0,25.1
Gujarat,Guntur,Cotton,Zaid,7.59,212.2,35.1,52.5,7.5,5.95,24.0,90.4,64.3,85.2,Flood,228.6,5.76,0.98,507173.0,32.6
Gujarat,Krishna,Groundnut,Kharif,2.83,834.5,26.2,70.4,5.4,7.64,36.3,135.6,36.9,85.5,Drip,196.5,7.82,0.75,216006.0,40.4
Maharashtra,Rajkot,Cotton,Zaid,5.2,202.6,28.2,62.7,7.3,6.21,17.1,107.2,46.8,86.0,Drip,79.1,3.35,0.75,275762.0,42.3
Tamil Nadu,Ludhiana,Sugarcane,Zaid,14.86,273.3,30.8,54.6,8.1,6.21,22.5,82.6,92.4,72.7,Rainfed,181.8,3.46,0.73,993659.0,52.1
Telangana,Nalgonda,Pulses,Kharif,13.07,991.9,26.2,85.4,7.4,6.87,30.7,126.9,59.5,120.8,Flood,127.2,5.36,0.82,784347.0,68.6
Gujarat,Rajkot,Cotton,Zaid,13.2,421.4,33.2,37.5,6.7,5.49,21.8,147.2,63.8,38.592000000000006,Flood,223.5,8.8,0.94,1053307.0,20.0
Gujarat,Erode,Sugarcane,Zaid,7.73,564.3,28.6,55.2,6.9,6.44,24.9,114.1,90.1,136.9,Flood,266.5,5.59,1.0,656724.0,39.0
Andhra Pradesh,Nashik,Groundnut,Rabi,13.88,454.5,26.0,49.2,7.8,7.37,27.6,164.4,26.8,62.7,Drip,108.4,6.72,0.84,737960.0,32.5
Tamil Nadu,Erode,Wheat,Zaid,14.19,233.6,32.1,45.5,8.9,6.88,14.6,129.7,43.4,152.6,Flood,255.6,2.96,0.68,1019447.0,50.3
Madhya Pradesh,Guntur,Sugarcane,Kharif,3.56,853.4,24.9,82.6,5.6,5.98,34.0,150.9,17.298000000000002,85.4,Flood,230.0,6.31,0.76,222328.0,48.9
Madhya Pradesh,Krishna,Maize,Rabi,9.07,589.4,22.2,55.8,7.2,6.47,25.5,132.8,58.4,57.9,Rainfed,235.6,6.85,0.69,623505.0,36.9
Andhra Pradesh,Raichur,Cotton,Rabi,8.48,349.0,23.3,61.2,6.5,5.88,24.9,106.1,42.5,108.6,Drip,201.9,2.89,0.98,589560.0,43.6
Madhya Pradesh,Ludhiana,Maize,Kharif,5.15,997.6,27.0,74.0,7.1,7.15,27.1,129.2,48.0,141.6,Flood,165.5,7.39,0.93,313935.0,53.3
Karnataka,Raichur,Rice,Kharif,11.53,791.6,26.2,71.7,7.8,6.2,35.3,144.3,79.9,61.4,Flood,151.4,3.1,0.84,843463.0,55.4
Punjab,Warangal,Chilli,Kharif,10.29,1112.7,27.9,64.8,6.8,6.44,25.8,105.7,58.3,79.1,Flood,80.4,8.12,0.69,546731.0,54.9
Punjab,Rajkot,Pulses,Rabi,3.28,335.7,26.0,46.9,7.3,6.28,33.1,178.4,93.8,143.8,Drip,112.7,2.44,0.89,177626.0,38.4
Maharashtra,Warangal,Wheat,Kharif,13.72,678.8,31.8,79.2,5.4,7.32,24.0,114.7,45.8,38.592000000000006,Rainfed,208.7,5.61,0.65,1108873.0,50.4
Madhya Pradesh,Ludhiana,Pulses,Rabi,14.89,443.9,21.9,55.4,8.6,7.69,22.0,133.8,65.9,68.9,Sprinkler,119.4,3.67,0.94,842003.0,43.9
Gujarat,Nalgonda,Maize,Zaid,8.78,363.1,26.3,57.2,8.7,7.9,12.5,135.2,27.5,86.4,Sprinkler,163.5,9.520199999999996,0.77,530061.0,23.6
Gujarat,Guntur,Pulses,Rabi,14.46,290.0,19.7,60.7,9.3,6.13,26.3,157.1,42.6,135.5,Flood,169.1,6.29,0.91,1028780.0,20.6
Gujarat,Rajkot,Wheat,Kharif,11.0,1069.9,30.3,52.9,8.7,6.85,34.6,59.0,89.5,82.5,Drip,149.0,2.01,0.7,635985.0,70.9
Madhya Pradesh,Raichur,Pulses,Kharif,2.05,1106.9,28.5,75.1,6.4,7.23,33.5,94.7,95.8,105.5,Drip,44.595,3.02,0.77,77513.0,64.3
Maharashtra,Nashik,Chilli,Kharif,7.85,969.7,29.0,57.3,6.5,7.22,29.2,110.4,33.4,96.0,Drip,172.8,3.49,0.98,526487.0,44.6
Andhra Pradesh,Indore,Pulses,Rabi,4.76,390.6,21.4,62.5,8.9,5.87,23.5,98.4,61.4,115.8,Flood,156.9,4.14,0.74,353747.0,32.4
Karnataka,Warangal,Chilli,Kharif,9.69,647.1,30.8,64.0,7.4,7.8,41.0,127.6,48.3,99.2,Drip,145.7,3.18,0.72,670643.0,54.5
Gujarat,Erode,Wheat,Kharif,8.57,1147.3,31.9,72.5,5.2,7.94,29.1,142.0,29.3,135.4,Sprinkler,58.3,1.28,0.91,469713.0,73.9
Andhra Pradesh,Indore,Cotton,Zaid,7.09,103.4,35.1,52.1,7.5,7.56,31.3,115.6,62.4,131.5,Sprinkler,73.3,8.55,0.88,371487.0,19.7
Punjab,Warangal,Pulses,Rabi,13.19,346.5,26.0,58.3,6.1,6.93,25.6,110.3,27.5,93.3,Flood,180.5,4.16,0.74,980049.0,45.1
Telangana,Erode,Wheat,Zaid,7.75,411.2,29.3,55.5,8.7,5.68,14.3,141.4,53.1,114.3,Drip,277.2,4.86,0.96,689926.0,44.5
Tamil Nadu,Raichur,Rice,Kharif,4.06,742.8,26.0,60.9,6.3,7.8,34.1,117.9,97.10099999999997,124.7,Flood,178.5,8.34,0.88,325744.0,48.6
Karnataka,Ludhiana,Wheat,Rabi,12.1,657.3,24.8,59.8,7.7,7.08,21.7,125.3,94.5,79.7,Flood,111.2,2.77,0.92,837946.0,34.8
Maharashtra,Indore,Groundnut,Kharif,3.66,1066.4,28.8,77.5,7.3,7.56,40.3,131.2,41.6,65.4,Rainfed,176.1,4.38,0.69,293609.0,69.3
Gujarat,Rajkot,Maize,Rabi,5.94,80.0,20.7,59.1,8.7,7.82,29.9,109.6,97.10099999999997,100.0,Flood,229.8,5.69,0.87,421691.0,37.1
Punjab,Warangal,Maize,Kharif,12.26,1049.7,23.7,78.3,7.5,6.99,30.0,75.3,86.6,129.9,Flood,183.5,2.75,0.79,731340.0,64.9
Maharashtra,Indore,Rice,Rabi,2.86,348.6,19.6,53.5,6.2,6.7,18.1,99.3,31.4,105.6,Rainfed,297.9,5.9,0.78,199787.0,33.8
Punjab,Nalgonda,Chilli,Kharif,12.62,1073.4,27.9,73.1,8.4,7.0,30.6,118.4,48.5,133.8,Drip,328.11199999999974,8.26,0.71,991860.0,36.0
Madhya Pradesh,Raichur,Wheat,Rabi,7.87,202.2,24.9,46.5,8.4,6.76,24.2,187.4,72.1,83.9,Flood,254.8,6.72,0.78,558336.0,42.1
Tamil Nadu,Rajkot,Groundnut,Zaid,1.88,96.9,33.8,57.9,7.8,6.37,17.1,102.6,53.6,105.7,Flood,239.7,1.86,0.87,94239.0,45.9
Gujarat,Erode,Cotton,Rabi,10.87,603.5,24.9,52.0,8.9,6.04,19.9,156.6,33.6,97.8,Flood,292.4,6.49,0.74,872177.0,41.2
Tamil Nadu,Krishna,Chilli,Kharif,11.03,861.1,33.1,64.2,7.2,6.46,31.8,92.2,53.7,114.1,Sprinkler,165.9,2.65,0.75,697716.0,65.9
Andhra Pradesh,Erode,Rice,Zaid,9.6,263.6,30.3,50.3,7.2,6.89,24.8,115.2,63.1,133.7,Sprinkler,246.7,4.08,0.9,572678.0,35.0
Gujarat,Ludhiana,Wheat,Rabi,14.63,110.2,23.8,57.9,8.0,6.39,15.9,103.6,61.2,42.6,Sprinkler,97.1,2.04,0.99,950329.0,34.1
Andhra Pradesh,Indore,Wheat,Rabi,14.89,197.7,24.1,54.2,8.0,7.74,37.2,111.0,81.3,97.1,Flood,247.6,1.83,0.79,866531.0,42.1
Telangana,Indore,Pulses,Zaid,6.19,288.4,33.0,62.9,8.6,7.4,21.9,64.9,64.7,90.5,Rainfed,312.2,3.23,0.66,475149.0,54.6
Gujarat,Warangal,Maize,Rabi,5.23,635.1,21.1,72.2,7.4,7.42,22.8,131.8,91.0,113.1,Flood,192.7,3.71,0.71,305218.0,54.8
Andhra Pradesh,Erode,Sugarcane,Rabi,8.74,279.2,27.5,61.0,9.1,7.67,19.5,177.7,69.7,127.9,Rainfed,222.9,5.44,0.9,529140.0,29.9
Punjab,Nalgonda,Sugarcane,Kharif,4.47,449.2,28.4,65.3,5.8,6.33,19.2,50.2,56.2,163.0,Drip,170.8,6.44,0.78,235257.0,34.7
Telangana,Nashik,Pulses,Rabi,2.0,638.1,28.4,49.8,8.3,5.37,31.9,147.8,55.5,102.1,Drip,238.1,6.93,0.69,152734.0,37.4
Karnataka,Nalgonda,Sugarcane,Rabi,4.79,232.5,24.0,56.7,7.9,5.67,27.5,80.4,46.1,98.8,Rainfed,153.7,3.51,0.88,272845.0,46.7
Andhra Pradesh,Indore,Maize,Kharif,3.79,824.3,30.0,75.0,6.3,5.27,25.4,145.5,67.3,103.7,Sprinkler,234.7,6.42,0.7,293299.0,52.8
Andhra Pradesh,Nashik,Rice,Kharif,9.14,548.9,31.5,58.5,7.6,6.13,25.7,57.8,87.5,104.1,Rainfed,210.7,6.05,0.68,636241.0,42.2
Maharashtra,Rajkot,Sugarcane,Rabi,6.17,436.6,20.6,74.4,7.7,7.06,21.1,96.7,63.3,38.592000000000006,Flood,211.9,5.43,0.88,535327.0,37.2
Tamil Nadu,Guntur,Maize,Rabi,7.8,334.9,25.8,56.8,7.5,5.69,29.0,59.8,27.7,114.6,Rainfed,148.3,4.64,0.75,447704.0,36.2
Punjab,Nalgonda,Groundnut,Kharif,8.35,719.4,29.0,63.1,6.3,7.78,31.5,88.2,57.8,84.7,Rainfed,134.8,5.66,0.96,531152.0,56.9
Maharashtra,Krishna,Maize,Rabi,7.71,178.0,21.8,74.8,9.8,5.44,25.3,100.5,51.8,64.1,Flood,115.4,2.08,0.77,456113.0,44.7
Tamil Nadu,Erode,Sugarcane,Kharif,9.25,894.8,26.9,63.3,6.9,6.17,31.4,100.6,59.4,63.9,Drip,220.7,4.71,0.84,617575.0,54.8
Punjab,Nalgonda,Rice,Kharif,2.33,653.5,24.9,72.2,4.9,6.56,38.6,72.8,60.9,91.5,Drip,140.2,6.94,0.83,143834.0,49.7
Maharashtra,Nalgonda,Rice,Kharif,5.92,796.7,27.5,67.1,7.3,7.08,37.9,60.1,55.7,83.7,Drip,259.8,3.84,0.75,437282.0,59.6
Tamil Nadu,Erode,Chilli,Zaid,10.17,466.5,31.0,63.7,7.3,6.97,30.8,174.1,27.4,108.5,Flood,137.0,3.48,0.85,681808.0,46.4
Karnataka,Ludhiana,Maize,Rabi,5.4,224.9,22.1,62.5,9.7,6.16,23.9,177.1,69.1,166.1,Flood,158.2,2.57,0.73,373689.0,41.9
Karnataka,Ludhiana,Maize,Rabi,1.87,328.5,22.5,66.6,8.6,6.5,35.4,100.1,51.9,131.3,Drip,223.8,6.44,0.71,135645.0,36.8
Gujarat,Rajkot,Maize,Rabi,14.51,738.8,24.9,61.4,7.9,7.18,30.6,182.3,62.7,118.1,Rainfed,204.7,6.96,0.71,1001178.0,52.2
Punjab,Krishna,Cotton,Rabi,14.89,402.3,27.7,62.3,6.1,6.32,30.2,97.1,70.4,68.3,Drip,108.3,4.83,0.84,910082.0,47.2
Andhra Pradesh,Erode,Cotton,Kharif,9.9,871.6,29.6,74.0,6.9,7.59,30.7,130.7,79.2,109.0,Flood,141.0,4.33,0.72,660881.0,54.8
Punjab,Krishna,Groundnut,Kharif,2.09,772.5,30.8,56.4,6.8,6.32,32.1,105.4,30.7,133.0,Sprinkler,199.9,2.92,0.89,142200.0,60.3
Maharashtra,Guntur,Sugarcane,Kharif,2.4,1175.2,28.2,66.5,4.899000000000001,6.42,35.5,129.4,90.1,93.8,Sprinkler,276.0,5.46,0.74,190625.0,50.8
Maharashtra,Ludhiana,Maize,Rabi,8.62,545.3,24.8,48.8,7.8,5.7,26.6,103.6,84.6,139.1,Flood,205.5,4.77,0.89,585591.0,43.3
Karnataka,Raichur,Rice,Rabi,4.82,470.5,20.6,54.8,7.0,7.35,35.2,128.5,57.9,40.8,Drip,285.5,3.8,0.68,326040.0,46.5
Karnataka,Rajkot,Maize,Zaid,5.5,205.9,31.7,50.2,6.3,6.43,26.4,123.7,58.7,65.3,Drip,271.9,6.68,0.79,397080.0,29.5
Karnataka,Guntur,Cotton,Kharif,8.3,974.6,31.1,54.9,5.6,7.63,37.2,166.3,41.3,112.9,Sprinkler,218.9,5.93,0.72,622756.0,58.2
Punjab,Warangal,Groundnut,Kharif,11.07,778.8,28.7,69.0,8.1,6.83,29.5,144.0,45.3,103.2,Sprinkler,328.11199999999974,1.01,0.8,975234.0,67.6
Karnataka,Ludhiana,Chilli,Kharif,0.64,681.2,24.1,68.1,8.5,7.35,24.2,83.4,78.0,133.4,Rainfed,183.7,1.68,0.9,42634.82,52.3
Tamil Nadu,Nalgonda,Chilli,Rabi,12.97,331.5,21.9,66.8,7.2,6.19,25.1,120.9,44.5,121.8,Flood,241.8,0.77,0.92,854751.0,60.9
Andhra Pradesh,Guntur,Cotton,Rabi,11.67,531.5,23.3,59.2,7.7,7.5,22.2,127.5,62.1,134.4,Sprinkler,148.3,4.22,0.98,690212.0,45.3
Telangana,Nalgonda,Rice,Rabi,2.42,196.3,25.0,63.2,8.8,5.91,21.1,140.5,45.7,72.0,Flood,217.8,8.05,0.67,200378.0,47.8
Madhya Pradesh,Warangal,Cotton,Rabi,5.23,185.8,19.9,43.4,7.5,6.94,17.7,112.1,71.3,147.8,Drip,101.7,8.67,0.76,259811.0,22.5
Maharashtra,Guntur,Chilli,Rabi,13.21,825.5,28.5,64.4,7.2,6.62,19.9,111.1,42.0,117.4,Drip,214.9,5.22,0.68,887947.0,51.0
Maharashtra,Indore,Rice,Zaid,6.11,288.4,30.6,73.6,8.9,7.23,20.7,138.9,37.3,67.5,Rainfed,118.1,4.09,0.75,328305.0,49.9
Maharashtra,Nashik,Maize,Kharif,8.54,605.6,31.2,63.8,6.8,6.99,41.0,98.1,63.8,88.8,Rainfed,172.2,4.77,0.68,523670.0,61.7
Maharashtra,Nalgonda,Chilli,Zaid,10.65,411.1,34.8,59.9,7.4,6.07,19.0,114.7,76.6,109.6,Drip,168.4,4.78,0.78,763432.0,44.6
Andhra Pradesh,Ludhiana,Cotton,Zaid,9.46,261.6,30.1,59.8,7.9,7.54,19.2,127.1,51.8,112.4,Sprinkler,207.2,4.54,0.87,649205.0,48.4
Gujarat,Guntur,Pulses,Rabi,10.44,486.7,25.2,63.3,7.2,6.34,30.4,104.8,44.4,38.592000000000006,Rainfed,52.3,4.83,0.73,607532.0,46.9
Punjab,Warangal,Pulses,Kharif,3.04,1012.3,26.9,64.0,6.7,5.48,31.8,108.0,71.3,75.2,Flood,180.0,2.02,0.84,216493.0,72.4
Gujarat,Raichur,Pulses,Kharif,3.59,553.8,25.0,62.4,6.8,6.18,32.4,124.0,67.1,123.5,Drip,134.9,2.95,0.8,190682.0,59.1
Andhra Pradesh,Warangal,Groundnut,Rabi,13.02,578.9,24.4,66.3,7.3,7.12,23.8,132.1,62.1,103.4,Rainfed,284.7,3.68,0.8,815543.0,54.0
Madhya Pradesh,Krishna,Rice,Zaid,8.55,582.0,29.7,55.3,6.4,6.26,21.7,172.9,65.7,91.7,Rainfed,153.9,4.51,0.68,544752.0,52.0
Maharashtra,Nalgonda,Rice,Kharif,3.79,988.3,32.0,71.9,8.4,5.2,26.5,130.6,58.6,108.6,Flood,205.8,7.24,0.65,303619.0,52.8
Andhra Pradesh,Nashik,Rice,Kharif,10.52,810.8,25.8,61.4,7.1,7.04,31.3,150.6,42.9,88.1,Drip,292.9,6.75,0.94,732840.0,55.7
Telangana,Warangal,Cotton,Kharif,3.7,658.3,24.0,61.6,6.9,6.72,36.7,108.5,76.3,104.5,Rainfed,211.0,3.42,0.89,283510.0,53.9
Maharashtra,Nashik,Chilli,Kharif,7.18,836.2,29.6,73.1,6.0,6.49,25.8,75.5,43.7,113.7,Sprinkler,130.8,7.97,0.81,471581.0,46.7
Andhra Pradesh,Warangal,Pulses,Kharif,11.45,784.7,27.3,76.8,5.9,7.19,29.7,166.7,61.1,63.7,Drip,328.11199999999974,5.53,0.94,918367.0,57.3
Maharashtra,Nalgonda,Maize,Rabi,13.95,561.6,22.0,46.6,8.4,6.85,21.0,92.1,90.4,124.0,Drip,272.0,4.91,0.79,909931.0,41.4
Andhra Pradesh,Ludhiana,Pulses,Kharif,1.27,717.2,23.9,65.9,7.3,6.38,26.2,149.4,69.1,102.7,Flood,193.5,4.01,0.85,96888.0,52.9
Tamil Nadu,Raichur,Groundnut,Kharif,10.3,829.6,28.4,71.8,6.7,7.1,23.3,138.3,50.2,140.9,Drip,161.8,2.27,0.76,561422.0,63.1
Madhya Pradesh,Raichur,Chilli,Rabi,12.85,422.6,19.6,48.2,8.6,6.18,29.8,63.7,50.8,105.3,Flood,90.0,0.5,0.89,878759.0,40.9
Telangana,Erode,Wheat,Kharif,1.39,810.6,27.9,59.6,6.5,6.72,31.4,133.3,57.3,94.3,Flood,190.1,1.85,0.86,88592.0,54.5
Tamil Nadu,Erode,Maize,Rabi,5.19,423.5,21.8,61.6,7.2,6.07,19.9,142.4,44.5,65.0,Sprinkler,173.2,6.16,0.7,363789.0,34.9
Gujarat,Guntur,Maize,Zaid,10.01,80.0,33.1,55.0,7.2,7.23,25.3,133.5,45.3,119.4,Sprinkler,283.3,5.11,0.94,790705.0,31.9
Gujarat,Raichur,Groundnut,Zaid,1.9,262.5,29.0,43.7,8.0,6.49,13.2,68.3,17.298000000000002,122.2,Flood,211.6,9.520199999999996,0.79,153690.0,21.6
Telangana,Nalgonda,Groundnut,Rabi,10.72,170.0,22.3,60.7,7.7,7.67,26.5,111.8,82.5,98.7,Drip,191.2,6.15,0.65,667589.0,31.5
Maharashtra,Guntur,Pulses,Rabi,8.12,510.4,23.3,46.1,7.8,6.13,24.8,122.9,68.5,145.9,Rainfed,213.1,7.24,0.68,620404.0,26.8
Andhra Pradesh,Ludhiana,Rice,Kharif,10.82,860.4,30.8,85.7,7.8,6.61,27.8,114.7,52.4,94.0,Sprinkler,168.1,3.94,0.77,759705.0,59.3
Punjab,Ludhiana,Rice,Rabi,4.77,256.0,23.7,71.9,7.2,7.26,20.4,133.6,51.5,105.5,Rainfed,212.2,4.9,0.98,320528.0,30.8
Punjab,Rajkot,Chilli,Kharif,8.15,818.2,28.5,61.1,8.2,7.83,34.4,121.6,42.9,124.4,Rainfed,195.5,8.12,0.84,675702.0,25.4
Andhra Pradesh,Ludhiana,Cotton,Kharif,0.64,774.5,29.2,75.8,7.1,6.41,31.0,114.7,64.5,105.5,Flood,239.3,6.17,1.0,44994.0,53.6
Telangana,Raichur,Cotton,Rabi,0.64,421.7,26.5,48.8,9.7,6.26,17.3,96.4,64.6,166.0,Sprinkler,195.3,3.05,0.73,42634.82,40.9
Gujarat,Rajkot,Wheat,Kharif,5.44,820.7,28.0,68.1,6.4,7.41,25.0,137.1,53.1,95.5,Flood,207.8,1.33,0.85,404535.0,53.6
Madhya Pradesh,Guntur,Rice,Rabi,10.48,493.5,20.8,69.9,6.7,6.77,26.2,118.3,46.3,100.6,Rainfed,245.7,5.34,0.74,641237.0,43.4
Telangana,Raichur,Rice,Kharif,1.11,818.6,26.6,55.5,5.8,7.1,25.5,149.0,58.9,86.1,Drip,199.5,3.96,0.76,81001.0,55.9
Andhra Pradesh,Rajkot,Wheat,Kharif,13.86,826.1,30.1,67.2,6.5,6.74,31.9,180.1,59.0,113.5,Drip,217.8,4.66,0.86,864895.0,51.1
Gujarat,Nalgonda,Rice,Kharif,14.01,907.1,30.1,62.5,7.2,7.15,29.2,89.8,85.3,80.3,Flood,240.5,3.32,0.93,998282.0,56.0
Telangana,Erode,Cotton,Kharif,8.62,1122.5,30.8,66.8,6.0,6.96,17.4,97.9,54.0,69.1,Drip,128.6,6.89,0.68,615855.0,61.9
Tamil Nadu,Indore,Rice,Kharif,14.23,323.5,22.0,76.4,7.4,6.46,36.9,119.1,35.3,54.3,Rainfed,165.9,5.38,0.65,978170.0,44.8
Maharashtra,Rajkot,Wheat,Kharif,11.81,1011.8,33.7,67.2,8.5,5.73,25.1,128.9,88.0,121.1,Flood,94.9,6.97,0.84,711342.0,52.8
Gujarat,Nashik,Groundnut,Rabi,14.24,489.1,23.5,71.6,7.3,6.02,19.7,130.9,59.6,46.2,Drip,230.8,3.89,0.97,983595.0,46.2
Andhra Pradesh,Krishna,Pulses,Kharif,9.43,1110.0,27.4,71.6,7.1,5.2,41.0,157.6,59.4,121.4,Flood,93.5,3.66,0.82,548780.0,62.9
Andhra Pradesh,Rajkot,Rice,Rabi,6.21,310.0,23.4,48.9,8.3,6.22,23.8,57.9,70.5,127.0,Flood,174.0,6.37,0.84,513891.0,25.1
Madhya Pradesh,Krishna,Rice,Rabi,9.04,323.5,20.9,66.7,6.7,6.69,23.1,106.6,43.7,133.7,Drip,251.5,6.04,0.79,591244.0,48.3
Tamil Nadu,Indore,Rice,Rabi,4.43,296.9,23.3,59.7,5.2,6.99,14.4,118.0,28.2,132.9,Rainfed,131.5,6.79,0.93,333737.0,40.4
Madhya Pradesh,Nalgonda,Cotton,Zaid,6.0,455.9,32.4,50.7,8.9,6.53,22.3,166.9,20.3,72.5,Rainfed,104.9,2.93,0.66,364083.0,46.6
Madhya Pradesh,Nalgonda,Pulses,Rabi,12.7,216.6,22.9,68.3,8.9,5.51,20.6,154.4,54.8,116.7,Drip,314.1,5.78,0.68,1093448.0,47.2
Telangana,Krishna,Rice,Rabi,5.94,517.8,22.8,48.0,7.9,6.02,32.5,57.5,23.7,74.1,Drip,127.2,5.73,0.74,320978.0,29.8
Maharashtra,Raichur,Cotton,Kharif,2.93,809.5,30.8,70.1,7.2,7.28,32.0,82.6,25.3,119.8,Drip,295.4,7.2,0.84,225114.0,43.6
Madhya Pradesh,Rajkot,Cotton,Kharif,11.17,923.3,31.7,75.3,7.6,8.11,25.1,98.9,80.9,52.2,Rainfed,199.7,5.2,0.68,664524.0,50.5
Gujarat,Guntur,Cotton,Kharif,6.09,1095.9,26.0,79.8,6.6,5.94,33.8,86.7,78.1,104.5,Drip,267.8,8.54,0.89,449847.0,38.6
Karnataka,Rajkot,Maize,Rabi,7.56,661.6,24.1,59.0,8.5,5.85,14.5,114.4,33.7,121.9,Flood,213.2,9.520199999999996,0.74,607503.0,28.2
Maharashtra,Warangal,Groundnut,Rabi,1.57,433.0,21.1,45.4,5.0,6.8,24.6,190.6039999999999,71.2,158.2,Drip,87.1,2.57,0.65,97559.0,49.1
Andhra Pradesh,Raichur,Pulses,Zaid,8.74,364.9,28.3,50.9,8.1,5.71,13.8,160.4,71.4,45.8,Flood,151.3,3.89,0.85,632459.0,35.6
Telangana,Warangal,Rice,Kharif,5.91,814.5,32.3,73.0,5.2,5.72,29.8,80.7,51.6,79.6,Flood,218.0,4.44,0.8,437326.0,50.2
Maharashtra,Erode,Cotton,Zaid,3.48,340.4,34.7,61.8,7.4,7.19,21.9,129.1,65.4,75.2,Sprinkler,236.0,5.56,0.73,238012.0,31.5
Karnataka,Erode,Maize,Kharif,6.6,608.8,30.2,74.6,6.1,7.07,33.7,137.9,44.8,101.1,Flood,122.1,2.53,0.8,408089.0,59.3
Telangana,Raichur,Wheat,Zaid,4.13,313.1,30.9,36.8,7.7,7.13,22.8,86.1,72.2,134.1,Drip,153.6,3.89,0.87,251614.0,46.5
Madhya Pradesh,Nashik,Groundnut,Rabi,10.97,165.5,22.9,61.4,6.0,8.1,19.5,88.3,78.0,84.7,Sprinkler,129.0,3.1,0.79,545956.0,36.6
Punjab,Ludhiana,Rice,Rabi,5.78,408.1,26.2,74.0,7.7,7.76,25.5,133.2,39.8,69.4,Sprinkler,267.3,4.26,0.66,419811.0,49.8
Telangana,Warangal,Wheat,Rabi,5.27,152.6,20.4,53.5,8.4,7.35,22.5,146.0,63.0,99.0,Sprinkler,92.8,9.520199999999996,0.69,295012.0,24.5
Gujarat,Nalgonda,Maize,Zaid,14.05,600.7,28.1,57.8,9.7,6.23,12.5,108.5,21.8,147.5,Drip,227.7,8.57,0.84,1126428.82,32.8
Telangana,Krishna,Pulses,Rabi,9.95,297.2,18.599,68.1,5.9,7.41,30.3,120.5,57.8,80.7,Rainfed,161.5,5.44,0.73,684314.0,30.2
Maharashtra,Ludhiana,Pulses,Kharif,1.67,627.6,23.2,73.5,7.2,6.12,27.9,128.1,76.4,142.7,Sprinkler,184.8,6.7,0.73,110314.0,35.4
Andhra Pradesh,Krishna,Wheat,Zaid,12.23,222.2,28.6,62.8,7.0,7.43,19.6,136.3,48.4,117.8,Flood,312.2,3.85,0.91,1040282.0,42.5
Gujarat,Warangal,Chilli,Kharif,14.42,810.5,28.5,57.8,6.2,6.68,28.0,141.2,59.6,120.6,Flood,182.1,6.12,0.98,1031868.0,63.7
Madhya Pradesh,Guntur,Pulses,Rabi,12.1,413.1,21.4,46.8,8.6,5.77,22.4,159.6,71.0,40.0,Flood,227.8,6.53,0.66,780574.0,34.0
Madhya Pradesh,Warangal,Sugarcane,Zaid,1.79,247.2,31.4,50.3,8.1,6.23,11.4,157.4,49.6,110.9,Drip,127.6,2.9,0.7,82684.0,49.2
Telangana,Krishna,Pulses,Kharif,11.69,702.4,31.3,57.9,5.5,6.02,41.0,159.6,47.3,80.7,Sprinkler,202.5,5.77,0.84,771261.0,58.9
Andhra Pradesh,Krishna,Cotton,Zaid,5.46,372.9,26.2,59.2,7.9,6.59,27.9,123.1,60.6,107.1,Rainfed,53.6,7.6,0.84,299728.0,34.1
Madhya Pradesh,Rajkot,Wheat,Kharif,10.59,886.7,24.0,65.2,6.4,7.52,35.3,103.2,72.1,98.7,Drip,211.4,6.31,0.66,831091.0,32.5
Tamil Nadu,Erode,Cotton,Rabi,12.67,635.3,24.4,65.1,6.6,6.54,16.3,64.8,63.8,82.1,Rainfed,127.0,3.84,0.8,721783.0,45.6
Maharashtra,Guntur,Wheat,Rabi,7.39,766.6,22.6,79.1,9.6,7.47,24.0,163.6,37.3,99.6,Sprinkler,223.4,2.02,0.97,496151.0,71.2
Andhra Pradesh,Krishna,Rice,Kharif,14.72,812.4,29.3,72.9,7.1,7.73,34.5,123.5,62.9,61.7,Flood,264.8,5.01,0.82,1126428.82,40.8
Tamil Nadu,Raichur,Maize,Kharif,9.27,790.5,30.4,68.5,6.2,7.8,28.3,178.3,30.5,49.4,Rainfed,214.5,1.09,0.98,492106.0,68.4
Andhra Pradesh,Nashik,Rice,Kharif,1.57,817.6,28.5,49.9,5.1,6.95,31.6,137.6,66.3,118.3,Drip,181.4,4.71,0.98,100174.0,47.5
Madhya Pradesh,Raichur,Cotton,Rabi,5.56,643.8,21.9,76.4,9.1,6.51,24.7,90.3,39.5,168.90299999999993,Drip,266.4,5.59,0.89,460744.0,58.4
Gujarat,Ludhiana,Chilli,Rabi,7.33,517.8,18.7,55.2,7.3,6.75,22.6,186.0,68.4,77.9,Sprinkler,206.4,7.83,0.92,568583.0,32.2
Madhya Pradesh,Krishna,Wheat,Rabi,1.16,323.3,23.5,62.7,8.8,6.99,21.0,108.0,33.2,146.2,Rainfed,233.9,6.77,0.96,78315.0,42.3
Maharashtra,Rajkot,Wheat,Rabi,12.92,268.2,23.8,50.2,8.2,7.75,18.5,173.1,60.0,80.4,Flood,188.3,6.78,0.95,907116.0,29.5
Karnataka,Rajkot,Pulses,Kharif,3.18,829.6,27.4,71.6,8.0,7.08,37.2,132.6,89.1,134.4,Drip,103.7,2.81,0.95,198275.0,62.5
Tamil Nadu,Erode,Pulses,Zaid,14.62,421.0,34.5,50.6,8.2,7.01,27.0,136.1,63.4,124.3,Sprinkler,242.8,3.36,0.69,940215.0,49.8
Madhya Pradesh,Nashik,Groundnut,Kharif,7.88,488.1,28.9,84.3,5.2,6.81,36.0,81.4,69.4,156.2,Rainfed,255.5,6.54,0.79,555251.0,45.1
Gujarat,Ludhiana,Cotton,Kharif,2.3,1007.9,26.8,55.1,6.7,6.76,29.0,146.9,71.6,54.5,Drip,133.2,4.94,0.91,160630.0,41.4
Punjab,Nalgonda,Sugarcane,Kharif,11.32,650.2,25.1,75.1,7.2,5.2,32.2,98.9,45.1,116.3,Sprinkler,192.0,7.31,0.67,767188.0,44.8
Punjab,Guntur,Groundnut,Rabi,12.7,722.6,22.4,58.6,9.2,6.8,26.5,136.8,67.9,97.7,Flood,269.3,8.92,0.69,1057085.0,24.6
Madhya Pradesh,Raichur,Wheat,Kharif,9.92,1015.2,29.5,74.8,7.0,7.05,30.7,86.4,33.9,76.6,Flood,307.6,6.01,0.96,719712.0,68.8
Punjab,Rajkot,Cotton,Rabi,2.05,138.2,23.4,77.0,5.8,6.67,26.2,123.8,39.8,101.3,Rainfed,266.8,2.51,0.86,131002.0,56.5
Gujarat,Krishna,Sugarcane,Rabi,11.92,129.2,18.9,49.2,8.1,7.1,27.5,121.3,34.7,102.2,Drip,242.5,6.9,0.82,900341.0,20.9
Telangana,Ludhiana,Cotton,Rabi,3.34,379.2,21.5,55.5,4.899000000000001,6.32,33.8,123.1,55.3,95.0,Rainfed,165.2,5.16,0.79,221021.0,31.4
Karnataka,Rajkot,Rice,Kharif,7.66,900.0,30.6,73.6,5.7,7.38,37.9,132.8,64.7,161.5,Rainfed,237.6,8.25,0.92,478927.0,42.0
Gujarat,Guntur,Wheat,Rabi,7.3,744.2,24.9,73.2,8.6,5.79,27.4,149.6,60.1,80.6,Sprinkler,92.3,6.19,0.94,507038.0,37.5
Tamil Nadu,Rajkot,Rice,Rabi,2.24,239.6,24.4,58.9,7.0,8.19,22.6,166.0,55.2,94.0,Flood,88.9,5.74,0.66,143692.0,32.8
Punjab,Nashik,Rice,Rabi,6.96,434.7,25.6,70.2,8.5,5.85,24.3,90.7,55.3,122.0,Flood,125.1,3.49,0.71,397330.0,57.7
Telangana,Ludhiana,Chilli,Rabi,10.96,151.0,23.3,52.0,5.5,6.33,21.0,126.2,81.9,123.2,Rainfed,158.6,5.01,0.68,797266.0,18.7
Andhra Pradesh,Rajkot,Rice,Rabi,1.34,723.1,20.3,43.9,9.4,5.79,24.5,108.6,70.4,81.8,Flood,252.7,5.97,0.96,97838.0,33.1
Telangana,Warangal,Maize,Rabi,14.88,344.0,25.0,73.0,7.4,7.08,23.9,187.0,75.1,114.3,Drip,173.8,3.71,0.87,967300.0,49.4
Telangana,Nalgonda,Wheat,Kharif,13.14,1014.4,26.1,75.4,5.7,7.05,25.9,137.6,85.7,93.9,Flood,244.0,9.05,0.74,1126428.82,36.5
Gujarat,Rajkot,Sugarcane,Kharif,11.86,493.2,25.9,72.7,8.2,6.7,21.7,124.0,63.5,101.7,Rainfed,195.2,5.28,0.7,933290.0,44.0
Punjab,Erode,Rice,Rabi,10.68,220.1,22.1,58.5,7.3,6.54,23.5,139.7,72.5,99.7,Rainfed,270.4,3.65,0.7,653891.0,30.0
Maharashtra,Ludhiana,Wheat,Rabi,12.96,80.0,21.1,38.0,8.5,6.75,12.7,123.3,73.3,115.5,Rainfed,218.3,6.74,0.97,789561.0,34.2
Andhra Pradesh,Raichur,Wheat,Rabi,14.27,347.6,22.7,54.4,7.9,5.2,21.2,121.8,57.3,126.2,Drip,290.6,5.82,0.81,1097692.0,42.5
Karnataka,Raichur,Rice,Kharif,10.65,676.9,24.1,72.1,5.3,6.41,30.0,98.3,48.2,105.6,Rainfed,140.1,6.3,0.78,734173.0,45.1
Gujarat,Guntur,Cotton,Kharif,0.9,1075.5,33.4,69.8,5.3,6.93,25.4,59.0,30.0,99.6,Rainfed,127.1,6.3,0.82,52058.0,52.2
Telangana,Nashik,Pulses,Kharif,14.64,504.1,30.0,61.8,7.3,7.7,37.0,145.7,44.0,148.3,Drip,152.6,4.69,0.99,900322.0,53.5
Madhya Pradesh,Indore,Pulses,Kharif,4.66,1193.5,27.3,81.0,6.7,6.81,26.6,145.2,83.8,111.0,Drip,220.7,2.0,0.69,336955.0,69.5
Andhra Pradesh,Warangal,Rice,Rabi,10.41,578.9,24.0,53.2,5.9,6.68,17.1,127.6,66.2,85.1,Rainfed,282.7,2.93,0.74,806130.0,57.5
Punjab,Erode,Wheat,Kharif,12.12,806.9,29.2,71.4,6.9,8.18,34.3,94.7,61.9,102.6,Flood,116.1,3.28,0.69,706041.0,65.2
Gujarat,Nalgonda,Groundnut,Rabi,11.29,482.5,21.5,63.3,8.8,6.72,29.6,124.9,68.6,54.7,Flood,115.2,0.5,0.88,536772.0,51.1
Tamil Nadu,Warangal,Maize,Zaid,6.72,525.7,32.3,53.7,7.2,6.23,13.9,117.8,64.9,86.4,Flood,252.5,9.32,0.96,494726.0,34.6
Punjab,Nashik,Rice,Rabi,8.12,603.3,20.3,63.3,7.7,6.78,28.4,143.5,50.1,38.592000000000006,Rainfed,134.5,5.97,0.86,512275.0,39.4
Tamil Nadu,Warangal,Wheat,Kharif,2.56,792.7,28.0,82.0,6.9,7.03,28.5,146.5,48.2,122.6,Rainfed,152.0,1.84,0.71,208920.0,68.6
Tamil Nadu,Warangal,Rice,Zaid,2.73,444.7,28.2,50.0,8.1,5.68,18.1,156.3,62.7,151.4,Flood,171.3,1.65,0.8,160169.0,46.5
Tamil Nadu,Ludhiana,Pulses,Rabi,3.8,440.6,22.1,56.4,7.5,7.57,17.6,148.3,96.5,79.4,Rainfed,179.5,3.97,0.89,216203.0,50.8
Punjab,Erode,Chilli,Zaid,3.32,377.2,33.0,56.5,7.2,8.240099999999998,25.6,117.4,53.6,135.2,Rainfed,152.4,8.57,0.93,235037.0,31.8
Punjab,Rajkot,Cotton,Rabi,9.04,439.1,25.8,41.7,9.3,6.04,17.9,143.4,41.9,122.3,Sprinkler,192.9,4.07,0.82,647444.0,54.0
Telangana,Nashik,Rice,Kharif,2.68,695.3,25.4,80.3,6.8,7.2,26.6,122.0,45.7,80.7,Drip,145.8,5.76,0.89,159200.0,64.5
Andhra Pradesh,Ludhiana,Rice,Zaid,9.57,631.6,32.8,59.4,7.8,6.1,30.2,140.7,67.5,87.6,Rainfed,150.8,5.81,0.85,742574.0,46.5
Telangana,Indore,Rice,Kharif,10.85,946.0,27.9,72.0,6.4,6.62,29.4,65.7,61.5,130.1,Rainfed,251.0,2.89,0.85,731670.0,73.7
Karnataka,Guntur,Sugarcane,Zaid,5.17,311.8,30.9,48.8,7.3,7.19,22.9,139.3,73.7,119.9,Flood,117.7,7.08,1.0,300989.0,20.6
Telangana,Indore,Rice,Kharif,5.31,653.8,24.3,65.6,8.5,5.99,33.2,124.8,74.6,93.4,Drip,205.3,6.46,0.72,342500.0,36.8
Tamil Nadu,Raichur,Rice,Rabi,10.73,862.8,22.3,55.9,9.7,6.88,24.5,88.3,71.2,52.4,Drip,221.9,0.77,0.78,639745.0,63.6
Tamil Nadu,Guntur,Groundnut,Kharif,2.14,910.2,29.8,62.8,8.4,6.38,27.9,51.4,85.8,95.9,Rainfed,187.0,4.6,0.92,146512.0,50.3
Telangana,Krishna,Wheat,Kharif,2.72,1164.7,28.5,53.3,6.7,7.31,29.6,112.9,51.3,86.7,Sprinkler,97.9,2.52,0.81,159216.0,64.5
Andhra Pradesh,Raichur,Chilli,Kharif,13.39,745.8,30.0,72.1,6.0,6.45,35.4,89.4,57.2,81.6,Drip,158.9,5.75,0.97,835570.0,54.9
Gujarat,Erode,Cotton,Rabi,10.31,390.5,26.0,55.2,9.3,5.4,22.6,118.2,52.6,118.9,Sprinkler,90.2,6.44,0.73,610860.0,37.2
Telangana,Krishna,Rice,Kharif,7.62,916.2,27.1,73.7,5.9,7.01,35.5,166.4,49.4,107.3,Drip,144.6,3.81,0.99,548585.0,65.2
Punjab,Rajkot,Chilli,Kharif,12.74,723.4,26.2,69.0,7.1,6.85,26.4,132.9,90.9,137.5,Flood,186.3,4.52,0.77,712027.0,52.3
Maharashtra,Ludhiana,Maize,Rabi,2.04,505.3,24.0,42.1,9.3,7.16,22.0,125.4,73.3,76.5,Rainfed,231.6,2.98,0.89,134984.0,47.1
Punjab,Erode,Maize,Zaid,1.39,424.2,35.1,63.3,6.2,6.66,11.4,125.5,60.9,139.2,Flood,305.7,8.4,0.79,122903.0,32.4
Telangana,Rajkot,Wheat,Kharif,1.09,842.7,24.4,76.5,9.6,7.24,31.3,86.9,94.3,127.9,Drip,283.9,6.62,0.86,84299.0,48.8
Karnataka,Warangal,Wheat,Kharif,14.15,668.0,29.9,61.3,7.3,6.84,24.1,160.4,53.7,94.7,Flood,277.2,2.67,0.68,1014587.0,63.8
Tamil Nadu,Rajkot,Rice,Kharif,9.24,821.8,27.9,62.8,7.5,6.85,33.3,136.8,51.0,121.6,Sprinkler,155.5,6.19,0.91,615899.0,66.4
Tamil Nadu,Guntur,Chilli,Kharif,14.43,844.8,30.5,51.9,6.6,6.2,26.5,179.4,46.8,100.3,Rainfed,190.3,6.0,0.74,939685.0,36.7
Karnataka,Nashik,Wheat,Kharif,8.16,843.4,31.8,62.9,7.3,6.63,30.9,146.0,41.7,113.9,Rainfed,166.0,6.09,0.85,522176.0,53.8
Maharashtra,Erode,Wheat,Kharif,1.97,724.7,33.4,74.8,7.0,5.85,31.7,108.8,60.6,85.8,Sprinkler,64.4,7.78,0.82,117975.0,43.0
Maharashtra,Nashik,Wheat,Kharif,6.0,657.2,23.6,78.8,6.8,7.38,27.3,123.9,62.8,103.0,Flood,130.5,5.85,0.84,395225.0,34.5
Andhra Pradesh,Rajkot,Rice,Kharif,6.31,840.6,29.7,50.1,8.3,7.23,24.6,88.6,42.2,93.0,Flood,141.4,7.4,0.69,408010.0,47.2
Karnataka,Rajkot,Wheat,Kharif,12.22,1203.6019999999999,33.7,82.5,5.8,6.14,23.9,127.3,65.8,100.3,Flood,290.6,2.57,0.89,1057159.0,74.60099999999997
Maharashtra,Nashik,Sugarcane,Kharif,0.64,987.8,25.0,65.1,6.0,6.78,41.0,166.3,75.1,81.2,Drip,100.7,0.5,0.98,42634.82,66.7
Maharashtra,Indore,Rice,Kharif,9.48,800.9,29.2,76.5,7.5,6.64,25.8,89.5,47.8,134.6,Flood,254.2,8.05,0.65,736214.0,57.5
Telangana,Indore,Groundnut,Zaid,14.04,220.2,32.6,68.7,9.2,6.36,14.9,154.1,51.1,144.6,Drip,136.6,6.79,0.66,813051.0,33.6
Karnataka,Krishna,Maize,Rabi,7.0,360.5,26.0,70.9,7.9,7.03,33.3,90.6,61.5,44.6,Rainfed,281.0,7.86,0.76,536532.0,34.5
Telangana,Indore,Rice,Zaid,7.29,575.7,32.6,37.3,9.2,6.4,15.3,114.2,28.6,82.3,Sprinkler,176.8,9.520199999999996,0.83,484968.0,19.1
Punjab,Nashik,Rice,Rabi,7.59,763.9,29.5,69.2,8.8,6.84,22.9,168.4,47.4,91.3,Drip,44.595,5.64,0.83,373874.0,54.3
Andhra Pradesh,Rajkot,Rice,Kharif,12.19,743.2,24.9,62.3,7.6,6.9,34.2,176.9,42.1,134.3,Rainfed,107.9,8.49,0.78,699119.0,36.6
Maharashtra,Nashik,Cotton,Kharif,4.77,731.7,30.5,71.3,8.3,7.66,32.5,154.2,64.2,150.3,Flood,259.1,5.23,0.83,319255.0,55.9
Telangana,Nalgonda,Groundnut,Kharif,5.18,581.6,26.1,61.8,6.2,6.43,36.0,139.9,65.1,100.3,Flood,210.6,7.31,0.7,375713.0,45.7
Gujarat,Guntur,Groundnut,Kharif,12.88,835.9,25.5,72.5,6.2,6.04,28.2,78.2,63.4,118.8,Flood,232.8,7.88,0.94,771206.0,53.6
Madhya Pradesh,Indore,Pulses,Kharif,13.61,878.1,29.1,67.7,6.5,7.98,37.2,143.1,37.0,142.3,Drip,94.6,5.58,0.72,824795.0,50.8
Tamil Nadu,Rajkot,Rice,Rabi,7.79,489.5,27.3,55.9,8.7,6.19,27.0,138.6,68.5,129.5,Drip,165.5,5.9,0.88,487162.0,29.8
Andhra Pradesh,Rajkot,Rice,Rabi,6.16,149.4,20.6,77.6,8.3,5.45,20.9,95.7,65.9,135.2,Sprinkler,231.2,5.49,0.69,409092.0,41.1
Maharashtra,Guntur,Groundnut,Rabi,6.0,105.6,21.0,50.7,8.1,7.66,29.5,155.3,63.3,54.2,Flood,249.9,3.16,0.8,424940.0,45.7
Karnataka,Rajkot,Wheat,Kharif,4.66,849.1,27.2,60.8,6.4,7.26,32.7,102.0,63.5,107.9,Drip,44.595,6.15,0.65,265269.0,36.9
Punjab,Nashik,Wheat,Rabi,13.95,294.4,25.1,53.3,7.5,6.78,21.2,118.8,85.3,168.90299999999993,Flood,216.4,6.1,0.85,1024002.0,25.3
Punjab,Warangal,Chilli,Rabi,3.34,551.9,24.1,59.9,6.9,6.37,27.7,72.3,80.6,111.5,Rainfed,134.3,1.78,0.95,200723.0,50.2
Maharashtra,Ludhiana,Rice,Rabi,2.8,431.6,27.7,52.3,8.1,6.75,23.6,179.7,17.298000000000002,112.5,Drip,91.2,4.13,0.83,145440.0,42.1
Telangana,Erode,Rice,Zaid,4.15,80.0,29.0,37.8,8.8,6.19,22.7,135.3,37.9,90.2,Flood,212.6,3.41,0.98,304168.0,41.5
Madhya Pradesh,Krishna,Pulses,Rabi,14.23,372.4,24.3,58.4,6.7,5.54,28.7,145.2,50.3,121.4,Rainfed,229.0,1.99,0.66,960704.0,43.0
Karnataka,Warangal,Wheat,Kharif,11.95,853.3,26.1,75.6,5.6,7.47,28.7,125.7,71.9,89.1,Flood,189.2,3.0,0.77,799247.0,59.2
Maharashtra,Raichur,Pulses,Zaid,14.55,80.0,28.9,58.0,9.2,6.58,26.1,104.7,66.0,140.5,Flood,220.6,4.9,0.91,1063120.0,36.3
Madhya Pradesh,Ludhiana,Maize,Kharif,10.14,952.1,27.3,72.8,5.3,7.36,33.1,126.4,55.0,81.0,Flood,255.3,6.0,0.8,832199.0,53.9
Andhra Pradesh,Krishna,Rice,Rabi,10.03,528.5,22.6,64.0,6.8,6.72,32.7,75.6,55.5,71.0,Sprinkler,150.1,4.24,0.92,588315.0,47.0
Telangana,Ludhiana,Rice,Kharif,10.48,1149.9,32.2,89.4,5.8,6.56,37.1,78.8,67.5,100.5,Flood,130.4,5.82,0.68,667816.0,70.0
Andhra Pradesh,Ludhiana,Maize,Kharif,6.96,576.4,28.4,56.6,7.3,7.69,29.9,109.0,78.6,81.4,Drip,119.4,6.05,0.79,444388.0,51.2
Andhra Pradesh,Nalgonda,Chilli,Rabi,5.52,471.6,26.8,61.8,10.0,5.69,36.2,97.0,35.8,101.2,Sprinkler,247.5,0.5,0.9,347778.0,63.4
Maharashtra,Guntur,Cotton,Zaid,6.51,235.9,29.4,54.9,7.4,7.95,22.6,157.3,47.0,90.7,Flood,231.3,6.79,0.97,534671.0,34.2
Maharashtra,Nalgonda,Maize,Rabi,5.43,80.0,24.0,56.0,5.5,7.24,29.8,111.6,41.0,71.9,Drip,44.595,4.54,0.96,315613.0,36.1
Punjab,Erode,Cotton,Kharif,12.01,724.5,31.3,66.0,7.0,6.32,26.4,119.2,64.9,141.8,Rainfed,142.4,3.78,0.99,747723.0,48.0
Punjab,Indore,Sugarcane,Kharif,1.99,485.9,31.1,77.7,7.4,6.75,37.4,90.7,65.7,84.8,Sprinkler,150.9,2.86,0.74,132985.0,64.6
Telangana,Krishna,Rice,Rabi,7.39,490.8,21.7,44.5,5.4,5.64,23.0,104.3,72.3,85.9,Flood,174.7,7.39,0.89,528800.0,29.5
Punjab,Warangal,Sugarcane,Rabi,8.18,517.5,25.4,57.0,8.1,6.74,24.0,138.5,69.0,102.3,Flood,187.9,5.1,0.9,529052.0,36.0
Madhya Pradesh,Nalgonda,Maize,Zaid,12.65,80.0,29.7,46.8,7.8,7.85,20.2,117.1,56.3,112.6,Sprinkler,69.5,4.97,0.79,649709.0,28.8
Maharashtra,Guntur,Sugarcane,Rabi,12.34,504.5,20.4,51.3,8.0,7.09,19.3,163.1,59.4,136.2,Rainfed,195.9,5.66,0.65,678865.0,26.2
Gujarat,Raichur,Wheat,Rabi,12.74,611.1,22.9,66.4,6.8,8.240099999999998,22.9,130.1,61.8,145.9,Rainfed,132.7,3.15,0.73,781389.0,46.8
Karnataka,Ludhiana,Pulses,Kharif,3.02,1152.8,30.2,64.6,6.0,6.54,36.3,86.8,90.7,87.1,Rainfed,94.4,0.78,0.99,173844.0,51.2
Madhya Pradesh,Guntur,Groundnut,Kharif,6.0,825.7,25.2,79.8,6.9,6.12,26.4,88.7,67.0,78.0,Drip,108.2,7.95,0.67,334726.0,44.8
Gujarat,Nashik,Wheat,Rabi,6.67,141.7,26.9,57.6,6.4,5.96,23.1,153.1,79.8,50.5,Drip,106.7,0.85,0.88,373520.0,57.2
Punjab,Guntur,Wheat,Rabi,6.95,80.0,24.4,66.8,8.9,5.91,17.3,113.5,57.9,74.5,Rainfed,191.7,3.63,0.88,418252.0,38.4
Telangana,Nalgonda,Pulses,Kharif,11.01,850.7,29.0,79.4,6.6,6.6,32.0,171.7,64.7,125.6,Flood,155.6,4.86,0.87,577399.0,71.4
Maharashtra,Nalgonda,Rice,Zaid,1.89,582.0,34.8,57.8,10.0,7.14,20.6,84.7,97.10099999999997,117.2,Rainfed,159.5,4.07,0.89,103869.0,41.3
Tamil Nadu,Erode,Cotton,Kharif,12.39,727.6,30.5,82.2,6.8,5.99,29.6,76.9,56.0,43.2,Flood,227.2,6.54,0.76,916015.0,67.5
Tamil Nadu,Krishna,Maize,Rabi,9.44,443.2,19.3,50.6,8.3,7.48,26.1,175.2,60.3,78.4,Flood,102.9,5.4,0.77,652820.0,41.4
Telangana,Nashik,Wheat,Rabi,3.95,520.3,28.5,53.2,7.1,7.02,26.9,179.6,34.1,100.0,Flood,197.7,6.2,0.72,210050.0,42.9
Andhra Pradesh,Erode,Groundnut,Kharif,11.52,985.7,29.4,89.40399999999991,5.2,6.8,37.9,130.8,59.2,132.6,Flood,185.7,3.79,0.89,862775.0,61.1
Maharashtra,Rajkot,Sugarcane,Rabi,7.36,309.3,24.8,80.1,5.8,6.01,31.0,110.4,35.1,125.4,Rainfed,248.8,5.45,0.86,439596.0,47.8
Gujarat,Krishna,Wheat,Kharif,1.33,828.7,25.6,66.3,5.8,5.2,31.9,128.8,31.5,115.3,Flood,236.8,7.0,0.95,88040.0,42.1
Tamil Nadu,Nashik,Cotton,Kharif,2.42,838.3,31.2,80.2,7.6,6.55,41.0,91.6,45.3,120.4,Drip,117.6,1.66,0.65,133552.0,74.60099999999997
Punjab,Guntur,Cotton,Zaid,3.3,139.6,25.6,57.0,7.6,7.03,21.9,105.8,59.9,98.1,Sprinkler,155.0,6.71,0.81,172204.0,30.7
Gujarat,Guntur,Rice,Rabi,8.97,265.1,24.0,55.6,6.2,5.94,24.1,124.9,66.0,117.1,Flood,201.0,7.41,0.66,712730.0,23.3
Madhya Pradesh,Ludhiana,Pulses,Kharif,2.66,578.1,30.7,75.7,6.8,6.57,32.7,92.5,69.6,118.6,Drip,310.7,1.54,0.96,237308.0,59.6
Andhra Pradesh,Rajkot,Groundnut,Rabi,6.96,549.0,21.3,58.7,7.6,7.29,34.4,93.4,85.3,128.7,Flood,184.3,3.63,0.7,380106.0,51.9
Telangana,Nashik,Maize,Zaid,2.67,297.4,30.8,50.8,10.0,6.16,16.3,132.3,28.2,123.1,Sprinkler,217.4,5.29,0.78,181111.0,28.1
Gujarat,Warangal,Chilli,Kharif,8.92,936.2,29.8,80.8,6.7,7.05,29.1,143.2,52.7,87.9,Flood,187.1,8.3,1.0,629166.0,39.2
Punjab,Rajkot,Wheat,Kharif,13.92,581.1,27.9,84.5,6.5,7.65,25.6,148.9,71.2,141.7,Flood,235.0,5.35,0.86,847514.0,63.4
Maharashtra,Rajkot,Rice,Zaid,10.56,357.6,31.0,45.5,8.4,6.65,22.9,77.6,69.7,127.5,Flood,100.4,3.98,0.95,678320.0,49.8
Telangana,Guntur,Rice,Kharif,12.0,642.2,29.5,68.5,8.2,5.94,27.3,140.3,71.9,150.0,Flood,219.5,1.37,1.0,799974.0,59.8
Telangana,Warangal,Wheat,Kharif,10.16,835.1,31.6,76.1,8.5,7.0,35.4,95.6,35.8,104.9,Flood,216.0,6.21,0.66,680492.0,46.0
Punjab,Rajkot,Maize,Rabi,7.42,314.9,24.6,65.9,7.0,7.61,19.9,105.7,41.9,89.3,Sprinkler,124.4,3.81,0.68,515004.0,58.9
Madhya Pradesh,Ludhiana,Groundnut,Rabi,5.1,80.0,23.9,77.6,7.8,7.07,24.2,129.3,74.6,141.9,Rainfed,250.1,3.74,0.67,368970.0,41.0
Karnataka,Nalgonda,Maize,Kharif,14.54,1010.3,27.4,73.7,7.6,6.36,29.3,86.2,60.9,113.6,Drip,240.7,2.74,0.72,983123.0,56.3
Telangana,Erode,Wheat,Kharif,7.93,1016.7,25.2,68.8,6.3,6.01,23.8,62.2,87.8,151.4,Flood,168.1,5.23,0.79,556803.0,59.6
Madhya Pradesh,Nalgonda,Cotton,Rabi,4.74,443.9,26.3,56.0,6.2,7.6,21.2,141.7,45.8,96.9,Rainfed,198.7,4.71,0.81,270580.0,41.4
Maharashtra,Indore,Rice,Kharif,9.25,900.9,24.0,71.8,5.7,7.77,29.6,111.5,50.6,119.9,Rainfed,219.4,2.39,0.75,649509.0,54.1
Punjab,Ludhiana,Rice,Kharif,6.42,994.0,30.0,74.3,7.0,6.02,40.6,115.5,49.3,108.1,Rainfed,140.3,5.89,0.8,375931.0,64.8
Madhya Pradesh,Erode,Sugarcane,Kharif,2.65,883.2,29.0,89.40399999999991,7.1,5.2,28.5,151.1,72.3,104.5,Drip,147.1,7.56,0.96,203037.0,55.9
Telangana,Ludhiana,Cotton,Rabi,13.94,80.0,26.0,46.7,6.4,7.11,26.4,124.7,49.3,114.1,Rainfed,160.7,2.3,0.81,839852.0,43.6
Punjab,Ludhiana,Sugarcane,Rabi,6.29,376.4,25.7,41.7,7.6,6.13,25.7,138.1,31.8,95.7,Flood,177.6,0.5,0.93,443773.0,42.7
Tamil Nadu,Rajkot,Maize,Rabi,6.24,388.9,25.0,61.0,8.0,7.44,22.6,130.1,70.7,81.2,Flood,215.0,4.53,0.97,503271.0,41.5
Telangana,Indore,Rice,Kharif,14.11,708.3,28.3,55.1,6.8,6.62,27.6,169.1,68.5,106.1,Drip,325.1,4.44,0.9,1107350.0,41.8
Telangana,Warangal,Cotton,Kharif,0.71,720.1,26.1,69.3,8.0,6.14,34.9,60.4,69.7,120.5,Flood,44.595,7.85,0.81,46195.0,51.5
Gujarat,Erode,Wheat,Rabi,6.74,448.7,24.2,54.6,9.1,6.1,22.4,119.5,39.7,100.4,Sprinkler,234.2,1.34,0.79,445592.0,46.4
Maharashtra,Indore,Pulses,Kharif,3.94,567.5,27.8,64.5,7.0,5.87,26.9,71.5,46.0,97.2,Sprinkler,247.1,3.48,0.73,288294.0,58.8
Madhya Pradesh,Indore,Groundnut,Rabi,6.81,337.5,22.4,61.5,7.7,6.8,23.5,139.4,67.0,130.9,Drip,275.4,5.43,0.69,494974.0,40.5
Maharashtra,Warangal,Rice,Rabi,6.99,729.7,20.5,59.7,7.3,7.67,23.6,120.3,30.6,108.2,Flood,188.9,3.79,0.93,529362.0,55.2
Karnataka,Nashik,Chilli,Kharif,10.46,806.3,28.0,78.0,7.9,6.39,38.4,140.7,62.7,100.8,Rainfed,179.8,0.5,0.82,635838.0,60.8
Telangana,Rajkot,Cotton,Kharif,7.26,1092.2,26.4,63.4,7.9,6.55,28.9,161.7,68.3,136.2,Drip,62.9,7.45,0.99,404316.0,51.8
Gujarat,Nashik,Maize,Rabi,1.71,279.6,18.599,69.8,8.4,6.07,31.6,124.2,48.4,83.4,Rainfed,205.5,5.25,0.93,96882.0,36.8
Madhya Pradesh,Rajkot,Maize,Kharif,4.73,641.6,28.2,58.1,7.6,5.52,27.1,91.8,79.6,168.90299999999993,Flood,216.7,5.21,0.99,304764.0,43.3
Madhya Pradesh,Nashik,Rice,Rabi,5.21,284.3,18.7,41.3,8.6,6.52,25.5,102.5,64.5,84.6,Rainfed,198.4,8.74,0.91,344328.0,22.2
Andhra Pradesh,Rajkot,Wheat,Kharif,0.64,719.7,28.5,54.5,5.6,7.14,27.9,105.4,49.3,126.9,Flood,165.2,7.19,0.88,42634.82,36.2
Tamil Nadu,Indore,Rice,Kharif,8.23,699.7,30.0,71.9,7.0,7.97,30.3,108.0,74.1,87.3,Flood,164.2,5.22,0.81,640286.0,59.9
Maharashtra,Nashik,Chilli,Zaid,7.59,248.1,35.1,41.6,7.2,6.24,17.6,162.8,81.8,110.2,Drip,106.3,2.73,0.79,443990.0,43.3
Telangana,Nalgonda,Rice,Zaid,12.01,80.0,29.6,50.0,8.1,6.83,24.2,125.2,79.9,118.9,Flood,153.4,7.34,0.74,910631.0,35.9
Punjab,Erode,Wheat,Rabi,13.93,840.4,25.6,53.3,6.8,7.16,28.4,96.8,58.3,124.8,Sprinkler,272.6,7.03,0.86,1126428.82,46.2
Telangana,Nashik,Rice,Rabi,3.9,550.7,20.0,61.1,8.5,6.08,23.1,47.593,45.6,38.592000000000006,Sprinkler,126.6,4.13,0.86,211284.0,34.3
Andhra Pradesh,Raichur,Maize,Kharif,3.63,1163.9,31.2,88.3,6.6,7.21,28.2,53.2,80.6,158.8,Flood,247.6,7.28,0.98,277824.0,51.5
Punjab,Krishna,Rice,Zaid,9.83,178.5,32.6,58.5,7.4,6.3,20.9,146.9,54.3,76.1,Flood,162.6,8.65,0.95,638363.0,18.7
Gujarat,Raichur,Chilli,Rabi,8.9,497.5,22.1,61.3,5.3,6.65,27.5,128.1,83.6,132.6,Flood,268.3,2.51,0.74,717340.0,59.7
Madhya Pradesh,Ludhiana,Cotton,Kharif,8.83,775.5,27.7,50.7,5.6,7.34,33.3,113.7,36.4,98.4,Rainfed,194.6,6.32,0.73,602094.0,49.8
Gujarat,Indore,Pulses,Rabi,8.86,753.2,24.9,59.2,10.0,7.38,23.2,82.4,69.5,81.3,Sprinkler,183.3,8.02,0.73,670596.0,39.0
Andhra Pradesh,Guntur,Cotton,Kharif,1.11,751.9,30.5,61.6,7.3,6.54,27.8,138.9,54.2,65.0,Flood,87.5,9.520199999999996,0.86,71744.0,28.0
Tamil Nadu,Krishna,Wheat,Rabi,11.81,80.0,28.3,46.6,7.3,6.87,27.9,118.0,58.2,86.3,Flood,138.8,6.21,0.75,780848.0,18.7
Karnataka,Nalgonda,Rice,Zaid,8.34,414.3,30.3,59.3,8.7,5.28,22.8,114.2,73.4,114.9,Flood,247.1,3.15,0.84,515257.0,51.1
Maharashtra,Raichur,Sugarcane,Rabi,9.63,409.1,27.0,45.2,5.4,7.84,20.0,125.5,49.2,122.4,Rainfed,119.5,2.32,0.99,421711.0,47.5
Gujarat,Nalgonda,Chilli,Zaid,4.61,80.0,26.5,63.3,8.8,6.57,29.1,162.2,54.1,140.2,Sprinkler,191.9,5.56,0.84,298306.0,27.2
Gujarat,Raichur,Rice,Rabi,0.76,577.5,26.1,73.9,5.8,7.68,20.4,141.9,38.7,148.7,Flood,135.6,6.15,0.85,47057.0,44.7
Karnataka,Raichur,Maize,Kharif,8.19,759.6,32.7,66.5,7.4,7.33,41.0,96.3,65.1,131.3,Rainfed,200.9,3.05,0.69,527816.0,51.7
Madhya Pradesh,Indore,Pulses,Rabi,10.4,400.1,27.6,42.7,9.1,8.03,28.7,143.5,53.5,119.3,Flood,155.3,6.55,0.92,559969.0,28.0
Tamil Nadu,Krishna,Cotton,Rabi,5.58,750.8,21.8,42.0,7.6,6.77,24.4,86.2,51.5,122.6,Sprinkler,129.3,2.96,0.9,397191.0,50.6
Gujarat,Erode,Pulses,Rabi,6.07,771.0,21.2,76.7,6.4,5.36,18.1,80.2,66.0,115.6,Flood,265.7,3.8,0.65,453256.0,51.7
Madhya Pradesh,Raichur,Chilli,Zaid,11.3,576.0,30.7,48.8,8.7,5.68,15.9,109.5,48.4,138.0,Flood,147.4,1.81,0.67,758215.0,66.2
Punjab,Nashik,Sugarcane,Rabi,1.43,467.5,21.0,50.7,6.1,5.8,28.8,124.8,59.0,61.7,Flood,123.3,6.53,0.82,88951.0,39.9
Punjab,Nalgonda,Maize,Rabi,7.24,382.1,24.6,50.8,6.7,6.68,18.9,136.4,59.9,137.0,Flood,233.9,6.46,0.72,547461.0,30.5
Tamil Nadu,Krishna,Rice,Rabi,10.09,265.0,23.1,43.7,8.0,6.61,33.0,121.1,37.0,99.5,Flood,245.7,4.74,0.75,833287.0,27.6
Maharashtra,Nalgonda,Maize,Kharif,1.42,972.5,27.0,67.8,7.9,6.29,34.5,132.8,88.2,108.1,Rainfed,167.2,1.47,0.71,79289.0,56.8
Tamil Nadu,Warangal,Cotton,Rabi,13.23,582.0,21.5,49.1,7.8,5.87,23.5,128.8,50.0,64.3,Sprinkler,173.4,5.5,0.68,876264.0,32.6
Karnataka,Guntur,Wheat,Rabi,11.63,289.3,20.1,59.5,6.6,5.97,28.7,111.8,58.3,144.9,Flood,115.7,6.79,0.99,843168.0,41.2
Maharashtra,Rajkot,Cotton,Kharif,4.25,1042.7,28.4,76.4,6.9,7.79,27.3,133.0,67.9,108.7,Flood,251.7,6.4,0.8,291205.0,45.4
Madhya Pradesh,Ludhiana,Rice,Rabi,5.59,392.6,25.5,53.6,9.0,6.52,35.0,99.2,52.3,121.5,Flood,153.0,5.34,0.78,335488.0,36.1
Karnataka,Erode,Maize,Kharif,10.13,930.6,27.1,62.9,7.2,6.84,34.6,139.7,82.9,104.4,Rainfed,293.0,4.3,0.68,804906.0,47.4
Punjab,Krishna,Sugarcane,Zaid,8.18,338.7,29.5,46.7,5.7,5.91,29.4,131.5,84.0,98.1,Flood,249.0,6.63,0.74,614528.0,36.3
Telangana,Rajkot,Groundnut,Zaid,3.62,202.0,25.1,35.5,8.2,7.36,21.0,161.3,49.7,116.4,Drip,207.7,7.68,0.72,306656.0,35.3
Tamil Nadu,Raichur,Cotton,Kharif,4.65,859.2,29.5,57.8,7.5,5.52,39.0,164.5,71.4,112.6,Flood,255.0,4.44,0.73,260969.0,47.0
Punjab,Raichur,Chilli,Rabi,8.27,398.0,19.3,57.0,9.2,6.75,23.1,143.3,79.4,96.2,Flood,116.6,5.63,0.91,579989.0,51.5
Karnataka,Guntur,Rice,Zaid,14.54,80.0,35.1,54.1,8.3,6.05,19.3,111.9,51.7,96.4,Flood,236.1,3.33,0.84,972251.0,53.8
Punjab,Warangal,Groundnut,Kharif,7.97,1040.9,27.8,74.9,6.0,6.19,33.2,98.5,81.3,76.0,Sprinkler,98.4,4.57,0.7,469058.0,50.7
Madhya Pradesh,Guntur,Pulses,Kharif,10.7,517.4,29.4,73.9,7.5,6.2,36.2,153.2,34.8,101.5,Sprinkler,168.1,4.97,0.84,627667.0,56.0
Tamil Nadu,Nalgonda,Cotton,Kharif,4.72,877.3,28.3,73.9,6.0,6.04,26.9,147.6,38.6,59.2,Rainfed,130.2,1.89,0.83,263492.0,73.2
Andhra Pradesh,Nashik,Pulses,Kharif,5.72,957.2,31.2,77.8,7.4,6.16,33.9,147.3,57.9,50.6,Sprinkler,237.4,6.59,0.79,439537.0,62.3
Maharashtra,Warangal,Pulses,Zaid,8.87,266.2,32.1,60.9,6.4,6.92,12.2,158.9,62.9,119.2,Drip,184.1,3.01,0.7,584189.0,47.2
Tamil Nadu,Krishna,Groundnut,Kharif,7.89,593.0,29.3,81.7,7.7,7.49,30.5,112.0,53.3,88.2,Flood,226.8,1.39,0.74,467881.0,60.6
Punjab,Nalgonda,Maize,Kharif,10.41,787.6,32.1,79.4,5.2,8.240099999999998,36.4,66.3,75.4,121.7,Drip,267.6,1.86,0.69,712373.0,64.4
Karnataka,Krishna,Rice,Kharif,12.48,564.1,29.3,60.4,5.7,7.03,33.3,146.7,97.10099999999997,125.8,Drip,225.7,3.99,0.87,746051.0,49.3
Telangana,Erode,Maize,Rabi,11.79,689.4,21.8,65.5,7.8,6.08,26.9,147.7,89.9,60.3,Drip,252.4,3.42,0.8,807350.0,48.8
Telangana,Erode,Rice,Zaid,1.72,332.5,29.3,41.9,7.8,6.38,26.4,143.7,25.7,113.8,Drip,78.2,4.0,0.84,93158.0,33.2
Madhya Pradesh,Ludhiana,Wheat,Kharif,2.81,998.5,27.4,75.5,7.8,6.27,32.2,86.6,35.4,86.5,Rainfed,245.2,7.34,0.93,178365.0,54.1
Maharashtra,Nalgonda,Rice,Kharif,3.54,1203.6019999999999,24.8,69.3,5.9,6.27,27.0,164.5,45.5,168.90299999999993,Rainfed,217.8,4.52,0.68,224522.0,57.3
Punjab,Raichur,Chilli,Rabi,2.08,519.6,25.4,52.5,7.5,7.14,20.1,143.8,54.5,70.9,Flood,218.3,4.98,0.93,153080.0,39.9
Punjab,Raichur,Rice,Rabi,13.55,333.6,21.3,59.2,7.0,6.47,25.2,103.9,69.9,160.7,Flood,150.9,1.56,0.93,888026.0,45.6
Maharashtra,Warangal,Rice,Kharif,14.29,720.3,24.9,88.2,6.1,6.57,31.9,83.9,62.3,75.4,Sprinkler,149.8,3.91,0.81,859047.0,63.0
Gujarat,Raichur,Cotton,Kharif,11.96,911.5,23.7,73.0,6.7,7.19,31.1,124.1,47.9,88.8,Rainfed,147.2,3.94,0.9,613242.0,62.0
Madhya Pradesh,Guntur,Pulses,Kharif,4.87,1018.7,28.9,55.9,7.1,6.42,36.0,101.9,56.0,121.0,Drip,252.0,9.37,0.9,429679.0,32.5
Telangana,Warangal,Chilli,Rabi,12.12,488.1,24.9,58.7,8.1,7.64,21.9,62.9,74.5,93.2,Flood,208.1,4.8,0.89,890608.0,41.8
Telangana,Erode,Cotton,Kharif,12.01,1040.6,32.1,65.1,7.7,6.87,40.9,159.6,76.2,103.2,Drip,241.3,3.07,0.94,986714.0,61.4
Gujarat,Warangal,Pulses,Kharif,0.68,742.1,30.3,68.9,7.1,6.93,29.2,153.1,51.6,102.5,Flood,234.3,4.38,0.72,49068.0,54.1
Telangana,Krishna,Pulses,Rabi,7.42,391.6,25.5,55.4,7.2,6.93,15.1,126.5,43.4,99.4,Flood,182.7,8.71,0.83,645372.0,45.6
Punjab,Guntur,Maize,Kharif,7.09,885.4,27.3,75.2,6.5,6.86,33.3,94.9,70.8,87.2,Flood,324.8,7.51,0.83,527562.0,45.5
Gujarat,Raichur,Maize,Rabi,7.68,252.6,21.2,52.7,8.5,6.49,15.9,118.4,63.4,111.8,Rainfed,217.1,8.94,0.81,524408.0,33.1
Andhra Pradesh,Erode,Groundnut,Zaid,8.68,156.1,29.7,60.7,7.0,7.56,19.4,82.7,79.5,121.6,Flood,218.6,3.79,0.66,603864.0,43.7
Telangana,Raichur,Wheat,Kharif,1.68,860.8,31.5,69.4,7.2,7.01,33.3,142.1,42.8,101.3,Flood,202.1,4.24,0.66,122185.0,61.8
Tamil Nadu,Indore,Pulses,Kharif,11.37,731.1,24.9,67.9,6.8,6.61,25.9,162.2,64.7,104.0,Rainfed,188.2,7.24,0.89,746751.0,38.2
Gujarat,Rajkot,Wheat,Kharif,13.18,778.6,30.1,67.7,5.4,7.36,22.5,167.0,65.4,114.1,Sprinkler,209.8,5.42,0.66,920231.0,61.8
Madhya Pradesh,Warangal,Pulses,Rabi,9.77,575.4,25.5,67.6,8.1,6.68,33.7,148.6,85.9,104.9,Flood,182.7,3.43,0.79,553519.0,68.3
Karnataka,Guntur,Maize,Rabi,5.55,452.1,24.1,58.6,9.0,6.94,20.0,93.2,77.2,119.8,Rainfed,132.4,5.81,0.95,327148.0,34.5
Gujarat,Indore,Rice,Rabi,2.81,420.9,20.0,42.8,7.8,6.54,24.0,114.2,66.9,112.0,Drip,209.7,4.48,0.69,168031.0,34.6
Punjab,Erode,Rice,Kharif,6.81,699.3,26.5,78.5,7.5,7.24,28.9,92.5,88.0,97.8,Drip,171.9,7.38,0.72,436685.0,46.8
Tamil Nadu,Nashik,Chilli,Kharif,6.23,1203.6019999999999,25.7,88.5,7.1,6.45,38.6,154.7,62.8,61.5,Flood,143.8,1.07,0.89,415278.0,74.60099999999997
Maharashtra,Raichur,Cotton,Rabi,12.92,495.2,21.9,63.4,8.0,6.8,18.3,97.6,81.4,68.1,Drip,48.7,5.84,0.73,601820.0,56.9
Karnataka,Warangal,Wheat,Rabi,0.64,1146.5,21.1,77.1,8.8,6.75,24.7,120.1,42.4,111.2,Rainfed,87.4,8.46,0.88,42634.82,55.8
Maharashtra,Indore,Groundnut,Rabi,13.29,766.4,19.5,56.7,7.4,5.97,28.9,140.7,41.8,113.4,Sprinkler,98.7,3.28,0.76,964399.0,47.9
Tamil Nadu,Nashik,Groundnut,Zaid,7.18,489.4,30.2,48.6,6.8,6.55,19.3,167.3,48.0,81.9,Rainfed,107.7,6.39,0.91,439334.0,40.9
Telangana,Nalgonda,Wheat,Zaid,2.24,80.0,30.0,42.5,7.9,6.41,20.1,99.7,71.6,100.5,Rainfed,173.3,5.82,0.74,152916.0,29.7
Karnataka,Nalgonda,Rice,Zaid,11.87,196.6,34.2,50.9,9.0,5.77,13.8,133.8,57.3,103.8,Drip,136.1,3.16,0.95,791623.0,45.5
Andhra Pradesh,Guntur,Rice,Rabi,10.72,680.0,24.0,52.8,6.6,6.81,24.0,148.4,69.6,126.5,Rainfed,44.595,3.66,0.84,556689.0,53.9
Telangana,Rajkot,Chilli,Kharif,4.5,1170.3,29.1,80.2,7.4,7.86,28.1,167.0,74.6,77.0,Sprinkler,184.3,7.51,0.85,363833.0,49.3
Gujarat,Krishna,Wheat,Kharif,10.44,960.7,22.2,74.9,6.3,5.7,29.5,167.8,37.5,118.8,Drip,114.3,5.53,0.73,761854.0,47.0
Karnataka,Nalgonda,Rice,Kharif,7.22,749.7,28.9,87.8,5.0,6.57,32.7,187.3,34.9,93.0,Drip,89.0,6.67,0.84,431101.0,46.2
Madhya Pradesh,Nashik,Wheat,Rabi,5.71,567.0,24.3,49.4,7.7,6.93,31.1,134.5,20.8,65.7,Rainfed,166.6,4.98,0.77,291217.0,42.7
Punjab,Nashik,Pulses,Rabi,5.1,232.4,28.0,53.0,8.7,6.68,24.7,60.5,87.8,113.1,Drip,226.9,7.15,0.87,343503.0,22.0
Punjab,Nashik,Groundnut,Rabi,10.95,429.3,24.2,63.3,5.4,7.48,20.0,85.6,47.4,109.7,Flood,184.8,6.58,0.8,808240.0,43.5
Tamil Nadu,Erode,Groundnut,Rabi,3.15,353.6,25.0,49.2,6.8,6.4,25.7,89.8,81.5,133.5,Flood,187.7,4.8,0.88,197730.0,27.7
Karnataka,Rajkot,Pulses,Rabi,5.23,454.1,23.4,78.3,7.2,7.35,16.8,161.3,33.5,106.0,Flood,222.5,7.26,0.83,414098.0,43.7
Madhya Pradesh,Guntur,Pulses,Kharif,9.54,868.6,29.2,69.3,8.9,5.25,29.8,152.8,63.2,114.0,Flood,201.9,5.95,0.92,667625.0,51.6
Telangana,Erode,Chilli,Rabi,5.5,619.4,23.0,63.5,7.0,7.05,22.8,157.6,40.2,74.3,Drip,109.7,7.57,0.94,366916.0,31.9
Andhra Pradesh,Guntur,Cotton,Rabi,13.79,797.1,26.2,55.3,7.4,6.9,21.6,92.3,73.7,81.7,Flood,258.4,6.97,0.87,1126428.82,41.9
Maharashtra,Warangal,Pulses,Rabi,5.04,695.6,23.3,62.8,8.3,6.55,26.3,124.4,55.6,82.6,Sprinkler,225.0,6.36,0.88,378625.0,35.5
Andhra Pradesh,Krishna,Groundnut,Zaid,13.34,417.8,26.9,64.8,8.7,7.68,23.8,53.4,70.4,127.9,Flood,148.6,2.39,0.72,943963.0,55.0
Telangana,Warangal,Pulses,Kharif,3.56,740.0,33.1,65.1,6.3,6.98,31.6,54.7,48.9,79.6,Flood,227.1,7.97,0.89,217408.0,37.1
Punjab,Indore,Rice,Kharif,6.79,742.4,28.8,67.1,7.3,6.95,33.5,107.3,87.2,74.7,Rainfed,161.9,2.24,0.71,405554.0,51.8
Andhra Pradesh,Rajkot,Rice,Kharif,12.96,983.6,27.6,77.7,6.7,6.18,21.4,129.9,64.8,93.4,Rainfed,172.2,1.59,0.99,736636.0,74.60099999999997
Andhra Pradesh,Krishna,Chilli,Zaid,9.56,274.8,31.8,58.1,6.6,6.97,21.1,86.1,92.8,81.7,Rainfed,137.0,3.33,0.68,497822.0,52.0
Tamil Nadu,Warangal,Cotton,Kharif,9.94,1122.3,31.6,70.7,6.1,6.17,33.1,91.8,17.298000000000002,159.6,Flood,172.4,5.61,0.72,596854.0,59.3
Andhra Pradesh,Rajkot,Rice,Rabi,11.25,414.3,23.5,51.9,7.1,6.65,23.4,111.0,50.6,120.5,Sprinkler,199.3,2.42,0.68,691375.0,48.0
Maharashtra,Indore,Maize,Rabi,2.47,679.9,20.8,47.8,7.6,7.12,28.3,95.9,57.2,113.4,Rainfed,73.2,8.7,0.71,152522.0,34.0
Maharashtra,Nalgonda,Wheat,Kharif,13.4,1059.6,32.1,82.9,6.6,6.61,27.9,105.7,75.6,114.7,Flood,224.3,4.89,0.85,895358.0,60.7
Madhya Pradesh,Guntur,Cotton,Kharif,7.68,1008.1,29.1,61.3,5.9,7.1,30.2,101.9,33.5,123.0,Flood,231.8,3.1,0.97,546845.0,65.2
Madhya Pradesh,Krishna,Cotton,Rabi,12.7,555.2,24.1,61.8,6.4,6.37,29.5,131.8,56.1,135.5,Rainfed,250.3,3.57,0.97,773003.0,54.6
Tamil Nadu,Ludhiana,Groundnut,Rabi,11.18,417.2,23.2,57.1,7.8,7.19,26.7,121.7,26.4,123.7,Drip,77.5,7.71,0.71,624698.0,32.5
Madhya Pradesh,Raichur,Sugarcane,Rabi,1.18,468.0,20.7,54.0,10.0,5.83,14.3,181.9,31.3,125.1,Rainfed,123.0,2.91,0.75,66268.0,39.3
Maharashtra,Warangal,Maize,Kharif,9.6,738.2,26.1,72.6,6.9,5.94,30.0,186.1,80.0,132.6,Rainfed,164.3,1.33,0.85,626091.0,61.6
Madhya Pradesh,Guntur,Cotton,Kharif,14.76,647.2,26.8,62.8,7.6,6.58,39.6,74.3,92.5,117.1,Flood,119.9,2.95,0.72,870278.0,41.6
Maharashtra,Krishna,Cotton,Kharif,10.06,480.4,26.8,79.8,7.5,7.97,32.8,96.7,83.3,99.2,Drip,92.5,5.72,0.69,708055.0,60.1
Karnataka,Erode,Chilli,Kharif,11.66,879.4,27.0,71.3,6.4,6.45,25.3,104.8,61.4,99.9,Flood,122.0,5.43,0.97,849453.0,60.6
Andhra Pradesh,Guntur,Wheat,Zaid,8.81,160.2,32.4,50.3,8.9,6.56,23.3,140.1,77.8,122.1,Drip,134.7,3.03,0.75,584590.0,46.3
Telangana,Indore,Cotton,Kharif,9.28,582.0,32.5,73.0,7.4,6.96,37.7,103.4,75.7,94.2,Flood,220.2,4.17,0.86,705899.0,62.8
Tamil Nadu,Indore,Maize,Kharif,14.15,1203.6019999999999,32.8,80.8,6.8,7.03,39.0,59.1,44.0,123.6,Drip,171.1,4.62,0.91,975259.0,65.0
Tamil Nadu,Nashik,Wheat,Rabi,7.29,592.0,21.7,54.7,8.5,6.49,24.3,104.2,66.5,131.6,Sprinkler,170.8,3.9,0.89,504593.0,50.0
Madhya Pradesh,Raichur,Rice,Kharif,3.48,941.3,31.7,60.6,8.2,5.26,32.7,76.7,79.7,152.3,Drip,114.6,7.09,1.0,254582.0,45.2
Andhra Pradesh,Ludhiana,Wheat,Kharif,6.79,800.9,29.7,74.3,5.9,6.47,32.4,126.0,56.3,85.5,Flood,152.3,5.8,0.82,418833.0,50.9
Madhya Pradesh,Rajkot,Rice,Rabi,8.18,376.6,23.0,66.9,7.2,6.01,26.1,137.9,67.6,109.1,Rainfed,93.6,3.9,0.95,394670.0,52.9
Punjab,Rajkot,Chilli,Rabi,1.62,493.3,22.9,69.3,6.6,6.34,21.2,107.4,45.0,98.0,Rainfed,257.1,5.59,0.96,99825.0,38.1
Tamil Nadu,Nalgonda,Rice,Rabi,9.82,365.7,22.6,41.6,7.0,5.63,16.0,107.9,27.7,128.5,Drip,235.1,7.22,0.85,721561.0,34.7
Telangana,Guntur,Rice,Rabi,14.89,224.3,19.0,65.8,7.0,6.06,23.9,163.8,65.8,106.2,Drip,328.11199999999974,8.37,0.74,1059297.0,28.0
Andhra Pradesh,Krishna,Sugarcane,Rabi,11.68,582.0,23.5,41.8,8.7,7.02,23.8,141.9,56.6,100.2,Drip,251.5,3.78,0.86,688318.0,39.6
Tamil Nadu,Raichur,Maize,Kharif,14.14,920.6,28.5,55.5,7.3,6.47,38.7,150.3,63.6,71.4,Sprinkler,172.0,7.01,0.98,911344.0,41.2
Madhya Pradesh,Nashik,Rice,Kharif,8.55,527.2,26.0,68.4,7.4,6.55,36.5,87.4,30.6,105.9,Rainfed,312.4,9.06,0.83,637802.0,43.7
Telangana,Warangal,Wheat,Kharif,2.18,736.0,24.5,57.8,7.3,6.34,37.0,144.8,58.6,85.0,Sprinkler,223.3,0.86,0.83,145835.0,54.6
Gujarat,Warangal,Chilli,Kharif,12.59,582.0,30.2,55.9,6.6,7.34,38.5,107.3,57.4,48.7,Rainfed,133.0,4.45,0.77,708458.0,65.3
Telangana,Erode,Rice,Kharif,14.13,902.8,30.7,80.9,7.4,6.82,32.9,146.8,57.5,105.9,Sprinkler,135.7,5.15,0.82,1071724.0,53.4
Madhya Pradesh,Krishna,Cotton,Rabi,3.17,236.1,23.9,45.0,6.2,6.58,15.0,105.8,26.8,100.0,Rainfed,167.3,2.0,0.74,178278.0,40.9
Madhya Pradesh,Ludhiana,Rice,Kharif,11.98,1018.5,25.3,60.2,4.9,6.93,27.9,103.5,57.0,80.1,Rainfed,86.0,8.33,0.73,619972.0,35.9
Tamil Nadu,Indore,Maize,Kharif,4.91,440.0,29.0,65.8,7.4,6.56,23.9,138.0,79.9,99.3,Flood,209.5,4.87,0.93,308880.0,48.4
Maharashtra,Ludhiana,Rice,Rabi,9.53,557.8,25.6,56.9,7.8,7.18,27.0,80.6,32.8,80.5,Flood,99.2,2.55,0.71,630709.0,52.5
Punjab,Ludhiana,Rice,Rabi,7.3,371.0,27.3,56.5,6.7,6.39,23.8,176.0,52.1,94.3,Sprinkler,146.4,4.03,0.94,449153.0,52.6
Punjab,Krishna,Rice,Rabi,12.47,445.1,25.8,50.2,7.8,7.04,21.6,161.4,32.2,111.5,Drip,141.8,5.76,0.78,768753.0,27.8
Gujarat,Warangal,Rice,Kharif,11.54,940.7,30.4,58.5,8.6,7.9,26.8,86.8,32.6,83.3,Drip,53.9,8.7,0.85,642021.0,53.0
Karnataka,Raichur,Rice,Rabi,1.04,551.3,20.7,63.9,7.3,6.81,22.7,118.7,72.4,69.1,Flood,121.8,1.43,0.98,62010.0,54.2
Punjab,Warangal,Maize,Kharif,3.06,855.2,26.7,63.0,5.6,6.4,29.2,130.6,33.6,124.7,Rainfed,195.5,2.23,0.72,215038.0,60.3
Madhya Pradesh,Krishna,Rice,Rabi,12.04,262.7,21.4,57.2,9.8,7.95,31.6,94.9,55.9,167.7,Rainfed,179.8,4.7,0.74,811238.0,39.5
Maharashtra,Guntur,Chilli,Rabi,13.02,204.3,18.599,63.5,5.8,6.82,31.1,116.4,46.5,94.6,Drip,201.3,6.15,0.92,851401.0,31.8
Karnataka,Indore,Cotton,Zaid,0.64,413.1,31.2,65.5,6.5,6.8,19.0,133.8,78.4,104.8,Sprinkler,256.4,5.44,0.69,53320.0,50.3
Telangana,Guntur,Wheat,Kharif,13.76,1132.6,30.7,74.0,6.6,6.4,33.3,155.1,79.6,71.4,Flood,246.4,6.51,0.98,916871.0,56.5
Tamil Nadu,Warangal,Maize,Rabi,1.87,313.5,23.5,62.4,6.8,6.52,22.3,92.8,68.3,78.2,Drip,273.4,4.0,0.75,122956.0,32.0
Tamil Nadu,Ludhiana,Rice,Kharif,4.84,1199.0,25.0,88.3,6.9,6.75,25.9,92.0,46.2,131.8,Rainfed,155.5,1.96,0.7,252831.0,74.60099999999997
Madhya Pradesh,Guntur,Cotton,Kharif,3.82,736.8,31.1,60.8,7.2,7.27,27.6,107.0,60.9,63.9,Rainfed,272.6,5.53,0.8,310556.0,42.9
Karnataka,Warangal,Maize,Rabi,0.66,707.3,25.8,47.2,8.4,7.86,23.9,89.6,41.6,162.6,Sprinkler,218.7,4.0,0.95,44785.0,34.7
Punjab,Rajkot,Sugarcane,Rabi,14.36,80.0,20.6,57.9,6.1,6.2,31.8,120.7,69.2,103.9,Drip,167.8,5.29,0.76,1003681.0,21.9
Telangana,Ludhiana,Maize,Kharif,13.87,856.1,28.1,74.2,5.5,7.13,33.7,163.9,54.6,84.4,Flood,236.5,5.93,0.93,1126428.82,48.2
Maharashtra,Raichur,Pulses,Rabi,5.8,562.2,22.5,54.2,8.7,7.44,27.1,170.1,40.3,68.5,Sprinkler,139.6,4.61,0.99,370999.0,36.0
Tamil Nadu,Nalgonda,Pulses,Zaid,11.53,141.8,33.0,54.6,7.2,5.69,23.5,88.2,73.4,101.9,Sprinkler,328.11199999999974,2.67,0.8,1011029.0,33.6
Karnataka,Warangal,Sugarcane,Rabi,7.94,318.5,25.0,48.4,7.6,5.99,24.9,143.4,42.0,119.9,Drip,143.8,2.63,0.65,470249.0,27.3
Gujarat,Nalgonda,Cotton,Kharif,5.88,897.5,26.2,64.6,8.0,7.62,34.6,147.8,75.5,56.6,Rainfed,82.7,2.54,0.88,377635.0,61.6
Maharashtra,Guntur,Rice,Rabi,3.38,660.9,25.7,60.2,7.8,7.32,21.1,111.4,44.3,52.2,Sprinkler,244.3,4.42,0.99,216657.0,56.4
Karnataka,Ludhiana,Rice,Kharif,3.9,531.9,24.4,73.6,6.5,6.38,31.9,92.4,26.9,79.8,Flood,193.8,7.36,0.98,320595.0,50.3
Maharashtra,Rajkot,Maize,Rabi,1.23,220.9,19.8,54.0,8.4,8.13,16.2,154.6,53.2,68.2,Rainfed,174.5,5.98,0.88,73811.0,34.0
Gujarat,Indore,Wheat,Kharif,13.69,972.5,28.6,72.2,6.5,6.59,27.4,103.7,55.2,125.2,Flood,130.8,0.83,0.69,767813.0,62.4
Tamil Nadu,Ludhiana,Chilli,Zaid,1.72,283.3,31.6,60.6,7.3,6.88,11.4,126.7,80.9,80.1,Sprinkler,237.6,6.45,0.9,98557.0,36.4
Karnataka,Rajkot,Cotton,Kharif,3.61,838.9,31.1,58.9,8.5,6.97,25.1,129.6,68.6,118.7,Sprinkler,251.4,3.89,0.98,228283.0,57.4
Maharashtra,Krishna,Chilli,Rabi,4.62,331.2,22.3,54.7,7.8,5.2,19.2,143.0,58.7,72.6,Rainfed,149.3,3.68,0.99,254886.0,39.9
Andhra Pradesh,Ludhiana,Rice,Zaid,10.53,276.4,29.6,54.0,7.8,7.42,31.6,104.8,69.3,108.4,Drip,109.6,6.87,0.76,550728.0,35.6
Madhya Pradesh,Warangal,Wheat,Kharif,6.0,797.1,27.6,85.0,6.5,5.76,28.7,129.2,64.0,121.4,Sprinkler,151.0,4.21,0.85,383852.0,53.0
Andhra Pradesh,Ludhiana,Wheat,Rabi,9.91,349.5,22.7,54.2,7.5,6.09,28.9,135.6,58.0,68.6,Rainfed,291.6,2.04,0.66,832771.0,40.2
Madhya Pradesh,Warangal,Pulses,Rabi,13.25,614.4,22.3,53.7,7.5,7.25,20.7,73.9,69.8,99.2,Drip,267.7,8.14,0.82,957679.0,35.4
Madhya Pradesh,Guntur,Pulses,Kharif,10.17,558.9,30.6,69.3,6.8,6.76,34.7,137.5,52.8,79.6,Rainfed,121.5,2.71,0.89,611957.0,58.8
Punjab,Raichur,Groundnut,Rabi,8.68,571.3,22.2,49.5,5.7,6.62,25.9,121.3,51.5,155.4,Sprinkler,135.5,7.35,0.81,556483.0,30.5
Maharashtra,Krishna,Maize,Zaid,0.87,389.3,26.6,38.4,6.8,7.08,20.7,90.8,60.2,62.6,Rainfed,195.2,5.49,0.76,49742.0,37.1
Gujarat,Nalgonda,Wheat,Rabi,13.31,428.9,26.7,65.6,7.9,6.47,18.5,117.7,65.3,136.1,Flood,142.0,5.2,0.81,872262.0,41.6
Andhra Pradesh,Indore,Wheat,Kharif,12.95,533.3,29.3,81.7,6.8,6.44,29.5,74.2,73.5,111.6,Sprinkler,198.4,8.28,0.97,1055580.0,50.8
Madhya Pradesh,Nalgonda,Wheat,Rabi,8.48,551.8,23.6,54.0,8.5,6.81,29.7,123.3,76.2,121.9,Rainfed,291.2,9.520199999999996,0.81,636475.0,30.3
Telangana,Guntur,Wheat,Rabi,4.29,123.8,22.8,38.4,8.1,5.2,27.8,151.4,54.8,152.0,Drip,185.7,5.82,0.83,332962.0,26.1
Gujarat,Erode,Wheat,Kharif,14.89,673.6,29.0,68.9,7.1,8.240099999999998,20.0,139.2,50.3,139.4,Rainfed,138.2,9.13,0.67,914499.0,45.0
Madhya Pradesh,Raichur,Cotton,Rabi,5.62,520.2,20.4,61.2,6.4,7.18,20.1,118.8,38.0,157.2,Sprinkler,196.7,6.97,0.81,439849.0,26.2
Madhya Pradesh,Guntur,Maize,Kharif,0.64,756.5,30.2,70.5,7.0,5.96,27.9,86.8,43.2,147.4,Rainfed,151.8,8.95,0.73,42634.82,37.7
Maharashtra,Krishna,Maize,Zaid,2.89,420.8,27.6,54.3,8.2,7.09,15.7,144.0,65.2,84.3,Flood,291.5,4.39,0.94,255742.0,38.4
Telangana,Warangal,Rice,Kharif,13.74,726.5,28.5,85.1,6.6,6.07,35.0,124.3,36.8,95.9,Rainfed,285.8,5.2,0.75,1113527.0,43.6
Gujarat,Krishna,Maize,Kharif,0.9,778.5,26.2,67.9,7.4,5.61,22.3,100.9,69.9,107.1,Sprinkler,287.1,4.63,0.92,65057.0,49.3
Tamil Nadu,Erode,Chilli,Rabi,3.37,417.3,22.5,68.6,5.7,6.35,26.6,93.2,61.3,101.2,Rainfed,154.5,3.48,0.83,232137.0,35.3
Maharashtra,Krishna,Rice,Rabi,7.96,132.3,23.6,60.0,8.2,7.64,14.3,47.593,85.9,96.5,Sprinkler,163.8,3.94,0.99,536525.0,35.0
Maharashtra,Nashik,Maize,Rabi,4.73,263.8,22.7,51.8,8.0,7.34,23.9,128.3,58.9,118.6,Drip,169.6,4.09,0.82,289077.0,33.0
Maharashtra,Nashik,Maize,Kharif,13.31,788.0,26.1,89.40399999999991,8.6,7.21,35.8,145.5,53.4,86.6,Sprinkler,182.1,6.36,0.81,935061.0,62.9
Karnataka,Indore,Pulses,Rabi,13.13,399.8,23.5,65.8,7.2,7.21,24.4,116.6,61.4,97.9,Rainfed,161.6,6.18,1.0,766522.0,35.4
Telangana,Nashik,Maize,Kharif,12.75,966.5,28.6,64.9,6.0,7.24,27.5,136.0,48.4,157.1,Rainfed,199.8,3.33,0.78,818972.0,62.6
Madhya Pradesh,Indore,Pulses,Kharif,9.29,713.7,33.1,89.40399999999991,6.0,6.8,27.0,133.6,50.3,138.9,Sprinkler,244.7,5.85,0.82,658212.0,65.9
Gujarat,Guntur,Chilli,Rabi,3.48,255.5,26.8,56.8,8.5,6.32,24.1,102.3,88.4,39.9,Rainfed,137.0,7.34,0.8,211409.0,33.4
Tamil Nadu,Warangal,Chilli,Rabi,1.75,608.3,24.3,62.2,7.3,7.46,24.5,90.9,56.9,90.6,Drip,247.7,5.3,0.83,124326.0,50.2
Telangana,Erode,Sugarcane,Zaid,13.63,80.0,33.1,59.6,8.5,6.2,20.5,107.8,80.5,38.592000000000006,Sprinkler,182.4,7.02,0.76,879387.0,26.4
Punjab,Rajkot,Rice,Kharif,12.79,1100.9,28.8,63.4,6.5,5.2,25.9,168.4,37.8,117.7,Rainfed,170.2,3.05,0.85,728320.0,63.8
Punjab,Nashik,Groundnut,Rabi,4.54,94.0,20.0,56.3,6.0,6.5,18.8,146.1,53.9,108.4,Sprinkler,94.6,5.72,0.98,327168.0,29.0
Tamil Nadu,Krishna,Chilli,Rabi,5.97,388.4,24.8,61.9,9.2,7.83,16.3,102.6,31.0,64.6,Drip,192.3,2.16,0.89,403287.0,62.6
Telangana,Nalgonda,Wheat,Rabi,13.21,387.7,20.1,35.5,8.0,6.82,25.1,116.9,31.2,43.9,Drip,183.9,4.52,0.75,1053595.0,26.0
Gujarat,Nashik,Pulses,Rabi,1.02,322.0,21.8,68.9,6.7,6.33,24.8,81.8,61.8,95.3,Drip,251.8,7.24,0.79,71959.0,32.5
Telangana,Nalgonda,Groundnut,Rabi,4.03,336.3,18.9,60.7,6.7,6.74,20.7,79.9,48.7,83.6,Rainfed,135.7,6.61,0.94,266404.0,18.7
Punjab,Nashik,Cotton,Zaid,11.52,317.8,28.0,53.8,7.5,5.78,11.9,154.1,71.7,73.9,Drip,197.3,6.28,0.93,845028.0,18.7
Madhya Pradesh,Rajkot,Rice,Kharif,12.12,940.3,25.4,86.1,6.9,7.84,28.6,93.3,85.3,63.9,Flood,304.8,4.94,0.68,929527.0,65.8
Telangana,Erode,Maize,Rabi,13.8,578.9,20.7,58.6,6.7,6.8,24.8,106.9,52.4,77.1,Rainfed,226.1,9.44,0.92,957938.0,25.3
Andhra Pradesh,Nalgonda,Groundnut,Rabi,1.29,378.7,24.2,35.5,8.7,6.59,25.6,111.0,62.8,98.1,Drip,237.4,5.03,0.91,91936.0,25.4
Gujarat,Raichur,Wheat,Rabi,5.5,652.7,20.1,44.1,7.9,7.43,28.7,171.4,53.9,152.5,Rainfed,237.7,2.7,0.84,407304.0,43.5
Punjab,Indore,Groundnut,Kharif,6.17,828.8,28.2,69.1,6.4,6.83,37.0,129.9,64.1,75.5,Rainfed,104.0,3.29,0.83,326886.0,58.5
Madhya Pradesh,Indore,Wheat,Kharif,14.89,969.2,29.1,65.9,7.2,6.28,39.3,104.9,39.2,104.3,Drip,223.4,5.39,0.68,948759.0,48.5
Andhra Pradesh,Krishna,Cotton,Zaid,10.41,478.3,32.3,35.5,8.6,6.78,18.4,169.1,70.7,115.5,Flood,196.0,4.62,0.69,608977.0,48.4
Madhya Pradesh,Rajkot,Groundnut,Rabi,8.36,321.8,23.1,57.8,8.4,7.25,22.3,174.3,58.0,73.7,Drip,231.4,2.16,0.97,535261.0,43.3
Madhya Pradesh,Rajkot,Wheat,Kharif,3.63,825.3,29.9,66.0,6.3,6.49,26.7,93.7,76.6,42.3,Flood,259.8,5.46,0.7,308695.0,47.8
Tamil Nadu,Erode,Cotton,Kharif,11.85,810.0,26.0,66.9,6.7,6.41,32.9,122.7,88.2,92.2,Sprinkler,227.4,4.95,0.78,797765.0,50.6
Madhya Pradesh,Guntur,Sugarcane,Kharif,2.65,697.5,30.4,77.6,7.5,6.1,31.3,105.9,50.3,40.8,Sprinkler,164.2,3.0,0.95,155179.0,55.6
Punjab,Nashik,Chilli,Rabi,8.16,382.2,23.6,64.5,8.0,7.11,26.6,113.6,44.9,74.1,Rainfed,244.4,5.56,0.9,479871.0,37.6
Punjab,Nashik,Groundnut,Kharif,6.51,922.5,29.8,71.3,7.6,7.31,29.0,166.5,49.8,123.7,Sprinkler,154.4,7.33,0.88,528644.0,44.6
Karnataka,Krishna,Maize,Kharif,14.39,582.0,26.3,82.4,5.9,6.44,26.5,67.4,35.3,121.9,Sprinkler,226.8,0.76,0.83,1079411.0,62.7
Tamil Nadu,Erode,Rice,Rabi,13.6,457.7,22.4,65.5,6.8,6.23,26.6,108.9,74.9,65.0,Rainfed,203.2,7.4,0.85,815454.0,24.2
Punjab,Warangal,Rice,Kharif,0.98,871.1,29.7,65.1,7.5,7.11,28.8,114.3,73.8,144.3,Drip,211.3,2.86,0.95,73419.0,42.7
Telangana,Nalgonda,Chilli,Kharif,6.78,1168.0,27.4,71.8,6.7,5.93,28.7,100.2,50.2,98.7,Sprinkler,188.8,5.61,0.99,491496.0,58.5
Karnataka,Erode,Cotton,Rabi,2.91,348.4,21.7,44.8,7.3,6.31,25.3,95.1,34.2,116.3,Flood,162.7,7.26,0.91,205713.0,37.4
Gujarat,Rajkot,Pulses,Kharif,6.43,866.7,25.4,77.7,6.2,6.38,29.3,174.6,88.1,134.1,Sprinkler,202.2,4.66,0.84,479129.0,51.1
Maharashtra,Nalgonda,Sugarcane,Kharif,6.09,695.7,30.4,71.7,9.3,6.92,26.4,114.2,82.2,58.4,Rainfed,240.7,6.08,0.72,469732.0,60.0
Gujarat,Warangal,Pulses,Kharif,13.61,893.4,35.1,73.8,7.5,7.19,34.7,113.1,51.6,87.9,Drip,124.6,4.9,0.73,709265.0,51.7
Karnataka,Nashik,Chilli,Kharif,8.55,865.2,31.4,76.8,7.2,7.71,29.1,162.1,73.8,110.8,Rainfed,162.9,1.73,0.66,463908.0,67.4
Maharashtra,Rajkot,Chilli,Rabi,6.47,314.5,22.1,54.3,7.9,7.04,23.3,117.6,35.1,159.6,Flood,142.6,1.35,0.72,292034.0,45.1
Madhya Pradesh,Erode,Cotton,Rabi,12.98,939.2,25.3,66.1,5.1,6.3,13.5,104.3,59.0,164.8,Flood,238.4,1.45,0.84,785708.0,58.8
Madhya Pradesh,Guntur,Rice,Rabi,13.52,785.2,26.5,52.4,7.5,5.89,19.5,63.1,17.298000000000002,160.6,Rainfed,236.9,1.44,0.76,857817.0,58.0
Tamil Nadu,Ludhiana,Chilli,Kharif,4.98,873.3,29.9,57.1,6.4,6.17,31.0,147.0,69.1,160.7,Drip,105.1,6.18,0.91,330280.0,44.7
Telangana,Ludhiana,Rice,Kharif,4.62,974.0,25.8,77.4,7.9,5.88,27.8,152.5,81.4,112.8,Flood,115.3,5.7,0.99,321866.0,43.2
Gujarat,Guntur,Rice,Zaid,3.45,289.7,28.8,44.1,8.5,6.09,24.4,153.2,60.0,168.90299999999993,Drip,103.3,4.66,0.79,194959.0,34.5
Andhra Pradesh,Nalgonda,Chilli,Kharif,1.28,823.5,31.1,71.9,7.0,7.2,33.8,145.4,59.7,91.5,Drip,130.0,4.45,0.69,73487.0,66.7
Punjab,Guntur,Pulses,Kharif,8.05,949.8,32.3,63.1,6.1,7.93,33.0,115.4,22.6,94.1,Sprinkler,220.9,2.38,0.74,391687.0,68.4
Punjab,Nalgonda,Wheat,Rabi,10.94,424.0,21.4,46.8,7.6,6.6,26.6,159.2,65.9,86.3,Rainfed,135.5,8.67,1.0,469156.0,21.8
Punjab,Ludhiana,Wheat,Kharif,8.4,785.4,29.3,61.8,6.2,6.8,32.7,144.0,66.9,98.8,Rainfed,150.0,5.55,0.78,492488.0,47.3
Telangana,Rajkot,Maize,Rabi,13.27,582.0,23.4,45.2,7.2,7.21,18.1,136.2,62.7,78.1,Flood,157.6,4.97,0.86,942227.0,36.8
Tamil Nadu,Guntur,Maize,Kharif,1.56,795.4,28.2,63.5,5.4,6.42,36.2,175.4,50.6,114.0,Sprinkler,159.4,3.47,0.8,90926.0,56.1
Karnataka,Krishna,Sugarcane,Kharif,11.78,1014.1,33.9,74.8,6.8,6.93,28.1,91.2,78.8,63.3,Flood,287.8,6.29,1.0,1012251.0,56.3
Andhra Pradesh,Raichur,Rice,Kharif,14.15,666.9,29.5,48.1,6.4,6.97,32.6,110.9,36.2,160.2,Drip,147.8,5.87,0.71,933714.0,44.3
Maharashtra,Nalgonda,Rice,Rabi,14.45,265.1,23.3,71.9,6.1,6.91,21.7,122.0,70.9,108.1,Rainfed,196.8,8.96,0.83,1108245.0,35.5
Madhya Pradesh,Warangal,Sugarcane,Rabi,14.61,294.8,23.6,46.7,8.3,7.26,25.5,162.8,59.7,121.7,Drip,146.0,6.02,0.69,1050470.0,34.0
Punjab,Warangal,Rice,Zaid,10.09,183.9,34.8,43.9,7.2,6.97,14.9,86.0,36.3,109.2,Sprinkler,144.9,5.05,0.97,706016.0,41.4
Andhra Pradesh,Raichur,Pulses,Rabi,8.79,849.7,23.2,72.0,7.5,5.46,28.8,145.3,57.8,135.5,Flood,157.3,3.47,0.9,569155.0,55.2
Maharashtra,Krishna,Chilli,Rabi,3.71,524.4,19.8,67.3,7.0,7.33,18.9,127.0,63.2,94.9,Flood,191.1,7.99,0.99,255858.0,32.7
Andhra Pradesh,Rajkot,Groundnut,Rabi,4.56,214.0,22.3,54.6,7.2,7.64,19.9,106.9,61.9,114.5,Flood,142.6,3.63,0.92,314482.0,41.9
Tamil Nadu,Raichur,Chilli,Rabi,2.75,513.9,25.6,56.5,8.3,6.81,25.9,81.3,61.9,134.5,Drip,187.6,5.22,0.71,172898.0,30.8
Telangana,Erode,Chilli,Rabi,11.41,336.9,22.6,55.0,9.3,6.66,26.5,129.5,63.6,73.1,Rainfed,201.2,2.03,0.65,667791.0,39.1
Gujarat,Raichur,Chilli,Kharif,2.96,668.2,23.8,68.6,7.6,6.33,38.2,123.1,88.9,107.4,Rainfed,178.3,1.82,0.99,155938.0,52.6
Gujarat,Nalgonda,Sugarcane,Kharif,9.67,1099.6,30.2,68.0,7.0,6.01,27.6,99.2,71.6,84.6,Drip,180.5,7.99,0.97,543532.0,65.6
Tamil Nadu,Krishna,Rice,Kharif,9.21,727.7,24.5,88.1,7.9,5.2,30.4,115.4,59.6,103.1,Rainfed,210.5,5.91,0.9,641172.0,50.7
Andhra Pradesh,Nashik,Chilli,Kharif,0.73,830.2,29.5,81.4,6.2,6.28,31.2,126.2,57.6,75.1,Drip,163.6,7.14,0.94,53771.0,47.3
Punjab,Guntur,Pulses,Kharif,11.9,610.1,23.6,76.3,7.0,6.27,34.8,118.0,88.9,107.6,Rainfed,249.0,6.04,0.67,935676.0,52.7
Tamil Nadu,Raichur,Groundnut,Kharif,12.76,817.8,28.2,71.8,7.0,7.01,27.1,122.7,69.7,105.1,Flood,150.6,6.43,0.99,828345.0,54.8
Andhra Pradesh,Rajkot,Maize,Kharif,8.99,720.5,31.4,63.4,7.6,6.25,36.9,102.8,17.3,107.5,Sprinkler,153.3,3.1,0.69,590790.0,58.1
Madhya Pradesh,Ludhiana,Sugarcane,Kharif,11.31,1025.3,27.5,63.8,7.4,6.66,29.8,102.6,60.3,115.7,Flood,161.1,5.09,0.68,765550.0,69.2
Maharashtra,Rajkot,Chilli,Rabi,11.13,387.7,26.4,57.0,7.3,7.0,14.9,190.6039999999999,46.8,107.9,Flood,210.5,6.94,0.81,872860.0,33.8
Maharashtra,Nashik,Wheat,Kharif,8.52,943.1,25.8,79.6,6.0,6.12,34.2,139.2,64.2,65.1,Sprinkler,279.9,0.52,0.67,546240.0,63.3
Maharashtra,Guntur,Pulses,Kharif,10.39,742.1,26.7,76.9,6.3,6.08,34.2,161.0,53.6,69.1,Drip,249.5,4.77,0.68,846335.0,53.4
Gujarat,Guntur,Chilli,Kharif,3.49,808.5,29.2,77.2,5.9,6.25,31.1,156.4,37.8,95.1,Sprinkler,281.6,2.81,0.85,251912.0,60.0
Tamil Nadu,Raichur,Maize,Kharif,0.96,933.0,27.2,60.3,7.0,7.5,34.2,134.0,86.9,146.9,Drip,249.6,4.05,0.99,68527.0,57.3
Punjab,Guntur,Chilli,Rabi,10.69,298.0,21.4,63.0,7.5,6.86,21.1,144.3,26.6,44.7,Rainfed,207.6,5.25,0.7,838946.0,49.8
Maharashtra,Krishna,Wheat,Kharif,2.97,971.4,31.1,81.3,7.7,5.86,21.5,169.8,44.3,104.5,Rainfed,225.3,3.76,0.99,169871.0,52.3
Tamil Nadu,Nashik,Rice,Rabi,2.61,326.1,23.4,61.2,7.2,5.67,23.6,157.0,52.6,91.4,Sprinkler,175.4,4.4,0.66,195890.0,38.9
Maharashtra,Warangal,Cotton,Kharif,13.63,868.0,29.3,67.7,6.2,7.37,34.5,175.3,47.5,57.0,Flood,215.4,5.39,0.95,1015139.0,50.6
Maharashtra,Guntur,Maize,Zaid,5.68,273.8,24.6,36.7,8.5,6.58,11.4,149.5,69.4,67.3,Flood,208.3,6.39,0.73,359012.0,33.6
Gujarat,Indore,Chilli,Rabi,2.5,381.8,21.2,61.0,9.0,8.08,24.1,127.7,31.7,106.4,Drip,213.8,3.15,0.92,148168.0,45.6
Tamil Nadu,Guntur,Rice,Rabi,1.93,457.1,22.4,52.8,7.1,6.32,24.1,148.5,50.8,94.5,Flood,270.1,4.03,0.89,137736.0,46.4
Punjab,Nashik,Maize,Kharif,7.92,876.1,31.3,69.2,5.2,6.88,31.2,152.3,57.0,122.8,Flood,141.2,7.47,0.9,519844.0,51.9
Karnataka,Indore,Maize,Rabi,2.13,233.2,22.9,61.3,6.6,6.24,22.1,116.9,64.7,81.3,Flood,126.7,4.64,0.7,140234.0,34.3
Andhra Pradesh,Nashik,Wheat,Rabi,4.24,531.1,27.4,64.9,6.9,6.11,20.1,62.9,57.3,104.3,Flood,267.7,5.3,0.87,348371.0,43.9
Punjab,Guntur,Pulses,Kharif,10.09,884.3,26.3,62.5,7.0,6.92,25.4,147.2,19.9,54.5,Drip,169.6,7.5,0.89,644470.0,46.5
Gujarat,Raichur,Pulses,Kharif,6.8,950.8,25.3,75.7,6.0,7.22,37.1,103.0,39.7,68.1,Rainfed,215.7,2.38,0.92,426540.0,70.2
Andhra Pradesh,Raichur,Wheat,Rabi,3.57,316.1,24.3,55.5,8.4,5.68,26.3,151.0,73.4,157.7,Flood,185.3,3.22,0.91,232564.0,47.5
Tamil Nadu,Warangal,Wheat,Rabi,8.8,769.9,21.9,71.9,6.7,5.99,26.2,89.5,77.0,79.4,Drip,190.3,7.16,0.94,521169.0,51.2
Karnataka,Rajkot,Cotton,Rabi,3.99,135.7,25.5,58.1,8.2,6.05,21.1,123.4,58.8,116.1,Flood,219.0,1.61,0.89,313484.0,41.3
Madhya Pradesh,Warangal,Cotton,Rabi,14.2,615.6,27.8,52.8,7.2,6.67,24.8,96.0,47.5,87.1,Rainfed,206.3,1.98,0.8,831631.0,65.6
Tamil Nadu,Krishna,Pulses,Kharif,12.12,813.8,31.6,61.9,5.7,6.91,30.9,141.1,64.0,125.5,Rainfed,129.6,5.69,0.96,719492.0,46.3
Tamil Nadu,Ludhiana,Chilli,Zaid,8.85,240.3,28.8,47.4,7.4,5.2,24.1,121.4,46.7,45.0,Flood,73.0,1.99,0.71,452134.0,46.3
Karnataka,Nalgonda,Rice,Rabi,0.8,588.7,21.0,49.5,8.4,6.59,14.7,117.2,51.1,65.6,Flood,63.8,4.3,0.78,42634.82,29.4
Karnataka,Krishna,Pulses,Rabi,13.5,592.3,26.0,54.6,6.0,5.75,34.3,152.8,51.7,107.7,Flood,98.3,2.7,0.69,700317.0,45.2
Gujarat,Nalgonda,Rice,Rabi,13.96,501.2,25.7,68.6,9.0,6.65,25.1,128.2,60.6,133.1,Drip,223.0,2.24,0.93,1006684.0,53.1
Karnataka,Nashik,Sugarcane,Kharif,10.76,1104.2,27.0,68.3,5.9,7.21,27.8,99.2,57.2,130.3,Flood,137.0,0.5,0.99,645414.0,73.4
Telangana,Nashik,Sugarcane,Rabi,1.4,410.4,22.7,60.7,7.1,5.99,21.9,146.3,67.6,97.3,Flood,232.3,3.29,0.69,107879.0,57.4
Telangana,Indore,Wheat,Kharif,14.84,762.5,29.8,62.4,7.9,6.67,30.6,177.6,74.5,91.1,Flood,121.7,4.77,0.93,970996.0,63.8
Gujarat,Rajkot,Wheat,Rabi,11.7,635.1,21.7,72.5,7.6,6.91,23.4,164.7,76.2,112.4,Flood,244.3,7.65,0.71,928382.0,37.9
Telangana,Nashik,Wheat,Kharif,7.45,735.6,28.6,74.6,6.5,7.09,40.6,109.3,32.7,98.8,Rainfed,213.3,4.87,0.75,488920.0,64.8
Punjab,Warangal,Groundnut,Rabi,0.94,357.6,23.0,41.2,7.4,8.240099999999998,20.4,94.0,40.5,46.2,Drip,151.0,6.76,0.93,59362.0,26.9
Maharashtra,Warangal,Pulses,Rabi,11.03,1009.9,22.5,68.4,9.9,6.76,21.4,123.9,59.0,116.9,Flood,188.3,5.93,0.72,703821.0,46.1
Andhra Pradesh,Rajkot,Cotton,Rabi,1.06,304.3,23.3,53.4,8.7,6.89,29.1,47.593,74.4,124.8,Drip,160.7,5.99,0.77,75412.0,35.4
Karnataka,Ludhiana,Maize,Rabi,8.11,439.0,25.0,49.3,6.8,5.67,23.3,133.6,53.2,57.8,Drip,167.2,4.17,0.8,462794.0,52.8
Gujarat,Rajkot,Chilli,Kharif,9.31,938.1,27.2,76.4,5.9,7.25,36.1,97.2,61.1,73.9,Drip,235.0,3.89,0.81,499439.0,58.5
Telangana,Ludhiana,Wheat,Kharif,12.83,1115.9,27.8,76.5,6.1,6.52,39.2,143.0,56.2,111.8,Rainfed,192.1,7.94,0.85,916971.0,59.6
Tamil Nadu,Warangal,Wheat,Kharif,2.55,905.6,28.5,86.3,4.899000000000001,6.23,25.6,143.9,54.7,101.6,Rainfed,243.6,4.88,0.66,149053.0,50.8
Punjab,Warangal,Cotton,Zaid,6.08,183.4,32.9,58.5,8.9,6.63,24.0,84.6,79.8,90.8,Flood,304.9,1.9,0.78,446320.0,38.6
Punjab,Nashik,Pulses,Kharif,7.49,877.2,27.0,71.5,7.2,6.57,37.0,117.6,48.0,118.1,Rainfed,130.6,3.96,0.75,413011.0,57.4
Telangana,Raichur,Chilli,Kharif,8.65,1001.5,25.7,68.6,5.3,6.47,38.5,138.0,75.4,75.3,Drip,91.5,8.51,0.66,524840.0,42.3
Gujarat,Ludhiana,Maize,Rabi,1.51,295.6,23.1,70.8,5.4,6.44,29.0,94.3,62.8,146.6,Flood,157.1,3.6,0.92,90538.0,34.2
Telangana,Erode,Chilli,Rabi,11.82,469.2,27.0,56.7,6.9,6.86,26.4,141.8,43.2,64.1,Rainfed,174.3,6.15,0.88,767026.0,39.2
Andhra Pradesh,Nalgonda,Rice,Kharif,14.0,582.0,30.4,71.2,5.6,6.63,30.5,92.7,71.8,86.6,Flood,211.6,3.45,0.69,935243.0,55.3
Tamil Nadu,Erode,Pulses,Rabi,9.96,636.9,23.8,70.6,7.4,7.55,26.5,161.0,50.4,113.7,Rainfed,151.0,1.77,0.68,552554.0,51.5
Karnataka,Indore,Rice,Kharif,14.43,715.9,24.6,61.6,6.8,6.52,30.1,128.3,53.5,119.9,Flood,195.0,8.08,0.75,1007705.0,32.9
Madhya Pradesh,Warangal,Groundnut,Zaid,5.62,444.7,35.1,44.2,7.4,6.56,15.6,96.3,77.2,98.6,Flood,175.3,0.5,0.66,329558.0,64.1
Gujarat,Nashik,Rice,Kharif,9.8,832.7,20.5,82.7,7.2,7.37,32.6,109.5,66.0,90.7,Drip,120.8,2.82,0.86,564378.0,58.9
Telangana,Erode,Pulses,Zaid,3.63,337.3,30.1,65.8,9.3,7.07,30.1,159.3,36.7,88.5,Drip,202.3,5.38,0.74,261279.0,45.7
Andhra Pradesh,Krishna,Sugarcane,Kharif,6.44,732.1,27.9,75.5,5.9,6.89,29.4,96.7,61.1,104.0,Sprinkler,259.3,6.27,0.76,420397.0,45.2
Gujarat,Ludhiana,Pulses,Rabi,5.67,660.9,23.3,36.6,6.4,5.58,28.1,138.5,60.5,127.3,Sprinkler,266.1,4.17,0.85,336845.0,38.3
Madhya Pradesh,Raichur,Chilli,Kharif,11.47,774.1,24.7,81.0,6.2,8.240099999999998,32.6,116.5,40.7,133.1,Drip,192.2,3.96,0.93,756496.0,52.4
Madhya Pradesh,Ludhiana,Maize,Rabi,13.9,299.6,19.9,61.9,9.0,7.13,22.3,47.593,74.1,57.7,Flood,156.7,3.5,0.75,942189.0,56.2
Punjab,Rajkot,Cotton,Kharif,9.2,854.4,27.1,71.3,9.3,6.86,35.0,100.0,50.3,76.7,Flood,203.4,5.33,0.86,533536.0,34.1
Telangana,Nalgonda,Maize,Kharif,9.92,835.4,27.8,70.8,7.9,6.4,35.0,142.4,53.7,168.90299999999993,Flood,263.3,4.87,0.85,744227.0,62.5
Tamil Nadu,Rajkot,Wheat,Zaid,11.1,209.3,35.1,54.9,7.6,6.62,13.7,140.7,60.3,106.6,Drip,185.4,7.07,0.9,700637.0,40.3
Tamil Nadu,Krishna,Cotton,Kharif,7.25,905.1,27.8,78.0,6.3,7.82,26.2,47.593,53.6,98.6,Flood,94.8,3.14,0.95,480016.0,65.3
Maharashtra,Ludhiana,Groundnut,Kharif,2.99,290.7,29.1,77.5,6.2,7.55,34.4,147.5,65.8,58.2,Rainfed,132.8,5.54,0.65,192370.0,41.9
Karnataka,Rajkot,Rice,Rabi,6.33,300.4,23.3,65.8,7.1,6.46,22.2,117.6,17.298000000000002,87.1,Rainfed,239.0,1.84,0.67,461298.0,50.1
Madhya Pradesh,Krishna,Wheat,Kharif,2.1,754.1,29.2,74.0,7.5,6.54,25.6,132.7,25.0,131.7,Drip,142.0,4.69,0.88,169826.0,51.1
Karnataka,Rajkot,Pulses,Rabi,5.5,390.2,24.3,60.3,6.2,6.46,20.0,108.2,17.298000000000002,113.4,Rainfed,244.8,3.98,0.72,394777.0,39.9
Andhra Pradesh,Raichur,Chilli,Kharif,5.73,803.5,31.6,77.1,6.4,5.91,33.0,134.3,51.9,79.1,Rainfed,271.0,0.5,0.77,361152.0,67.4
Karnataka,Nalgonda,Maize,Kharif,12.75,855.5,29.8,73.5,7.1,5.39,27.2,123.9,75.6,72.9,Drip,157.9,3.74,0.97,896953.0,72.3
Maharashtra,Nashik,Rice,Rabi,12.97,624.0,22.6,52.0,7.7,6.39,25.4,93.4,47.4,116.1,Rainfed,163.8,5.16,0.81,879149.0,46.9
Maharashtra,Krishna,Wheat,Rabi,3.97,308.3,26.1,47.6,8.0,7.48,25.8,81.4,47.3,105.8,Flood,167.8,2.1,0.75,256728.0,32.1
Punjab,Nashik,Wheat,Kharif,1.93,871.1,25.8,77.3,6.2,6.66,26.9,112.8,61.2,91.5,Drip,161.5,2.06,0.93,129322.0,66.4
Andhra Pradesh,Erode,Groundnut,Kharif,10.81,974.3,29.2,82.4,7.4,7.29,30.4,123.3,37.1,114.0,Flood,283.0,1.96,0.8,853114.0,74.0
Telangana,Nalgonda,Maize,Kharif,0.64,600.3,30.3,80.4,7.5,7.07,25.0,128.2,43.6,89.3,Rainfed,130.6,6.96,0.76,42634.82,51.5
Madhya Pradesh,Warangal,Rice,Rabi,13.98,183.4,20.6,57.2,8.6,7.11,19.6,122.6,79.7,142.9,Flood,138.0,8.71,0.97,838532.0,24.1
Madhya Pradesh,Rajkot,Groundnut,Rabi,7.02,339.7,20.8,54.7,8.0,5.44,23.2,111.5,44.1,135.3,Sprinkler,207.8,9.520199999999996,0.83,568881.0,18.7
Andhra Pradesh,Erode,Maize,Kharif,6.6,992.3,28.8,57.2,7.4,6.84,40.1,149.4,41.9,106.9,Rainfed,215.6,4.02,0.83,405935.0,56.9
Tamil Nadu,Rajkot,Rice,Rabi,7.61,414.8,21.5,46.5,8.0,6.24,24.5,70.7,53.4,90.6,Flood,250.1,5.01,0.68,536989.0,43.6
Tamil Nadu,Warangal,Cotton,Zaid,12.94,288.0,30.0,62.6,7.9,7.27,16.1,169.2,68.2,101.7,Rainfed,196.3,5.41,0.79,1074747.0,34.7
Telangana,Indore,Rice,Rabi,11.3,375.4,24.5,42.9,7.1,6.32,18.9,109.6,71.1,108.7,Drip,199.1,6.81,0.94,782086.0,26.3
Punjab,Guntur,Wheat,Kharif,1.5,1069.2,28.4,76.5,6.7,7.73,23.7,171.1,55.0,126.3,Drip,197.7,6.21,0.95,104343.0,56.1
Telangana,Ludhiana,Sugarcane,Rabi,1.75,630.2,22.7,53.0,9.0,6.78,27.6,123.9,47.5,111.4,Rainfed,274.0,4.78,0.84,136252.0,48.1
Punjab,Raichur,Wheat,Kharif,14.89,896.7,27.5,65.7,6.1,6.8,35.7,135.2,69.1,124.9,Sprinkler,214.0,7.02,0.98,1022555.0,49.4
Maharashtra,Krishna,Chilli,Rabi,12.49,342.6,23.8,60.4,5.7,7.68,19.3,138.1,77.7,77.6,Sprinkler,263.5,7.76,0.66,857394.0,36.3
Andhra Pradesh,Ludhiana,Rice,Kharif,8.44,656.7,23.6,60.3,6.3,7.78,33.2,139.5,55.6,110.0,Flood,157.7,2.05,0.87,416191.0,51.4
Madhya Pradesh,Warangal,Maize,Rabi,14.48,577.3,22.2,53.0,7.6,7.47,20.5,139.7,60.8,124.4,Rainfed,177.1,8.2,0.99,1126428.0,32.6
Telangana,Indore,Pulses,Rabi,13.64,417.1,23.8,44.5,7.6,6.57,22.0,112.6,47.5,108.7,Flood,222.4,6.39,0.87,1109046.0,20.5
Madhya Pradesh,Warangal,Rice,Rabi,7.88,614.3,22.7,58.5,5.6,6.7,19.6,153.4,65.8,113.2,Sprinkler,221.0,2.26,0.77,471647.0,57.3
Tamil Nadu,Nashik,Pulses,Kharif,13.16,678.0,31.8,66.1,8.4,6.31,27.2,146.4,81.6,115.2,Rainfed,201.6,7.33,1.0,815333.0,51.2
Madhya Pradesh,Krishna,Groundnut,Kharif,7.58,929.6,30.0,75.4,8.6,5.65,29.8,120.4,48.2,145.8,Drip,256.3,5.21,0.7,589941.0,66.1
Andhra Pradesh,Krishna,Cotton,Rabi,14.87,475.7,20.8,66.5,6.7,7.51,27.7,77.9,75.1,107.5,Rainfed,283.7,5.71,0.98,946623.0,49.0
Telangana,Ludhiana,Rice,Rabi,4.81,373.2,21.7,61.5,9.8,7.03,25.9,125.7,67.6,92.7,Flood,150.5,4.08,0.79,289238.0,31.9
Tamil Nadu,Nashik,Chilli,Kharif,3.08,804.4,29.1,74.7,7.7,6.94,30.4,88.8,57.8,128.3,Drip,52.9,2.91,0.76,160063.0,43.8
Telangana,Guntur,Pulses,Kharif,13.49,1024.4,32.4,85.7,7.3,5.68,20.1,151.4,53.3,104.8,Flood,126.2,6.13,0.8,925226.0,70.1
Telangana,Warangal,Groundnut,Kharif,10.29,995.1,30.6,72.9,6.1,5.68,34.7,123.0,41.9,131.0,Drip,154.3,6.1,0.94,752069.0,56.5
Andhra Pradesh,Rajkot,Groundnut,Rabi,12.13,418.9,22.6,72.8,6.5,6.52,31.9,145.3,67.3,130.0,Flood,107.5,4.33,0.86,686700.0,42.1
Maharashtra,Nashik,Rice,Kharif,7.57,785.1,29.6,72.7,8.0,7.14,28.8,130.1,29.3,75.8,Rainfed,166.0,7.95,0.74,510677.0,56.2
Punjab,Guntur,Sugarcane,Rabi,2.54,432.7,25.4,61.9,7.9,6.62,19.1,137.0,67.7,95.8,Drip,185.3,3.5,0.97,175647.0,47.6
Maharashtra,Guntur,Groundnut,Rabi,8.56,582.0,23.5,66.7,7.9,6.55,29.7,79.4,31.8,124.3,Flood,85.6,5.97,0.94,544775.0,50.0
Gujarat,Erode,Sugarcane,Rabi,11.52,658.7,21.1,63.6,9.1,6.37,24.0,109.8,62.9,121.6,Drip,191.9,0.5,0.89,680514.0,59.1
Punjab,Krishna,Groundnut,Kharif,12.65,850.5,25.6,69.1,6.3,6.5,38.3,102.3,44.4,131.5,Rainfed,214.3,8.77,0.82,811680.0,54.1
Karnataka,Krishna,Groundnut,Zaid,8.44,405.1,32.7,52.4,7.1,7.82,17.8,138.1,80.0,55.4,Sprinkler,194.1,5.24,0.7,521342.0,46.8
Gujarat,Erode,Groundnut,Rabi,0.76,389.4,28.8,60.4,7.3,7.64,18.7,144.5,65.5,72.9,Drip,269.8,3.9,0.91,68519.0,50.1
Punjab,Krishna,Maize,Rabi,9.16,533.0,28.3,59.8,8.2,6.35,24.1,70.7,75.6,99.0,Rainfed,52.1,4.24,0.71,454174.0,36.6
Madhya Pradesh,Erode,Wheat,Kharif,2.34,1151.4,22.5,55.7,6.6,5.82,28.7,117.7,96.8,121.8,Sprinkler,204.9,1.0,0.96,139230.0,71.0
Telangana,Rajkot,Rice,Rabi,10.56,447.7,21.9,58.3,6.4,5.9,29.2,152.3,46.5,129.2,Flood,94.4,8.36,0.68,689101.0,29.4
Andhra Pradesh,Nashik,Cotton,Rabi,3.29,547.9,26.9,66.0,5.7,7.33,39.2,88.3,17.298000000000002,144.2,Drip,140.6,7.62,0.79,260555.0,29.7
Karnataka,Raichur,Sugarcane,Rabi,11.62,303.3,24.0,52.7,7.1,7.04,21.4,113.5,71.8,78.0,Sprinkler,235.1,4.85,0.95,881787.0,50.4
Gujarat,Nashik,Pulses,Kharif,7.21,880.8,26.9,84.6,5.4,7.6,26.0,110.5,74.4,140.6,Flood,230.3,2.77,0.74,561086.0,66.5
Karnataka,Raichur,Rice,Rabi,6.98,614.8,21.0,53.2,7.0,7.8,32.0,55.3,53.5,122.3,Drip,144.9,5.47,0.87,421924.0,40.5
Maharashtra,Nalgonda,Rice,Kharif,10.71,655.9,31.5,54.2,4.899000000000001,6.52,33.4,169.1,94.4,91.5,Rainfed,220.1,7.78,0.84,893068.0,39.4
Gujarat,Indore,Maize,Kharif,5.41,992.7,29.8,64.2,8.5,6.75,35.6,80.7,43.8,50.2,Drip,217.0,4.95,0.67,398018.0,58.0
Andhra Pradesh,Indore,Groundnut,Kharif,8.8,917.3,30.3,76.6,9.2,7.38,30.6,166.7,61.8,94.4,Drip,127.2,5.23,0.67,545956.0,52.9
Madhya Pradesh,Guntur,Groundnut,Rabi,12.16,323.5,22.8,68.9,9.7,6.73,31.3,86.0,42.0,102.6,Flood,70.8,6.0,0.67,632338.0,31.7
Karnataka,Ludhiana,Rice,Rabi,10.4,344.2,26.1,49.9,9.3,7.23,18.5,148.9,63.0,130.9,Drip,111.9,0.5,0.78,541869.0,40.1
Karnataka,Ludhiana,Groundnut,Kharif,9.88,984.7,32.1,69.5,7.3,6.03,36.2,101.7,83.6,109.5,Rainfed,215.0,5.2,0.93,581955.0,66.1
Tamil Nadu,Nalgonda,Wheat,Rabi,11.99,440.7,24.8,54.0,10.0,6.3,27.8,166.9,57.0,124.4,Rainfed,148.3,2.74,0.98,699063.0,44.3
Andhra Pradesh,Erode,Chilli,Rabi,8.51,428.2,23.6,47.0,5.6,6.43,16.3,81.6,27.2,90.3,Rainfed,264.4,6.29,0.76,580321.0,33.5
Gujarat,Nalgonda,Chilli,Rabi,2.59,363.6,24.7,43.7,9.3,6.81,22.3,104.5,53.6,100.3,Rainfed,134.8,3.43,0.73,156158.0,42.3
Telangana,Raichur,Sugarcane,Rabi,1.38,229.6,26.8,63.7,8.0,6.91,21.8,146.7,76.7,41.8,Flood,137.5,4.3,0.68,85721.0,34.8
Maharashtra,Rajkot,Rice,Rabi,0.87,558.2,18.599,48.1,7.4,6.2,24.0,90.6,97.10099999999997,101.6,Drip,199.0,4.45,0.97,55696.0,34.6
Tamil Nadu,Rajkot,Cotton,Kharif,8.26,584.4,25.1,81.4,7.1,6.83,26.8,89.8,46.3,94.6,Drip,149.7,6.42,0.69,491922.0,43.4
Karnataka,Nashik,Wheat,Rabi,2.45,521.0,25.2,44.8,8.0,6.97,34.4,134.7,55.3,39.9,Flood,143.9,6.04,0.79,162672.0,37.8
Maharashtra,Raichur,Chilli,Zaid,6.17,370.2,30.2,49.6,8.1,6.47,11.7,129.8,38.3,88.6,Flood,201.4,6.11,0.95,447203.0,39.8
Gujarat,Krishna,Wheat,Kharif,11.68,974.7,31.3,53.4,7.4,7.3,30.9,59.7,43.3,111.7,Rainfed,138.2,5.89,0.96,817212.0,52.5
Maharashtra,Rajkot,Cotton,Zaid,10.36,262.9,29.9,56.9,7.3,7.02,27.3,99.5,61.6,137.8,Rainfed,183.5,7.85,0.85,687801.0,36.7
Telangana,Warangal,Wheat,Zaid,8.18,569.0,26.5,48.8,8.6,6.44,18.8,87.0,57.2,101.9,Rainfed,104.1,7.73,0.79,441815.0,38.4
Gujarat,Ludhiana,Groundnut,Rabi,1.74,460.1,20.0,54.3,8.0,7.2,22.8,127.5,60.1,88.0,Rainfed,221.6,9.520199999999996,0.75,128912.0,29.3
Karnataka,Nashik,Pulses,Kharif,14.47,813.9,29.0,72.9,6.6,6.47,33.3,63.7,60.7,114.9,Rainfed,131.5,3.96,0.88,803404.0,59.5
Punjab,Ludhiana,Pulses,Rabi,14.06,557.8,29.1,41.9,5.8,5.78,30.4,119.7,97.10099999999997,111.8,Sprinkler,125.9,4.87,0.93,956479.0,36.7
Madhya Pradesh,Nashik,Groundnut,Zaid,11.35,101.3,31.3,38.0,7.8,6.58,15.7,172.0,78.4,108.9,Rainfed,226.1,5.46,0.67,891716.0,34.3
Madhya Pradesh,Nalgonda,Rice,Rabi,6.96,80.0,23.1,70.5,8.3,7.57,15.1,125.6,43.4,125.2,Flood,328.11199999999974,5.51,0.76,537298.0,39.1
Madhya Pradesh,Erode,Chilli,Rabi,12.55,672.8,25.1,51.5,8.0,5.98,25.4,169.9,48.3,133.5,Flood,138.8,6.55,0.74,938404.0,39.7
Andhra Pradesh,Nalgonda,Wheat,Kharif,13.05,833.9,24.8,60.4,6.5,6.91,35.3,73.1,83.1,109.6,Flood,119.9,3.98,0.76,756131.0,59.7
Andhra Pradesh,Nashik,Wheat,Kharif,7.75,890.1,25.5,57.5,5.9,8.240099999999998,32.0,168.5,45.4,92.7,Sprinkler,173.4,7.11,0.98,520590.0,55.8
Gujarat,Nalgonda,Maize,Kharif,8.91,1061.9,31.4,62.6,6.7,6.5,32.3,166.8,55.4,168.90299999999993,Flood,262.9,6.06,0.73,633274.0,58.1
Punjab,Ludhiana,Sugarcane,Kharif,12.25,954.6,27.4,55.0,6.6,6.5,32.7,135.0,81.5,115.1,Drip,147.1,5.35,0.93,941589.0,51.1
Madhya Pradesh,Guntur,Cotton,Kharif,13.25,533.9,31.1,69.6,5.9,6.05,26.5,102.8,56.0,92.2,Flood,250.3,4.3,0.81,881556.0,56.5
Punjab,Ludhiana,Sugarcane,Rabi,5.27,271.0,25.8,62.6,6.5,6.67,21.3,143.0,73.8,112.4,Drip,180.7,2.53,0.69,306643.0,45.8
Maharashtra,Nalgonda,Cotton,Zaid,10.39,401.0,29.1,66.5,9.8,6.47,19.6,136.4,62.0,94.6,Flood,113.8,7.11,0.94,696648.0,29.0
Tamil Nadu,Rajkot,Groundnut,Kharif,2.02,805.6,29.5,81.5,5.9,7.56,35.9,79.3,46.7,78.0,Drip,217.2,4.8,0.66,158057.0,73.9
Andhra Pradesh,Raichur,Rice,Zaid,4.59,80.0,32.6,49.7,9.6,7.06,25.7,119.9,65.2,122.8,Rainfed,172.2,4.6,0.82,302583.0,35.6
Andhra Pradesh,Erode,Rice,Zaid,9.24,80.0,31.7,35.5,6.9,7.61,16.7,173.8,47.0,151.2,Drip,243.3,2.98,0.71,704885.0,38.1
Punjab,Erode,Pulses,Zaid,3.2,380.7,30.0,56.0,8.6,6.4,15.3,93.6,68.7,89.5,Sprinkler,200.8,4.38,0.78,217973.0,38.7
Maharashtra,Nalgonda,Cotton,Kharif,3.44,1086.4,30.3,72.2,7.0,6.89,32.9,163.2,71.3,92.8,Sprinkler,201.8,5.8,0.99,199455.0,68.4
Gujarat,Warangal,Groundnut,Kharif,12.18,821.6,26.1,79.8,6.8,6.29,26.3,153.5,30.3,113.5,Flood,141.3,7.42,0.84,917297.0,39.9
Andhra Pradesh,Nalgonda,Cotton,Rabi,5.14,393.4,22.8,61.6,7.2,6.49,26.1,106.7,51.5,71.6,Flood,78.6,5.97,0.93,330575.0,40.1
Karnataka,Ludhiana,Groundnut,Rabi,8.74,276.9,28.0,59.7,7.8,7.3,26.4,141.0,28.5,41.4,Flood,191.3,6.38,0.75,692959.0,30.5
Madhya Pradesh,Warangal,Cotton,Rabi,2.09,617.2,19.2,63.6,7.2,7.5,19.4,96.9,42.7,136.3,Rainfed,181.0,3.76,0.93,113393.0,66.1
Andhra Pradesh,Nalgonda,Groundnut,Rabi,7.66,210.0,23.5,62.4,7.4,5.68,37.7,127.3,43.6,94.8,Sprinkler,213.4,5.73,0.78,532426.0,35.3
Telangana,Warangal,Maize,Kharif,0.93,936.0,30.8,71.2,5.9,7.2,36.6,133.0,75.2,38.592000000000006,Sprinkler,203.8,7.97,0.85,65224.0,38.2
Tamil Nadu,Warangal,Cotton,Kharif,12.03,936.9,30.3,68.3,7.9,6.15,36.0,138.4,48.4,106.2,Rainfed,183.8,4.44,0.83,895358.0,66.3
Telangana,Rajkot,Pulses,Rabi,3.74,477.6,19.8,64.6,8.2,6.71,21.2,112.2,60.9,89.4,Sprinkler,241.3,5.87,0.77,275778.0,41.0
Andhra Pradesh,Warangal,Chilli,Kharif,9.65,1067.5,33.4,72.9,6.3,6.09,27.3,90.5,59.0,85.9,Drip,218.6,3.5,0.87,665007.0,63.6
Gujarat,Warangal,Wheat,Kharif,2.26,500.8,30.9,74.9,7.8,6.85,29.2,157.1,30.3,106.2,Rainfed,182.5,2.98,0.99,158763.0,49.9
Karnataka,Erode,Rice,Zaid,10.62,332.2,34.0,39.9,9.6,6.07,24.8,118.6,51.6,125.2,Sprinkler,235.3,7.63,0.95,870978.0,38.2
Punjab,Ludhiana,Chilli,Rabi,10.24,451.7,22.9,55.7,7.5,8.240099999999998,21.9,110.6,59.5,111.4,Sprinkler,189.7,4.17,0.69,727863.0,49.7
Karnataka,Krishna,Cotton,Rabi,14.12,843.4,21.7,60.4,7.9,6.25,25.3,169.3,32.1,69.3,Rainfed,228.6,3.91,0.94,991023.0,64.5
Telangana,Nalgonda,Groundnut,Kharif,6.93,694.0,26.4,72.1,7.3,7.07,39.4,144.1,66.9,121.2,Flood,194.2,5.5,0.89,486060.0,53.2
Tamil Nadu,Nashik,Maize,Rabi,12.79,484.0,23.5,52.5,8.0,6.53,28.4,127.1,64.5,75.1,Flood,108.4,1.29,0.91,624440.0,44.9
Madhya Pradesh,Ludhiana,Cotton,Rabi,12.17,505.7,24.9,60.1,8.5,6.59,33.4,182.4,76.5,81.0,Drip,231.4,2.79,1.0,822625.0,50.2
Andhra Pradesh,Guntur,Pulses,Rabi,9.77,474.1,21.4,40.5,6.4,6.67,20.8,116.3,73.5,58.6,Flood,183.8,3.96,0.87,661447.0,43.1
Tamil Nadu,Rajkot,Wheat,Rabi,2.82,620.5,26.8,64.6,6.8,7.05,30.6,120.5,52.0,118.5,Sprinkler,236.9,4.27,0.88,165246.0,46.7
Gujarat,Guntur,Maize,Zaid,3.18,361.7,32.4,36.7,8.9,6.98,14.2,104.3,25.0,110.0,Flood,170.8,1.59,0.82,189710.0,44.6
Karnataka,Erode,Chilli,Zaid,4.47,432.8,28.7,55.8,8.6,6.89,14.3,155.9,33.0,85.0,Sprinkler,189.3,4.06,0.87,355346.0,36.8
Andhra Pradesh,Rajkot,Groundnut,Kharif,13.54,1203.6019999999999,26.7,57.6,6.9,7.41,30.5,111.2,62.2,123.4,Sprinkler,136.4,2.83,0.83,857848.0,71.3
Andhra Pradesh,Raichur,Wheat,Rabi,1.15,373.6,20.8,68.3,7.7,6.2,28.8,158.4,82.0,79.9,Flood,183.2,3.57,0.83,61095.0,53.1
Maharashtra,Guntur,Pulses,Zaid,6.06,193.3,31.6,49.5,8.0,7.54,18.9,113.1,51.5,69.9,Flood,164.6,2.6,0.99,406112.0,56.7
Karnataka,Rajkot,Pulses,Rabi,10.9,418.1,23.0,77.0,9.0,7.9,20.3,119.0,42.7,92.1,Rainfed,179.7,5.49,0.84,780878.0,44.5
Gujarat,Krishna,Cotton,Kharif,8.66,784.6,30.2,63.5,5.7,5.37,37.6,131.5,67.7,78.1,Flood,185.8,7.28,0.9,577254.0,36.9
Maharashtra,Raichur,Chilli,Rabi,9.74,202.2,28.6,64.9,8.2,7.14,20.1,168.1,46.4,141.8,Rainfed,138.6,3.83,0.82,576568.0,44.0
Madhya Pradesh,Ludhiana,Rice,Rabi,11.99,535.0,21.7,64.0,6.2,8.19,26.5,121.0,40.4,93.1,Sprinkler,222.2,5.18,0.86,995279.0,35.4
Punjab,Indore,Chilli,Kharif,10.42,842.3,26.1,74.5,7.3,6.96,35.2,190.6039999999999,60.7,104.2,Rainfed,307.0,5.93,0.7,852250.0,59.2
Gujarat,Guntur,Wheat,Zaid,3.3,355.8,27.0,70.8,6.9,5.98,19.7,141.9,36.1,76.9,Drip,156.8,6.3,0.88,217522.0,31.3
Maharashtra,Erode,Rice,Kharif,10.77,692.6,26.5,67.3,8.2,7.24,25.0,124.3,64.1,165.4,Drip,128.9,6.24,0.85,743981.0,48.9
Madhya Pradesh,Indore,Wheat,Kharif,10.49,817.8,24.0,80.0,4.899000000000001,7.62,23.1,106.8,49.3,103.5,Drip,157.2,4.86,0.84,654067.0,61.9
Madhya Pradesh,Nalgonda,Groundnut,Zaid,12.23,80.0,30.7,56.1,7.6,5.21,15.4,160.6,57.6,97.4,Drip,129.6,5.63,0.78,886823.0,33.2
Karnataka,Krishna,Maize,Kharif,12.97,650.9,27.9,70.5,7.2,5.49,25.3,118.6,58.0,93.7,Sprinkler,101.1,5.26,0.8,888451.0,44.3
Andhra Pradesh,Guntur,Wheat,Kharif,8.17,582.0,30.1,81.7,6.6,5.23,29.3,139.1,69.6,53.7,Sprinkler,192.4,4.84,0.75,515266.0,62.0
Karnataka,Rajkot,Groundnut,Rabi,2.25,186.2,24.2,66.1,7.0,5.67,29.3,133.3,61.7,49.6,Flood,303.8,4.36,0.81,160941.0,39.4
Madhya Pradesh,Indore,Maize,Kharif,14.89,981.5,33.4,82.0,5.6,6.18,35.4,80.0,83.1,90.6,Rainfed,84.7,5.02,0.91,721048.0,67.1
Punjab,Indore,Rice,Rabi,13.97,623.5,26.8,56.0,9.3,6.19,27.8,120.5,55.0,116.1,Flood,75.3,1.99,0.72,726675.0,60.9
Tamil Nadu,Warangal,Maize,Kharif,6.64,820.5,24.5,86.4,6.0,6.36,28.7,149.9,23.2,96.6,Flood,256.2,6.41,0.74,434227.0,42.8
Madhya Pradesh,Ludhiana,Maize,Kharif,8.89,912.0,27.2,76.0,7.5,6.68,39.5,100.7,64.3,91.5,Flood,153.9,3.99,0.85,638919.0,55.6
Punjab,Rajkot,Rice,Kharif,5.67,1020.0,29.7,83.1,6.9,6.21,28.7,81.4,51.9,71.2,Rainfed,305.4,5.35,0.78,438172.0,74.60099999999997
Andhra Pradesh,Ludhiana,Wheat,Kharif,2.35,972.5,27.6,86.4,6.2,5.94,26.9,139.0,51.7,84.3,Drip,270.3,5.71,0.89,135972.0,64.5
Telangana,Erode,Maize,Zaid,7.51,80.0,31.3,56.1,7.7,5.78,18.1,115.0,56.1,100.0,Drip,328.11199999999974,2.71,0.73,592708.0,43.0
Andhra Pradesh,Rajkot,Sugarcane,Kharif,6.62,1124.0,27.5,73.6,6.8,7.24,30.1,94.8,87.8,107.7,Flood,183.8,3.63,0.68,425440.0,65.1
Andhra Pradesh,Krishna,Wheat,Rabi,11.22,469.0,23.1,65.8,9.4,7.21,26.6,98.7,40.0,115.9,Flood,123.7,5.08,0.78,766551.0,55.9
Maharashtra,Nalgonda,Sugarcane,Kharif,7.7,869.3,29.7,64.8,7.0,7.32,30.3,92.6,54.8,80.7,Sprinkler,108.0,5.73,0.74,512698.0,43.8
Andhra Pradesh,Nalgonda,Groundnut,Kharif,1.62,655.7,27.3,72.4,7.8,6.61,41.0,140.3,71.8,102.4,Flood,165.5,6.4,0.75,109045.0,39.7
Andhra Pradesh,Nashik,Cotton,Rabi,6.59,479.8,20.9,65.4,6.8,6.2,31.4,120.2,56.0,97.8,Flood,120.3,2.97,0.78,440510.0,50.5
Tamil Nadu,Rajkot,Chilli,Rabi,10.37,424.7,25.0,52.5,8.7,7.19,26.4,128.5,77.4,118.4,Sprinkler,164.2,2.29,0.8,682064.0,48.4
Andhra Pradesh,Nashik,Groundnut,Rabi,2.14,539.6,24.0,65.3,8.3,7.49,17.7,108.2,56.5,105.3,Rainfed,97.3,4.46,0.87,114833.0,49.8
Punjab,Indore,Wheat,Kharif,11.38,1193.6,24.8,64.6,7.1,6.55,28.9,112.0,69.6,87.2,Sprinkler,245.2,5.47,0.97,673057.0,49.2
Andhra Pradesh,Warangal,Pulses,Rabi,11.08,510.2,25.8,54.7,6.6,6.01,29.8,107.4,55.6,136.0,Flood,137.0,8.08,0.66,736899.0,29.5
Karnataka,Rajkot,Cotton,Rabi,4.7,395.0,21.5,54.1,6.7,6.02,20.4,134.7,90.3,149.8,Rainfed,155.6,4.17,0.94,274850.0,35.7
Karnataka,Raichur,Cotton,Zaid,10.62,458.1,25.5,35.5,8.3,6.39,22.0,101.9,46.7,127.2,Rainfed,118.6,4.86,0.83,652410.0,22.4
Maharashtra,Indore,Groundnut,Rabi,7.13,376.3,21.8,70.8,9.0,6.73,23.7,139.0,85.6,86.0,Flood,147.2,5.91,0.84,556741.0,35.5
Madhya Pradesh,Krishna,Wheat,Kharif,4.0,716.2,28.5,81.7,7.5,6.84,33.5,81.6,43.7,109.8,Sprinkler,123.5,5.4,0.77,250492.0,47.7
Telangana,Nalgonda,Pulses,Zaid,1.77,220.0,31.5,62.2,8.0,6.84,20.4,114.1,77.5,132.5,Flood,100.2,4.53,0.83,100940.0,49.6
Telangana,Warangal,Maize,Rabi,1.44,520.5,24.7,62.5,7.4,6.11,22.9,92.5,72.8,107.4,Drip,176.4,6.87,0.93,104010.0,41.0
Tamil Nadu,Nashik,Groundnut,Kharif,4.18,918.5,28.3,67.6,7.2,6.89,36.8,142.7,48.6,38.592000000000006,Rainfed,201.1,3.55,0.87,311443.0,57.2
Maharashtra,Nalgonda,Cotton,Kharif,1.83,1048.5,31.6,64.4,6.5,7.51,25.9,133.1,81.6,89.4,Rainfed,178.4,5.09,0.68,119307.0,55.9
Tamil Nadu,Nashik,Rice,Rabi,8.81,442.2,23.4,50.4,7.6,6.21,35.1,120.1,79.8,128.1,Drip,188.5,2.36,0.78,505884.0,57.8
Madhya Pradesh,Raichur,Groundnut,Kharif,1.76,786.2,26.5,75.3,7.3,6.63,24.0,47.7,35.5,121.0,Rainfed,290.0,8.64,0.78,144422.0,43.0
Karnataka,Raichur,Pulses,Rabi,5.72,469.9,23.8,49.9,7.5,5.83,11.9,132.4,27.9,93.5,Sprinkler,65.5,6.89,0.79,229934.0,36.6
Telangana,Guntur,Groundnut,Kharif,8.58,977.1,26.8,72.6,6.9,6.12,33.4,85.7,34.3,98.2,Flood,178.1,7.91,0.97,675503.0,53.4
Maharashtra,Erode,Cotton,Kharif,12.3,1133.6,29.9,65.9,4.899000000000001,6.93,40.4,104.1,31.9,124.2,Sprinkler,245.1,2.62,0.97,809507.0,64.8
Gujarat,Erode,Rice,Zaid,3.28,266.3,26.4,64.8,8.2,6.69,11.4,147.6,58.6,59.0,Drip,90.7,6.55,0.85,210652.0,40.9
Punjab,Guntur,Sugarcane,Rabi,9.09,368.5,21.7,45.6,7.5,7.05,19.5,167.3,48.9,108.0,Drip,112.3,3.94,0.65,639772.0,52.0
Punjab,Erode,Chilli,Kharif,9.36,1203.6019999999999,27.9,69.4,8.2,5.97,33.1,81.2,97.10099999999997,120.6,Rainfed,190.1,5.5,0.98,512111.0,62.6
Telangana,Rajkot,Cotton,Kharif,14.62,1202.6,26.3,62.4,6.9,6.79,21.3,132.4,74.2,150.3,Flood,165.0,6.05,0.83,1085148.0,61.6
Gujarat,Nalgonda,Rice,Zaid,11.65,364.6,26.3,54.9,8.0,6.04,15.5,114.7,62.1,108.3,Sprinkler,288.5,6.5,0.83,824996.0,18.7
Gujarat,Krishna,Rice,Kharif,9.55,940.0,28.6,72.3,8.2,7.29,28.9,119.6,47.4,103.1,Drip,233.2,5.63,0.69,751693.0,52.2
Telangana,Krishna,Groundnut,Zaid,14.33,355.0,27.2,49.9,7.7,7.52,11.4,121.6,55.6,117.4,Rainfed,210.7,2.68,0.91,913370.0,40.6
Telangana,Nashik,Pulses,Rabi,14.89,348.0,27.3,56.3,8.2,7.18,22.1,155.4,94.8,82.3,Rainfed,170.0,4.88,0.99,701841.0,37.1
Punjab,Nalgonda,Groundnut,Kharif,2.91,866.1,28.6,49.0,7.0,6.74,25.5,151.3,68.2,90.7,Flood,127.6,9.520199999999996,0.89,166969.0,26.2
Maharashtra,Warangal,Maize,Kharif,9.4,529.8,28.8,72.3,7.2,7.2,28.9,62.1,68.4,82.9,Rainfed,212.9,2.15,0.69,695511.0,53.0
Tamil Nadu,Warangal,Groundnut,Rabi,10.62,265.2,21.4,51.4,6.6,6.46,18.2,113.6,81.6,69.0,Flood,148.1,5.79,0.99,721041.0,23.0
Madhya Pradesh,Indore,Cotton,Kharif,10.42,507.7,27.4,86.1,7.4,6.42,27.8,117.4,73.0,157.1,Flood,262.7,3.03,0.77,680326.0,55.0
Karnataka,Krishna,Groundnut,Kharif,0.64,791.5,25.7,71.6,6.5,6.8,27.5,178.1,58.5,69.3,Drip,163.5,7.34,0.97,43528.0,33.7
Madhya Pradesh,Krishna,Cotton,Kharif,11.91,759.8,28.7,63.6,6.5,7.29,31.1,164.5,76.1,85.9,Sprinkler,230.2,7.74,0.88,754469.0,28.8
Gujarat,Nalgonda,Sugarcane,Rabi,5.72,688.9,26.3,72.1,7.8,6.62,23.8,131.6,61.7,95.1,Flood,328.11199999999974,4.34,0.78,495312.0,50.6
Tamil Nadu,Warangal,Pulses,Kharif,7.66,983.3,28.1,86.1,7.2,8.240099999999998,29.1,89.7,46.9,153.0,Drip,186.1,9.03,0.83,530245.0,45.6
Maharashtra,Nashik,Maize,Zaid,10.92,215.3,32.5,61.5,8.1,6.76,24.0,152.4,63.4,121.7,Sprinkler,197.2,5.85,0.96,793486.0,44.4
Andhra Pradesh,Ludhiana,Rice,Zaid,10.72,164.6,28.2,55.6,8.6,6.46,15.6,163.9,71.4,62.7,Drip,101.4,7.78,0.97,634637.0,30.7
Punjab,Krishna,Sugarcane,Kharif,0.64,1027.8,31.9,79.1,7.3,5.78,35.5,102.1,56.4,121.4,Flood,111.4,6.39,0.71,42634.82,64.9
Karnataka,Guntur,Maize,Rabi,10.19,481.0,21.1,66.3,8.5,6.92,30.6,162.7,40.2,68.1,Flood,151.9,3.99,0.74,545332.0,42.4
Andhra Pradesh,Erode,Cotton,Zaid,9.67,261.1,30.9,47.5,9.0,6.78,15.4,122.7,68.3,54.6,Flood,134.2,7.49,0.98,689876.0,29.0
Tamil Nadu,Raichur,Pulses,Kharif,4.06,675.5,30.3,73.3,6.1,6.67,36.5,133.0,54.5,55.4,Flood,140.9,1.52,0.83,269288.0,57.0
Andhra Pradesh,Guntur,Chilli,Rabi,1.02,223.0,21.3,35.5,8.0,6.1,27.2,82.4,97.10099999999997,38.592000000000006,Rainfed,278.7,6.46,0.79,72479.0,26.2
Punjab,Warangal,Maize,Rabi,14.01,585.8,23.8,49.6,6.7,7.14,35.0,111.3,38.3,131.3,Sprinkler,205.1,2.79,0.73,806117.0,50.1
Punjab,Erode,Wheat,Zaid,7.09,331.0,33.7,35.5,8.9,5.33,14.4,101.9,35.3,143.6,Rainfed,140.9,7.0,0.99,452883.0,18.7
Madhya Pradesh,Ludhiana,Wheat,Kharif,10.71,742.7,30.7,68.4,6.7,7.62,31.2,110.3,68.6,139.0,Sprinkler,110.3,6.93,0.69,674043.0,54.8
Karnataka,Nalgonda,Sugarcane,Zaid,7.58,80.0,32.0,55.5,8.8,7.18,15.0,102.4,66.7,109.9,Flood,182.4,4.68,0.81,522868.0,26.7
Punjab,Warangal,Pulses,Kharif,8.73,729.2,28.7,58.7,6.4,6.69,23.9,91.7,65.7,104.5,Drip,216.7,6.11,0.73,508763.0,50.3
Madhya Pradesh,Erode,Wheat,Rabi,13.12,221.7,20.6,57.3,8.6,7.43,16.7,74.8,64.7,75.3,Rainfed,143.7,3.92,0.79,750837.0,35.2
Telangana,Warangal,Wheat,Kharif,10.02,602.7,28.7,86.8,5.5,6.72,32.3,157.0,32.5,52.1,Flood,230.5,7.21,0.99,682647.0,52.1
Madhya Pradesh,Raichur,Wheat,Kharif,12.45,973.1,29.5,61.2,7.4,6.32,25.6,118.6,68.8,108.9,Flood,256.3,4.03,0.99,841621.0,57.3
Punjab,Guntur,Cotton,Kharif,4.66,707.4,29.2,84.3,8.9,7.19,32.4,153.0,41.5,79.8,Rainfed,227.1,3.94,0.96,362284.0,67.7
Maharashtra,Nalgonda,Chilli,Zaid,13.72,708.3,31.5,64.4,7.2,6.33,15.9,134.0,64.3,73.5,Sprinkler,200.5,2.53,0.85,1083103.0,57.3
Punjab,Erode,Pulses,Kharif,6.08,995.5,25.2,73.2,7.8,6.57,25.4,182.3,45.9,110.3,Rainfed,217.9,2.69,0.89,421463.0,71.5
Maharashtra,Erode,Chilli,Rabi,3.73,154.9,25.1,53.6,6.2,7.51,24.2,130.1,48.2,61.5,Flood,220.3,7.88,0.87,307871.0,26.4
Gujarat,Warangal,Maize,Rabi,2.99,680.4,26.5,54.6,7.4,7.81,28.6,149.0,56.2,91.5,Sprinkler,196.4,8.48,0.88,241190.0,32.8
Karnataka,Nashik,Maize,Zaid,14.88,189.0,29.2,44.9,7.0,5.71,33.6,116.6,50.7,130.7,Flood,157.3,6.78,0.78,994502.0,26.5
Gujarat,Krishna,Cotton,Kharif,3.43,1139.5,28.7,76.5,9.1,6.42,29.7,163.3,67.6,115.1,Sprinkler,191.0,6.4,0.97,205043.0,65.8
Madhya Pradesh,Nalgonda,Chilli,Kharif,11.76,865.7,31.4,62.2,6.3,6.38,30.6,145.0,72.4,112.4,Drip,240.0,5.88,0.98,816759.0,36.3
Tamil Nadu,Guntur,Sugarcane,Kharif,13.41,681.3,26.6,73.0,5.8,6.1,23.6,167.9,55.0,167.7,Drip,199.9,7.91,0.75,856451.0,30.2
Telangana,Nashik,Rice,Zaid,11.3,373.2,25.6,44.1,7.4,6.7,20.3,146.8,74.6,133.6,Rainfed,152.5,4.0,0.75,634283.0,53.3
Tamil Nadu,Warangal,Chilli,Rabi,1.68,678.1,25.3,67.8,5.9,6.4,29.4,118.9,17.298000000000002,109.8,Flood,136.5,4.1,0.91,99659.0,48.1
Gujarat,Guntur,Maize,Kharif,14.71,660.5,24.9,73.1,6.5,7.2,36.3,120.6,43.6,106.0,Rainfed,122.1,3.01,0.89,854426.0,57.8
Maharashtra,Nalgonda,Rice,Rabi,3.25,489.5,21.1,41.0,9.7,6.53,30.4,88.3,35.8,118.1,Flood,176.9,5.4,0.68,220291.0,27.2
Telangana,Krishna,Wheat,Kharif,14.51,1151.8,29.9,73.3,5.7,6.7,36.8,70.7,50.4,121.6,Rainfed,272.3,2.05,0.88,1089390.0,74.60099999999997
Punjab,Raichur,Pulses,Rabi,2.42,717.1,26.2,61.7,8.3,6.77,26.6,103.2,48.9,116.1,Rainfed,328.11199999999974,5.59,0.93,173259.0,58.0
Karnataka,Krishna,Pulses,Kharif,1.34,617.9,26.3,73.9,5.7,8.240099999999998,33.8,99.2,58.1,108.3,Flood,226.2,2.62,0.68,89574.0,44.9
Gujarat,Rajkot,Sugarcane,Rabi,4.75,597.0,18.599,54.0,7.9,5.82,25.2,138.9,44.5,166.8,Flood,120.0,7.61,0.82,322601.0,35.9
Madhya Pradesh,Erode,Pulses,Zaid,14.71,450.6,34.3,50.9,8.9,6.48,16.5,109.8,48.6,136.8,Flood,143.4,5.42,0.98,1086143.0,43.5
Tamil Nadu,Guntur,Maize,Rabi,13.05,215.1,22.9,47.2,8.6,6.79,26.6,122.5,37.0,128.7,Rainfed,129.4,7.63,0.97,676032.0,22.2
Telangana,Krishna,Cotton,Kharif,13.64,542.9,24.7,71.4,7.4,5.2,28.2,130.2,55.9,92.2,Drip,256.2,7.15,0.78,933243.0,41.3
Maharashtra,Rajkot,Wheat,Kharif,2.87,817.6,26.6,73.5,6.1,6.33,32.8,150.2,48.5,113.8,Flood,249.5,5.66,0.85,219984.0,45.3
Tamil Nadu,Nashik,Groundnut,Rabi,2.53,100.1,28.3,47.5,8.6,7.12,22.5,124.8,62.4,95.3,Flood,120.0,6.44,0.67,174504.0,19.7
Punjab,Nalgonda,Maize,Zaid,7.33,241.0,35.1,49.8,7.4,6.71,21.9,190.6039999999999,66.8,74.1,Flood,110.4,7.8,0.68,439532.0,23.1
Punjab,Erode,Sugarcane,Rabi,13.7,380.2,20.7,56.5,7.6,7.26,24.4,94.7,65.4,112.0,Drip,123.8,7.45,0.83,740762.0,28.5
Punjab,Krishna,Sugarcane,Rabi,4.65,709.8,22.1,63.6,7.7,6.84,25.0,159.8,59.4,136.7,Flood,160.4,6.37,0.83,301966.0,45.2
Punjab,Krishna,Chilli,Kharif,4.53,694.3,26.5,77.1,5.8,7.53,30.9,47.593,50.5,118.7,Sprinkler,111.5,7.67,0.67,263333.0,53.7
Maharashtra,Guntur,Wheat,Kharif,11.07,795.6,29.2,62.7,6.6,7.06,35.6,138.1,65.0,113.7,Drip,188.0,4.97,0.69,707465.0,46.9
Punjab,Nalgonda,Maize,Kharif,13.96,743.6,28.3,65.3,5.1,6.89,38.8,129.5,50.0,106.7,Sprinkler,170.4,5.17,1.0,984276.0,47.7
Gujarat,Guntur,Wheat,Rabi,11.86,248.5,23.5,58.0,6.9,6.45,29.5,113.5,47.3,112.5,Sprinkler,222.6,5.51,0.76,935818.0,43.2
Gujarat,Raichur,Sugarcane,Rabi,2.66,284.7,24.1,45.6,7.9,5.97,21.1,153.5,45.1,113.6,Drip,187.4,6.36,0.84,226581.0,19.0
Maharashtra,Guntur,Rice,Rabi,14.2,460.0,21.9,60.7,7.9,5.36,26.4,107.6,51.3,118.7,Flood,58.2,2.46,0.95,729088.0,58.0
Karnataka,Krishna,Rice,Rabi,10.72,218.2,25.2,60.4,7.9,6.59,22.6,148.8,47.9,96.0,Drip,103.2,8.77,0.75,631422.0,20.4
Karnataka,Guntur,Wheat,Rabi,9.45,561.3,27.7,76.2,8.3,6.91,26.6,98.9,55.1,38.592000000000006,Drip,161.1,4.57,0.7,626745.0,42.9
Punjab,Nalgonda,Groundnut,Zaid,14.89,399.5,32.7,53.0,9.4,6.69,14.0,127.1,55.2,77.5,Sprinkler,187.1,4.75,0.84,986469.0,44.2
Gujarat,Nalgonda,Groundnut,Zaid,12.81,270.0,31.0,64.1,7.6,6.59,21.3,96.5,42.9,103.8,Rainfed,214.5,5.48,0.8,871481.0,45.0
Madhya Pradesh,Warangal,Cotton,Rabi,12.16,535.2,23.5,69.2,7.5,6.46,21.5,82.3,50.1,144.6,Flood,226.9,4.37,0.68,829257.0,44.4
Tamil Nadu,Guntur,Cotton,Rabi,8.31,822.6,24.0,57.2,7.1,6.26,23.8,124.6,55.5,75.2,Rainfed,186.5,3.4,0.96,543614.0,47.3
Karnataka,Ludhiana,Cotton,Zaid,2.64,305.6,25.7,50.1,8.7,6.95,17.5,107.2,51.8,109.1,Flood,122.8,3.27,0.82,162958.0,37.2
Maharashtra,Warangal,Wheat,Zaid,7.38,254.5,35.1,41.5,6.1,7.26,21.7,171.3,72.2,126.6,Drip,185.6,5.86,0.69,483897.0,37.6
Andhra Pradesh,Rajkot,Cotton,Kharif,10.54,1203.6019999999999,33.6,75.0,5.5,6.49,32.1,138.6,57.1,105.7,Drip,175.3,8.99,0.69,767305.0,62.0
Tamil Nadu,Guntur,Cotton,Kharif,2.0,912.3,26.5,74.8,8.3,6.83,30.1,119.1,47.3,109.6,Rainfed,153.9,7.01,0.7,126822.0,38.7
Andhra Pradesh,Raichur,Wheat,Rabi,3.69,582.0,23.4,67.3,8.7,6.39,16.9,137.3,49.4,102.0,Flood,250.4,6.84,0.73,301891.0,42.1
Gujarat,Rajkot,Sugarcane,Kharif,11.96,830.2,29.0,74.0,5.9,7.16,26.0,133.3,45.6,122.8,Flood,158.3,4.7,0.8,813359.0,65.2
Andhra Pradesh,Guntur,Maize,Rabi,4.35,319.0,22.4,61.4,6.0,6.26,29.9,126.2,72.9,135.7,Flood,111.5,5.6,0.79,286898.0,36.4
Telangana,Guntur,Rice,Rabi,5.5,371.0,25.2,58.3,7.8,6.17,25.4,86.5,56.8,122.4,Flood,184.3,8.36,0.84,287296.0,43.9
Maharashtra,Warangal,Rice,Kharif,2.1,799.1,28.3,66.0,6.9,6.17,26.3,112.3,68.9,145.7,Flood,187.5,3.32,0.72,127338.0,54.4
Madhya Pradesh,Erode,Wheat,Rabi,4.22,305.1,26.3,61.6,5.9,7.35,21.7,183.1,59.1,93.3,Sprinkler,234.6,0.92,0.68,270881.0,56.5
Gujarat,Ludhiana,Wheat,Kharif,2.73,972.8,28.6,89.40399999999991,7.2,8.240099999999998,26.7,147.8,76.0,121.5,Flood,59.4,6.32,0.94,165850.0,62.1
Telangana,Warangal,Sugarcane,Kharif,7.66,703.0,29.9,77.7,7.5,6.38,26.0,126.9,83.6,145.8,Drip,170.3,3.08,0.77,395192.0,67.8
Madhya Pradesh,Warangal,Wheat,Rabi,6.34,351.9,20.7,51.6,7.4,7.07,26.4,165.2,52.3,126.0,Flood,202.3,4.12,0.98,404748.0,33.4
Gujarat,Raichur,Cotton,Kharif,9.95,984.1,29.3,89.40399999999991,5.6,6.54,32.0,92.1,49.0,114.6,Drip,201.7,6.48,0.72,854992.0,71.7
Telangana,Nalgonda,Rice,Zaid,14.17,512.7,33.8,39.9,7.7,6.52,11.4,124.8,73.9,128.2,Rainfed,149.8,2.05,0.87,903622.0,49.3
Karnataka,Indore,Maize,Zaid,2.47,417.1,24.5,56.4,9.2,6.2,24.9,96.3,41.7,110.3,Rainfed,200.0,5.29,0.68,150888.0,27.4
Karnataka,Guntur,Cotton,Rabi,9.84,547.2,22.3,54.2,8.2,6.38,20.6,96.6,69.1,108.4,Drip,250.4,5.77,0.76,713978.0,39.5
Punjab,Erode,Maize,Kharif,3.08,1024.6,24.6,57.4,5.9,7.16,19.5,114.5,52.7,93.6,Rainfed,172.8,3.48,0.92,182096.0,45.9
Karnataka,Krishna,Cotton,Rabi,6.22,704.1,25.6,60.5,8.5,7.04,34.5,100.5,60.9,129.6,Rainfed,71.3,4.11,0.66,299362.0,46.5
Karnataka,Rajkot,Cotton,Zaid,5.63,181.2,30.6,42.2,9.6,6.89,27.6,166.4,44.6,88.8,Rainfed,103.3,2.75,0.83,329327.0,50.9
Gujarat,Nashik,Maize,Rabi,6.43,470.7,19.3,61.1,6.8,6.47,20.2,134.9,80.5,96.5,Drip,134.8,5.09,0.9,388420.0,45.5
Maharashtra,Erode,Chilli,Rabi,1.92,259.0,25.1,50.3,8.7,6.88,30.8,129.1,76.8,98.7,Flood,184.3,4.17,0.8,137751.0,35.1
Punjab,Krishna,Rice,Kharif,7.13,1195.4,30.8,60.1,5.9,6.26,27.3,118.8,52.8,168.90299999999993,Drip,164.7,6.08,0.91,457892.0,54.0
Andhra Pradesh,Nalgonda,Groundnut,Rabi,5.35,569.3,18.599,59.6,5.9,5.68,16.8,138.5,37.8,116.4,Drip,226.4,6.08,0.93,347340.0,47.6
Tamil Nadu,Guntur,Pulses,Rabi,8.06,363.3,23.7,41.1,6.9,5.63,31.8,150.5,37.7,94.0,Flood,172.2,7.88,0.8,508832.0,29.1
Tamil Nadu,Krishna,Maize,Kharif,13.79,1187.5,29.7,67.4,5.1,6.81,32.3,173.5,57.1,108.3,Drip,231.2,8.97,0.76,932601.0,52.8
Andhra Pradesh,Indore,Chilli,Kharif,1.85,677.8,27.2,65.9,7.2,6.64,35.5,105.4,86.5,140.4,Flood,44.595,6.33,0.66,110511.0,53.6
Andhra Pradesh,Raichur,Groundnut,Zaid,4.39,155.8,30.4,47.3,8.9,6.71,32.3,106.2,44.8,118.1,Rainfed,124.4,4.13,0.89,251655.0,38.5
Telangana,Krishna,Groundnut,Kharif,1.34,920.2,24.3,84.2,8.2,7.2,29.4,147.0,45.2,83.0,Drip,183.4,4.25,0.87,85804.0,55.6
Andhra Pradesh,Indore,Cotton,Rabi,9.38,161.9,24.6,63.3,7.6,6.23,29.2,102.6,65.4,103.9,Drip,204.7,4.65,0.77,611819.0,42.7
Gujarat,Guntur,Sugarcane,Kharif,5.05,944.2,22.6,63.8,8.0,7.02,35.8,170.4,57.2,124.8,Drip,102.8,5.38,0.66,232902.0,39.0
Tamil Nadu,Ludhiana,Groundnut,Rabi,5.17,80.0,20.0,63.3,7.5,6.88,22.6,132.9,57.0,41.4,Sprinkler,189.1,5.51,0.74,385644.0,40.4
Gujarat,Raichur,Wheat,Kharif,14.64,1116.0,29.0,70.7,7.4,6.74,34.9,146.1,65.9,109.7,Rainfed,240.7,6.71,0.82,990904.0,53.8
Tamil Nadu,Krishna,Wheat,Kharif,9.92,883.8,32.2,86.2,7.9,6.17,31.9,127.4,81.6,99.6,Drip,104.4,5.43,0.86,613969.0,74.60099999999997
Madhya Pradesh,Erode,Maize,Kharif,4.61,1198.1,29.2,68.7,6.7,6.09,23.6,140.1,75.5,105.3,Drip,234.0,7.38,0.88,367154.0,48.5
Madhya Pradesh,Rajkot,Pulses,Kharif,0.73,934.4,29.2,75.2,6.5,8.1,20.4,159.7,91.5,132.1,Rainfed,200.3,3.98,0.81,42634.82,73.9
Madhya Pradesh,Ludhiana,Chilli,Rabi,13.38,366.4,19.9,48.6,9.3,6.5,28.1,142.9,90.0,66.1,Sprinkler,180.0,5.21,1.0,752510.0,52.2
Punjab,Nashik,Maize,Kharif,4.97,836.1,30.4,75.6,6.7,6.92,32.0,140.5,70.0,95.4,Drip,107.3,3.96,0.9,348239.0,70.7
Punjab,Indore,Rice,Rabi,1.5,390.7,21.0,59.9,8.3,6.21,25.3,157.5,73.7,109.0,Flood,164.0,4.36,0.9,94206.0,44.6
Andhra Pradesh,Nalgonda,Wheat,Zaid,2.69,378.8,30.3,60.7,8.6,6.66,15.8,115.4,60.1,83.6,Sprinkler,198.2,5.99,0.88,169130.0,39.3
Gujarat,Nalgonda,Pulses,Rabi,2.31,280.9,20.3,42.0,7.3,7.48,34.4,115.9,45.2,61.8,Rainfed,184.9,5.29,0.99,140936.0,31.9
Gujarat,Nalgonda,Pulses,Kharif,5.59,1119.6,28.7,55.5,6.2,6.91,24.3,104.8,63.6,143.0,Flood,243.5,6.78,0.81,369901.0,46.3
Andhra Pradesh,Nalgonda,Groundnut,Kharif,7.97,963.4,30.1,81.7,6.2,5.89,30.0,131.9,37.7,105.5,Sprinkler,141.8,8.46,0.97,472486.0,50.6
Tamil Nadu,Ludhiana,Maize,Zaid,14.18,552.2,34.0,60.0,7.3,7.75,17.0,190.6039999999999,59.0,94.6,Rainfed,168.0,3.76,0.97,1113608.0,53.9
Madhya Pradesh,Indore,Rice,Rabi,5.49,524.5,23.9,59.1,6.9,7.66,21.9,104.0,80.5,139.9,Sprinkler,156.5,2.33,0.67,293822.0,45.0
Punjab,Nalgonda,Wheat,Kharif,5.86,909.4,27.4,79.9,7.1,6.08,31.1,47.593,44.5,80.5,Flood,259.4,5.19,0.92,464851.0,63.9
Madhya Pradesh,Indore,Wheat,Kharif,8.49,882.4,25.2,72.5,5.6,6.98,24.4,134.6,60.1,84.2,Sprinkler,91.2,0.5,0.95,470247.0,74.60099999999997
Andhra Pradesh,Warangal,Chilli,Rabi,3.95,203.0,23.8,63.7,7.1,5.9,21.2,70.1,55.8,123.2,Flood,200.3,5.5,0.9,281972.0,49.3
Karnataka,Guntur,Pulses,Rabi,14.83,309.4,23.9,58.2,7.4,6.45,25.4,154.4,56.6,102.0,Rainfed,200.3,7.36,0.92,1015612.0,44.3
Tamil Nadu,Rajkot,Wheat,Rabi,3.93,550.8,19.3,58.6,8.6,6.71,28.4,110.1,60.0,109.2,Rainfed,139.6,0.5,0.88,277861.0,69.5
Telangana,Raichur,Groundnut,Kharif,13.88,826.6,30.1,72.7,6.6,7.5,30.4,74.0,64.3,92.7,Drip,328.11199999999974,4.18,0.96,1073758.0,53.6
Karnataka,Raichur,Chilli,Kharif,3.46,1203.6019999999999,29.1,83.6,5.3,7.37,40.9,118.7,62.3,68.0,Rainfed,101.2,6.82,0.8,224158.0,71.9
Maharashtra,Rajkot,Rice,Kharif,8.68,860.9,31.1,83.7,7.2,7.39,26.4,175.0,43.7,96.9,Flood,123.1,3.82,0.72,541012.0,54.5
Telangana,Ludhiana,Maize,Zaid,1.98,110.3,32.2,43.9,9.3,5.76,17.1,98.3,59.2,105.4,Drip,310.5,4.57,0.66,136142.0,27.6
Punjab,Raichur,Chilli,Kharif,14.74,1141.3,29.2,67.9,6.5,6.67,25.1,131.0,68.2,125.2,Flood,193.3,6.6,0.94,932591.0,53.3
Punjab,Indore,Cotton,Kharif,13.23,769.9,28.1,54.7,6.6,6.25,28.6,169.5,36.8,86.0,Sprinkler,126.5,3.01,0.71,835241.0,52.8
Punjab,Nashik,Rice,Kharif,14.75,1092.1,32.2,74.8,7.4,6.51,27.6,136.7,68.2,102.9,Sprinkler,199.6,4.95,0.77,876386.0,50.7
Andhra Pradesh,Nalgonda,Pulses,Rabi,8.17,533.9,20.8,61.5,9.3,7.4,19.5,108.2,36.4,115.5,Flood,197.1,9.21,1.0,605004.0,41.4
Tamil Nadu,Indore,Chilli,Rabi,6.83,452.1,20.5,52.3,7.5,6.28,21.2,112.9,55.8,113.8,Rainfed,255.5,3.16,0.91,339830.0,34.5
Gujarat,Ludhiana,Groundnut,Zaid,9.6,227.5,32.4,62.1,8.3,6.07,24.2,108.4,40.9,121.5,Drip,176.1,6.54,0.76,685672.0,34.7
Gujarat,Krishna,Maize,Rabi,5.26,418.4,24.6,57.1,8.1,7.01,19.9,87.9,36.2,127.4,Flood,213.6,5.09,0.91,403846.0,35.4
Karnataka,Indore,Sugarcane,Kharif,11.76,765.9,31.6,77.9,7.5,6.25,38.2,151.0,77.0,91.6,Sprinkler,139.9,6.85,0.88,684492.0,58.2
Andhra Pradesh,Ludhiana,Wheat,Rabi,1.57,504.3,23.0,55.9,7.0,7.19,25.5,126.3,47.3,103.1,Flood,280.7,7.33,1.0,125959.0,22.3
Gujarat,Erode,Groundnut,Rabi,10.04,163.6,19.6,64.9,6.8,6.94,28.0,104.2,51.5,55.4,Rainfed,97.9,6.05,0.85,575942.0,26.5
Andhra Pradesh,Nalgonda,Sugarcane,Zaid,12.92,451.8,32.5,42.8,7.3,6.4,18.2,124.8,57.4,135.1,Sprinkler,220.7,7.71,0.85,956505.0,35.9
Gujarat,Guntur,Groundnut,Kharif,5.21,743.2,28.1,68.8,5.5,6.6,22.7,189.2,39.9,123.6,Rainfed,256.7,5.02,0.94,369550.0,40.7
Tamil Nadu,Ludhiana,Rice,Rabi,7.12,368.1,24.5,55.7,7.2,6.14,22.8,97.8,66.6,104.8,Rainfed,152.5,3.69,0.77,439651.0,34.6
Karnataka,Nashik,Rice,Rabi,4.29,508.4,22.8,56.7,8.6,6.44,24.6,87.0,52.4,127.5,Drip,188.2,3.41,0.79,313375.0,43.7
Madhya Pradesh,Nashik,Wheat,Kharif,0.9,999.3,28.6,82.1,5.5,6.69,34.3,124.1,48.1,92.9,Flood,216.4,7.57,0.9,70688.0,43.1
Telangana,Guntur,Sugarcane,Zaid,1.46,260.2,32.8,43.5,7.2,7.04,22.8,132.2,32.5,120.0,Flood,177.9,6.43,0.76,116810.0,25.9
Karnataka,Krishna,Groundnut,Rabi,6.14,580.6,21.4,54.7,8.2,7.47,17.7,79.9,51.0,135.4,Flood,328.11199999999974,3.6,0.88,524466.0,57.0
Karnataka,Indore,Pulses,Rabi,6.32,299.3,22.0,79.7,7.0,6.33,18.4,138.4,75.5,113.1,Drip,73.2,2.47,0.71,379623.0,46.1
Punjab,Warangal,Sugarcane,Rabi,7.73,482.8,25.0,61.7,6.8,5.69,29.2,148.1,47.5,68.4,Flood,294.2,7.81,0.98,576141.0,45.2
Andhra Pradesh,Indore,Chilli,Rabi,5.63,476.0,28.1,63.9,7.8,6.76,21.1,107.2,41.4,87.1,Flood,141.2,5.08,0.72,415253.0,51.4
Gujarat,Nashik,Pulses,Kharif,13.43,923.0,28.7,60.0,7.4,6.67,28.3,144.9,36.8,123.3,Drip,130.6,5.68,0.99,803990.0,33.2
Madhya Pradesh,Warangal,Maize,Kharif,3.15,873.8,27.3,78.3,7.3,6.55,31.4,129.8,49.9,67.8,Rainfed,195.2,3.76,1.0,228724.0,55.4
Maharashtra,Ludhiana,Groundnut,Kharif,3.55,999.5,32.5,67.8,5.8,7.02,20.7,161.6,46.2,73.7,Rainfed,85.7,3.24,0.77,266578.0,74.6
Andhra Pradesh,Krishna,Groundnut,Kharif,8.93,717.3,28.7,77.7,5.2,6.62,20.6,74.1,48.3,119.9,Drip,127.1,3.99,0.72,658702.0,46.3
Karnataka,Rajkot,Rice,Kharif,7.85,802.9,30.4,54.7,8.1,7.17,38.4,163.3,58.8,70.0,Drip,207.6,7.72,0.9,524345.0,48.2
Maharashtra,Raichur,Maize,Rabi,10.99,195.3,23.6,55.4,6.8,7.64,26.0,124.3,27.2,93.1,Drip,249.7,5.99,0.76,828750.0,31.7
Punjab,Erode,Cotton,Zaid,12.27,445.1,28.5,48.6,8.8,7.58,22.6,91.5,77.5,109.1,Rainfed,220.8,4.06,0.66,879988.0,36.7
Gujarat,Nalgonda,Rice,Zaid,6.64,171.9,27.5,79.5,7.6,7.25,18.9,104.3,55.6,57.4,Drip,158.4,6.23,0.86,426700.0,47.2
Andhra Pradesh,Erode,Maize,Zaid,1.43,604.3,27.4,56.8,9.1,6.54,26.9,114.2,49.6,145.2,Flood,232.1,6.55,0.86,89296.0,32.2
Maharashtra,Indore,Pulses,Rabi,6.29,661.7,27.1,61.7,7.3,6.05,23.7,107.6,70.2,114.9,Sprinkler,244.6,4.34,0.88,428375.0,43.4
Maharashtra,Ludhiana,Sugarcane,Rabi,14.78,616.4,25.5,67.1,7.8,7.34,22.7,151.8,59.4,88.2,Flood,263.6,5.39,0.84,1099537.0,49.0
Telangana,Indore,Cotton,Kharif,11.39,661.0,29.2,66.7,5.9,6.68,36.7,190.0,42.7,114.3,Drip,202.6,3.11,0.69,855348.0,49.9
Gujarat,Warangal,Chilli,Kharif,9.89,768.6,26.6,82.5,8.1,6.31,19.3,95.0,46.2,146.8,Flood,83.8,8.9,0.8,564556.0,35.9
Madhya Pradesh,Guntur,Chilli,Kharif,4.11,982.4,29.9,89.3,8.0,6.47,32.8,130.4,49.7,94.2,Drip,226.4,3.1,0.94,301466.0,71.2
Gujarat,Erode,Cotton,Kharif,2.32,709.0,28.3,77.0,8.0,7.2,30.5,91.0,81.4,107.9,Drip,305.9,1.33,0.68,173991.0,67.3
Punjab,Nalgonda,Sugarcane,Zaid,13.64,350.7,33.0,62.6,8.6,6.77,22.4,113.8,53.9,105.1,Drip,189.1,4.83,0.69,842694.0,41.3
Punjab,Rajkot,Rice,Kharif,8.56,901.3,28.3,65.9,6.2,6.95,32.3,109.8,60.0,120.9,Rainfed,202.7,6.03,0.78,474318.0,46.3
Maharashtra,Krishna,Chilli,Rabi,4.4,696.5,23.4,45.5,8.4,6.03,20.8,91.8,63.6,144.1,Flood,202.2,9.520199999999996,0.94,305437.0,30.7
Madhya Pradesh,Rajkot,Maize,Kharif,10.93,1121.4,28.8,65.9,6.3,7.16,35.6,84.3,74.4,57.3,Rainfed,290.6,7.68,0.94,787030.0,50.7
Punjab,Guntur,Pulses,Kharif,13.96,761.7,28.1,63.9,5.5,6.37,36.7,146.3,37.3,107.1,Rainfed,180.0,5.16,0.87,834403.0,38.2
Telangana,Indore,Rice,Rabi,10.4,207.4,21.8,60.5,7.7,6.95,18.5,141.3,32.8,112.3,Flood,66.8,7.07,0.73,620640.0,38.2
Telangana,Erode,Chilli,Kharif,2.81,997.7,27.7,58.8,7.1,6.93,35.5,157.1,39.6,88.5,Flood,113.5,5.05,0.7,191081.0,55.8
Telangana,Erode,Wheat,Rabi,7.63,205.2,24.9,50.3,7.0,6.42,25.6,127.4,49.6,67.1,Drip,94.3,4.06,0.66,465021.0,39.6
Maharashtra,Indore,Groundnut,Kharif,3.83,909.1,27.7,59.4,5.9,6.32,34.8,176.5,65.4,99.9,Rainfed,106.2,5.27,0.95,201839.0,58.9
Madhya Pradesh,Nashik,Maize,Rabi,2.11,356.0,23.1,64.1,8.3,6.13,27.5,112.5,67.9,94.9,Sprinkler,217.7,7.16,0.66,135781.0,33.5
Telangana,Guntur,Rice,Rabi,11.7,258.7,26.8,60.0,6.8,6.04,21.1,152.3,63.8,60.5,Drip,76.1,4.94,0.69,591240.0,42.7
Tamil Nadu,Nashik,Cotton,Zaid,13.56,441.7,27.3,62.0,7.4,6.99,17.2,82.5,57.1,105.5,Rainfed,107.6,8.23,0.67,541165.0,26.2
Karnataka,Raichur,Groundnut,Kharif,0.64,938.4,28.1,71.4,5.4,6.34,23.9,93.9,62.9,120.5,Flood,124.2,4.5,0.75,42634.82,59.4
Karnataka,Raichur,Maize,Kharif,9.83,935.3,28.1,75.5,5.2,5.95,39.4,85.2,73.0,72.9,Flood,197.8,6.82,0.92,620495.0,55.2
Maharashtra,Warangal,Cotton,Kharif,1.64,867.3,26.6,67.5,8.0,6.24,29.6,112.8,28.8,74.4,Flood,187.9,0.75,0.94,109926.0,64.9
Punjab,Krishna,Groundnut,Kharif,4.52,538.5,28.2,74.7,6.9,7.2,29.0,190.5,25.9,94.9,Drip,268.5,3.72,0.98,301626.0,48.3
Maharashtra,Guntur,Pulses,Zaid,7.9,263.2,32.0,37.8,7.5,6.3,25.9,100.1,76.2,99.3,Flood,145.5,6.4,0.75,575109.0,22.2
Tamil Nadu,Ludhiana,Rice,Rabi,8.25,304.4,19.9,43.8,6.9,6.15,20.8,137.9,53.0,119.4,Rainfed,142.9,8.01,0.83,645291.0,25.8
Punjab,Nashik,Cotton,Zaid,5.06,80.0,30.7,59.1,9.1,7.16,20.2,182.1,64.8,137.7,Flood,205.5,5.19,0.66,360535.0,34.6
Tamil Nadu,Krishna,Maize,Kharif,11.43,743.6,25.7,75.5,7.8,8.05,22.7,159.5,58.7,88.7,Rainfed,124.0,2.91,0.9,598995.0,51.9
Gujarat,Erode,Rice,Zaid,7.83,376.1,30.0,47.9,8.2,6.97,22.5,104.8,44.5,142.2,Rainfed,202.8,5.42,0.7,581374.0,37.8
Maharashtra,Krishna,Maize,Rabi,8.09,343.1,22.9,69.1,7.2,6.49,27.8,115.4,45.1,89.1,Flood,168.9,5.68,0.65,522685.0,29.0
Karnataka,Raichur,Maize,Kharif,13.05,721.9,28.1,81.1,6.8,7.51,38.6,108.8,85.9,82.6,Sprinkler,212.3,3.8,0.72,924837.0,62.1
Madhya Pradesh,Nashik,Groundnut,Kharif,10.91,992.7,26.4,76.3,7.1,6.21,31.2,138.9,74.8,117.4,Rainfed,116.4,6.71,0.84,558472.0,53.8
Tamil Nadu,Erode,Wheat,Zaid,6.71,80.0,30.3,57.6,8.8,6.59,26.3,106.4,29.3,89.7,Sprinkler,179.5,6.66,0.81,421655.0,38.4
Punjab,Erode,Groundnut,Zaid,4.24,428.6,29.7,57.8,6.7,6.84,15.3,165.2,60.3,74.3,Flood,215.1,5.89,0.65,343070.0,40.3
Gujarat,Ludhiana,Wheat,Zaid,0.81,165.7,32.1,56.5,8.6,5.2,18.7,173.1,66.0,118.2,Flood,238.6,7.03,0.83,50004.0,32.8
Andhra Pradesh,Erode,Wheat,Zaid,0.64,423.2,30.0,68.7,7.5,6.12,19.9,100.3,54.9,85.6,Flood,215.0,4.85,0.83,42634.82,54.2
Karnataka,Nalgonda,Sugarcane,Kharif,11.1,1103.1,27.2,64.2,7.0,6.71,27.5,190.6039999999999,52.3,152.4,Flood,296.0,7.3,0.71,904252.0,51.6
Maharashtra,Ludhiana,Cotton,Rabi,12.99,673.2,26.9,53.7,9.4,7.15,24.2,133.2,65.8,108.0,Rainfed,83.7,0.68,0.95,567048.0,65.0
Telangana,Rajkot,Rice,Rabi,11.55,669.4,22.6,64.6,5.8,6.12,26.0,116.1,78.1,143.2,Drip,210.2,3.48,1.0,760129.0,55.2
Tamil Nadu,Ludhiana,Cotton,Kharif,11.35,883.4,26.1,63.3,6.9,7.09,41.0,96.6,47.5,146.3,Rainfed,105.2,4.85,0.84,585513.0,50.8
Punjab,Ludhiana,Pulses,Kharif,3.27,881.6,27.3,79.2,4.899000000000001,7.22,28.1,117.6,17.298000000000002,112.6,Rainfed,108.2,3.75,0.8,186704.0,52.9
Andhra Pradesh,Erode,Pulses,Kharif,7.02,933.3,27.1,65.5,5.3,6.74,35.8,98.4,52.4,52.7,Sprinkler,191.1,2.41,0.87,509561.0,48.0
Tamil Nadu,Guntur,Rice,Kharif,12.47,770.9,29.1,60.6,6.6,6.65,22.5,127.1,72.5,147.3,Rainfed,234.9,5.96,0.75,756647.0,51.0
Tamil Nadu,Raichur,Rice,Kharif,3.52,1103.0,29.7,68.9,8.1,8.22,22.2,179.8,70.0,119.6,Sprinkler,322.3,2.84,0.8,265735.0,68.5
Madhya Pradesh,Nashik,Rice,Rabi,7.88,403.3,21.9,77.2,7.8,7.49,20.4,190.6039999999999,40.9,165.2,Flood,77.1,4.49,0.72,438126.0,55.1
Tamil Nadu,Krishna,Cotton,Kharif,0.99,674.6,30.4,63.1,4.899000000000001,6.78,29.5,102.1,61.1,134.1,Sprinkler,184.2,4.48,0.94,64662.0,53.7
Maharashtra,Ludhiana,Cotton,Kharif,4.01,1124.5,28.5,74.4,6.8,6.43,23.6,129.4,22.9,93.6,Flood,178.7,7.69,0.83,228464.0,59.2
Punjab,Indore,Wheat,Rabi,1.08,847.8,27.6,62.6,7.8,5.84,29.2,100.3,68.9,87.4,Drip,62.6,3.41,0.8,61262.0,56.7
Maharashtra,Raichur,Pulses,Kharif,14.24,1146.5,25.9,77.9,5.2,6.51,35.9,143.7,48.4,126.7,Drip,327.0,8.0,0.97,1043149.0,48.4
Karnataka,Indore,Groundnut,Rabi,6.36,456.0,23.9,61.2,9.1,6.62,31.5,110.9,72.9,128.0,Flood,131.7,4.15,0.82,346168.0,42.7
Karnataka,Guntur,Chilli,Kharif,9.05,847.1,28.7,83.2,9.5,7.24,32.8,111.9,40.1,106.3,Drip,144.1,5.34,0.66,427583.0,47.9
Gujarat,Raichur,Pulses,Zaid,12.11,335.7,25.2,52.2,8.1,6.97,17.5,112.8,45.7,106.3,Sprinkler,215.9,4.52,0.94,842221.0,40.3
Punjab,Nalgonda,Rice,Kharif,1.46,444.2,32.2,81.6,7.5,6.08,27.0,142.5,65.1,69.4,Rainfed,217.4,7.06,0.96,114859.0,47.1
Madhya Pradesh,Erode,Wheat,Zaid,4.79,205.9,30.7,55.2,7.5,6.95,20.5,71.6,97.10099999999997,84.5,Rainfed,182.7,5.47,0.69,271131.0,45.1
Andhra Pradesh,Ludhiana,Groundnut,Rabi,14.57,366.1,30.4,51.3,6.5,7.3,23.9,97.5,33.6,150.2,Drip,328.11199999999974,4.98,0.7,1126428.82,52.4
Karnataka,Rajkot,Pulses,Zaid,7.13,365.9,31.4,45.1,8.9,5.88,29.5,156.0,50.4,93.8,Rainfed,125.1,5.59,0.91,426022.0,34.8
Karnataka,Indore,Maize,Rabi,14.64,771.2,25.8,35.5,7.2,7.02,31.9,107.6,78.1,86.2,Rainfed,199.6,2.37,0.73,779078.0,48.6
Maharashtra,Indore,Sugarcane,Kharif,5.96,843.2,26.1,67.2,7.6,7.06,35.2,78.9,39.1,89.4,Flood,188.7,3.45,0.69,411909.0,65.5
Andhra Pradesh,Warangal,Wheat,Rabi,14.86,562.3,20.7,43.7,7.7,5.6,29.8,64.3,73.0,100.7,Rainfed,119.7,1.05,0.93,850352.0,49.7
Karnataka,Rajkot,Pulses,Kharif,11.8,582.0,25.9,78.0,7.9,7.11,34.9,146.7,41.3,153.4,Flood,109.9,4.97,0.66,746686.0,53.8
Andhra Pradesh,Rajkot,Rice,Zaid,7.56,80.0,30.1,71.3,8.3,6.23,23.0,120.3,42.3,73.5,Sprinkler,142.9,4.32,1.0,424088.0,30.4
Punjab,Erode,Rice,Rabi,8.31,329.9,22.0,50.9,8.0,5.87,22.6,102.7,22.1,115.4,Sprinkler,198.1,6.33,0.95,620235.0,41.9
Gujarat,Guntur,Sugarcane,Kharif,13.77,857.3,26.8,61.8,7.1,8.04,22.7,83.5,54.6,108.9,Sprinkler,194.1,8.3,0.97,950124.0,43.8
Punjab,Indore,Chilli,Zaid,9.95,80.0,30.6,48.8,10.0,7.53,19.9,118.2,92.0,79.7,Flood,212.7,3.2,0.76,665895.0,30.3
Maharashtra,Nashik,Chilli,Zaid,8.2,478.2,27.1,52.9,10.0,5.92,16.6,83.3,80.8,136.5,Flood,210.4,3.97,0.67,655153.0,47.4
Madhya Pradesh,Nalgonda,Wheat,Rabi,14.06,724.8,23.0,58.1,6.5,7.44,31.5,134.6,59.1,109.9,Rainfed,192.0,5.5,0.93,920358.0,46.4
Andhra Pradesh,Nashik,Maize,Zaid,8.34,651.8,34.7,62.4,8.9,6.37,11.8,183.8,56.8,133.1,Rainfed,208.0,9.05,0.94,664010.0,41.3
Gujarat,Nashik,Wheat,Zaid,10.86,230.5,33.1,56.1,6.8,6.99,15.3,128.4,45.7,127.0,Flood,182.6,4.58,0.77,688737.0,45.2
Maharashtra,Nashik,Wheat,Rabi,6.29,309.4,24.2,59.2,6.6,6.35,27.5,96.5,85.6,136.6,Rainfed,167.2,4.9,0.93,393367.0,47.0
Tamil Nadu,Rajkot,Pulses,Zaid,3.54,284.5,31.6,39.3,8.3,5.83,27.0,77.3,46.8,118.2,Sprinkler,114.2,6.09,0.78,209373.0,22.5
Telangana,Rajkot,Pulses,Zaid,11.93,141.0,32.6,39.4,8.9,8.240099999999998,21.9,70.6,84.6,119.0,Sprinkler,115.9,4.19,0.97,666652.0,25.2
Karnataka,Ludhiana,Wheat,Zaid,1.13,454.4,32.2,64.4,8.5,6.81,15.8,157.7,69.1,130.5,Drip,177.7,4.21,0.68,81330.0,45.5
Gujarat,Rajkot,Chilli,Rabi,13.98,197.8,19.0,55.8,9.2,7.31,18.9,47.593,79.9,126.7,Flood,242.8,4.87,0.95,994707.0,39.6
Gujarat,Guntur,Maize,Kharif,1.11,808.4,27.1,59.9,8.6,7.93,36.0,136.8,41.7,125.3,Rainfed,71.7,0.5,0.82,54826.0,74.60099999999997
Tamil Nadu,Rajkot,Maize,Kharif,11.7,779.8,27.5,85.3,6.7,6.53,26.5,131.9,37.0,146.0,Flood,207.0,5.19,0.78,753186.0,63.5
Tamil Nadu,Indore,Cotton,Rabi,10.18,562.8,22.1,60.5,7.4,7.22,24.5,137.7,76.0,155.9,Rainfed,235.8,0.5,0.74,586263.0,48.4
Karnataka,Warangal,Wheat,Rabi,2.9,291.9,25.2,63.5,6.1,6.68,17.0,154.7,54.7,119.4,Flood,232.6,4.62,0.77,227252.0,29.7
Tamil Nadu,Erode,Rice,Zaid,9.66,546.8,31.5,54.9,10.0,8.240099999999998,24.0,185.2,51.8,142.4,Flood,151.3,6.2,0.74,680796.0,49.7
Tamil Nadu,Raichur,Pulses,Rabi,7.56,302.5,24.8,54.2,6.4,7.56,32.3,147.8,59.6,107.1,Sprinkler,206.9,3.73,0.81,538944.0,40.1
Tamil Nadu,Nashik,Cotton,Rabi,4.8,438.2,19.2,47.8,5.8,7.11,18.4,166.4,56.9,120.0,Flood,178.3,7.0,0.97,359826.0,18.7
Andhra Pradesh,Indore,Wheat,Kharif,2.17,670.0,28.6,63.9,6.0,7.38,35.2,125.4,43.9,141.6,Flood,214.5,6.04,0.75,157488.0,49.3
Maharashtra,Erode,Groundnut,Rabi,5.31,80.0,22.0,82.1,8.1,6.92,13.3,97.8,57.0,94.0,Sprinkler,281.5,4.89,0.72,362566.0,37.2
Tamil Nadu,Raichur,Cotton,Kharif,5.6,871.2,25.7,69.7,7.7,6.13,25.9,114.7,49.3,104.4,Flood,44.595,4.4,0.86,246922.0,47.0
Telangana,Krishna,Sugarcane,Rabi,8.22,375.0,23.6,48.4,8.4,7.05,26.6,156.7,97.1,103.5,Rainfed,270.5,5.69,0.99,639266.0,21.3
Maharashtra,Raichur,Maize,Kharif,4.88,858.9,28.2,64.4,7.3,6.56,24.6,97.5,63.0,114.5,Drip,214.9,4.47,0.74,308418.0,53.1
Telangana,Indore,Cotton,Kharif,12.55,616.4,30.9,78.4,6.5,6.42,31.7,107.2,56.5,73.6,Drip,139.4,7.49,0.96,828177.0,50.7
Karnataka,Ludhiana,Chilli,Kharif,4.16,703.7,27.0,79.1,5.4,6.96,19.8,120.4,77.2,95.0,Sprinkler,163.3,6.94,0.87,275425.0,44.1
Telangana,Warangal,Wheat,Kharif,6.48,914.7,24.7,82.7,7.1,7.23,31.6,65.1,62.5,157.4,Drip,197.6,5.53,0.86,380934.0,67.6
Punjab,Raichur,Wheat,Kharif,9.79,1118.4,27.4,79.0,6.8,6.66,27.5,128.7,17.298000000000002,123.5,Rainfed,213.0,4.98,0.85,663114.0,60.0
Maharashtra,Erode,Wheat,Kharif,13.96,1203.6019999999999,30.2,80.2,5.2,5.35,32.0,118.8,29.8,114.9,Drip,85.6,8.8,0.68,866352.0,55.4
Gujarat,Indore,Wheat,Kharif,11.85,1066.0,28.4,75.0,5.5,6.78,29.9,154.2,47.0,81.7,Rainfed,166.0,6.59,0.84,709521.0,52.5
Karnataka,Nashik,Chilli,Kharif,8.85,1190.8,32.7,81.8,6.9,7.26,18.6,136.9,48.1,133.4,Flood,196.0,4.67,0.71,606611.0,65.2
Gujarat,Nashik,Cotton,Rabi,5.18,324.4,22.3,66.0,7.2,7.27,26.8,125.8,51.4,83.5,Rainfed,184.5,6.96,0.88,321279.0,47.0
Maharashtra,Indore,Cotton,Kharif,2.45,616.3,28.1,60.1,8.0,7.35,27.4,56.4,39.3,66.8,Flood,221.2,5.63,0.66,175336.0,58.4
Karnataka,Rajkot,Wheat,Zaid,10.37,294.0,31.6,45.4,9.8,6.56,20.4,94.8,42.3,75.6,Rainfed,111.0,1.21,0.83,713430.0,46.4
Andhra Pradesh,Guntur,Wheat,Kharif,1.46,888.3,28.6,81.6,5.4,6.29,23.4,68.0,52.2,137.7,Sprinkler,245.0,0.5,0.73,103398.0,74.60099999999997
Gujarat,Rajkot,Sugarcane,Rabi,9.03,418.4,25.9,59.0,8.3,6.85,25.8,87.1,78.1,144.1,Flood,160.8,2.84,0.94,633916.0,38.4
Maharashtra,Krishna,Wheat,Kharif,8.2,950.7,26.4,66.5,6.3,6.38,29.5,90.4,43.2,144.6,Flood,148.3,3.59,0.77,583010.0,55.2
Maharashtra,Raichur,Maize,Rabi,0.67,663.7,23.6,65.4,7.2,7.43,30.7,160.2,81.9,99.4,Rainfed,214.4,2.74,0.98,42634.82,41.4
Tamil Nadu,Erode,Rice,Rabi,6.79,413.8,22.8,77.1,9.5,7.43,25.1,146.6,62.4,80.4,Flood,148.9,3.27,0.92,461914.0,47.3
Karnataka,Nashik,Maize,Zaid,10.07,129.0,29.2,66.2,8.1,7.12,25.1,176.0,60.1,126.9,Flood,220.4,8.14,0.84,659710.0,27.3
Telangana,Rajkot,Maize,Rabi,2.91,362.8,22.0,45.3,8.0,5.84,21.0,172.4,52.8,71.7,Flood,232.5,1.68,0.69,227404.0,47.2
Madhya Pradesh,Raichur,Pulses,Rabi,3.18,599.4,24.6,49.6,8.5,6.65,21.4,190.6039999999999,57.2,93.6,Rainfed,196.2,3.51,0.69,204883.0,52.8
Gujarat,Nashik,Rice,Kharif,3.98,800.2,25.0,82.3,7.4,7.06,32.2,103.3,70.8,80.4,Sprinkler,178.5,7.38,0.87,260493.0,48.9
Maharashtra,Warangal,Maize,Rabi,4.98,417.2,24.4,57.9,7.0,6.06,16.8,176.8,67.1,71.8,Rainfed,197.4,5.79,0.81,267953.0,44.9
Telangana,Ludhiana,Rice,Kharif,1.59,703.1,31.8,79.5,6.4,7.05,33.6,123.0,61.7,119.7,Rainfed,97.8,3.41,0.68,67945.0,67.4
Karnataka,Raichur,Maize,Rabi,8.43,545.8,24.8,51.5,9.9,6.25,21.9,123.9,77.1,66.6,Flood,110.7,4.88,0.99,602110.0,42.3
Tamil Nadu,Indore,Rice,Rabi,12.03,432.7,22.7,41.3,7.7,6.23,26.0,133.5,55.2,101.7,Flood,201.9,4.72,0.87,892875.0,45.1
Telangana,Krishna,Pulses,Rabi,1.38,371.5,21.9,54.6,9.1,6.62,16.6,116.4,45.9,98.5,Sprinkler,117.5,5.78,0.83,85949.0,30.9
Madhya Pradesh,Rajkot,Wheat,Zaid,6.77,525.9,35.1,56.5,7.4,6.57,11.8,100.4,74.6,75.7,Drip,167.6,3.06,0.84,388396.0,59.4
Punjab,Warangal,Sugarcane,Rabi,14.89,299.2,24.0,46.5,7.8,6.98,21.1,166.7,66.6,132.3,Drip,194.1,5.62,0.76,967925.0,36.7
Madhya Pradesh,Ludhiana,Sugarcane,Kharif,4.65,839.9,26.8,55.7,7.2,6.53,20.8,121.2,59.2,139.4,Drip,140.6,5.74,0.83,267666.0,39.2
Andhra Pradesh,Raichur,Sugarcane,Rabi,0.64,437.9,21.2,86.3,7.2,6.09,26.0,111.0,68.0,100.4,Flood,142.1,3.61,0.91,42634.82,49.0
Gujarat,Erode,Wheat,Kharif,11.43,783.5,26.5,70.0,6.0,6.85,27.7,71.3,85.6,111.6,Rainfed,158.3,2.79,0.78,562870.0,59.7
Gujarat,Guntur,Rice,Rabi,7.76,512.7,27.5,80.6,7.2,6.83,24.0,91.2,58.7,38.592000000000006,Flood,226.1,4.72,0.92,621413.0,50.4
Maharashtra,Guntur,Sugarcane,Rabi,5.68,816.5,24.7,65.5,6.7,6.84,25.1,144.9,41.2,107.2,Rainfed,180.1,4.62,0.91,336455.0,54.3
Madhya Pradesh,Nalgonda,Rice,Kharif,2.42,1087.2,31.9,76.8,7.9,6.01,27.4,117.6,71.3,97.8,Rainfed,198.9,1.89,0.76,147595.0,73.4
Punjab,Nashik,Chilli,Zaid,10.36,459.0,31.7,35.5,7.2,7.46,24.1,148.0,56.3,144.6,Flood,200.7,6.43,0.84,626278.0,35.3
Andhra Pradesh,Indore,Wheat,Rabi,12.03,709.8,22.5,60.4,7.8,6.7,29.6,103.7,51.2,108.1,Rainfed,203.2,1.6,0.98,588990.0,48.8
Gujarat,Nashik,Maize,Kharif,10.89,931.5,30.8,52.1,7.5,6.81,24.3,132.4,51.3,86.5,Sprinkler,248.4,7.2,0.76,838222.0,46.7
Gujarat,Nalgonda,Cotton,Rabi,3.9,465.2,24.3,53.0,8.0,7.73,26.3,108.7,55.8,78.6,Flood,120.4,6.22,0.69,262457.0,36.6
Karnataka,Nalgonda,Pulses,Kharif,13.1,855.7,33.2,64.0,7.6,5.66,33.1,139.6,69.0,113.5,Flood,62.5,3.02,0.65,753969.0,53.1
Telangana,Guntur,Cotton,Kharif,12.49,801.7,25.6,53.6,6.7,6.79,29.2,143.9,71.1,94.6,Rainfed,322.0,8.08,0.8,947518.0,43.0
Maharashtra,Erode,Sugarcane,Kharif,5.84,969.6,33.1,73.1,7.7,6.16,30.8,131.0,64.5,117.1,Flood,79.9,6.0,0.71,355549.0,48.1
Telangana,Raichur,Sugarcane,Zaid,12.04,80.0,35.1,36.2,7.8,6.74,21.1,136.6,77.9,98.8,Flood,224.0,6.83,0.82,892032.0,19.1
Maharashtra,Krishna,Cotton,Rabi,7.71,636.5,20.3,54.1,7.8,6.93,19.4,94.9,74.9,155.8,Rainfed,126.8,7.39,0.71,455883.0,32.8
Telangana,Indore,Groundnut,Kharif,14.12,443.6,25.0,80.8,6.1,6.51,36.3,107.6,65.5,111.0,Flood,132.6,4.08,0.66,954403.0,52.5
Madhya Pradesh,Ludhiana,Maize,Rabi,5.08,420.8,25.4,54.0,7.2,6.38,21.8,157.5,50.6,67.1,Sprinkler,205.6,3.23,0.9,282617.0,36.8
Andhra Pradesh,Ludhiana,Maize,Kharif,14.89,893.9,29.4,73.6,5.6,6.41,24.1,169.2,38.5,74.1,Flood,260.9,5.88,0.99,1126428.82,61.5
Punjab,Ludhiana,Cotton,Kharif,4.49,860.8,31.5,86.8,7.7,7.09,31.2,93.4,42.8,115.2,Flood,161.2,7.81,0.91,301006.0,42.1
Gujarat,Warangal,Maize,Rabi,11.36,263.6,22.1,53.2,7.1,7.04,26.9,88.0,84.8,131.5,Sprinkler,118.1,4.73,0.77,724429.0,41.9
Maharashtra,Nalgonda,Maize,Kharif,6.06,979.0,30.7,72.9,4.9,7.33,28.6,119.9,60.1,120.6,Drip,149.8,2.53,0.85,308572.0,69.2
Telangana,Indore,Groundnut,Rabi,6.06,374.0,21.9,75.1,7.9,6.72,31.8,172.6,51.8,86.4,Drip,136.4,7.47,0.76,395354.0,38.9
Punjab,Raichur,Cotton,Zaid,2.55,192.3,31.7,60.0,9.4,6.69,22.1,149.4,68.8,139.8,Flood,114.3,9.520199999999996,0.85,163058.0,18.7
Karnataka,Raichur,Rice,Rabi,12.49,583.0,23.8,63.6,7.1,6.17,20.3,158.9,36.8,67.7,Drip,272.9,4.9,0.91,860710.0,47.3
Telangana,Indore,Cotton,Zaid,13.94,442.7,27.6,42.8,7.7,7.37,11.4,105.7,91.3,96.5,Drip,243.8,6.94,0.93,1044648.0,37.7
Karnataka,Krishna,Cotton,Rabi,3.48,640.9,19.6,63.4,6.6,6.74,22.2,113.3,82.2,118.0,Drip,188.9,5.01,0.87,285579.0,42.7
Madhya Pradesh,Krishna,Groundnut,Kharif,8.37,925.9,30.7,77.1,6.6,5.73,36.1,190.6039999999999,83.8,135.5,Flood,248.0,4.86,0.92,628566.0,71.4
Maharashtra,Krishna,Chilli,Zaid,14.29,213.9,31.2,52.4,10.0,5.2,22.5,74.8,56.1,73.2,Drip,241.1,5.81,0.82,1056159.0,36.0
Tamil Nadu,Krishna,Rice,Rabi,13.42,568.8,21.1,44.2,5.6,5.93,30.2,127.0,68.8,47.5,Flood,147.7,2.97,1.0,869823.0,50.0
Maharashtra,Nalgonda,Pulses,Rabi,12.21,482.1,18.599,68.0,8.0,6.33,28.7,92.3,37.6,111.5,Rainfed,104.1,6.71,0.94,796019.0,38.4
Telangana,Warangal,Rice,Rabi,14.67,223.9,20.8,61.9,6.4,6.77,18.6,106.4,67.5,105.2,Drip,162.9,9.520199999999996,0.84,878820.0,20.0
Andhra Pradesh,Ludhiana,Wheat,Rabi,3.52,160.1,26.9,44.4,6.3,7.99,34.1,127.3,67.9,67.1,Sprinkler,257.9,2.25,0.91,243658.0,35.4
Telangana,Krishna,Wheat,Rabi,7.41,774.1,22.9,53.7,8.1,7.18,28.4,155.4,61.5,130.8,Drip,209.0,7.94,0.91,496823.0,44.7
Gujarat,Erode,Rice,Rabi,3.43,333.2,22.9,63.7,7.0,6.79,19.2,129.8,70.0,92.7,Drip,176.8,5.65,0.78,221597.0,30.4
Tamil Nadu,Raichur,Maize,Rabi,3.01,435.3,24.3,55.6,7.4,8.01,18.8,123.6,58.8,98.3,Flood,184.5,6.48,0.85,219963.0,32.5
Maharashtra,Rajkot,Wheat,Rabi,7.31,739.3,23.4,53.6,9.1,6.9,26.7,59.1,59.1,83.1,Rainfed,196.8,8.55,0.74,460352.0,33.7
Punjab,Ludhiana,Maize,Kharif,13.86,582.0,26.4,71.8,5.9,6.34,30.5,99.9,67.8,73.8,Flood,270.4,4.5,0.92,983669.0,63.4
Maharashtra,Nalgonda,Wheat,Rabi,4.37,283.8,25.9,60.9,7.2,6.91,29.9,60.7,25.4,81.4,Flood,175.2,2.01,0.77,277436.0,53.0
Andhra Pradesh,Rajkot,Rice,Zaid,1.12,470.2,32.1,62.4,6.4,7.15,19.5,52.1,24.4,77.6,Flood,176.3,7.24,0.68,74690.0,45.6
Telangana,Nalgonda,Pulses,Rabi,8.02,331.7,23.1,56.0,8.7,6.54,29.8,123.8,55.5,121.4,Flood,110.4,3.89,0.73,507602.0,37.7
Madhya Pradesh,Rajkot,Cotton,Zaid,9.21,467.2,27.7,50.1,10.0,6.01,15.9,165.9,41.4,128.9,Drip,327.0,5.67,0.9,688410.0,40.1
Madhya Pradesh,Guntur,Rice,Kharif,8.86,1130.8,31.3,62.2,8.5,6.8,27.9,146.2,86.9,132.0,Rainfed,273.9,4.67,0.72,675611.0,71.6
Telangana,Ludhiana,Groundnut,Rabi,2.95,731.2,21.5,61.0,7.4,6.68,24.1,105.1,35.4,129.3,Flood,222.2,5.43,0.82,232268.0,40.9
Punjab,Nalgonda,Maize,Rabi,8.6,502.1,23.7,65.0,7.5,6.64,35.4,168.7,49.4,102.3,Rainfed,190.1,6.89,0.8,525014.0,35.7
Andhra Pradesh,Raichur,Rice,Kharif,11.98,783.1,28.9,57.6,7.0,5.74,29.7,96.9,26.2,86.0,Sprinkler,157.2,1.81,0.93,776649.0,52.8
Tamil Nadu,Krishna,Chilli,Rabi,5.45,658.4,23.8,61.4,7.2,5.77,24.8,100.6,35.7,74.0,Rainfed,182.3,4.07,0.86,343283.0,50.0
Gujarat,Indore,Wheat,Rabi,1.78,127.8,21.4,56.5,8.2,7.71,30.7,117.8,44.5,142.8,Flood,205.4,2.57,0.95,107869.0,38.7
Karnataka,Warangal,Wheat,Kharif,14.24,731.0,24.5,62.4,6.7,7.34,24.7,120.2,92.9,101.8,Rainfed,163.1,8.97,0.76,890762.0,27.9
Maharashtra,Warangal,Groundnut,Zaid,12.93,80.0,29.7,43.0,10.0,6.99,16.5,151.1,60.1,131.1,Drip,219.3,3.07,0.92,889073.0,34.0
Telangana,Krishna,Cotton,Rabi,1.86,592.2,28.2,40.7,4.899000000000001,6.73,26.5,137.1,56.3,106.3,Rainfed,213.2,7.88,0.89,150060.0,19.1
Telangana,Raichur,Sugarcane,Kharif,2.9,721.9,31.3,74.1,6.5,7.36,32.1,190.6039999999999,95.8,143.2,Flood,124.1,3.73,0.66,179287.0,57.6
Punjab,Krishna,Pulses,Rabi,0.65,470.9,20.4,60.7,6.7,6.15,23.0,104.7,31.4,92.8,Drip,124.3,5.99,0.91,42865.0,35.0
Karnataka,Rajkot,Rice,Kharif,1.29,1019.5,29.2,83.8,6.4,5.28,21.7,104.5,45.1,55.9,Drip,182.8,3.12,0.67,73831.0,74.60099999999997
Madhya Pradesh,Raichur,Wheat,Rabi,12.33,106.8,21.1,59.3,7.4,7.34,18.4,89.9,47.3,105.1,Rainfed,303.1,6.39,0.99,996573.0,25.8
Karnataka,Ludhiana,Cotton,Rabi,5.93,548.6,25.3,45.3,8.9,5.94,28.6,107.6,24.5,51.0,Flood,159.5,4.07,0.97,397433.0,45.2
Maharashtra,Guntur,Pulses,Rabi,9.98,518.7,21.6,44.4,6.2,7.19,16.4,167.4,17.298000000000002,103.3,Flood,152.0,1.93,0.91,553853.0,34.7
Telangana,Nashik,Chilli,Rabi,0.81,698.4,19.9,68.3,7.5,5.85,21.3,140.8,52.0,131.2,Drip,145.9,4.41,0.86,46557.0,40.2
Maharashtra,Indore,Wheat,Kharif,11.38,1081.7,27.6,53.6,8.7,7.54,24.2,109.0,37.3,81.1,Rainfed,205.0,8.81,0.78,768769.0,38.0
Telangana,Nashik,Maize,Kharif,8.04,970.9,27.8,67.8,7.7,6.27,27.1,161.3,44.4,108.7,Drip,178.9,3.88,0.93,470726.0,59.8
Madhya Pradesh,Raichur,Rice,Kharif,14.74,657.1,29.1,79.6,7.1,6.93,26.8,136.7,30.4,138.9,Flood,185.9,4.16,0.93,1050769.0,63.7
Gujarat,Krishna,Maize,Rabi,14.42,390.4,23.0,52.4,7.3,6.17,28.9,124.0,28.0,88.2,Sprinkler,174.3,5.63,0.76,962601.0,43.4
Telangana,Rajkot,Maize,Zaid,10.38,310.3,33.2,51.6,9.7,5.97,22.0,126.0,59.2,157.9,Drip,207.7,6.98,0.84,598683.0,35.8
Karnataka,Ludhiana,Maize,Kharif,14.39,1028.8,28.8,59.4,6.2,5.33,23.6,94.6,56.3,114.4,Drip,206.5,5.86,0.98,999667.0,51.3
Madhya Pradesh,Rajkot,Pulses,Kharif,11.31,904.6,26.7,53.8,6.6,6.43,34.7,83.4,29.1,110.6,Sprinkler,158.9,4.55,0.87,674945.0,55.9
Punjab,Krishna,Pulses,Kharif,12.95,414.9,26.8,71.0,6.4,6.43,30.9,105.3,53.0,107.6,Drip,225.6,5.76,0.7,966588.0,47.8
Maharashtra,Erode,Wheat,Kharif,5.57,903.7,33.6,78.5,7.7,7.34,32.8,69.1,59.7,77.1,Flood,237.5,6.11,0.86,459010.0,64.4
Punjab,Guntur,Rice,Zaid,5.75,515.1,29.2,60.0,9.9,7.78,11.4,100.4,52.4,131.5,Drip,196.8,6.56,0.83,465649.0,32.4
Gujarat,Ludhiana,Wheat,Rabi,7.27,515.8,23.6,51.4,7.9,6.31,18.2,124.1,33.9,59.2,Sprinkler,135.5,5.18,0.89,486696.0,43.9
Maharashtra,Nalgonda,Cotton,Rabi,12.63,523.7,25.8,49.0,8.4,7.0,28.4,93.6,29.9,104.2,Drip,119.6,4.11,0.83,858100.0,46.0
Gujarat,Raichur,Pulses,Kharif,2.47,559.8,30.9,70.1,5.7,6.72,31.9,131.5,61.9,111.7,Flood,261.6,6.14,0.72,168653.0,36.8
Tamil Nadu,Raichur,Cotton,Kharif,13.61,854.3,32.0,79.3,7.9,6.46,35.9,161.4,29.7,104.3,Flood,244.0,8.01,0.8,1017543.0,57.7
Gujarat,Indore,Maize,Rabi,14.69,467.5,28.8,53.3,7.1,6.35,26.1,189.0,74.2,141.7,Flood,111.6,3.7,0.96,949149.0,50.7
Maharashtra,Guntur,Cotton,Rabi,5.52,354.2,22.9,67.0,7.8,7.78,27.7,85.8,43.6,155.5,Flood,136.8,3.84,0.68,359155.0,44.1
Tamil Nadu,Guntur,Groundnut,Rabi,6.58,336.4,25.6,63.4,8.7,5.66,28.2,117.3,44.1,49.0,Rainfed,235.1,2.59,0.75,441272.0,54.9
Madhya Pradesh,Ludhiana,Rice,Rabi,1.58,440.3,23.5,44.3,6.4,6.73,24.3,92.1,47.2,130.7,Drip,210.9,4.88,0.89,95971.0,30.7
Tamil Nadu,Nalgonda,Chilli,Zaid,5.96,80.0,28.4,44.1,10.0,6.04,29.1,106.1,39.9,138.0,Flood,210.6,5.44,0.98,394657.0,18.7
Karnataka,Warangal,Wheat,Kharif,6.4,1115.9,27.5,68.8,7.4,6.96,30.2,125.9,56.0,126.6,Sprinkler,153.1,5.12,0.89,384193.0,59.5
Gujarat,Krishna,Wheat,Kharif,13.99,774.7,30.8,84.8,5.6,6.76,29.9,134.2,47.6,75.0,Flood,278.6,6.82,0.95,1105441.0,48.2
Andhra Pradesh,Krishna,Groundnut,Rabi,2.47,641.7,22.1,56.6,6.9,6.7,33.3,134.9,44.1,72.7,Flood,167.4,5.45,0.66,158033.0,48.0
Tamil Nadu,Warangal,Rice,Rabi,2.91,294.6,26.1,68.1,9.2,5.62,19.5,132.2,79.1,116.6,Flood,143.1,5.28,0.91,193905.0,46.6
Punjab,Nashik,Pulses,Kharif,0.87,1007.7,27.4,63.5,6.6,6.6,40.2,92.2,51.4,153.8,Rainfed,217.0,6.1,0.86,63861.0,45.7
Tamil Nadu,Nashik,Rice,Rabi,5.03,478.7,27.1,66.1,6.9,6.55,20.4,154.7,91.0,132.8,Drip,145.9,6.78,0.73,334086.0,30.9
Karnataka,Erode,Pulses,Kharif,2.23,792.0,27.7,68.1,6.3,5.95,32.1,91.9,58.0,72.3,Flood,182.0,4.72,0.68,147238.0,63.3
Tamil Nadu,Ludhiana,Maize,Rabi,11.18,421.0,25.8,59.1,5.6,6.46,21.5,151.2,67.1,77.2,Flood,219.4,3.69,0.94,889112.0,45.7
Maharashtra,Raichur,Wheat,Kharif,7.16,999.7,29.4,71.8,7.9,6.96,32.8,84.4,37.9,125.0,Drip,163.2,7.04,1.0,429742.0,48.4
Madhya Pradesh,Krishna,Groundnut,Rabi,6.64,728.8,25.5,76.3,7.1,5.72,24.8,168.3,73.3,88.3,Drip,262.4,2.49,0.9,434464.0,55.5
Maharashtra,Krishna,Cotton,Kharif,9.54,779.9,28.9,62.6,5.6,7.85,30.3,109.3,17.298000000000002,102.7,Flood,44.595,8.37,0.82,472009.0,52.2
Madhya Pradesh,Rajkot,Cotton,Kharif,7.12,613.6,26.5,85.7,5.6,7.21,27.2,122.1,82.1,107.1,Rainfed,180.4,2.78,0.97,493069.0,63.1
Gujarat,Raichur,Pulses,Rabi,4.4,551.0,23.1,56.0,7.1,6.8,24.5,124.3,44.1,104.6,Flood,149.7,1.86,0.67,291361.0,47.9
Madhya Pradesh,Warangal,Rice,Kharif,3.6,1008.1,31.7,73.5,7.4,6.23,41.0,120.6,36.7,98.0,Drip,79.3,8.14,0.74,220942.0,56.3
Madhya Pradesh,Raichur,Sugarcane,Zaid,14.86,305.9,31.4,43.1,7.2,6.2,17.1,125.4,27.3,130.4,Sprinkler,137.1,2.97,0.77,928202.0,47.6
Madhya Pradesh,Indore,Wheat,Zaid,2.94,254.7,32.4,68.2,5.9,5.56,19.1,124.1,47.4,121.9,Rainfed,279.1,3.54,0.84,210537.0,57.1
Karnataka,Ludhiana,Groundnut,Kharif,11.93,1040.1,27.3,73.1,6.2,5.46,29.5,65.2,64.3,144.0,Flood,189.1,2.58,0.67,790189.0,65.4
Karnataka,Guntur,Wheat,Rabi,13.62,498.9,23.6,58.2,7.9,6.69,25.9,123.0,65.8,118.1,Rainfed,178.4,5.16,0.95,827462.0,46.2
Telangana,Raichur,Pulses,Rabi,11.23,209.0,23.0,63.5,7.2,7.23,28.2,130.5,52.0,83.1,Flood,204.1,0.5,0.73,692515.0,49.5
Karnataka,Erode,Chilli,Kharif,14.02,802.2,31.5,64.8,9.5,6.12,21.1,70.0,56.2,107.2,Flood,249.3,4.45,0.73,1077598.0,58.6
Madhya Pradesh,Nashik,Groundnut,Rabi,4.01,552.6,23.0,69.1,7.8,7.63,35.3,190.6039999999999,71.4,38.592000000000006,Drip,203.2,6.78,0.92,245286.0,49.1
Andhra Pradesh,Rajkot,Sugarcane,Kharif,6.57,562.1,28.7,70.6,6.2,6.74,19.9,158.7,65.6,91.2,Rainfed,208.8,4.69,0.77,394370.0,58.5
Gujarat,Ludhiana,Maize,Rabi,12.19,413.7,20.7,67.7,8.2,5.2,11.4,137.5,69.8,110.7,Sprinkler,235.7,7.17,0.99,849275.0,26.6
Gujarat,Krishna,Groundnut,Kharif,12.95,832.6,33.1,87.8,7.8,6.87,37.0,82.5,69.3,104.2,Rainfed,143.4,7.35,0.73,874839.0,44.2
Tamil Nadu,Raichur,Rice,Kharif,1.71,839.1,29.0,57.6,6.5,7.75,35.5,100.2,81.1,86.2,Drip,179.4,6.57,0.84,123745.0,42.9
Telangana,Erode,Chilli,Kharif,1.26,810.3,26.2,61.9,7.5,6.54,30.4,113.3,70.8,126.5,Sprinkler,249.3,9.07,0.84,98404.0,44.6
Punjab,Ludhiana,Groundnut,Rabi,13.05,214.9,26.1,58.9,8.3,7.6,16.7,113.1,58.5,86.1,Flood,169.6,7.78,0.76,888155.0,36.9
Madhya Pradesh,Krishna,Groundnut,Rabi,11.99,364.7,20.7,58.5,8.0,6.61,22.2,133.7,38.8,91.1,Rainfed,145.6,6.64,0.77,767083.0,45.9
Telangana,Erode,Groundnut,Kharif,9.86,763.2,24.3,88.2,6.4,6.63,37.0,80.0,43.0,101.7,Rainfed,104.6,8.49,1.0,556152.0,50.3
Gujarat,Krishna,Maize,Zaid,14.25,177.9,28.3,63.4,8.6,6.86,21.1,148.5,41.8,138.4,Sprinkler,188.1,6.54,0.68,1034491.0,37.1
Tamil Nadu,Nalgonda,Rice,Rabi,7.64,674.7,27.6,56.1,6.1,6.41,22.5,150.7,68.9,138.6,Flood,188.8,3.97,0.95,522070.0,47.1
Andhra Pradesh,Indore,Sugarcane,Zaid,3.53,118.2,30.6,57.8,8.1,7.26,29.0,111.8,62.5,161.5,Sprinkler,167.2,5.45,0.91,231631.0,29.0
Telangana,Raichur,Rice,Rabi,3.26,287.7,21.6,58.2,7.8,6.07,15.9,134.1,44.8,75.9,Drip,174.7,4.95,0.72,208877.0,40.5
Maharashtra,Indore,Maize,Kharif,11.08,1049.8,30.4,80.4,6.6,6.21,34.1,112.0,65.6,166.9,Sprinkler,148.0,5.33,0.71,800489.0,55.7
Tamil Nadu,Krishna,Wheat,Kharif,2.99,1034.7,27.9,64.8,6.0,6.28,33.8,97.6,41.6,160.6,Sprinkler,184.8,2.04,0.81,240012.0,66.7
Punjab,Guntur,Rice,Rabi,2.65,672.1,20.2,46.0,6.2,5.77,16.2,123.9,70.5,157.5,Drip,107.3,5.88,0.7,187726.0,47.5
Tamil Nadu,Erode,Pulses,Zaid,1.69,301.4,29.4,57.6,9.1,6.78,21.5,140.2,47.0,40.5,Flood,176.2,3.34,0.74,112402.0,44.6
Madhya Pradesh,Ludhiana,Cotton,Rabi,9.13,346.5,23.1,59.3,7.7,5.99,22.4,123.7,43.9,136.4,Rainfed,161.9,7.91,0.76,590362.0,18.7
Maharashtra,Nashik,Sugarcane,Rabi,6.74,544.8,25.8,63.6,7.9,5.78,25.3,109.7,50.3,146.5,Flood,264.3,6.63,0.8,629598.0,46.9
Maharashtra,Warangal,Groundnut,Kharif,5.64,809.6,27.1,85.4,7.0,6.58,39.9,119.6,25.3,93.5,Flood,217.9,2.75,0.84,441546.0,63.3
Karnataka,Nalgonda,Rice,Kharif,2.57,670.9,25.0,89.40399999999991,5.6,6.77,34.3,114.0,76.1,77.1,Flood,186.4,7.75,0.96,175784.0,45.8
Andhra Pradesh,Guntur,Chilli,Kharif,13.56,832.2,29.9,62.5,7.3,7.31,35.4,119.1,41.5,119.4,Rainfed,152.4,7.61,0.83,894834.0,53.9
Telangana,Indore,Wheat,Rabi,7.43,528.6,25.9,60.2,9.7,6.55,21.7,105.9,48.2,114.3,Sprinkler,199.6,6.72,0.69,455010.0,35.3
Punjab,Krishna,Maize,Rabi,4.75,444.1,23.4,49.2,6.9,5.88,11.4,59.7,63.8,117.3,Flood,223.2,2.9,0.67,331530.0,50.9
Telangana,Rajkot,Sugarcane,Zaid,4.02,373.9,29.6,35.5,7.7,8.12,19.5,139.3,59.6,100.2,Rainfed,186.0,2.53,0.66,261600.0,49.9
Andhra Pradesh,Nashik,Sugarcane,Zaid,10.95,166.8,32.4,53.5,9.6,5.64,14.8,87.9,82.7,90.5,Sprinkler,192.0,3.79,0.88,779312.0,54.5
Karnataka,Erode,Rice,Rabi,11.99,677.1,19.4,52.2,6.0,7.69,26.7,100.9,33.5,97.3,Flood,146.5,3.71,0.78,812219.0,54.8
Madhya Pradesh,Erode,Groundnut,Kharif,4.73,1046.6,27.8,69.8,6.8,6.56,31.0,172.4,63.3,139.4,Flood,132.2,6.65,0.71,327304.0,48.1
Madhya Pradesh,Nashik,Maize,Zaid,3.31,687.3,27.9,55.1,7.1,5.91,21.4,61.3,64.0,102.2,Drip,317.7,3.09,0.67,258249.0,47.9
Punjab,Nashik,Sugarcane,Rabi,11.21,854.4,28.6,53.2,8.3,6.45,25.9,190.6039999999999,29.9,115.7,Flood,192.8,7.38,0.83,908490.0,40.9
Andhra Pradesh,Nalgonda,Rice,Rabi,12.94,561.8,26.9,56.1,8.3,6.83,19.0,123.3,66.8,148.7,Rainfed,156.7,3.29,0.87,839332.0,48.8
Gujarat,Erode,Pulses,Kharif,2.48,886.8,28.0,58.6,7.2,7.97,29.4,139.0,67.8,152.8,Rainfed,270.7,0.88,0.73,181498.0,72.6
Telangana,Krishna,Groundnut,Kharif,9.92,898.7,26.8,76.3,6.5,7.24,36.4,88.8,73.0,98.1,Sprinkler,328.1,4.71,0.98,824997.0,53.0
Punjab,Nalgonda,Rice,Rabi,10.71,710.5,23.9,60.2,7.7,7.39,18.1,48.7,45.5,80.8,Rainfed,93.7,6.38,0.89,522242.0,35.4
Punjab,Krishna,Rice,Kharif,1.07,702.9,25.9,73.0,5.4,6.4,28.4,123.2,50.0,110.9,Sprinkler,157.1,3.45,0.73,62539.0,54.4
Tamil Nadu,Ludhiana,Pulses,Zaid,0.88,80.0,28.5,68.2,8.2,7.15,15.7,101.7,51.0,128.4,Rainfed,220.7,5.81,0.95,58668.0,47.7
Punjab,Guntur,Maize,Kharif,8.91,671.2,30.6,60.6,6.4,7.68,33.4,79.9,44.1,99.7,Drip,268.3,4.11,0.69,594642.0,54.2
Gujarat,Warangal,Cotton,Kharif,8.56,884.0,27.1,66.5,7.7,6.4,28.3,190.6039999999999,58.5,109.8,Rainfed,162.4,1.06,0.85,578166.0,55.3
Punjab,Nashik,Wheat,Zaid,14.82,203.2,32.5,45.6,7.8,7.09,17.7,189.2,50.4,112.0,Flood,259.4,6.97,0.73,1034502.0,40.1
Tamil Nadu,Erode,Chilli,Rabi,3.08,360.1,22.3,80.7,5.2,6.95,23.4,150.0,63.0,108.8,Flood,156.3,2.83,0.71,208785.0,52.2
Karnataka,Krishna,Sugarcane,Rabi,7.81,347.2,21.9,59.1,8.2,6.0,16.7,118.7,67.1,134.3,Flood,183.5,4.72,0.96,582160.0,48.1
Andhra Pradesh,Ludhiana,Sugarcane,Kharif,0.94,758.4,30.8,88.3,5.8,6.81,30.6,63.4,57.1,138.0,Rainfed,220.2,4.49,0.69,63369.0,56.1
Gujarat,Erode,Chilli,Zaid,6.14,362.0,35.1,65.3,7.0,8.1,21.2,93.2,71.2,86.7,Flood,56.3,2.82,0.98,296881.0,46.8
Karnataka,Indore,Groundnut,Zaid,12.63,221.1,32.5,60.8,7.0,6.33,17.8,80.2,60.1,124.7,Rainfed,185.1,5.46,0.97,858197.0,33.7
Karnataka,Erode,Maize,Kharif,2.52,1045.7,29.1,73.5,8.9,6.31,39.1,141.4,42.4,118.4,Drip,242.4,4.49,0.73,193149.0,47.7
Gujarat,Krishna,Chilli,Kharif,13.96,705.4,24.6,69.4,6.4,7.93,33.4,126.4,65.2,99.1,Rainfed,228.9,8.93,0.85,1102942.0,36.0
Punjab,Guntur,Rice,Rabi,4.44,397.0,28.7,59.9,4.9,7.33,16.6,150.9,80.4,119.2,Drip,158.3,7.96,0.73,259230.0,37.1
Andhra Pradesh,Krishna,Cotton,Kharif,2.97,692.9,28.9,79.7,8.7,5.95,34.0,163.0,77.9,101.8,Drip,111.4,2.91,0.66,186826.0,61.1
Telangana,Nalgonda,Rice,Rabi,12.86,418.9,24.3,63.4,6.7,6.44,19.6,135.6,53.8,120.9,Drip,186.3,5.92,0.99,987008.0,41.3
Maharashtra,Krishna,Wheat,Rabi,12.49,314.7,21.3,49.7,8.6,5.81,26.7,160.5,60.4,105.1,Sprinkler,154.7,6.49,0.92,1058138.0,31.7
Punjab,Ludhiana,Chilli,Rabi,7.27,80.0,27.1,54.0,7.0,7.86,25.7,130.6,64.3,107.7,Sprinkler,180.5,4.37,0.98,575317.0,36.2
Telangana,Rajkot,Wheat,Zaid,10.07,228.3,29.3,35.5,6.3,6.8,16.3,98.4,72.4,101.0,Rainfed,141.3,4.09,0.8,629675.0,27.5
Maharashtra,Warangal,Maize,Zaid,12.14,404.5,31.9,62.6,8.2,6.1,21.5,132.2,73.0,115.3,Flood,185.9,4.13,0.73,934995.0,38.9
Andhra Pradesh,Raichur,Groundnut,Kharif,11.36,699.8,30.3,81.5,8.0,8.240099999999998,31.7,110.2,70.6,109.3,Flood,168.6,5.38,0.87,765179.0,49.8
Andhra Pradesh,Guntur,Rice,Kharif,5.18,1079.2,29.3,64.9,6.1,7.69,35.7,103.8,71.0,125.5,Rainfed,238.4,1.26,0.85,288793.0,72.3
Maharashtra,Guntur,Groundnut,Kharif,5.84,633.0,29.8,71.1,7.9,5.78,32.7,69.4,36.1,126.2,Flood,166.7,4.94,0.83,344197.0,56.4
Andhra Pradesh,Raichur,Rice,Rabi,7.67,149.1,22.6,66.8,6.9,7.03,20.8,183.4,80.5,118.0,Sprinkler,254.7,4.61,0.88,563513.0,36.9
Tamil Nadu,Erode,Wheat,Kharif,3.6,856.3,29.6,65.5,7.6,6.93,34.4,156.4,31.3,86.5,Flood,108.9,3.58,1.0,241406.0,73.6
Tamil Nadu,Krishna,Chilli,Kharif,6.27,727.9,35.1,57.4,6.7,5.87,29.6,160.8,60.3,127.6,Sprinkler,166.7,6.9,0.92,418573.0,41.3
Telangana,Nashik,Sugarcane,Rabi,5.69,169.7,23.9,60.2,6.6,6.97,21.7,71.5,41.2,114.4,Flood,116.9,5.52,0.95,336364.0,28.3
Telangana,Indore,Rice,Rabi,12.67,198.5,25.8,53.2,7.3,6.96,19.9,111.9,50.8,140.3,Drip,59.8,7.54,0.74,535290.0,22.8
Tamil Nadu,Guntur,Chilli,Rabi,8.31,704.4,24.0,56.5,7.2,6.16,30.0,113.2,55.0,118.5,Flood,151.2,7.38,0.93,575196.0,40.8
Andhra Pradesh,Indore,Maize,Rabi,10.97,404.1,23.9,61.4,7.5,6.97,33.6,95.8,39.6,143.1,Flood,257.4,7.59,0.94,783053.0,36.3
Maharashtra,Krishna,Maize,Rabi,8.38,398.7,26.9,52.7,7.2,6.98,36.1,147.5,55.7,88.4,Drip,196.0,3.04,0.74,515013.0,51.6
Punjab,Nalgonda,Wheat,Rabi,8.68,114.8,24.2,60.4,6.8,5.61,22.3,64.5,19.6,78.5,Sprinkler,210.1,4.46,0.89,692974.0,37.6
Maharashtra,Raichur,Maize,Rabi,1.12,315.0,24.7,65.9,5.9,7.14,28.4,96.3,23.7,168.90299999999993,Sprinkler,251.5,4.13,0.76,77447.0,40.3
Madhya Pradesh,Krishna,Wheat,Kharif,6.27,1104.3,29.5,77.4,8.4,6.09,28.7,78.1,89.3,49.0,Flood,176.5,3.71,0.72,408894.0,74.60099999999997
Maharashtra,Indore,Rice,Kharif,3.34,896.6,26.6,78.1,6.6,6.25,36.4,130.8,67.1,126.1,Flood,264.8,6.47,0.91,264130.0,54.7
Andhra Pradesh,Erode,Chilli,Kharif,4.74,788.5,26.4,64.4,7.9,7.98,31.8,86.0,23.9,88.8,Rainfed,85.9,4.02,1.0,249426.0,54.2
Maharashtra,Indore,Groundnut,Rabi,4.03,328.8,20.6,74.6,8.0,5.6,25.2,144.8,25.0,132.2,Drip,111.3,5.31,0.7,286011.0,37.3
Punjab,Indore,Rice,Zaid,3.3,582.0,31.7,35.5,9.4,6.84,18.2,157.8,49.7,93.2,Sprinkler,190.6,8.27,0.97,219123.0,30.4
Tamil Nadu,Rajkot,Wheat,Rabi,5.22,519.2,27.7,62.0,6.5,6.79,19.6,57.8,32.2,106.9,Rainfed,163.2,6.36,0.78,306251.0,50.5
Punjab,Warangal,Pulses,Kharif,12.17,1020.1,27.5,64.6,5.6,6.03,38.4,115.9,61.7,90.7,Sprinkler,187.2,3.31,0.75,929721.0,65.3
Karnataka,Nashik,Chilli,Rabi,7.3,386.3,19.9,61.2,7.9,6.08,27.0,104.4,51.2,123.4,Rainfed,195.7,6.1,0.69,438503.0,32.9
Andhra Pradesh,Nalgonda,Groundnut,Rabi,6.99,511.8,25.2,50.8,6.6,7.14,29.0,159.4,52.1,114.7,Flood,238.9,4.81,0.66,451491.0,41.9
Madhya Pradesh,Ludhiana,Wheat,Kharif,5.43,875.6,26.0,89.40399999999991,6.0,7.1,30.0,163.3,51.1,78.2,Rainfed,244.3,4.65,0.82,385842.0,67.5
Gujarat,Ludhiana,Sugarcane,Kharif,6.71,729.2,30.2,84.8,5.2,5.99,38.9,153.7,67.7,102.4,Sprinkler,178.7,6.51,0.91,423174.0,53.0
Andhra Pradesh,Erode,Chilli,Rabi,8.82,708.0,20.5,57.1,8.4,5.68,16.5,110.4,38.3,82.1,Sprinkler,115.9,5.57,0.97,585977.0,33.0
Gujarat,Nashik,Maize,Kharif,1.4,987.3,29.8,62.5,7.0,5.2,35.0,149.7,82.7,90.4,Flood,179.5,3.72,0.87,92973.0,63.1
Punjab,Erode,Wheat,Zaid,9.96,345.4,31.7,60.8,8.8,7.31,24.3,120.1,83.7,49.1,Flood,240.8,5.43,0.9,784673.0,37.3
Punjab,Ludhiana,Cotton,Kharif,13.26,772.4,28.2,63.0,6.6,6.9,36.5,105.2,47.5,60.1,Drip,129.5,5.29,0.75,725526.0,50.7
Telangana,Nalgonda,Pulses,Rabi,13.11,545.7,23.8,59.4,8.6,6.92,27.3,96.0,83.0,49.4,Flood,158.2,4.78,0.65,835141.0,42.9
Gujarat,Rajkot,Cotton,Kharif,0.64,736.5,31.3,77.6,4.899000000000001,7.5,36.1,102.8,63.3,105.1,Flood,70.4,6.57,0.84,42634.82,48.4
Madhya Pradesh,Krishna,Wheat,Kharif,4.82,1203.6019999999999,26.6,61.0,7.9,6.99,30.8,155.3,49.7,58.1,Flood,289.6,6.13,0.73,381176.0,63.5
Karnataka,Nalgonda,Groundnut,Kharif,2.66,592.7,26.0,68.5,6.1,6.67,34.0,130.8,52.2,76.0,Rainfed,247.4,5.44,0.97,167026.0,37.4
Andhra Pradesh,Rajkot,Chilli,Rabi,5.82,401.8,24.1,57.7,7.0,5.73,23.9,102.2,50.2,123.0,Drip,287.3,5.64,0.79,442440.0,41.6
Tamil Nadu,Rajkot,Rice,Rabi,1.71,507.9,25.3,46.8,6.4,7.34,23.8,51.5,37.3,126.8,Drip,252.4,6.47,0.92,128869.0,34.7
Telangana,Raichur,Chilli,Zaid,3.08,96.5,34.0,43.4,8.9,6.47,11.4,112.9,74.8,70.5,Sprinkler,253.6,4.66,0.94,206373.0,37.9
Tamil Nadu,Raichur,Wheat,Rabi,0.64,515.3,24.3,57.6,7.1,6.81,30.1,88.4,58.1,137.5,Drip,144.2,7.68,0.96,42634.82,37.5
Madhya Pradesh,Ludhiana,Pulses,Zaid,10.27,149.7,35.1,47.9,7.4,6.64,17.0,138.6,82.9,97.0,Rainfed,152.5,4.33,0.78,426581.0,40.8
Madhya Pradesh,Rajkot,Maize,Rabi,11.86,501.4,21.3,52.3,7.2,7.43,23.2,114.6,61.7,149.9,Rainfed,162.9,5.19,0.71,697875.0,25.7
Maharashtra,Rajkot,Chilli,Rabi,6.1,287.5,23.8,75.8,7.8,6.3,14.9,102.7,19.6,88.1,Drip,230.8,1.72,0.97,409318.0,55.2
Punjab,Ludhiana,Sugarcane,Rabi,7.56,451.4,26.7,61.7,8.1,6.26,26.5,176.2,39.4,38.592000000000006,Drip,174.7,5.34,0.71,482785.0,51.4
Tamil Nadu,Indore,Maize,Rabi,11.84,265.7,23.5,52.8,9.0,6.57,20.6,102.6,42.7,65.5,Drip,121.8,9.520199999999996,0.79,750587.0,20.8
Tamil Nadu,Ludhiana,Cotton,Zaid,7.59,582.0,30.3,52.0,7.6,7.43,11.4,112.2,50.4,116.9,Flood,187.0,5.19,0.68,614444.0,45.9
Tamil Nadu,Guntur,Groundnut,Kharif,10.06,1093.7,29.5,67.5,6.9,6.94,29.0,57.5,64.9,108.8,Flood,115.5,5.94,0.91,536390.0,61.6
Madhya Pradesh,Indore,Rice,Rabi,3.15,765.6,26.1,49.6,8.2,6.48,17.7,122.5,70.2,147.9,Sprinkler,173.2,2.49,0.97,176193.0,46.4
Karnataka,Warangal,Maize,Rabi,0.95,370.5,18.599,53.2,7.4,7.32,23.2,98.5,75.4,114.8,Drip,205.4,8.46,0.91,63483.0,28.9
Gujarat,Erode,Chilli,Kharif,12.72,870.3,25.7,70.7,7.6,5.94,25.0,138.0,31.7,100.6,Flood,174.1,4.67,0.98,820814.0,52.1
Karnataka,Guntur,Maize,Kharif,11.03,609.7,24.0,84.3,5.3,6.63,39.5,105.4,82.7,99.5,Rainfed,244.4,7.44,0.72,728195.0,39.5
Madhya Pradesh,Warangal,Rice,Rabi,3.55,457.1,20.2,58.4,6.5,7.17,25.9,117.3,65.9,96.9,Flood,233.4,7.55,0.96,241872.0,25.8
Punjab,Indore,Rice,Zaid,12.02,207.6,34.7,35.5,7.0,6.87,15.0,129.9,49.2,125.8,Rainfed,120.8,1.19,0.67,745133.0,39.7
Telangana,Indore,Rice,Rabi,1.32,80.0,26.3,73.7,6.4,6.95,24.3,97.6,43.4,135.2,Flood,161.9,6.3,0.79,76200.0,28.4
Maharashtra,Nalgonda,Cotton,Rabi,14.58,639.9,31.1,60.5,9.2,6.09,22.7,148.3,63.9,65.3,Sprinkler,167.9,3.7,0.98,1000120.0,52.5
Karnataka,Nashik,Cotton,Kharif,2.51,1026.5,27.2,59.5,6.8,6.6,41.0,113.4,93.0,136.9,Flood,140.1,7.19,0.85,190083.0,36.8
Telangana,Erode,Maize,Kharif,7.34,665.7,30.6,52.1,5.8,6.55,41.0,134.7,34.3,120.7,Flood,182.0,4.47,0.68,546967.0,35.1
Telangana,Rajkot,Rice,Kharif,13.87,595.0,28.5,63.1,7.4,6.81,38.2,126.0,70.5,106.7,Sprinkler,174.9,3.64,0.89,962506.0,43.6
Maharashtra,Nashik,Rice,Kharif,5.35,712.1,31.3,86.6,7.4,6.44,35.0,152.4,63.0,165.5,Flood,274.3,4.52,0.8,412502.0,64.5
Gujarat,Ludhiana,Rice,Kharif,4.51,505.3,30.0,65.1,7.4,5.95,26.2,175.2,41.2,116.3,Rainfed,179.0,3.81,0.67,248234.0,59.1
Gujarat,Erode,Wheat,Rabi,4.97,376.6,26.5,57.8,7.2,7.08,25.8,91.9,81.7,141.8,Drip,207.7,6.24,0.69,318975.0,47.1
Telangana,Guntur,Wheat,Rabi,6.6,397.8,22.9,51.0,8.1,6.03,27.2,165.3,72.9,129.3,Drip,200.8,3.59,0.97,465413.0,40.9
Punjab,Ludhiana,Maize,Zaid,13.1,283.3,34.2,63.2,8.5,7.36,26.4,133.4,81.9,91.5,Rainfed,295.5,4.93,0.91,990637.0,37.0
Punjab,Indore,Maize,Rabi,14.6,197.3,22.8,46.4,7.2,6.66,20.0,49.7,43.0,64.1,Sprinkler,122.2,4.45,0.83,764228.0,32.3
Telangana,Nashik,Pulses,Rabi,5.07,152.5,25.4,65.3,6.5,6.07,27.5,81.4,25.6,85.9,Drip,219.3,3.61,0.8,369720.0,50.0
Punjab,Ludhiana,Chilli,Kharif,5.33,822.4,29.8,72.3,5.4,7.06,32.5,146.4,55.9,87.8,Rainfed,328.11199999999974,8.39,0.95,432412.0,56.8
Gujarat,Rajkot,Rice,Rabi,7.15,427.0,27.4,62.8,8.4,6.37,23.1,122.0,56.7,90.8,Drip,270.0,3.24,0.66,452492.0,69.3
Karnataka,Krishna,Sugarcane,Kharif,12.39,468.6,31.1,64.8,7.5,7.71,33.4,80.0,72.6,141.2,Drip,111.1,3.41,0.86,630211.0,56.4
Punjab,Krishna,Pulses,Zaid,12.33,690.6,27.7,57.9,6.7,6.98,19.1,139.0,43.7,131.2,Drip,139.6,7.03,0.66,666951.0,26.9
Punjab,Nashik,Wheat,Kharif,14.01,888.5,28.5,66.5,7.3,6.66,37.9,151.2,45.4,109.1,Sprinkler,196.4,5.02,0.9,923283.0,51.6
Gujarat,Rajkot,Wheat,Kharif,1.6,945.1,26.1,72.7,6.3,7.5,26.3,80.4,49.0,146.6,Drip,262.1,5.63,0.67,110892.0,54.8
Karnataka,Guntur,Wheat,Kharif,5.77,865.7,26.7,66.7,6.2,7.27,27.1,77.8,41.5,131.4,Rainfed,181.4,3.85,0.67,329228.0,50.6
Telangana,Erode,Cotton,Rabi,3.54,170.4,26.6,54.2,9.1,7.03,29.2,63.1,47.7,121.4,Drip,131.8,0.5,0.92,206908.0,37.7
Maharashtra,Nashik,Pulses,Kharif,12.78,942.2,25.6,69.3,8.2,5.2,28.3,140.1,61.8,73.2,Rainfed,219.4,3.03,0.79,699816.0,60.1
Gujarat,Nalgonda,Cotton,Kharif,13.31,738.9,31.6,80.3,6.1,5.78,39.7,105.4,78.1,111.8,Flood,174.9,8.58,0.8,1010594.0,46.0
Tamil Nadu,Nashik,Maize,Rabi,2.88,492.6,26.6,45.1,7.3,6.43,25.3,146.2,62.8,82.5,Drip,135.8,7.0,0.91,154504.0,39.0
Punjab,Indore,Pulses,Kharif,13.3,940.1,30.2,65.1,5.7,7.03,28.0,107.9,39.8,128.6,Drip,218.7,6.73,0.94,816402.0,48.9
Madhya Pradesh,Nashik,Wheat,Kharif,4.03,816.7,26.5,80.9,7.9,6.86,30.6,112.0,55.2,99.5,Flood,248.1,6.44,0.86,294799.0,48.7
Karnataka,Nalgonda,Pulses,Rabi,6.33,221.0,25.0,55.8,8.1,6.65,20.0,78.1,62.8,115.8,Sprinkler,187.1,7.04,0.97,472450.0,18.7
Madhya Pradesh,Raichur,Maize,Rabi,1.0,381.4,24.1,44.2,7.6,6.17,19.3,108.4,44.3,108.1,Drip,188.0,2.65,0.89,72032.0,54.3
Madhya Pradesh,Nalgonda,Wheat,Rabi,3.8,404.2,22.5,54.2,7.3,5.48,24.1,153.8,55.0,105.6,Flood,47.1,5.54,0.89,275102.0,36.5
Punjab,Guntur,Chilli,Kharif,5.31,833.2,29.7,70.3,8.5,7.5,28.8,85.1,67.1,59.5,Drip,186.5,7.48,0.81,439426.0,43.3
Tamil Nadu,Ludhiana,Groundnut,Rabi,0.64,307.7,25.9,54.5,6.3,6.55,17.5,172.0,61.7,149.7,Flood,243.8,5.82,0.94,42634.82,27.3
Punjab,Guntur,Cotton,Kharif,7.34,813.3,28.7,76.5,8.1,6.73,30.6,83.5,65.1,86.1,Rainfed,247.9,5.68,0.73,461887.0,64.4
Karnataka,Raichur,Wheat,Rabi,4.57,417.9,22.4,61.7,8.0,7.18,23.5,150.3,90.4,85.0,Flood,268.9,6.27,0.9,288776.0,41.9
Andhra Pradesh,Nalgonda,Sugarcane,Kharif,9.53,701.8,33.5,69.7,5.6,6.31,33.1,139.7,61.4,115.3,Flood,202.6,6.81,0.68,718819.0,48.2
Punjab,Ludhiana,Groundnut,Kharif,9.01,887.4,27.9,75.9,8.3,7.78,27.2,85.6,60.0,115.5,Rainfed,190.9,5.93,0.98,540986.0,50.0
Maharashtra,Guntur,Rice,Kharif,0.89,918.3,31.8,80.9,6.9,6.96,36.6,140.1,58.5,102.4,Drip,190.7,6.23,0.87,70538.0,62.1
Madhya Pradesh,Krishna,Groundnut,Rabi,5.25,479.1,29.3,40.7,8.3,6.23,23.4,165.9,58.0,43.7,Flood,98.1,5.47,0.98,316659.0,39.8
Karnataka,Rajkot,Pulses,Rabi,12.08,442.9,28.7,57.2,7.0,6.98,22.0,99.7,33.1,130.8,Flood,152.4,5.73,0.7,634334.0,60.0
Andhra Pradesh,Raichur,Pulses,Rabi,7.24,291.8,21.8,47.4,8.9,7.25,29.9,93.9,66.2,130.5,Rainfed,188.5,2.4,0.71,524858.0,48.2
Madhya Pradesh,Guntur,Chilli,Rabi,0.88,458.2,23.7,59.7,8.5,7.78,15.9,105.1,37.9,77.5,Rainfed,211.0,6.3,0.91,46705.0,31.7
Andhra Pradesh,Warangal,Groundnut,Kharif,2.84,632.3,26.8,66.6,7.3,6.54,32.4,134.4,78.6,119.6,Sprinkler,191.6,5.72,0.79,208089.0,44.3
Punjab,Erode,Maize,Rabi,12.24,506.9,25.7,48.5,8.1,7.4,30.0,135.3,60.5,86.7,Rainfed,187.7,4.62,0.79,793612.0,35.7
Karnataka,Nashik,Maize,Kharif,6.89,545.0,24.2,75.3,8.0,7.26,31.5,119.3,40.0,86.9,Sprinkler,117.0,4.79,0.85,346486.0,48.8
Maharashtra,Erode,Maize,Rabi,2.61,371.6,25.1,65.7,6.1,6.16,23.1,143.7,37.2,78.3,Flood,223.6,6.51,0.75,236278.0,27.7
Gujarat,Ludhiana,Pulses,Kharif,2.01,799.9,28.1,70.0,6.0,7.17,40.8,109.3,56.4,168.90299999999993,Sprinkler,265.5,6.44,0.67,157024.0,60.9
Madhya Pradesh,Warangal,Chilli,Kharif,4.99,645.1,26.5,73.0,9.2,7.25,36.1,156.5,58.9,102.8,Sprinkler,246.9,4.17,0.89,405162.0,55.4
Karnataka,Warangal,Chilli,Rabi,9.6,826.2,26.1,57.1,8.8,6.1,30.8,98.9,46.2,107.2,Flood,252.2,2.62,0.66,795267.0,58.1
Gujarat,Erode,Sugarcane,Kharif,11.86,1056.3,28.3,76.1,6.9,7.41,26.2,90.3,46.8,90.3,Rainfed,44.595,5.38,0.71,564752.0,70.9
Madhya Pradesh,Rajkot,Cotton,Rabi,11.06,538.4,19.8,53.8,6.4,6.46,22.1,169.2,62.7,130.9,Flood,259.9,1.33,0.94,817439.0,48.9
Punjab,Krishna,Rice,Rabi,6.2,270.5,22.4,45.0,7.3,6.16,20.8,116.4,32.1,168.5,Flood,134.6,6.76,0.84,487019.0,50.3
Gujarat,Warangal,Sugarcane,Kharif,0.91,823.6,24.0,70.7,6.2,6.21,32.4,125.9,62.8,133.3,Rainfed,128.1,7.04,0.91,50392.0,44.4
Gujarat,Ludhiana,Maize,Kharif,12.09,1015.0,30.5,80.1,6.4,6.86,22.5,135.3,82.2,152.8,Drip,327.4,2.58,0.76,1006054.0,74.60099999999997
Tamil Nadu,Warangal,Cotton,Kharif,12.33,894.7,29.4,64.9,5.7,6.26,32.5,89.9,71.4,138.2,Rainfed,183.2,5.95,0.76,773741.0,44.5
Madhya Pradesh,Warangal,Rice,Rabi,7.1,532.0,20.2,65.9,8.2,7.07,17.2,132.5,52.1,113.7,Rainfed,206.9,6.49,0.77,446566.0,30.4
Tamil Nadu,Krishna,Sugarcane,Kharif,11.47,723.1,29.7,74.3,7.7,6.99,32.3,138.2,56.1,102.1,Flood,158.8,4.56,0.72,927158.0,51.0
Andhra Pradesh,Guntur,Sugarcane,Kharif,8.63,1107.2,29.1,57.3,6.5,7.35,34.2,156.6,59.3,129.7,Rainfed,204.7,3.55,0.87,533843.0,62.1
Telangana,Indore,Pulses,Zaid,12.26,499.4,31.1,61.6,7.3,6.33,27.5,109.0,31.9,135.1,Flood,176.2,3.16,0.75,718291.0,52.2
Madhya Pradesh,Rajkot,Groundnut,Rabi,14.6,365.1,21.2,71.7,6.1,6.8,15.8,121.7,42.0,129.0,Sprinkler,201.4,6.03,0.7,1013368.0,33.6
Madhya Pradesh,Krishna,Wheat,Zaid,4.28,105.4,33.9,48.9,6.1,6.27,18.9,90.1,46.9,136.4,Flood,129.2,7.22,0.73,242581.0,32.5
Karnataka,Guntur,Cotton,Rabi,4.32,301.3,26.9,54.7,8.4,6.01,29.0,171.3,33.7,100.7,Drip,212.0,5.92,0.77,332868.0,42.6
Tamil Nadu,Raichur,Cotton,Rabi,9.04,649.1,22.2,57.4,6.1,6.71,24.3,140.7,55.3,112.6,Drip,191.1,2.74,0.88,643147.0,41.4
Madhya Pradesh,Nalgonda,Rice,Rabi,2.44,437.7,21.4,65.1,8.8,5.59,23.0,67.8,54.6,99.1,Flood,234.6,5.1,0.79,178162.0,35.0
Karnataka,Erode,Maize,Kharif,13.6,991.8,35.1,76.6,6.0,7.74,22.2,94.5,91.2,118.7,Flood,188.4,2.86,0.92,836959.0,70.1
Karnataka,Krishna,Maize,Zaid,7.03,200.4,28.1,50.8,7.6,5.26,25.2,190.6039999999999,63.0,145.7,Flood,118.0,1.3,0.72,402096.0,40.7
Karnataka,Guntur,Sugarcane,Zaid,11.78,282.1,27.9,45.9,6.6,6.16,28.6,47.6,66.1,124.2,Drip,175.1,5.17,0.73,733550.0,35.0
Telangana,Guntur,Wheat,Rabi,0.82,467.6,23.3,65.7,10.0,6.9,30.5,176.5,30.4,152.2,Sprinkler,208.5,3.27,1.0,47791.0,45.7
Punjab,Krishna,Groundnut,Kharif,7.43,844.2,27.5,83.0,6.7,7.49,24.7,116.1,58.6,112.1,Sprinkler,208.3,6.64,0.67,494365.0,47.5
Tamil Nadu,Nalgonda,Pulses,Rabi,1.25,407.0,22.7,59.7,8.4,7.15,25.3,120.5,72.3,105.0,Drip,235.8,9.28,0.73,102441.0,31.0
Telangana,Indore,Rice,Rabi,14.74,473.1,20.4,52.8,7.2,5.91,16.4,95.8,71.8,93.7,Flood,176.5,4.68,0.99,979151.0,36.5
Madhya Pradesh,Rajkot,Groundnut,Kharif,5.82,720.0,29.1,66.1,6.8,6.05,24.4,124.7,57.5,86.1,Flood,268.7,3.97,0.77,439735.0,37.3
Maharashtra,Indore,Groundnut,Kharif,2.41,967.8,21.4,63.1,6.2,6.4,26.7,125.7,54.5,106.9,Rainfed,109.9,5.27,0.98,136152.0,55.1
Karnataka,Raichur,Chilli,Kharif,12.78,647.6,27.4,66.2,6.9,6.52,29.1,135.3,31.0,110.6,Sprinkler,126.8,5.26,0.91,868531.0,36.4
Madhya Pradesh,Nashik,Rice,Kharif,4.3,954.2,26.1,86.5,5.5,6.5,23.6,156.2,36.4,133.4,Flood,179.2,5.13,0.87,267266.0,53.5
Punjab,Nashik,Wheat,Kharif,4.79,841.3,29.2,75.8,7.8,5.69,26.0,162.5,41.4,124.8,Flood,192.5,4.11,0.68,328863.0,58.2
Karnataka,Indore,Chilli,Rabi,8.97,500.7,24.0,70.3,7.7,6.14,21.5,118.2,94.2,141.7,Drip,211.5,8.03,0.72,617179.0,32.0
Telangana,Nalgonda,Wheat,Kharif,11.66,867.9,29.8,84.9,7.3,6.75,36.4,131.2,80.4,128.7,Sprinkler,229.4,8.03,0.95,871570.0,48.8
Tamil Nadu,Ludhiana,Cotton,Rabi,5.89,297.7,27.8,63.2,7.9,7.24,21.3,163.7,43.6,143.2,Rainfed,265.0,5.82,0.71,423672.0,39.8
Tamil Nadu,Erode,Chilli,Rabi,5.69,94.7,24.2,65.2,8.3,6.23,23.2,138.0,56.6,90.5,Flood,131.0,6.04,0.8,409798.0,37.1
Andhra Pradesh,Rajkot,Chilli,Rabi,3.25,351.5,20.6,50.1,5.9,6.54,25.7,125.9,70.7,118.1,Flood,168.6,3.08,0.67,237056.0,48.7
Punjab,Erode,Rice,Kharif,10.83,714.5,27.4,89.40399999999991,6.5,7.36,40.0,150.2,79.5,106.2,Sprinkler,144.2,4.72,0.86,731670.0,49.3
Karnataka,Guntur,Pulses,Kharif,5.03,1203.6019999999999,30.6,72.0,9.4,6.87,27.8,134.0,51.4,128.6,Sprinkler,238.2,3.12,0.95,325508.0,69.7
Telangana,Krishna,Cotton,Rabi,0.7,731.7,22.3,69.7,7.1,6.8,19.7,141.0,83.9,84.6,Sprinkler,152.7,4.7,0.95,45526.0,49.7
Tamil Nadu,Nashik,Wheat,Rabi,4.02,176.4,24.1,64.7,8.6,6.5,25.9,138.9,72.6,85.8,Sprinkler,272.6,0.5,0.84,248288.0,38.1
Punjab,Raichur,Maize,Rabi,5.25,499.3,24.6,63.3,9.3,6.12,33.1,108.8,85.6,114.9,Drip,120.2,4.59,0.82,338346.0,54.1
Maharashtra,Krishna,Chilli,Kharif,8.2,555.5,29.2,76.9,6.8,6.8,35.4,91.6,58.2,110.7,Flood,229.2,6.47,0.81,581551.0,37.6
Gujarat,Erode,Cotton,Rabi,9.5,166.7,23.0,69.1,8.9,6.94,21.5,97.6,68.5,85.2,Rainfed,252.4,6.67,0.96,723371.0,33.1
Madhya Pradesh,Raichur,Rice,Rabi,0.88,494.0,22.1,50.0,6.8,8.240099999999998,23.7,139.4,51.2,112.3,Rainfed,152.5,1.65,0.8,57344.0,54.8
Gujarat,Ludhiana,Groundnut,Kharif,13.18,780.9,29.2,70.2,6.5,7.01,38.2,85.3,63.4,112.7,Drip,235.2,2.52,0.97,895427.0,67.1
Gujarat,Erode,Maize,Kharif,2.51,837.9,31.5,80.1,6.1,6.05,28.0,149.5,93.6,85.0,Rainfed,314.3,4.74,0.82,180132.0,49.5
Tamil Nadu,Raichur,Rice,Rabi,7.71,609.7,24.7,50.4,7.6,5.21,19.3,73.0,53.1,125.3,Sprinkler,179.2,7.99,0.82,547568.0,45.5
Tamil Nadu,Guntur,Wheat,Kharif,10.21,873.5,26.6,81.0,8.1,7.64,29.6,76.7,50.1,103.9,Drip,75.1,5.47,0.74,615113.0,43.9
Telangana,Erode,Chilli,Rabi,11.18,265.7,27.7,57.8,9.2,5.48,34.9,108.7,53.0,168.90299999999993,Drip,177.2,3.6,0.87,712212.0,47.5
Karnataka,Nalgonda,Rice,Kharif,7.22,714.7,27.2,82.3,8.4,6.62,31.2,122.3,34.0,72.7,Drip,172.3,9.520199999999996,0.8,521495.0,31.6
Gujarat,Nashik,Maize,Zaid,14.36,314.6,34.4,61.5,8.4,5.98,26.4,111.3,77.7,124.2,Drip,328.11199999999974,4.1,0.82,1126428.82,59.1
Punjab,Erode,Pulses,Kharif,13.96,867.1,23.4,71.9,7.2,7.65,32.1,168.4,41.5,125.5,Sprinkler,200.5,1.14,0.93,907101.0,57.6
Maharashtra,Warangal,Wheat,Rabi,14.86,597.2,26.4,68.2,6.3,7.04,28.0,79.1,56.3,94.5,Sprinkler,258.1,3.92,0.9,912475.0,51.4
Maharashtra,Warangal,Wheat,Kharif,7.29,563.9,33.0,74.7,8.0,6.05,39.3,138.5,52.0,124.7,Flood,103.6,3.65,0.86,412481.0,63.5
Maharashtra,Erode,Chilli,Kharif,4.53,534.5,27.9,71.8,6.2,7.12,29.8,92.9,83.5,89.9,Rainfed,213.7,4.66,0.81,248799.0,41.0
Andhra Pradesh,Nalgonda,Groundnut,Rabi,8.19,717.9,20.9,55.4,7.2,7.14,25.4,111.3,37.8,113.5,Rainfed,271.1,1.0,0.97,555302.0,56.7
Punjab,Guntur,Groundnut,Zaid,12.63,332.4,30.1,53.1,8.4,6.9,19.5,100.4,54.0,105.8,Drip,199.3,6.35,0.7,894917.0,40.4
Gujarat,Ludhiana,Pulses,Zaid,13.23,547.4,30.1,48.5,7.8,6.17,20.8,67.5,61.2,112.6,Sprinkler,263.4,4.4,0.78,1063587.0,47.8
Andhra Pradesh,Warangal,Pulses,Kharif,12.83,949.5,29.9,75.6,7.0,7.46,25.4,177.2,68.8,125.3,Drip,178.3,5.53,0.73,975305.0,55.4
Andhra Pradesh,Indore,Rice,Kharif,11.66,885.7,22.7,72.0,5.7,6.88,30.0,140.5,39.6,110.7,Drip,272.1,3.85,0.88,775163.0,59.7
Madhya Pradesh,Ludhiana,Rice,Kharif,13.45,473.6,27.5,69.1,6.2,6.78,21.7,85.6,40.7,72.6,Rainfed,206.5,5.99,0.77,911022.0,44.3
Karnataka,Nalgonda,Rice,Kharif,8.26,878.8,27.9,69.9,7.2,6.7,25.1,148.4,89.4,83.2,Drip,264.0,3.27,0.79,580352.0,54.3
Andhra Pradesh,Rajkot,Sugarcane,Zaid,8.9,80.0,32.2,35.5,8.0,7.57,11.9,149.8,29.4,63.6,Flood,126.1,3.37,0.92,491663.0,38.8
Telangana,Rajkot,Pulses,Rabi,10.33,861.8,24.1,56.6,6.9,7.32,22.6,128.0,53.0,104.8,Flood,154.9,4.9,0.75,582358.0,42.4
Telangana,Warangal,Wheat,Zaid,7.1,238.7,29.4,35.5,8.4,5.99,13.3,101.6,71.9,115.5,Rainfed,194.3,5.02,0.91,370475.0,28.4
Madhya Pradesh,Indore,Cotton,Zaid,4.77,448.4,30.3,50.4,8.1,7.23,11.4,114.1,58.0,99.9,Rainfed,240.7,6.18,0.94,392280.0,40.3
Andhra Pradesh,Ludhiana,Maize,Rabi,11.12,173.0,28.4,40.3,7.4,6.9,24.6,89.6,65.7,79.0,Rainfed,283.6,4.21,0.73,729766.0,32.5
Gujarat,Nalgonda,Cotton,Zaid,7.97,318.9,31.0,52.6,9.6,6.69,24.5,178.6,77.0,130.4,Drip,139.8,5.36,0.7,462755.0,34.4
Punjab,Warangal,Groundnut,Rabi,11.39,571.9,20.9,70.3,8.4,7.31,16.7,87.0,57.9,75.9,Flood,162.7,3.07,0.92,694087.0,52.9
Telangana,Raichur,Cotton,Kharif,4.81,745.5,29.0,82.5,7.0,6.5,34.5,111.2,70.9,109.8,Flood,147.2,7.89,0.86,281573.0,49.7
Andhra Pradesh,Ludhiana,Wheat,Kharif,7.19,966.1,31.4,66.7,6.5,5.64,35.5,118.0,58.6,125.6,Flood,134.0,6.59,0.66,434982.0,48.6
Madhya Pradesh,Erode,Wheat,Kharif,12.2,948.5,31.0,51.6,8.2,5.86,32.4,96.7,41.7,106.7,Sprinkler,103.2,4.85,0.82,686720.0,44.9
Maharashtra,Nalgonda,Chilli,Kharif,4.36,892.6,25.6,73.5,4.899000000000001,7.34,28.2,102.2,70.2,80.9,Drip,138.1,5.6,1.0,320682.0,62.4
Andhra Pradesh,Ludhiana,Pulses,Kharif,5.48,790.6,26.9,80.6,6.9,7.16,25.6,66.6,28.7,91.2,Rainfed,143.6,5.78,0.98,340759.0,50.3
Maharashtra,Krishna,Maize,Kharif,1.69,726.2,33.7,69.1,6.5,7.51,25.2,108.3,61.3,131.2,Rainfed,261.0,7.43,0.88,96256.0,52.2
Punjab,Krishna,Wheat,Kharif,5.89,847.3,30.1,66.1,8.4,6.43,29.0,101.0,57.7,102.8,Drip,213.1,6.66,0.89,399836.0,46.1
Maharashtra,Krishna,Sugarcane,Kharif,10.19,976.9,26.6,59.4,8.0,6.12,33.6,67.3,49.5,146.9,Drip,249.4,6.24,0.66,643945.0,37.3
Tamil Nadu,Ludhiana,Cotton,Rabi,2.45,271.7,22.5,62.3,6.8,5.71,22.2,98.6,61.4,103.8,Flood,283.3,6.29,0.9,180006.0,30.2
Punjab,Guntur,Maize,Kharif,5.83,748.3,29.5,69.9,5.9,6.83,31.3,101.3,38.1,106.1,Rainfed,169.8,0.67,0.92,388213.0,70.8
Gujarat,Guntur,Groundnut,Zaid,9.73,123.8,26.6,35.5,7.9,5.59,17.9,171.6,75.6,50.6,Rainfed,209.3,6.9,0.65,593473.0,25.8
Karnataka,Erode,Chilli,Zaid,3.88,294.5,35.1,36.6,8.3,7.51,17.4,147.8,72.8,117.7,Flood,211.9,3.42,0.72,236417.0,38.0
Tamil Nadu,Ludhiana,Groundnut,Rabi,4.02,559.3,26.3,75.3,8.2,6.55,20.8,133.5,37.0,92.8,Rainfed,274.3,3.52,0.87,275883.0,54.6
Gujarat,Nalgonda,Cotton,Rabi,3.26,928.1,26.0,60.1,6.7,6.4,20.4,109.7,74.1,60.8,Rainfed,248.1,6.93,0.67,226019.0,57.3
Madhya Pradesh,Erode,Groundnut,Kharif,5.37,1203.6019999999999,29.5,78.7,6.6,6.65,29.1,64.1,65.3,156.0,Flood,132.3,4.5,0.88,387984.0,74.60099999999997
Madhya Pradesh,Nalgonda,Sugarcane,Kharif,5.03,991.1,29.0,72.4,6.0,7.31,24.6,94.9,54.3,108.8,Flood,220.4,3.3,0.68,414961.0,62.8
Tamil Nadu,Erode,Rice,Kharif,13.16,947.0,28.0,68.8,7.4,7.24,30.8,100.6,56.4,101.9,Flood,298.9,1.84,0.71,1034385.0,67.1
Telangana,Indore,Wheat,Rabi,12.54,599.7,25.2,61.6,7.0,6.4,28.1,122.1,64.8,104.1,Sprinkler,202.7,5.41,0.89,811870.0,42.2
Telangana,Warangal,Chilli,Rabi,13.58,293.8,24.7,63.8,7.2,5.56,20.1,127.5,62.8,90.2,Sprinkler,98.0,4.41,0.67,702185.0,45.2
Gujarat,Rajkot,Pulses,Kharif,14.89,1045.2,29.5,83.5,6.8,6.18,27.2,161.4,84.2,119.0,Flood,254.7,6.01,0.67,1126428.82,67.3
Gujarat,Warangal,Chilli,Kharif,5.98,982.9,26.3,78.7,7.0,6.37,25.1,152.5,62.2,124.8,Flood,141.8,7.12,0.68,336459.0,47.2
Madhya Pradesh,Indore,Groundnut,Kharif,9.13,809.2,27.4,83.8,7.6,8.2,25.0,148.8,67.7,84.9,Flood,105.5,5.14,0.7,580703.0,55.3
Punjab,Rajkot,Wheat,Rabi,9.42,514.2,23.8,58.1,5.8,5.67,26.1,132.2,45.3,76.5,Drip,139.4,4.53,0.89,540792.0,45.7
Andhra Pradesh,Indore,Pulses,Kharif,2.27,707.5,27.5,74.7,6.0,6.02,33.5,145.5,44.8,102.5,Rainfed,151.9,3.5,0.93,148219.0,54.5
Maharashtra,Indore,Groundnut,Rabi,0.95,369.7,25.4,43.0,7.9,6.89,28.0,104.5,62.0,85.1,Rainfed,199.1,3.72,0.84,70060.0,36.4
Gujarat,Erode,Rice,Kharif,7.52,921.1,29.9,67.4,6.3,6.72,36.9,83.9,35.5,76.4,Flood,129.0,7.05,0.93,446643.0,55.1
Gujarat,Rajkot,Cotton,Kharif,14.89,973.5,34.6,66.6,6.7,5.81,29.5,115.9,61.5,103.5,Flood,143.7,4.93,0.93,930014.0,43.6
Gujarat,Rajkot,Sugarcane,Rabi,4.39,582.0,22.8,58.1,8.5,5.2,32.9,88.6,44.6,126.4,Sprinkler,202.3,4.32,0.85,333351.0,41.9
Andhra Pradesh,Nalgonda,Maize,Rabi,8.86,655.5,22.6,53.1,9.4,6.63,28.3,134.8,70.3,70.7,Drip,130.3,4.96,0.66,559103.0,35.4
Punjab,Nalgonda,Cotton,Rabi,0.8,154.4,22.7,57.8,8.2,5.22,23.9,77.3,17.298000000000002,87.0,Rainfed,149.1,3.76,0.84,53653.0,30.9
Telangana,Raichur,Maize,Rabi,9.38,274.2,26.1,40.4,5.7,7.42,18.6,78.8,76.6,121.0,Rainfed,148.4,3.74,0.84,506997.0,42.0
Gujarat,Krishna,Sugarcane,Kharif,7.37,766.4,27.4,82.1,6.6,6.33,27.6,115.9,50.3,119.4,Rainfed,185.7,8.39,1.0,440595.0,42.8
Punjab,Indore,Wheat,Kharif,8.78,723.2,30.2,73.9,8.3,5.61,33.5,96.2,66.6,90.7,Drip,140.7,6.51,0.66,569197.0,52.4
Punjab,Erode,Pulses,Kharif,6.77,1022.1,29.3,71.0,6.7,6.0,33.4,125.9,64.8,86.2,Rainfed,323.5,6.72,0.91,599773.0,43.8
Gujarat,Rajkot,Pulses,Rabi,11.62,476.0,24.3,74.1,7.6,7.46,17.7,183.0,62.1,126.3,Rainfed,70.5,3.03,0.68,701835.0,54.5
Madhya Pradesh,Warangal,Rice,Kharif,1.13,661.2,28.4,64.1,5.6,6.83,25.4,120.6,36.3,102.0,Sprinkler,207.9,5.58,0.86,69363.0,54.2
Maharashtra,Warangal,Rice,Zaid,7.45,118.9,26.8,55.0,8.4,6.2,17.7,135.5,84.5,140.0,Sprinkler,204.6,9.520199999999996,0.85,450439.0,22.8
Maharashtra,Nashik,Rice,Kharif,5.31,1024.7,27.9,89.40399999999991,6.9,7.17,32.4,150.2,32.3,78.4,Drip,251.9,5.9,0.92,401388.0,53.8
Andhra Pradesh,Nalgonda,Chilli,Rabi,4.64,779.6,25.8,56.8,8.4,7.56,20.8,127.3,55.9,54.0,Flood,215.3,8.42,0.79,352306.0,30.3
Madhya Pradesh,Erode,Chilli,Kharif,8.91,552.6,29.8,74.8,5.7,6.31,38.1,163.1,51.7,116.9,Drip,198.3,5.21,1.0,575253.0,52.3
Tamil Nadu,Guntur,Wheat,Rabi,1.98,80.0,19.0,44.7,8.4,6.68,18.7,136.7,47.4,139.4,Rainfed,167.0,7.02,0.72,129187.0,21.1
Andhra Pradesh,Raichur,Groundnut,Kharif,13.52,1061.0,24.5,72.5,4.899000000000001,6.27,31.3,59.3,44.9,106.9,Drip,235.8,8.19,0.91,1126428.82,53.4
Karnataka,Krishna,Rice,Kharif,7.07,685.1,27.5,81.1,7.1,8.240099999999998,36.2,131.2,41.3,72.4,Sprinkler,72.8,5.31,0.89,443186.0,43.6
Andhra Pradesh,Raichur,Wheat,Rabi,13.49,523.9,19.9,58.8,8.0,6.17,23.3,101.2,62.5,143.7,Drip,215.5,5.83,0.67,928966.0,35.2
Madhya Pradesh,Nashik,Pulses,Rabi,5.18,411.7,24.0,54.6,7.2,7.66,26.6,149.4,19.5,87.1,Drip,175.4,4.31,0.67,301061.0,32.9
Madhya Pradesh,Indore,Wheat,Kharif,1.27,710.4,32.1,72.1,7.1,6.9,35.7,140.1,71.2,101.7,Rainfed,245.0,4.84,0.71,83343.0,49.3
Andhra Pradesh,Indore,Wheat,Zaid,10.09,596.0,29.7,69.7,7.5,6.26,17.9,112.8,57.2,112.7,Sprinkler,44.595,1.72,0.7,581789.0,59.3
Maharashtra,Warangal,Chilli,Rabi,8.46,575.4,25.8,45.8,8.1,5.7,21.6,93.2,85.2,130.8,Rainfed,156.7,4.44,0.9,430330.0,34.3
Karnataka,Guntur,Maize,Kharif,8.05,637.2,30.8,77.3,6.2,7.04,32.3,70.8,77.9,124.5,Flood,220.0,6.12,0.99,497954.0,28.3
Gujarat,Raichur,Wheat,Zaid,8.52,251.1,28.4,49.8,9.4,6.98,12.9,103.3,51.8,103.5,Flood,126.1,5.28,1.0,602658.0,42.6
Maharashtra,Erode,Maize,Rabi,10.1,148.4,24.8,66.2,6.3,6.71,28.4,104.4,77.4,84.8,Drip,155.7,3.24,0.79,758154.0,38.0
Tamil Nadu,Warangal,Pulses,Rabi,2.91,529.8,23.3,46.6,8.6,5.67,24.9,138.4,77.8,87.0,Rainfed,204.4,4.17,0.88,201162.0,47.0
Maharashtra,Raichur,Wheat,Kharif,7.37,712.4,25.7,63.2,7.4,6.46,33.3,75.0,59.2,59.6,Sprinkler,58.9,3.78,0.87,430252.0,52.3
Madhya Pradesh,Rajkot,Sugarcane,Rabi,10.21,340.3,25.3,43.1,8.8,7.36,28.8,160.3,43.8,96.7,Sprinkler,177.3,5.73,0.82,666363.0,31.6
Telangana,Guntur,Groundnut,Kharif,1.17,1020.8,30.7,67.6,5.2,6.66,40.3,86.1,52.8,59.0,Sprinkler,267.3,5.75,0.96,82096.0,56.8
Karnataka,Indore,Groundnut,Kharif,12.19,655.6,28.5,74.5,7.8,6.76,27.8,104.7,65.2,107.3,Flood,234.3,0.5,0.88,674340.0,61.6
Telangana,Nashik,Rice,Rabi,4.85,423.5,22.9,68.7,7.4,6.41,26.3,156.3,60.9,105.9,Rainfed,236.5,4.52,0.84,362537.0,32.5
Gujarat,Erode,Wheat,Kharif,13.41,634.3,25.2,77.8,7.5,5.2,27.5,117.5,62.3,112.6,Flood,272.4,5.33,0.85,1063040.0,44.8
Karnataka,Indore,Cotton,Kharif,12.45,627.7,33.2,74.7,8.1,6.7,33.2,170.2,25.1,103.3,Flood,119.9,3.39,0.83,788879.0,60.9
Telangana,Nalgonda,Maize,Rabi,10.62,483.1,24.7,65.1,7.3,7.04,26.7,162.6,56.1,148.8,Flood,159.3,7.95,0.9,721664.0,31.5
Tamil Nadu,Nalgonda,Rice,Kharif,5.31,744.4,30.6,56.6,7.8,6.9,34.6,119.9,77.4,123.7,Drip,139.9,3.7,0.8,420531.0,48.5
Maharashtra,Erode,Pulses,Zaid,10.01,80.0,30.8,57.8,8.7,6.77,23.3,119.5,25.5,123.5,Drip,199.1,6.93,0.77,732559.0,28.2
Tamil Nadu,Raichur,Groundnut,Zaid,7.72,524.4,27.8,46.5,8.5,7.16,22.8,113.7,73.9,76.0,Flood,215.2,6.28,0.88,512011.0,40.2
Gujarat,Warangal,Chilli,Zaid,11.76,582.0,27.2,53.2,8.6,7.32,18.5,127.9,49.1,168.90299999999993,Rainfed,198.0,6.38,0.67,670282.0,44.2
Maharashtra,Rajkot,Rice,Kharif,4.57,920.7,30.0,62.4,5.8,6.31,28.8,76.9,40.2,121.1,Rainfed,254.8,3.77,0.9,294838.0,55.1
Madhya Pradesh,Warangal,Pulses,Kharif,13.67,581.8,31.0,62.0,6.6,6.17,30.9,109.6,95.4,134.4,Flood,229.3,1.22,0.91,865586.0,60.0
Telangana,Rajkot,Rice,Kharif,4.52,858.5,23.7,72.6,5.6,6.22,32.6,158.0,40.2,136.5,Flood,140.5,5.94,0.75,286399.0,62.7
Tamil Nadu,Nalgonda,Pulses,Kharif,4.89,866.8,28.6,63.1,5.3,7.05,30.3,139.7,69.9,87.7,Rainfed,195.9,8.69,0.79,401125.0,32.4
Andhra Pradesh,Nashik,Wheat,Rabi,11.56,690.1,23.9,49.0,7.5,8.07,26.4,164.9,46.0,84.0,Flood,71.9,5.9,0.81,835670.0,41.7
Andhra Pradesh,Ludhiana,Pulses,Kharif,9.94,756.8,24.5,74.4,5.6,6.34,30.3,122.9,56.9,119.6,Drip,310.6,7.82,0.88,691701.0,51.7
Karnataka,Rajkot,Sugarcane,Kharif,12.03,723.3,24.3,72.1,4.899000000000001,6.84,38.0,115.9,82.9,120.7,Rainfed,165.5,3.59,0.93,828786.0,54.3
Punjab,Nashik,Cotton,Rabi,11.79,721.8,24.1,57.3,5.1,6.78,20.1,106.0,49.5,92.2,Flood,260.5,9.5,0.7,968359.0,36.6
Punjab,Raichur,Sugarcane,Rabi,14.34,269.0,22.5,58.6,8.6,6.03,23.7,155.6,59.0,38.592000000000006,Sprinkler,93.2,5.62,0.67,913988.0,31.4
Madhya Pradesh,Raichur,Cotton,Kharif,0.74,1109.9,29.6,82.2,6.4,5.72,36.1,83.7,52.3,67.2,Flood,291.3,6.11,0.85,57144.0,53.8
Punjab,Rajkot,Sugarcane,Zaid,10.96,624.5,27.1,64.8,8.9,6.49,23.7,56.9,75.1,90.2,Drip,177.4,2.41,0.86,643754.0,63.6
Andhra Pradesh,Indore,Cotton,Rabi,2.99,519.0,25.9,68.5,8.0,6.52,21.1,170.1,49.1,144.7,Flood,229.4,4.9,0.87,193845.0,35.9
Telangana,Warangal,Sugarcane,Zaid,14.12,166.7,31.8,41.9,10.0,6.72,21.5,125.2,65.5,131.4,Rainfed,127.5,9.09,0.69,927632.0,26.5
Madhya Pradesh,Nashik,Groundnut,Rabi,10.83,449.3,25.4,49.2,7.8,6.39,31.3,189.8,62.4,113.4,Rainfed,114.6,9.520199999999996,0.95,859081.0,22.2
Madhya Pradesh,Guntur,Rice,Rabi,6.37,361.5,23.5,59.6,7.2,6.39,23.2,73.6,66.5,40.0,Drip,183.0,6.36,0.73,433206.0,27.9
Maharashtra,Ludhiana,Pulses,Rabi,4.63,633.0,25.1,59.0,7.5,7.48,26.4,99.6,52.0,101.5,Flood,308.7,6.15,0.66,335601.0,37.0
Gujarat,Indore,Sugarcane,Kharif,2.3,758.2,29.7,69.3,7.6,6.5,29.1,129.6,53.3,127.0,Flood,198.5,5.96,0.83,173917.0,63.6
Punjab,Krishna,Pulses,Kharif,13.68,487.7,28.3,68.3,6.1,7.38,33.2,113.2,47.5,40.9,Flood,138.9,2.31,0.95,901395.0,62.4
Andhra Pradesh,Rajkot,Chilli,Kharif,11.01,734.5,28.2,64.5,5.1,6.18,34.7,171.8,41.9,110.1,Rainfed,216.2,4.37,0.91,690025.0,42.8
Maharashtra,Nalgonda,Cotton,Rabi,14.1,574.0,20.4,64.9,7.3,5.83,22.4,133.2,33.5,102.1,Rainfed,149.3,2.56,0.69,861401.0,55.8
Telangana,Erode,Cotton,Kharif,0.64,762.8,27.2,81.3,5.8,6.97,28.4,89.2,33.4,131.2,Rainfed,111.7,6.19,0.79,42634.82,52.4
Punjab,Krishna,Rice,Kharif,6.61,898.7,28.6,79.6,7.6,6.49,41.0,125.6,33.1,91.0,Sprinkler,196.9,5.33,0.83,460504.0,59.7
Andhra Pradesh,Indore,Sugarcane,Kharif,14.87,745.9,29.6,74.1,6.4,6.52,28.8,115.4,53.9,109.1,Drip,200.4,7.35,0.82,1097878.0,42.7
Maharashtra,Guntur,Maize,Rabi,10.05,445.6,26.7,53.4,8.9,7.47,21.6,102.0,59.8,126.5,Drip,254.5,4.39,0.99,728621.0,44.5
Madhya Pradesh,Rajkot,Sugarcane,Kharif,13.96,879.1,29.8,76.1,5.6,6.73,18.5,117.9,73.0,86.5,Drip,117.2,7.14,0.88,745161.0,64.6
Karnataka,Nalgonda,Sugarcane,Rabi,3.08,490.8,21.0,51.3,7.3,5.98,21.1,96.3,52.9,145.5,Rainfed,242.5,9.35,0.96,209248.0,18.7
Tamil Nadu,Erode,Rice,Kharif,9.52,615.9,30.3,69.3,7.0,6.29,35.3,151.6,65.9,52.4,Flood,88.2,6.32,0.86,680311.0,45.1
Andhra Pradesh,Ludhiana,Cotton,Rabi,4.48,582.0,22.3,64.5,7.1,6.23,22.3,101.6,70.5,168.90299999999993,Rainfed,166.4,5.72,0.84,281143.0,47.2
Madhya Pradesh,Ludhiana,Maize,Rabi,4.26,230.8,23.6,72.3,9.2,8.240099999999998,29.4,170.2,17.298000000000002,99.0,Rainfed,191.5,3.46,0.89,220170.0,33.5
Gujarat,Ludhiana,Pulses,Rabi,14.83,338.2,20.0,67.8,5.2,7.71,22.2,95.8,69.8,124.6,Drip,222.7,4.78,0.91,1043220.0,40.9
Andhra Pradesh,Raichur,Rice,Kharif,6.0,948.3,25.3,68.7,5.6,5.2,36.2,78.0,46.1,88.9,Sprinkler,218.0,4.53,0.78,412702.0,59.6
Telangana,Guntur,Rice,Zaid,12.71,80.0,31.7,58.1,7.8,5.78,23.7,82.8,70.5,122.5,Rainfed,239.4,4.82,0.66,829696.0,46.3
Punjab,Warangal,Rice,Rabi,4.54,418.0,22.6,59.9,7.3,6.82,32.2,162.3,47.6,84.2,Flood,174.3,2.66,0.93,329696.0,43.9
Andhra Pradesh,Raichur,Wheat,Kharif,1.45,903.0,31.3,57.2,6.6,6.36,34.0,110.6,58.7,70.7,Rainfed,246.3,5.18,0.93,102695.0,62.2
Karnataka,Nalgonda,Rice,Rabi,2.79,107.8,25.8,57.0,9.1,7.45,24.6,158.7,62.4,72.8,Drip,225.9,5.11,0.69,169375.0,30.1
Gujarat,Nashik,Maize,Rabi,5.62,246.8,31.0,52.1,7.4,6.44,20.2,73.8,68.6,139.0,Rainfed,149.7,4.09,0.87,392219.0,50.2
Telangana,Raichur,Cotton,Zaid,12.34,373.1,28.3,57.8,8.8,6.57,25.1,75.4,33.7,107.1,Rainfed,192.4,0.5,0.67,846922.0,58.5
Punjab,Warangal,Cotton,Kharif,8.83,958.5,27.3,82.0,6.5,6.79,24.7,149.8,76.3,107.4,Rainfed,189.1,5.52,0.73,576364.0,54.3
Maharashtra,Ludhiana,Pulses,Rabi,12.48,348.9,24.0,52.9,7.8,7.0,32.6,121.2,58.0,79.4,Drip,98.9,3.18,0.79,684659.0,37.2
Punjab,Indore,Sugarcane,Rabi,7.81,328.9,26.8,63.0,8.1,6.67,24.9,75.5,63.9,114.9,Flood,102.3,5.27,0.73,506447.0,51.4
Maharashtra,Raichur,Rice,Kharif,12.51,923.7,25.9,51.9,7.9,6.83,26.4,125.9,63.7,106.1,Sprinkler,211.0,3.95,0.76,864383.0,49.0
Gujarat,Nalgonda,Chilli,Kharif,12.15,759.3,30.8,70.2,6.6,6.59,34.0,93.0,65.4,82.0,Sprinkler,117.0,4.71,0.79,788355.0,51.0
Karnataka,Ludhiana,Pulses,Rabi,4.63,453.5,18.7,69.4,8.3,7.62,31.5,98.4,67.8,119.5,Drip,163.8,5.22,0.98,278240.0,51.6
Karnataka,Indore,Chilli,Rabi,4.45,320.8,22.2,52.9,8.9,6.42,20.0,97.1,61.9,91.8,Rainfed,303.0,2.74,0.8,337451.0,40.3
Andhra Pradesh,Nashik,Wheat,Kharif,4.04,1006.6,28.1,85.5,8.0,5.94,26.4,108.1,48.7,131.6,Flood,216.5,5.34,0.81,350513.0,67.1
Madhya Pradesh,Krishna,Groundnut,Zaid,6.01,339.4,35.1,43.3,8.8,6.41,17.0,125.9,48.7,124.5,Flood,154.2,2.89,0.96,370439.0,53.8
Tamil Nadu,Nalgonda,Wheat,Rabi,2.33,419.1,26.7,54.2,7.8,6.51,16.4,104.7,53.3,84.5,Rainfed,141.1,6.74,0.96,148352.0,31.3
Tamil Nadu,Nalgonda,Cotton,Kharif,13.11,742.2,30.4,85.3,8.1,7.62,28.6,144.4,48.9,80.8,Flood,140.8,6.19,0.96,763152.0,44.1
Andhra Pradesh,Rajkot,Pulses,Rabi,10.24,80.0,18.9,56.7,7.8,7.7,24.6,130.0,52.0,136.3,Sprinkler,87.7,3.05,0.7,698350.0,42.6
Punjab,Raichur,Rice,Zaid,3.73,559.3,33.6,55.0,6.7,7.52,21.0,142.5,60.2,84.7,Drip,249.9,4.82,0.66,292940.0,38.6
Gujarat,Raichur,Maize,Kharif,12.55,635.8,25.7,59.5,5.0,6.5,32.6,109.6,42.6,133.5,Drip,173.0,5.98,0.86,997273.0,39.2
Gujarat,Warangal,Chilli,Kharif,11.88,896.9,27.4,68.5,6.4,6.78,33.4,94.7,43.7,106.4,Sprinkler,197.6,0.5,0.76,561010.0,61.0
Madhya Pradesh,Krishna,Wheat,Kharif,14.89,884.5,28.8,80.5,8.1,6.39,35.5,109.3,30.0,65.6,Sprinkler,95.4,4.33,0.84,935604.0,54.7
Maharashtra,Raichur,Maize,Rabi,7.76,441.4,21.1,52.8,7.1,6.52,26.4,156.9,41.6,107.8,Flood,203.7,2.63,0.85,571253.0,49.3
Andhra Pradesh,Indore,Pulses,Rabi,8.56,687.7,21.6,61.4,7.9,7.26,27.8,119.7,54.4,38.592000000000006,Rainfed,140.4,3.45,0.69,518396.0,42.9
Punjab,Guntur,Maize,Zaid,14.89,656.5,33.5,44.4,8.4,5.96,31.4,159.8,46.8,133.3,Rainfed,151.5,6.43,0.68,711758.0,36.1
Tamil Nadu,Indore,Sugarcane,Rabi,8.9,407.7,23.6,61.3,7.9,5.2,21.6,73.7,36.9,62.7,Rainfed,260.4,5.36,0.98,706465.0,36.3
Karnataka,Indore,Rice,Rabi,3.87,366.8,23.8,42.0,6.9,6.76,34.5,125.4,45.8,99.0,Rainfed,120.9,4.27,0.79,259240.0,44.9
Gujarat,Ludhiana,Cotton,Rabi,3.58,710.7,21.6,58.7,9.3,7.33,27.2,149.0,55.4,97.0,Drip,187.5,7.96,0.92,226478.0,31.4
Telangana,Raichur,Wheat,Rabi,5.86,543.9,26.2,60.6,5.7,6.71,27.8,114.3,64.5,160.5,Rainfed,250.7,2.99,0.94,391176.0,50.3
Madhya Pradesh,Ludhiana,Sugarcane,Rabi,7.27,215.4,21.8,61.6,7.3,6.23,20.6,146.4,37.9,75.7,Sprinkler,44.595,4.5,0.8,359117.0,32.0
Tamil Nadu,Nashik,Cotton,Rabi,9.94,471.3,20.5,53.6,9.7,6.31,24.6,129.9,90.0,116.9,Sprinkler,294.1,6.99,0.8,833285.0,19.3
Andhra Pradesh,Warangal,Rice,Zaid,2.35,501.4,28.4,62.8,7.6,6.43,19.0,125.5,52.5,99.2,Sprinkler,170.8,6.12,0.77,164583.0,46.6
Telangana,Krishna,Sugarcane,Kharif,13.38,1203.6019999999999,27.4,71.9,4.899000000000001,6.43,26.4,78.1,39.5,166.3,Drip,176.0,3.9,0.8,850560.0,56.2
Maharashtra,Rajkot,Cotton,Kharif,5.18,944.7,28.0,74.2,6.3,5.82,36.0,84.0,78.5,117.2,Rainfed,146.2,6.03,0.96,276990.0,62.6
Andhra Pradesh,Krishna,Chilli,Zaid,14.35,564.3,33.0,50.3,7.5,7.06,24.1,65.9,33.6,124.8,Flood,258.1,7.14,0.99,1082087.0,39.8
Karnataka,Krishna,Wheat,Kharif,10.42,965.1,27.0,72.5,8.7,6.28,32.8,165.5,69.9,57.9,Flood,229.4,6.98,0.72,909250.0,48.8
Telangana,Ludhiana,Chilli,Rabi,2.14,298.5,27.1,59.0,6.9,7.04,17.3,140.4,24.5,120.3,Flood,240.6,6.88,0.66,177324.0,27.5
Andhra Pradesh,Raichur,Cotton,Kharif,12.17,1121.0,31.0,72.4,6.0,7.39,26.4,135.9,42.2,104.1,Flood,189.7,7.41,0.72,833267.0,46.6
Tamil Nadu,Krishna,Wheat,Rabi,14.78,426.7,26.3,59.9,8.3,6.85,19.1,130.1,54.2,120.3,Sprinkler,151.1,3.32,0.68,954072.0,44.0
Andhra Pradesh,Guntur,Maize,Rabi,11.14,359.0,21.8,61.1,7.8,5.92,23.8,131.7,72.7,88.8,Rainfed,244.7,1.8,0.65,610976.0,45.2
Madhya Pradesh,Erode,Rice,Rabi,8.15,582.0,20.5,44.5,7.8,7.07,22.8,106.5,62.8,87.7,Flood,247.6,7.57,0.93,670650.0,34.6
Andhra Pradesh,Nalgonda,Pulses,Rabi,9.97,415.2,24.6,52.7,7.1,6.44,30.0,123.5,71.6,104.6,Rainfed,44.6,6.18,0.73,490274.0,36.8
Punjab,Nashik,Cotton,Kharif,5.85,808.7,31.8,79.1,7.6,6.43,34.9,133.8,56.9,120.3,Sprinkler,292.8,4.38,0.77,485040.0,50.3
Telangana,Indore,Maize,Zaid,7.49,366.2,33.0,52.9,8.1,6.08,21.8,134.5,75.6,111.3,Rainfed,209.9,4.43,0.79,496374.0,40.7
Maharashtra,Nashik,Groundnut,Kharif,6.9,1062.8,30.8,85.6,7.9,6.41,29.2,101.9,48.5,148.8,Rainfed,253.6,4.04,0.89,423934.0,72.5
Karnataka,Raichur,Groundnut,Rabi,4.77,631.2,18.7,57.8,7.5,6.19,21.3,77.7,84.2,125.1,Sprinkler,244.2,3.4,0.97,327032.0,49.6
Karnataka,Raichur,Maize,Kharif,3.08,1032.1,26.2,62.0,8.1,8.17,41.0,97.5,54.6,127.5,Flood,185.7,5.8,0.84,243479.0,54.6
Punjab,Nashik,Pulses,Kharif,9.53,711.5,29.4,66.9,7.3,7.09,25.7,115.6,56.0,75.4,Sprinkler,136.0,3.88,0.71,736305.0,48.2
Karnataka,Raichur,Chilli,Kharif,14.27,819.0,33.0,72.4,6.6,5.41,22.8,163.2,33.0,80.6,Sprinkler,163.5,8.33,0.67,944756.0,41.7
Tamil Nadu,Ludhiana,Wheat,Kharif,13.71,1124.0,24.2,50.7,6.5,7.51,29.1,164.3,70.6,107.8,Drip,180.3,3.28,0.93,987676.0,70.4
Tamil Nadu,Krishna,Sugarcane,Kharif,9.64,746.7,24.8,82.8,6.6,6.62,29.0,165.5,93.1,122.9,Rainfed,204.3,4.23,0.86,655393.0,63.3
Maharashtra,Erode,Rice,Zaid,4.53,285.1,30.3,55.1,7.0,6.33,24.5,119.5,63.2,93.2,Sprinkler,194.2,6.27,0.85,319841.0,42.6
Punjab,Nalgonda,Wheat,Rabi,14.32,687.0,26.0,69.8,8.7,6.53,28.7,168.3,17.298000000000002,120.9,Flood,157.7,7.59,0.97,1109829.0,37.3
Gujarat,Nashik,Cotton,Kharif,3.69,765.4,29.0,70.3,5.9,6.63,25.2,114.5,37.4,122.4,Rainfed,220.1,5.87,0.69,236367.0,48.1
Tamil Nadu,Rajkot,Maize,Rabi,3.05,363.4,18.599,37.5,7.9,6.63,16.2,115.7,69.0,115.9,Sprinkler,157.8,3.96,0.74,205867.0,46.2
Andhra Pradesh,Nalgonda,Sugarcane,Kharif,3.77,1057.4,27.1,62.5,5.2,7.56,25.7,119.7,56.8,127.3,Rainfed,190.5,6.22,0.7,272411.0,34.3
Andhra Pradesh,Indore,Cotton,Zaid,7.97,264.9,31.2,48.9,8.4,6.45,20.7,148.3,56.8,148.1,Drip,218.9,6.64,0.68,614740.0,36.2
Andhra Pradesh,Ludhiana,Rice,Zaid,0.8,513.9,28.8,64.5,8.0,7.14,19.8,141.2,48.9,87.4,Rainfed,89.4,9.520199999999996,0.7,48435.0,31.5
Karnataka,Rajkot,Rice,Rabi,3.39,310.4,21.0,48.0,9.9,6.09,23.3,113.8,71.7,118.5,Flood,266.0,3.77,0.91,282941.0,43.4
Punjab,Warangal,Wheat,Kharif,12.44,601.9,27.2,60.2,8.3,7.66,24.3,97.8,36.7,96.0,Drip,65.9,6.88,0.77,680562.0,31.8
Gujarat,Nalgonda,Rice,Rabi,1.61,526.8,21.5,59.9,7.4,6.26,19.3,149.3,58.1,59.9,Flood,246.4,4.15,0.89,117133.0,46.1
Gujarat,Erode,Pulses,Rabi,9.38,544.5,25.2,56.3,6.8,6.56,31.6,106.6,25.1,109.9,Flood,114.3,6.57,0.95,573771.0,32.3
Andhra Pradesh,Warangal,Rice,Kharif,12.09,771.2,30.0,57.4,6.4,6.72,32.8,99.9,46.0,108.9,Flood,233.1,4.57,0.91,966630.0,54.8
Telangana,Raichur,Maize,Kharif,1.03,748.8,28.9,57.7,5.3,6.0,30.7,131.6,49.8,133.8,Flood,176.7,3.89,0.68,59066.0,57.0
Andhra Pradesh,Warangal,Groundnut,Rabi,2.74,202.2,25.7,58.7,7.8,7.35,25.6,72.7,38.7,127.2,Flood,240.2,6.96,0.74,181209.0,29.4
Madhya Pradesh,Krishna,Rice,Kharif,5.42,512.7,22.1,76.6,8.0,6.6,41.0,99.1,27.5,109.0,Sprinkler,267.9,5.79,0.66,376442.0,47.6
Tamil Nadu,Nashik,Rice,Zaid,5.5,582.0,34.4,47.6,7.1,7.36,24.3,153.2,49.1,132.2,Flood,116.9,6.38,0.69,350358.0,45.4
Tamil Nadu,Erode,Rice,Rabi,4.82,80.0,22.7,47.8,8.0,7.2,36.7,130.8,62.4,138.9,Rainfed,87.3,2.68,0.81,279752.0,25.7
Tamil Nadu,Guntur,Rice,Zaid,3.74,336.4,33.0,46.3,9.0,6.22,22.4,150.2,86.0,133.4,Rainfed,192.7,6.46,0.73,180343.0,36.1
Tamil Nadu,Erode,Sugarcane,Rabi,9.94,426.7,22.2,49.0,8.8,6.32,15.9,122.4,92.5,168.90299999999993,Flood,190.2,9.520199999999996,0.85,631961.0,26.5
Punjab,Rajkot,Wheat,Kharif,14.84,805.8,31.2,85.9,7.1,7.39,31.9,102.1,34.8,92.3,Sprinkler,187.2,2.65,0.74,946134.0,63.0
Telangana,Indore,Pulses,Rabi,6.98,309.1,25.8,66.6,7.9,6.37,15.9,120.4,60.6,84.0,Flood,107.1,7.81,0.78,413696.0,32.6
Andhra Pradesh,Ludhiana,Maize,Kharif,3.24,906.8,29.0,80.3,7.4,6.42,29.2,145.5,31.0,103.4,Sprinkler,212.5,4.23,0.98,221473.0,46.2
Telangana,Rajkot,Chilli,Zaid,1.63,131.1,33.2,53.5,7.6,7.34,21.0,111.4,58.1,73.1,Flood,176.5,3.37,0.78,112993.0,49.5
Telangana,Nashik,Pulses,Kharif,12.96,870.4,32.1,70.7,6.7,6.44,31.1,108.3,51.3,38.592000000000006,Drip,256.2,1.6,0.9,829487.0,68.9
Andhra Pradesh,Krishna,Wheat,Zaid,14.75,505.3,33.7,45.7,6.9,6.23,14.5,95.6,58.2,76.7,Rainfed,90.9,1.48,0.81,727215.0,71.6
Gujarat,Krishna,Cotton,Rabi,12.81,466.7,25.8,55.9,7.8,7.14,21.4,171.5,50.7,131.8,Flood,244.4,8.42,0.73,1072553.0,18.7
Maharashtra,Nashik,Wheat,Kharif,12.06,854.2,29.3,76.3,8.7,5.85,30.5,147.6,34.1,126.0,Flood,198.0,5.95,0.74,915448.0,50.9
Madhya Pradesh,Warangal,Chilli,Kharif,12.86,1034.6,31.1,60.1,7.4,7.31,26.6,128.1,45.7,151.9,Drip,293.2,6.23,0.82,1042712.0,53.3
Gujarat,Raichur,Pulses,Zaid,1.15,220.1,28.2,54.5,8.8,6.64,21.8,163.2,38.9,106.7,Flood,181.7,8.91,0.91,78083.0,28.9
Maharashtra,Guntur,Chilli,Zaid,1.3,115.2,33.5,60.3,5.8,7.88,19.4,89.8,68.0,121.4,Flood,229.1,2.56,0.81,84091.0,42.6
Andhra Pradesh,Rajkot,Groundnut,Rabi,12.76,590.3,22.6,68.1,8.4,5.47,16.6,93.7,55.7,83.7,Rainfed,259.3,2.6,0.65,928153.0,47.6
Madhya Pradesh,Raichur,Cotton,Kharif,11.6,528.3,29.3,56.5,8.2,7.01,30.4,100.7,70.1,118.2,Rainfed,180.3,6.88,0.84,647267.0,34.7
Telangana,Warangal,Cotton,Zaid,10.37,249.0,27.7,56.6,8.3,5.88,22.6,133.8,58.4,145.6,Drip,247.0,5.77,0.86,806515.0,27.3
Madhya Pradesh,Erode,Wheat,Zaid,8.96,573.9,30.9,51.7,8.3,6.97,25.7,88.6,71.1,96.8,Drip,183.8,7.69,0.96,535984.0,37.1
Madhya Pradesh,Indore,Groundnut,Zaid,9.72,131.4,31.2,49.6,6.9,7.23,17.4,77.1,89.0,134.5,Sprinkler,117.3,6.98,0.93,508183.0,26.4
Madhya Pradesh,Rajkot,Cotton,Zaid,11.57,248.2,35.1,41.5,8.4,6.62,19.2,129.5,76.2,118.3,Flood,95.5,3.24,0.73,710613.0,55.0
Karnataka,Indore,Wheat,Kharif,8.61,644.7,29.2,82.3,7.8,6.7,31.9,120.9,60.7,63.6,Flood,118.2,5.25,0.92,435486.0,55.9
Maharashtra,Indore,Wheat,Rabi,9.71,708.8,21.4,55.1,7.1,7.34,33.4,152.8,80.2,116.6,Flood,176.1,3.92,0.93,530322.0,50.6
Gujarat,Nashik,Rice,Zaid,10.18,404.4,33.2,58.0,9.3,6.8,22.4,109.6,54.6,112.8,Flood,257.2,7.4,0.96,878058.0,37.5
Gujarat,Warangal,Groundnut,Zaid,14.43,146.5,29.3,56.5,6.9,6.72,13.8,134.1,69.8,92.6,Drip,157.4,5.61,0.66,1088940.0,32.6
Karnataka,Nashik,Sugarcane,Kharif,0.82,752.4,29.5,67.5,5.8,6.62,21.9,159.1,97.10099999999997,94.0,Flood,297.2,6.61,0.85,58030.0,54.4
Karnataka,Ludhiana,Cotton,Rabi,6.98,400.8,23.9,58.2,7.5,6.27,20.4,137.8,54.3,93.2,Drip,194.3,7.23,0.92,603046.0,31.0
Andhra Pradesh,Erode,Sugarcane,Rabi,6.96,772.5,27.9,64.5,7.2,6.76,19.9,166.1,75.7,135.8,Drip,48.3,6.35,0.73,419212.0,59.9
Karnataka,Warangal,Wheat,Kharif,12.74,897.2,28.6,80.3,6.3,6.04,35.5,115.6,77.4,134.5,Flood,257.3,4.06,0.75,847558.0,54.6
Maharashtra,Nalgonda,Cotton,Kharif,6.27,1008.8,28.8,88.5,6.8,6.93,29.3,163.6,57.9,137.1,Drip,204.1,2.69,0.91,366389.0,60.5
Telangana,Krishna,Chilli,Rabi,3.94,193.3,23.9,71.1,6.7,7.58,30.4,125.8,80.5,131.8,Flood,264.7,5.93,0.85,287033.0,33.3
Andhra Pradesh,Nashik,Chilli,Kharif,9.62,656.0,28.9,70.1,5.3,6.24,30.8,88.9,76.8,102.8,Flood,239.1,5.87,0.69,525445.0,51.4
Andhra Pradesh,Rajkot,Chilli,Rabi,8.61,446.1,26.1,41.8,6.8,7.25,25.6,120.1,35.9,106.4,Sprinkler,161.0,5.6,0.96,550116.0,36.5
Madhya Pradesh,Guntur,Pulses,Kharif,3.34,1094.8,27.9,61.0,6.7,6.39,32.3,64.8,65.2,86.3,Drip,188.5,4.54,0.76,225961.0,65.3
Gujarat,Raichur,Rice,Rabi,5.32,691.6,25.2,57.9,6.4,7.34,17.4,118.5,45.6,109.8,Flood,98.2,9.32,0.83,430779.0,24.6
Tamil Nadu,Guntur,Wheat,Zaid,2.31,221.5,30.1,57.7,9.2,6.34,11.4,96.1,62.9,86.3,Sprinkler,183.5,1.73,0.65,145567.0,43.8
Punjab,Nashik,Wheat,Kharif,12.59,1090.4,33.5,68.9,6.7,6.22,26.7,79.1,55.9,84.7,Sprinkler,206.8,1.8,1.0,1007206.0,74.60099999999997
Tamil Nadu,Erode,Cotton,Rabi,9.46,586.8,24.4,48.7,8.5,6.55,29.1,127.8,77.9,134.8,Flood,167.7,6.1,0.8,638291.0,50.9
Karnataka,Warangal,Groundnut,Kharif,13.55,1074.7,29.5,75.6,6.1,7.16,30.5,47.593,17.298000000000002,92.1,Rainfed,217.0,5.49,0.93,956230.0,60.0
Karnataka,Warangal,Maize,Rabi,3.14,459.5,27.6,57.9,8.9,7.69,26.0,119.1,55.7,132.8,Rainfed,91.8,8.48,0.75,169824.0,42.7
Telangana,Guntur,Chilli,Kharif,8.46,652.4,31.8,68.1,6.1,6.42,29.6,144.0,43.8,100.8,Drip,191.8,5.03,0.76,560062.0,43.7
Telangana,Warangal,Wheat,Kharif,5.47,729.0,30.5,83.2,7.2,6.94,28.3,174.7,53.3,55.3,Flood,124.3,2.39,0.81,310754.0,58.0
Madhya Pradesh,Indore,Wheat,Rabi,12.08,557.7,24.8,60.6,7.9,5.87,23.1,119.8,64.8,68.0,Flood,45.7,4.54,0.8,727819.0,56.0
Karnataka,Krishna,Cotton,Rabi,2.68,373.6,22.9,39.6,7.5,6.57,21.4,76.3,83.1,56.7,Sprinkler,214.4,2.34,0.77,199366.0,31.2
Tamil Nadu,Warangal,Pulses,Rabi,13.34,586.6,20.8,55.5,7.4,7.46,22.1,190.6039999999999,54.9,130.1,Sprinkler,113.7,5.78,0.75,915673.0,47.6
Andhra Pradesh,Nashik,Groundnut,Kharif,7.34,1183.9,26.1,68.2,8.9,6.12,20.0,81.5,39.0,96.7,Rainfed,245.0,4.42,0.88,549356.0,65.0
Tamil Nadu,Krishna,Maize,Rabi,3.14,431.8,23.1,52.3,7.5,7.0,18.6,72.2,92.9,117.2,Flood,114.1,3.32,0.97,187471.0,36.9
Karnataka,Krishna,Chilli,Kharif,13.45,658.6,31.6,81.6,7.0,6.36,33.7,47.593,62.4,151.3,Flood,253.4,6.22,0.68,1046037.0,42.0
Tamil Nadu,Ludhiana,Chilli,Kharif,5.3,962.9,29.2,69.1,5.3,5.28,31.2,136.6,54.3,131.4,Rainfed,227.4,4.13,0.75,374365.0,72.2
Karnataka,Nalgonda,Sugarcane,Kharif,5.79,910.2,26.7,65.6,8.1,7.5,35.2,137.1,85.0,86.3,Rainfed,98.5,5.69,0.74,400235.0,43.0
Tamil Nadu,Guntur,Cotton,Zaid,3.85,132.2,29.5,50.1,7.5,6.14,20.5,130.0,58.1,95.6,Rainfed,180.3,5.83,0.9,192372.0,33.8
Maharashtra,Nashik,Rice,Kharif,10.86,914.6,30.7,69.0,5.6,6.11,30.2,151.4,56.2,120.8,Rainfed,195.4,6.81,0.84,599350.0,57.0
Karnataka,Guntur,Chilli,Rabi,10.85,510.8,28.5,49.9,7.8,6.44,18.6,113.0,44.0,101.5,Drip,77.8,4.24,0.74,565093.0,41.2
Madhya Pradesh,Indore,Cotton,Rabi,1.76,586.6,24.1,49.1,7.7,6.92,24.1,47.593,43.1,103.9,Rainfed,228.3,4.78,0.86,131203.0,35.7
Gujarat,Nalgonda,Cotton,Kharif,11.7,891.7,27.2,80.8,8.0,7.06,30.3,106.2,37.5,87.1,Flood,162.8,6.16,0.67,884213.0,59.3
Telangana,Guntur,Groundnut,Kharif,5.17,909.8,31.1,55.3,6.3,5.75,32.5,86.6,71.6,90.8,Rainfed,216.4,3.61,0.66,348304.0,47.4
Telangana,Indore,Wheat,Rabi,5.78,783.6,20.5,42.8,7.0,7.66,26.0,122.9,69.9,145.1,Sprinkler,101.1,5.02,0.97,361782.0,41.4
Punjab,Raichur,Wheat,Zaid,9.22,341.0,33.7,54.9,10.0,7.05,28.9,156.9,41.6,149.8,Rainfed,116.1,4.37,0.8,483430.0,30.7
Tamil Nadu,Nalgonda,Rice,Kharif,10.06,1154.9,26.5,74.1,8.1,6.39,36.4,167.4,55.8,156.2,Drip,205.8,2.82,0.92,561999.0,56.1
Gujarat,Erode,Rice,Rabi,11.19,585.4,24.0,70.8,6.4,7.91,30.6,135.3,42.9,114.3,Flood,175.1,5.87,0.95,710169.0,49.2
Madhya Pradesh,Indore,Pulses,Kharif,8.76,654.5,28.4,66.1,5.7,7.21,28.9,161.6,68.5,71.5,Drip,122.6,1.61,0.91,581076.0,61.8
Karnataka,Warangal,Chilli,Kharif,5.85,1099.7,31.3,62.7,6.6,7.27,41.0,127.9,69.9,130.9,Rainfed,119.1,6.95,0.79,351187.0,47.3
Tamil Nadu,Ludhiana,Wheat,Rabi,5.13,786.5,23.1,59.4,6.9,7.85,28.3,129.1,33.1,98.8,Drip,147.8,4.52,0.69,250680.0,45.8
Punjab,Ludhiana,Chilli,Kharif,14.33,1125.2,24.2,71.6,6.5,5.27,34.7,116.2,66.5,162.6,Sprinkler,134.5,4.53,0.87,996733.0,60.4
Punjab,Nashik,Wheat,Rabi,5.42,378.4,23.5,64.7,7.6,5.63,31.1,123.2,42.3,90.6,Rainfed,212.8,5.63,0.89,329714.0,37.6
Madhya Pradesh,Rajkot,Pulses,Rabi,2.91,150.9,21.4,49.3,6.9,6.84,20.7,118.8,58.5,125.6,Rainfed,270.6,2.5,0.93,188974.0,37.5
Punjab,Guntur,Chilli,Rabi,6.98,219.6,19.4,57.6,7.0,6.03,21.1,82.2,50.1,65.7,Sprinkler,244.8,4.57,0.67,576706.0,37.9
Madhya Pradesh,Warangal,Wheat,Kharif,3.37,747.8,29.6,61.2,6.4,7.77,30.0,143.5,40.7,128.6,Rainfed,255.8,8.52,0.68,233979.0,32.7
Andhra Pradesh,Warangal,Pulses,Kharif,13.29,769.7,25.0,68.2,5.8,6.32,24.5,111.8,82.4,78.1,Flood,187.6,7.31,0.92,961845.0,44.7
Punjab,Guntur,Sugarcane,Rabi,8.33,316.2,23.5,64.2,7.3,5.48,27.1,109.4,45.5,103.6,Drip,170.6,4.76,0.88,518886.0,39.1
Karnataka,Ludhiana,Groundnut,Zaid,12.24,427.2,30.8,40.3,7.8,5.84,25.6,145.7,53.8,142.9,Rainfed,188.3,4.67,0.87,760767.0,45.6
Gujarat,Erode,Wheat,Rabi,0.88,353.8,25.8,49.4,6.3,7.88,23.6,104.4,34.2,151.7,Flood,109.7,8.33,0.72,58368.0,18.7
Gujarat,Indore,Maize,Kharif,8.55,798.7,25.2,75.1,6.1,8.11,35.2,160.9,61.5,145.5,Sprinkler,190.2,3.26,0.75,573939.0,63.9
Maharashtra,Rajkot,Rice,Kharif,14.77,765.1,25.9,76.1,5.9,6.21,25.5,47.593,40.0,123.6,Rainfed,201.7,9.1,0.86,946057.0,44.5
Madhya Pradesh,Raichur,Chilli,Kharif,4.68,608.1,28.2,79.5,7.9,7.27,37.6,125.5,71.4,111.2,Flood,252.4,5.5,0.92,360622.0,57.9
Maharashtra,Raichur,Wheat,Zaid,9.17,133.8,27.5,53.5,9.8,6.69,11.4,79.0,52.0,119.7,Rainfed,106.5,5.64,0.66,644280.0,19.5
Gujarat,Guntur,Wheat,Kharif,8.22,964.2,26.5,63.6,6.7,6.18,36.8,96.1,77.0,109.8,Sprinkler,308.9,1.93,0.8,522128.0,62.1
Maharashtra,Rajkot,Cotton,Rabi,4.3,546.2,21.8,45.3,8.4,5.98,22.3,160.1,60.3,149.3,Drip,166.3,4.46,1.0,235656.0,41.0
Karnataka,Raichur,Pulses,Kharif,10.48,789.2,29.1,76.9,6.0,6.5,29.6,47.593,54.3,77.9,Flood,91.5,2.7,0.89,534418.0,50.9
Andhra Pradesh,Erode,Wheat,Rabi,6.92,80.0,23.5,63.1,6.7,7.55,24.8,155.5,17.298000000000002,105.7,Flood,222.3,4.51,0.89,507803.0,41.9
Punjab,Ludhiana,Rice,Kharif,1.41,582.0,27.7,82.6,7.0,6.42,32.0,148.3,62.8,136.5,Flood,248.5,4.03,0.77,106402.0,61.5
Telangana,Rajkot,Wheat,Kharif,11.99,632.0,27.5,82.7,6.3,7.12,33.8,133.9,43.6,116.6,Drip,253.4,6.23,0.76,865108.0,57.7
Madhya Pradesh,Indore,Chilli,Rabi,13.6,473.1,22.2,57.8,5.7,7.37,20.6,174.2,76.4,131.8,Sprinkler,273.9,5.76,0.85,1028732.0,40.6
Maharashtra,Krishna,Sugarcane,Rabi,14.65,459.8,26.3,75.6,7.2,6.11,29.3,134.1,58.4,116.6,Sprinkler,233.4,4.66,0.66,966704.0,46.2
Madhya Pradesh,Nalgonda,Rice,Kharif,1.23,600.7,27.3,64.8,6.5,6.55,38.2,77.6,59.9,157.2,Flood,158.5,5.47,0.75,73114.0,45.2
Telangana,Warangal,Chilli,Kharif,8.2,692.5,30.9,58.5,5.8,6.59,35.9,70.2,73.4,104.5,Drip,92.4,4.52,0.72,549777.0,42.3
Andhra Pradesh,Warangal,Rice,Kharif,11.53,618.4,30.5,63.2,6.5,6.96,33.7,146.6,54.2,88.9,Sprinkler,61.7,7.98,0.87,710974.0,44.1
Gujarat,Rajkot,Wheat,Kharif,11.09,526.9,29.0,63.5,6.6,6.76,30.3,91.6,67.0,104.9,Rainfed,56.0,3.18,0.74,410160.0,53.9
Punjab,Krishna,Chilli,Zaid,9.93,80.0,34.3,46.0,9.7,6.07,15.0,180.3,61.1,139.0,Drip,108.4,1.37,0.95,482371.0,53.2
Tamil Nadu,Raichur,Cotton,Zaid,6.69,497.3,32.9,57.7,7.5,6.24,24.7,105.8,48.6,155.2,Sprinkler,170.2,7.04,0.73,498665.0,32.4
Andhra Pradesh,Warangal,Maize,Kharif,3.38,1134.6,28.0,66.4,7.3,7.33,27.1,151.2,74.1,120.0,Rainfed,183.6,6.95,0.9,211229.0,51.6
Maharashtra,Guntur,Cotton,Rabi,11.17,439.8,25.2,55.3,8.7,5.77,23.9,62.6,50.8,105.8,Sprinkler,112.2,1.97,0.7,749367.0,59.1
Karnataka,Raichur,Cotton,Kharif,7.56,1088.0,27.9,72.7,6.5,7.51,40.6,167.8,55.7,53.4,Rainfed,222.7,4.11,0.66,479839.0,64.3
Telangana,Indore,Wheat,Kharif,6.32,1176.9,23.5,73.6,5.0,6.68,31.8,96.9,52.8,101.1,Rainfed,300.6,1.83,0.79,459913.0,61.5
Karnataka,Indore,Rice,Kharif,4.19,698.7,27.7,62.4,7.7,5.74,31.6,108.1,67.1,76.3,Flood,219.1,3.89,0.85,299234.0,47.0
Gujarat,Guntur,Rice,Rabi,6.63,457.0,25.2,74.2,6.3,6.52,39.9,125.3,20.8,84.3,Flood,109.2,6.98,0.82,424258.0,34.6
Madhya Pradesh,Warangal,Rice,Zaid,7.2,484.9,32.7,59.3,8.7,6.81,24.2,154.4,54.5,80.8,Flood,140.7,2.86,0.84,424350.0,53.8
Madhya Pradesh,Krishna,Pulses,Kharif,14.2,816.7,28.3,72.2,8.0,6.86,20.0,152.4,32.2,90.8,Drip,250.3,1.4,0.83,1110632.0,62.6
Madhya Pradesh,Nalgonda,Chilli,Rabi,11.74,593.2,23.3,60.0,7.4,7.02,26.0,150.1,67.0,110.4,Drip,115.6,8.59,0.66,761807.0,33.1
Telangana,Nalgonda,Wheat,Rabi,6.9,495.5,27.8,48.8,7.6,7.69,22.6,64.7,86.1,56.1,Rainfed,203.1,5.79,0.93,475282.0,52.8
Maharashtra,Krishna,Rice,Kharif,2.16,876.5,32.7,64.6,5.4,7.5,34.7,135.3,64.3,137.2,Rainfed,304.8,3.01,0.88,145138.0,64.2
Andhra Pradesh,Ludhiana,Pulses,Rabi,1.3,633.4,21.8,67.3,7.9,7.85,27.8,62.1,51.5,136.0,Flood,186.5,3.31,0.82,78921.0,48.3
Andhra Pradesh,Rajkot,Pulses,Kharif,7.32,919.8,27.7,74.7,5.6,6.87,27.0,129.5,62.3,47.9,Flood,152.1,4.18,0.93,462332.0,60.9
Madhya Pradesh,Warangal,Groundnut,Kharif,9.01,841.6,32.1,59.2,6.8,7.07,34.3,143.6,90.1,109.1,Sprinkler,255.0,4.77,0.67,654168.0,56.9
Maharashtra,Ludhiana,Rice,Kharif,7.26,830.3,30.3,84.5,6.1,6.81,30.1,83.1,64.0,123.8,Rainfed,280.3,3.13,0.7,543394.0,74.60099999999997
Andhra Pradesh,Nalgonda,Cotton,Zaid,11.78,465.0,31.1,62.6,7.1,7.18,23.0,159.0,53.8,121.7,Drip,162.1,5.8,0.71,860365.0,37.8
Madhya Pradesh,Nashik,Wheat,Kharif,8.96,1063.1,26.5,71.4,6.9,7.25,29.3,104.2,30.7,87.4,Flood,116.9,8.65,0.82,670876.0,53.0
Telangana,Indore,Maize,Rabi,10.54,343.4,22.4,64.8,7.7,7.06,17.2,101.1,61.7,107.0,Drip,218.4,3.3,0.79,823511.0,36.2
Tamil Nadu,Indore,Pulses,Kharif,12.29,922.7,28.6,71.6,7.2,6.8,28.7,108.4,51.9,81.7,Rainfed,135.6,5.31,0.74,771535.0,61.1
Madhya Pradesh,Nashik,Wheat,Kharif,1.02,939.4,29.4,69.3,8.2,7.19,31.0,148.4,55.1,82.3,Flood,225.2,3.79,0.95,65729.0,55.1
Gujarat,Ludhiana,Wheat,Rabi,5.57,1046.8,23.4,50.6,8.5,5.84,21.5,131.9,72.1,137.8,Flood,75.4,5.61,0.74,286155.0,60.5
Karnataka,Indore,Pulses,Rabi,12.48,512.8,22.8,53.6,7.2,6.51,25.1,110.1,70.3,111.6,Drip,200.1,4.48,0.74,872263.0,44.5
Karnataka,Ludhiana,Maize,Rabi,12.67,468.8,24.3,51.9,6.2,7.49,22.0,105.2,59.8,105.3,Sprinkler,151.5,2.77,0.81,641815.0,52.2
Karnataka,Rajkot,Cotton,Rabi,14.41,519.2,25.1,40.5,8.7,6.28,28.7,126.7,40.9,100.0,Rainfed,256.9,4.19,0.96,999668.0,35.2
Karnataka,Warangal,Rice,Kharif,10.66,1013.7,23.5,82.4,6.9,6.9,35.2,78.7,54.1,126.6,Drip,250.3,6.28,0.69,732865.0,45.6
Madhya Pradesh,Krishna,Maize,Zaid,11.61,172.8,29.7,58.3,8.3,7.21,18.0,135.0,71.7,100.0,Rainfed,141.5,4.55,0.86,735965.0,47.5
Punjab,Ludhiana,Groundnut,Rabi,3.38,354.4,22.3,78.8,5.5,6.79,31.5,132.0,62.9,50.2,Flood,109.6,0.64,0.78,157237.0,57.8
Telangana,Rajkot,Chilli,Rabi,2.95,577.3,21.2,54.8,7.6,7.14,24.7,179.2,63.8,59.9,Rainfed,176.8,5.88,0.74,181463.0,38.8
Madhya Pradesh,Raichur,Chilli,Kharif,3.91,826.6,34.0,81.9,6.7,7.24,33.4,122.5,71.2,122.4,Drip,123.4,2.84,0.94,192748.0,63.0
Andhra Pradesh,Ludhiana,Wheat,Rabi,7.87,442.4,21.3,64.4,7.6,6.44,26.3,86.0,53.4,76.6,Rainfed,278.8,7.62,0.91,557349.0,24.6
Tamil Nadu,Ludhiana,Maize,Kharif,14.68,939.6,30.2,63.7,4.899000000000001,6.53,32.7,107.3,35.4,104.2,Rainfed,233.3,2.44,0.95,971729.0,69.1
Madhya Pradesh,Erode,Cotton,Rabi,13.21,260.2,20.6,59.3,9.0,8.1,26.7,109.6,82.1,96.6,Flood,206.6,5.39,0.92,909275.0,32.5
Karnataka,Raichur,Chilli,Zaid,7.02,122.5,34.7,59.9,8.9,7.5,16.3,126.1,43.7,105.0,Flood,158.5,6.68,1.0,374980.0,47.7
Telangana,Nalgonda,Pulses,Rabi,13.8,574.5,24.8,46.9,8.3,6.74,17.2,123.7,63.1,105.0,Drip,219.7,6.95,0.89,827571.0,28.2
Telangana,Nashik,Sugarcane,Kharif,6.64,879.1,30.8,81.0,7.3,6.28,41.0,185.6,88.9,102.3,Flood,55.0,5.04,0.89,525034.0,57.3
Telangana,Nalgonda,Maize,Rabi,9.46,565.8,19.8,49.2,9.5,6.19,27.8,113.8,39.0,78.6,Flood,204.3,3.53,0.95,646776.0,33.0
Maharashtra,Nashik,Wheat,Rabi,2.43,491.3,22.7,47.4,7.3,6.81,28.7,76.1,24.8,143.5,Drip,195.0,4.77,0.93,155689.0,42.1
Punjab,Krishna,Maize,Rabi,13.47,439.1,19.5,54.5,7.0,5.7,25.9,58.2,51.9,117.2,Flood,246.6,8.88,0.7,1126428.82,27.7
Karnataka,Guntur,Rice,Rabi,11.06,359.1,22.2,49.1,7.4,5.31,24.6,138.8,76.5,59.4,Flood,100.8,5.38,0.85,549703.0,30.0
Madhya Pradesh,Guntur,Cotton,Zaid,10.53,261.1,33.1,42.5,8.6,6.96,18.3,93.3,65.1,164.7,Rainfed,198.3,5.69,0.83,638873.0,34.6
Gujarat,Nashik,Chilli,Kharif,6.55,650.4,30.2,72.9,6.6,7.95,28.7,123.2,46.0,126.3,Flood,202.7,4.07,0.65,423847.0,65.1
Karnataka,Warangal,Rice,Kharif,12.85,934.0,27.0,59.2,6.1,7.7,41.0,86.6,82.9,105.6,Flood,206.9,4.28,0.92,970268.0,49.4
Maharashtra,Nalgonda,Groundnut,Kharif,5.92,748.5,28.0,83.0,6.7,6.83,24.4,150.7,57.2,99.4,Drip,241.8,2.66,0.77,346554.0,58.7
Telangana,Erode,Pulses,Rabi,10.88,281.7,18.599,60.3,5.9,5.92,16.8,104.9,63.1,120.2,Rainfed,294.2,3.07,0.67,724500.0,50.2
Madhya Pradesh,Krishna,Rice,Kharif,2.36,1136.7,25.9,71.6,7.2,6.55,16.7,57.6,61.1,154.2,Flood,164.0,2.86,0.92,176694.0,71.6
Maharashtra,Guntur,Cotton,Zaid,12.78,514.1,28.5,58.9,8.5,7.4,13.3,64.2,89.2,96.2,Flood,107.5,8.28,0.73,948263.0,34.3
Madhya Pradesh,Nashik,Rice,Zaid,14.02,80.0,32.3,46.4,9.2,5.9,29.3,117.8,92.5,90.6,Rainfed,44.595,3.91,0.7,620149.0,32.0
Karnataka,Rajkot,Sugarcane,Rabi,12.8,601.1,23.4,57.4,8.7,5.97,34.9,156.2,83.9,89.4,Flood,122.1,9.520199999999996,0.83,843592.0,42.2
Andhra Pradesh,Nalgonda,Cotton,Zaid,14.86,250.1,28.1,56.9,8.5,6.09,13.8,152.4,63.2,127.5,Rainfed,175.1,4.71,0.8,1060049.0,40.0
Karnataka,Indore,Chilli,Rabi,9.42,318.6,21.2,71.9,7.2,7.47,26.4,97.7,64.1,150.3,Sprinkler,176.3,4.3,0.76,488471.0,44.4
Telangana,Nashik,Cotton,Zaid,9.43,393.2,29.2,53.5,8.8,6.51,17.6,96.3,58.2,112.7,Drip,136.7,3.74,0.86,618933.0,39.4
Gujarat,Guntur,Groundnut,Zaid,5.31,403.3,30.3,60.1,7.6,6.62,22.4,142.6,61.8,92.0,Drip,166.5,5.33,0.69,408759.0,37.6
Madhya Pradesh,Warangal,Rice,Kharif,3.89,1004.3,29.2,78.4,5.7,6.89,33.4,190.6039999999999,70.5,96.8,Flood,163.2,5.89,0.99,247901.0,46.1
Karnataka,Rajkot,Groundnut,Rabi,1.81,342.5,23.5,60.2,7.4,7.47,18.5,122.6,42.2,110.1,Sprinkler,122.2,6.17,0.72,94482.0,26.3
Madhya Pradesh,Guntur,Rice,Rabi,11.48,258.1,26.0,59.6,9.9,7.42,27.9,130.5,35.1,111.5,Flood,235.5,2.84,0.71,776519.0,36.7
Gujarat,Indore,Groundnut,Kharif,9.96,827.5,28.5,72.5,6.1,7.6,30.4,68.4,54.7,119.9,Drip,210.4,3.6,0.91,733833.0,61.3
Punjab,Raichur,Chilli,Kharif,4.59,689.7,34.0,70.9,7.5,6.18,30.7,152.6,38.8,78.4,Drip,223.0,4.44,0.87,349839.0,52.7
Maharashtra,Erode,Wheat,Rabi,8.07,562.3,26.2,39.4,9.2,7.34,28.1,120.0,50.5,86.8,Sprinkler,282.2,0.5,0.89,573160.0,52.3
Tamil Nadu,Erode,Chilli,Kharif,10.49,891.4,28.2,70.1,7.7,6.52,30.2,123.7,49.6,78.7,Rainfed,233.9,9.520199999999996,0.65,711490.0,38.8
Gujarat,Nashik,Groundnut,Kharif,3.82,985.6,28.7,78.2,6.9,7.93,26.7,115.6,34.3,79.8,Drip,192.4,7.4,0.78,208876.0,39.4
Madhya Pradesh,Nalgonda,Maize,Kharif,13.1,915.8,31.8,75.3,7.7,7.03,35.6,133.1,75.5,116.7,Rainfed,202.9,2.13,0.71,872413.0,69.8
Telangana,Indore,Pulses,Kharif,10.31,951.7,32.8,74.0,7.2,6.49,31.0,86.9,42.2,102.7,Drip,191.1,7.06,0.75,738870.0,52.1
Telangana,Nashik,Rice,Kharif,4.37,1093.0,26.8,72.3,6.3,6.92,30.8,146.6,86.0,69.2,Sprinkler,129.6,7.01,0.87,280280.0,54.5
Telangana,Nalgonda,Chilli,Rabi,4.24,560.8,22.5,62.9,6.5,5.69,21.9,114.0,71.1,146.7,Drip,238.8,3.08,0.93,295412.0,45.8
Maharashtra,Guntur,Wheat,Zaid,8.8,380.9,32.3,52.6,8.9,6.68,21.0,99.2,51.8,87.6,Sprinkler,192.2,4.97,0.72,655879.0,34.3
Telangana,Rajkot,Sugarcane,Rabi,11.36,530.6,20.7,59.6,6.3,7.01,21.9,190.6039999999999,45.3,101.7,Flood,199.2,7.51,0.81,772543.0,30.9
Telangana,Rajkot,Pulses,Kharif,2.61,727.4,31.9,72.4,7.5,6.9,32.0,96.4,58.7,103.2,Rainfed,138.2,2.05,0.69,142695.0,67.7
Andhra Pradesh,Raichur,Cotton,Rabi,13.16,744.8,25.0,53.9,7.5,7.23,34.5,68.9,37.1,81.5,Flood,256.6,6.08,0.93,1010434.0,38.5
Tamil Nadu,Ludhiana,Groundnut,Kharif,13.05,582.0,28.5,73.4,6.7,6.82,37.1,127.1,73.5,120.1,Flood,175.9,2.62,0.77,679680.0,61.2
Karnataka,Warangal,Rice,Zaid,6.0,342.1,34.1,67.0,8.6,6.41,21.6,108.8,78.9,100.2,Drip,167.8,5.74,0.92,437507.0,42.1
Tamil Nadu,Raichur,Pulses,Zaid,3.42,234.2,24.9,44.0,7.9,7.72,24.6,74.3,61.1,90.1,Flood,173.5,5.3,0.78,225956.0,28.9
Telangana,Ludhiana,Pulses,Kharif,13.13,1114.4,28.4,70.9,6.1,6.12,31.4,72.7,47.9,121.5,Flood,180.7,4.52,0.67,753541.0,62.7
Punjab,Erode,Wheat,Zaid,12.97,224.7,26.7,51.3,6.5,6.79,16.9,142.0,51.5,117.9,Flood,185.7,4.64,0.78,1006857.0,37.4
Tamil Nadu,Erode,Maize,Rabi,13.82,478.9,28.3,47.8,8.4,6.53,30.8,143.7,41.5,127.8,Flood,150.4,3.51,0.81,771682.0,49.1
Maharashtra,Indore,Wheat,Rabi,2.35,481.6,27.4,53.3,7.5,6.26,29.6,120.8,54.0,106.7,Rainfed,200.8,3.9,0.7,177056.0,34.1
Madhya Pradesh,Krishna,Maize,Zaid,7.55,80.0,32.7,54.1,6.2,6.92,14.6,151.9,48.4,112.9,Rainfed,194.8,3.6,0.73,403695.0,41.7
Madhya Pradesh,Krishna,Maize,Rabi,12.16,341.4,26.6,62.5,6.7,7.64,26.0,140.8,17.298000000000002,83.5,Drip,249.7,6.65,0.84,945402.0,20.8
Karnataka,Rajkot,Wheat,Kharif,1.38,532.2,27.9,85.6,9.5,7.35,25.0,162.8,68.4,101.9,Drip,249.2,4.18,0.67,86841.0,50.4
Punjab,Nashik,Pulses,Zaid,5.57,402.0,30.6,51.6,8.0,7.4,16.4,108.4,46.1,108.4,Flood,237.0,6.05,0.74,390429.0,40.3
Telangana,Erode,Wheat,Rabi,1.93,582.0,24.8,68.7,8.4,7.49,23.7,150.4,33.9,159.4,Sprinkler,123.1,6.92,0.87,132805.0,33.7
Madhya Pradesh,Indore,Sugarcane,Rabi,1.94,598.1,28.3,54.3,8.6,6.94,16.8,145.2,53.0,107.6,Rainfed,121.9,8.44,0.8,114465.0,40.4
Maharashtra,Indore,Pulses,Rabi,1.22,327.2,20.7,53.6,6.2,7.12,23.8,121.5,59.1,100.4,Sprinkler,106.3,8.68,0.66,75969.0,21.5
Gujarat,Nalgonda,Wheat,Kharif,2.95,650.0,32.6,57.6,6.0,5.23,36.6,125.6,76.2,80.4,Rainfed,192.3,8.2,0.72,185571.0,47.5
Punjab,Nashik,Pulses,Rabi,1.86,390.4,22.4,48.2,7.1,6.14,26.1,100.1,34.1,68.5,Flood,198.0,5.93,0.83,144240.0,23.2
Andhra Pradesh,Nalgonda,Maize,Rabi,14.06,470.4,21.1,52.9,6.7,6.9,18.1,111.9,54.8,93.3,Flood,120.1,6.4,0.83,799347.0,34.3
Madhya Pradesh,Warangal,Sugarcane,Kharif,4.99,890.1,28.6,66.5,5.6,7.0,34.6,111.3,31.6,80.8,Flood,153.5,1.45,0.87,233565.0,62.2
Madhya Pradesh,Ludhiana,Pulses,Kharif,12.65,753.6,28.1,74.5,9.2,6.13,24.8,152.8,39.6,103.7,Drip,200.2,5.74,0.8,750207.0,55.2
Punjab,Ludhiana,Sugarcane,Zaid,7.16,80.0,29.6,56.8,8.0,8.14,12.9,47.593,48.2,106.1,Flood,193.4,3.55,0.69,480099.0,32.5
Madhya Pradesh,Nalgonda,Cotton,Rabi,13.03,633.7,26.3,53.1,7.8,7.45,26.5,146.0,56.5,118.7,Rainfed,129.9,6.01,0.99,786581.0,27.9
Gujarat,Ludhiana,Rice,Zaid,5.63,143.5,31.0,46.2,8.4,7.11,18.1,95.6,53.4,97.4,Drip,164.3,5.36,0.8,390389.0,34.3
Tamil Nadu,Guntur,Maize,Kharif,7.53,991.1,28.5,86.4,5.7,7.58,36.1,117.8,46.1,93.3,Rainfed,130.6,5.59,0.7,417711.0,61.7
Gujarat,Nalgonda,Wheat,Kharif,2.42,1155.7,30.6,73.4,6.3,7.18,29.0,102.0,87.4,147.9,Sprinkler,218.9,8.06,0.77,160924.0,48.6
Maharashtra,Ludhiana,Maize,Rabi,10.07,446.8,21.7,62.7,7.0,6.62,26.7,115.1,69.4,124.0,Sprinkler,222.5,5.16,0.98,837110.0,41.2
Maharashtra,Krishna,Pulses,Rabi,2.6,489.9,23.1,74.5,6.7,7.11,23.7,117.5,67.7,42.5,Rainfed,189.0,3.66,0.89,160278.0,48.7
Telangana,Warangal,Maize,Kharif,6.22,933.4,26.7,71.6,7.3,5.21,27.2,95.2,50.0,76.3,Drip,99.1,3.63,0.78,355638.0,48.8
Telangana,Ludhiana,Chilli,Kharif,13.48,596.5,28.3,68.8,7.0,6.98,26.6,87.2,43.8,117.5,Flood,229.2,4.96,0.93,1027679.0,49.8
Gujarat,Rajkot,Wheat,Rabi,9.99,487.4,21.6,57.0,6.8,7.1,34.7,162.2,48.8,131.3,Drip,170.2,5.18,0.82,539716.0,47.8
Tamil Nadu,Ludhiana,Pulses,Kharif,5.23,723.4,25.5,74.2,7.4,7.52,31.5,74.7,50.0,119.2,Sprinkler,159.7,6.26,0.8,324274.0,48.7
Tamil Nadu,Nashik,Wheat,Kharif,14.24,1005.9,27.9,68.1,7.2,6.81,29.5,111.8,42.6,49.9,Rainfed,222.4,2.23,0.8,962398.0,54.6
Madhya Pradesh,Krishna,Groundnut,Rabi,4.29,710.6,20.6,61.6,7.2,6.25,33.7,190.6039999999999,67.7,122.3,Flood,200.5,5.79,0.82,327060.0,46.5
Madhya Pradesh,Krishna,Pulses,Rabi,8.74,484.7,22.2,56.5,7.8,6.96,20.8,136.9,28.5,50.6,Sprinkler,153.7,3.47,0.73,546227.0,60.8
Gujarat,Raichur,Maize,Kharif,10.92,582.8,28.3,72.3,5.8,7.37,35.4,90.9,60.9,57.2,Drip,198.6,4.15,0.81,730482.0,47.3
Gujarat,Krishna,Cotton,Rabi,1.78,646.7,25.3,52.8,6.9,6.86,35.1,114.2,59.5,139.9,Sprinkler,236.9,3.46,0.67,124602.0,41.4
Punjab,Indore,Chilli,Rabi,1.5,506.1,22.2,58.9,7.8,5.61,28.2,188.2,55.8,103.8,Drip,278.9,5.76,0.92,101665.0,33.7
Telangana,Indore,Wheat,Zaid,8.95,80.0,28.3,56.2,9.1,7.27,16.7,132.5,40.7,92.2,Rainfed,203.1,4.14,0.92,637139.0,34.2
Punjab,Erode,Maize,Rabi,9.28,281.2,26.8,61.1,6.8,6.83,26.7,128.8,30.7,76.3,Rainfed,243.3,3.73,0.92,672796.0,49.6
Tamil Nadu,Krishna,Groundnut,Kharif,5.63,689.6,23.2,74.7,7.8,7.48,26.3,169.4,70.8,107.7,Sprinkler,201.8,2.93,0.92,341046.0,54.0
Maharashtra,Nashik,Sugarcane,Rabi,8.82,854.8,20.8,45.4,9.4,7.76,21.4,110.7,32.5,72.9,Flood,207.6,4.4,0.86,666793.0,50.0
Maharashtra,Ludhiana,Groundnut,Rabi,13.92,582.0,23.8,55.3,7.3,6.39,26.2,113.6,74.7,124.6,Rainfed,125.8,6.61,0.8,762454.0,28.8
Telangana,Indore,Maize,Kharif,12.28,975.5,27.8,63.2,7.5,6.88,26.0,56.4,65.6,87.0,Rainfed,186.8,2.93,0.84,854741.0,69.0
Maharashtra,Ludhiana,Wheat,Rabi,3.18,546.1,25.7,72.0,7.5,7.07,30.1,129.4,51.0,81.8,Rainfed,215.2,2.13,0.78,236503.0,53.8
Madhya Pradesh,Ludhiana,Maize,Kharif,1.76,1160.0,31.2,72.2,7.2,5.65,25.4,137.5,61.0,137.4,Sprinkler,240.4,5.83,0.82,135667.0,59.0
Andhra Pradesh,Rajkot,Cotton,Kharif,9.09,687.4,28.2,72.6,7.3,6.69,24.7,113.5,47.3,49.4,Flood,179.2,4.22,0.66,589126.0,53.2
Tamil Nadu,Nashik,Pulses,Kharif,13.46,991.6,27.2,73.1,8.4,7.58,40.2,117.7,36.0,128.9,Rainfed,312.5,5.03,0.99,1126428.82,60.6
Madhya Pradesh,Warangal,Maize,Rabi,8.48,266.8,21.6,59.8,7.9,6.85,22.4,125.0,68.0,54.1,Rainfed,266.8,7.68,0.85,623018.0,31.8
Telangana,Warangal,Chilli,Kharif,10.06,839.5,25.1,67.1,5.5,5.34,27.6,123.1,55.8,133.0,Drip,271.6,8.89,0.95,847520.0,33.5
Tamil Nadu,Ludhiana,Wheat,Kharif,10.29,817.1,24.5,85.5,7.0,7.2,33.5,90.2,47.9,101.1,Flood,234.5,4.38,0.76,569163.0,58.3
Punjab,Erode,Maize,Rabi,9.74,432.9,25.2,57.9,7.8,7.26,24.1,126.2,37.1,102.7,Sprinkler,161.7,5.15,0.99,636698.0,37.5
Karnataka,Nashik,Rice,Rabi,12.74,737.1,24.2,51.5,7.0,5.94,21.4,161.6,46.6,143.5,Sprinkler,157.3,4.19,0.97,808043.0,47.7
Telangana,Erode,Maize,Rabi,13.07,117.5,22.7,63.6,7.1,6.94,13.8,58.3,97.10099999999997,142.4,Flood,134.8,5.19,0.99,782003.0,43.1
Tamil Nadu,Raichur,Sugarcane,Rabi,10.27,668.1,24.6,72.6,6.6,6.43,25.5,88.7,80.7,39.2,Rainfed,137.7,3.92,0.8,596534.0,59.5
Gujarat,Ludhiana,Pulses,Kharif,4.82,1021.3,28.3,77.2,6.2,8.19,41.0,169.2,46.8,121.6,Flood,227.2,7.34,0.68,376224.0,46.5
Telangana,Krishna,Wheat,Kharif,2.61,1086.6,28.6,65.9,6.8,7.76,26.4,68.6,88.3,101.5,Rainfed,99.1,4.31,0.77,158833.0,64.9
Madhya Pradesh,Guntur,Sugarcane,Zaid,1.41,391.0,35.0,46.5,10.0,6.81,14.5,106.1,85.3,108.3,Sprinkler,239.0,4.89,0.82,107264.0,40.7
Madhya Pradesh,Nalgonda,Wheat,Kharif,13.38,463.6,26.5,75.0,5.5,6.18,41.0,129.2,66.5,44.5,Flood,161.9,6.74,0.72,978322.0,32.1
Telangana,Nalgonda,Chilli,Kharif,4.3,386.8,29.2,84.4,6.8,5.99,31.7,121.9,67.9,154.5,Flood,280.2,3.82,0.68,269252.0,57.9
Punjab,Ludhiana,Chilli,Zaid,14.09,109.4,32.0,49.0,7.1,7.89,24.5,107.6,66.1,87.6,Drip,146.0,4.11,0.75,900733.0,34.6
Madhya Pradesh,Guntur,Wheat,Kharif,3.06,898.5,27.9,69.8,6.2,6.78,37.4,130.5,68.4,38.592000000000006,Flood,277.1,7.18,0.7,221696.0,45.1
Gujarat,Rajkot,Chilli,Kharif,8.81,882.2,26.6,76.4,6.3,7.04,32.7,102.7,51.2,63.9,Drip,244.0,6.87,0.86,584497.0,47.9
Telangana,Ludhiana,Cotton,Kharif,4.74,634.9,29.3,66.1,6.5,7.08,30.9,107.9,49.9,131.2,Flood,163.8,3.42,0.74,323569.0,52.4
Maharashtra,Warangal,Wheat,Kharif,12.68,931.2,28.2,74.5,6.2,6.2,35.9,127.0,53.2,90.3,Sprinkler,160.2,4.42,0.91,793339.0,66.3
Andhra Pradesh,Raichur,Maize,Rabi,3.12,356.9,21.4,57.3,7.3,5.79,25.2,109.5,63.9,99.3,Rainfed,266.6,1.94,0.71,255532.0,44.1
Andhra Pradesh,Guntur,Wheat,Kharif,9.17,741.3,28.5,74.3,6.2,7.28,18.2,114.0,51.6,115.2,Rainfed,80.6,5.96,0.89,513313.0,39.2
Madhya Pradesh,Erode,Maize,Kharif,1.99,725.2,23.6,76.8,5.4,6.76,37.7,159.9,58.2,115.7,Sprinkler,197.0,3.81,0.67,138101.0,59.0
Punjab,Rajkot,Chilli,Rabi,2.84,359.2,26.4,54.0,7.4,5.2,24.2,123.0,39.5,61.0,Flood,150.7,3.86,0.73,195903.0,46.5
Gujarat,Ludhiana,Cotton,Rabi,7.03,525.8,23.7,59.9,6.8,7.5,31.7,75.6,51.5,142.6,Flood,245.9,3.46,0.91,509034.0,52.6
Punjab,Krishna,Wheat,Rabi,10.22,591.5,25.9,53.3,7.3,6.65,18.4,89.1,31.4,115.8,Flood,131.7,5.68,0.96,771339.0,38.7
Karnataka,Nalgonda,Cotton,Kharif,14.89,961.9,29.8,60.1,6.8,7.08,30.9,115.2,77.5,80.6,Rainfed,260.0,3.3,0.68,1108443.0,58.8
Gujarat,Nashik,Chilli,Rabi,9.96,283.6,21.0,62.7,7.2,7.3,22.7,144.6,80.3,38.592000000000006,Flood,241.9,7.18,0.92,704685.0,34.9
Madhya Pradesh,Warangal,Sugarcane,Kharif,3.23,1038.1,30.5,75.7,9.0,6.41,25.7,140.1,55.1,79.2,Rainfed,111.6,3.43,0.91,189587.0,53.9
Tamil Nadu,Krishna,Wheat,Rabi,1.45,492.9,24.6,58.9,7.4,6.32,18.7,178.5,66.0,150.1,Flood,156.3,9.520199999999996,0.86,93240.0,24.9
Andhra Pradesh,Warangal,Pulses,Kharif,6.39,713.7,23.7,83.5,6.7,5.95,33.8,107.5,17.298000000000002,97.4,Rainfed,147.8,6.13,0.75,415828.0,56.8
Andhra Pradesh,Rajkot,Groundnut,Kharif,2.75,571.8,27.4,54.7,6.4,7.08,26.6,140.0,53.0,119.1,Flood,205.3,5.21,0.73,182401.0,47.9
Telangana,Erode,Cotton,Rabi,8.73,237.9,27.0,45.2,6.6,6.6,28.7,113.7,49.4,130.1,Rainfed,253.9,5.35,0.83,577634.0,47.3
Maharashtra,Nashik,Groundnut,Rabi,3.24,408.4,22.5,66.8,7.8,7.8,22.5,112.4,50.0,95.0,Sprinkler,108.7,3.58,0.88,171207.0,52.8
Gujarat,Guntur,Groundnut,Kharif,6.71,1077.0,24.1,56.8,6.8,5.85,20.7,157.6,63.5,115.7,Sprinkler,114.9,7.8,0.89,477324.0,38.3
Karnataka,Indore,Chilli,Rabi,0.86,299.0,18.9,59.5,7.9,5.57,32.0,86.8,90.7,111.4,Sprinkler,186.9,4.55,0.85,57002.0,37.1
Telangana,Indore,Wheat,Rabi,7.77,250.9,24.4,59.1,8.0,7.61,11.4,139.1,97.10099999999997,66.8,Flood,152.9,3.94,0.95,494055.0,53.6
Maharashtra,Rajkot,Wheat,Kharif,14.17,946.2,28.0,84.8,5.5,7.49,36.9,82.1,73.2,64.6,Sprinkler,209.1,5.29,0.68,988738.0,62.9
Punjab,Nalgonda,Pulses,Rabi,12.29,307.6,26.4,55.8,5.9,7.54,20.3,158.6,51.5,135.1,Flood,199.8,6.54,0.71,828958.0,33.0
Madhya Pradesh,Ludhiana,Wheat,Zaid,9.74,98.0,32.1,51.1,7.7,6.88,25.0,111.1,73.4,118.6,Rainfed,169.5,7.57,0.66,539446.0,24.6
Andhra Pradesh,Nalgonda,Wheat,Kharif,2.03,875.0,29.9,78.2,10.0,6.64,22.6,174.6,97.10099999999997,140.1,Rainfed,131.1,9.22,0.97,85543.0,40.2
Madhya Pradesh,Nalgonda,Pulses,Zaid,8.99,573.5,33.5,56.3,7.2,8.09,19.5,148.0,36.9,95.5,Flood,77.1,5.64,0.95,471891.0,38.2
Karnataka,Warangal,Maize,Rabi,13.3,466.4,23.1,64.8,6.6,6.85,20.4,125.8,31.8,102.4,Flood,184.3,9.520199999999996,0.93,873014.0,29.8
Gujarat,Rajkot,Pulses,Kharif,14.52,832.9,31.0,82.5,6.4,6.84,34.5,131.0,67.0,105.4,Rainfed,233.1,4.97,0.95,876630.0,58.1
Andhra Pradesh,Rajkot,Rice,Kharif,3.2,989.6,27.8,63.1,7.5,6.71,28.7,119.5,57.1,112.1,Flood,175.0,4.9,0.98,194578.0,48.1
Andhra Pradesh,Krishna,Cotton,Rabi,10.23,726.8,21.2,41.7,7.9,6.35,26.4,90.2,55.2,83.1,Drip,243.5,1.56,0.93,782296.0,55.0
Gujarat,Indore,Wheat,Kharif,3.71,983.3,28.2,73.5,6.6,6.97,31.0,117.8,51.4,72.3,Sprinkler,230.6,6.15,0.91,259956.0,56.4
Andhra Pradesh,Guntur,Maize,Kharif,5.5,711.1,30.0,76.6,7.0,6.38,32.7,123.0,42.6,96.5,Rainfed,193.9,7.94,0.98,295760.0,41.1
Maharashtra,Raichur,Groundnut,Kharif,7.53,861.9,29.4,75.1,6.5,6.77,40.5,133.8,37.0,76.0,Flood,172.1,5.86,0.99,558036.0,53.4
Karnataka,Erode,Groundnut,Rabi,0.64,80.0,24.7,60.5,7.1,6.28,25.3,93.3,37.0,94.0,Rainfed,101.5,4.99,0.97,42634.82,30.0
Andhra Pradesh,Krishna,Pulses,Rabi,10.73,589.2,21.2,70.8,7.2,6.59,19.5,104.7,32.7,135.4,Rainfed,328.11199999999974,4.79,0.85,945279.0,41.8
Maharashtra,Krishna,Sugarcane,Kharif,14.89,633.2,29.0,82.1,6.2,7.13,28.9,149.3,46.9,77.5,Sprinkler,257.7,5.78,0.72,1013796.0,48.6
Tamil Nadu,Nalgonda,Maize,Rabi,12.54,487.0,21.5,45.3,7.8,7.28,24.5,92.0,47.4,72.6,Flood,226.3,6.52,0.96,851104.0,39.4
Andhra Pradesh,Erode,Maize,Kharif,2.21,682.2,30.5,71.4,8.1,7.07,36.1,122.4,32.5,112.2,Drip,160.4,5.66,0.91,118118.0,61.3
Telangana,Erode,Pulses,Rabi,4.78,782.7,25.9,66.2,7.4,6.9,18.8,124.1,54.9,116.9,Sprinkler,237.4,5.05,0.85,357778.0,41.6
Telangana,Krishna,Rice,Kharif,6.21,899.0,29.2,70.9,8.1,6.9,25.1,75.8,55.3,82.1,Rainfed,295.6,5.83,0.76,477767.0,56.4
Tamil Nadu,Indore,Cotton,Kharif,3.13,652.2,31.8,78.1,6.5,7.43,34.5,110.2,53.3,94.2,Sprinkler,216.0,3.38,0.67,190980.0,56.0
Gujarat,Nalgonda,Maize,Zaid,4.59,303.8,29.0,35.5,8.1,6.53,17.1,143.5,67.7,120.1,Rainfed,192.3,5.54,0.96,253179.0,32.2
Tamil Nadu,Krishna,Chilli,Rabi,12.38,921.0,24.3,70.9,7.0,6.02,20.7,113.2,60.9,111.2,Rainfed,146.3,3.55,0.97,708945.0,58.9
Gujarat,Warangal,Pulses,Kharif,13.25,541.2,28.6,87.0,6.2,7.07,32.6,99.0,51.8,79.3,Drip,156.9,3.27,0.74,737900.0,65.6
Andhra Pradesh,Indore,Pulses,Rabi,6.11,451.7,24.8,52.1,6.3,7.08,27.3,121.3,91.6,157.6,Sprinkler,190.5,3.72,0.8,340193.0,30.1
Andhra Pradesh,Krishna,Rice,Kharif,12.32,1021.4,29.7,60.8,6.6,6.33,24.3,169.6,36.9,62.7,Drip,185.4,3.65,0.75,865956.0,58.3
Telangana,Nalgonda,Maize,Zaid,10.75,373.2,28.2,57.5,7.1,6.93,21.3,89.2,75.1,92.3,Flood,234.6,4.92,0.91,727637.0,50.4
Maharashtra,Nalgonda,Wheat,Kharif,14.4,966.9,31.2,70.9,6.1,7.04,22.3,47.593,66.9,124.3,Flood,242.8,3.53,0.71,1097473.0,62.8
Karnataka,Nashik,Chilli,Kharif,12.29,811.5,25.5,85.6,6.7,7.55,33.4,135.1,68.9,90.6,Flood,154.0,5.89,0.84,768783.0,53.0
Maharashtra,Krishna,Wheat,Zaid,7.91,578.0,28.7,35.5,7.7,7.13,15.0,147.5,49.6,118.0,Drip,141.0,7.21,0.67,621538.0,21.7
Punjab,Indore,Rice,Kharif,13.17,502.1,24.6,65.6,5.3,6.28,32.5,146.7,54.0,106.6,Drip,221.9,7.47,0.71,817890.0,34.2
Punjab,Erode,Wheat,Kharif,1.05,684.7,27.8,70.8,7.2,6.16,35.4,72.1,30.2,136.4,Sprinkler,258.4,6.61,0.72,70306.0,46.0
Telangana,Krishna,Cotton,Rabi,5.83,492.7,20.4,53.0,8.7,5.34,26.3,140.2,25.3,121.2,Rainfed,183.0,4.52,0.88,377638.0,47.6
Madhya Pradesh,Nalgonda,Groundnut,Rabi,1.14,254.6,22.1,57.2,7.7,6.8,27.7,113.4,71.7,92.1,Drip,217.2,4.47,0.68,69245.0,38.0
Telangana,Guntur,Rice,Kharif,7.92,831.9,26.0,68.8,6.9,6.68,30.4,176.0,52.6,103.2,Flood,82.9,5.27,0.88,556085.0,42.4
Maharashtra,Krishna,Pulses,Rabi,14.76,192.0,23.6,74.2,8.1,6.87,29.9,164.0,46.4,67.1,Drip,312.5,6.58,0.71,1126428.82,33.5
Gujarat,Guntur,Pulses,Kharif,3.81,959.5,29.2,66.5,6.2,7.17,22.2,71.1,53.8,77.8,Rainfed,238.7,6.38,0.69,254041.0,57.5
Madhya Pradesh,Warangal,Rice,Rabi,14.7,197.2,23.1,65.4,7.8,6.31,19.5,190.6039999999999,65.3,108.8,Sprinkler,253.6,4.15,0.73,948751.0,37.4
Maharashtra,Erode,Groundnut,Rabi,11.87,356.0,23.3,65.4,8.7,6.58,25.3,120.8,70.2,98.0,Flood,155.7,3.28,0.91,648343.0,43.0
Maharashtra,Indore,Pulses,Kharif,6.71,866.4,30.2,57.2,6.9,7.39,28.5,105.8,47.1,52.0,Sprinkler,297.6,6.18,0.8,533563.0,50.2
Punjab,Indore,Sugarcane,Rabi,6.53,270.5,25.7,67.5,8.1,5.88,29.3,101.3,28.5,116.0,Sprinkler,232.3,5.65,0.94,437464.0,35.1
Madhya Pradesh,Krishna,Chilli,Kharif,0.78,619.6,28.6,63.7,6.9,7.58,37.9,142.7,55.0,61.7,Drip,182.3,7.5,0.98,56297.0,55.4
Punjab,Guntur,Chilli,Kharif,6.73,978.6,26.3,74.0,5.9,5.83,28.3,117.3,47.3,168.90299999999993,Drip,197.3,6.03,0.8,457415.0,48.1
Karnataka,Ludhiana,Pulses,Zaid,4.91,245.3,29.8,64.8,8.1,5.2,11.4,124.8,64.6,136.3,Rainfed,136.9,6.3,0.75,289176.0,29.2
Tamil Nadu,Warangal,Rice,Zaid,5.66,257.5,34.8,54.1,7.5,6.07,18.4,146.1,39.3,72.6,Sprinkler,198.5,7.42,0.94,302258.0,36.0
Karnataka,Erode,Sugarcane,Kharif,13.08,1065.2,25.4,68.0,6.0,6.41,41.0,126.7,46.6,103.3,Flood,106.4,6.11,0.77,904097.0,62.7
Punjab,Nalgonda,Wheat,Kharif,2.77,997.6,35.1,77.8,8.9,8.240099999999998,34.4,159.7,52.7,110.3,Rainfed,184.2,3.27,0.75,148449.0,65.8
Telangana,Nashik,Pulses,Rabi,11.82,330.0,19.4,61.7,6.0,6.58,28.2,114.7,74.4,159.5,Rainfed,175.9,5.21,0.84,830353.0,36.6
Tamil Nadu,Erode,Rice,Kharif,0.92,606.3,24.0,69.2,9.9,7.52,27.6,87.9,55.1,133.7,Rainfed,140.4,4.69,0.85,61402.0,51.5
Karnataka,Ludhiana,Wheat,Kharif,0.76,160.5,30.9,82.2,7.3,6.86,24.6,47.593,68.3,82.7,Flood,325.8,7.6,0.8,63160.0,39.9
Andhra Pradesh,Indore,Wheat,Kharif,2.65,577.6,29.9,83.9,7.0,6.47,26.7,158.7,50.5,129.5,Drip,73.0,7.26,0.66,152688.0,54.9
Karnataka,Indore,Pulses,Rabi,14.14,584.1,23.3,41.6,7.7,6.23,17.7,65.9,74.1,155.8,Drip,202.4,4.27,0.96,1082822.0,32.9
Tamil Nadu,Raichur,Maize,Rabi,3.51,297.4,24.5,60.0,7.3,6.21,20.3,152.1,57.2,63.9,Sprinkler,128.8,3.44,0.68,264815.0,48.3
Karnataka,Indore,Sugarcane,Kharif,12.73,497.3,30.1,72.8,6.8,7.31,35.0,108.6,93.2,62.4,Flood,56.1,4.66,0.93,812943.0,62.3
Andhra Pradesh,Nashik,Cotton,Kharif,4.33,975.7,28.8,82.6,8.6,7.05,30.1,145.7,63.5,116.8,Drip,245.5,4.29,0.67,291775.0,63.9
Tamil Nadu,Indore,Rice,Kharif,13.99,862.0,35.1,70.3,7.8,6.59,29.5,139.1,67.2,112.3,Flood,210.0,3.43,0.67,948037.0,62.1
Madhya Pradesh,Nalgonda,Pulses,Rabi,4.23,566.3,24.2,45.2,7.5,7.04,20.2,66.7,84.3,85.5,Sprinkler,250.3,5.78,0.88,291711.0,47.7
Andhra Pradesh,Nashik,Cotton,Rabi,9.27,355.5,25.6,66.9,10.0,5.9,19.8,142.0,61.6,97.2,Rainfed,193.1,6.66,0.8,554437.0,39.5
Andhra Pradesh,Ludhiana,Groundnut,Rabi,8.74,181.7,23.4,56.4,7.4,5.79,38.0,125.4,70.5,130.9,Rainfed,269.2,4.24,0.83,649057.0,26.8
Gujarat,Ludhiana,Chilli,Kharif,10.43,502.1,28.1,70.8,8.2,7.03,26.3,70.3,65.1,92.7,Flood,172.1,3.75,0.78,744205.0,48.8
Maharashtra,Raichur,Groundnut,Zaid,7.34,316.5,32.8,61.9,8.7,5.28,11.4,65.8,61.6,87.3,Drip,172.4,4.04,0.92,476557.0,48.1
Gujarat,Warangal,Wheat,Kharif,13.31,805.5,28.2,69.9,6.1,6.66,20.5,112.1,59.0,52.6,Rainfed,192.4,6.48,0.73,885632.0,48.7
Madhya Pradesh,Krishna,Groundnut,Rabi,5.02,504.4,22.3,61.3,7.2,7.54,24.4,94.4,49.9,112.0,Flood,123.5,4.01,0.76,309831.0,50.7
Maharashtra,Krishna,Cotton,Zaid,5.01,410.0,29.0,43.5,7.1,5.29,18.4,75.1,39.2,112.7,Flood,211.0,5.15,0.68,346537.0,35.1
Telangana,Nashik,Maize,Kharif,2.06,1161.2,28.2,47.8,7.6,6.75,31.1,143.8,66.1,115.0,Rainfed,126.9,7.06,0.89,133363.0,48.0
Telangana,Nashik,Pulses,Kharif,13.39,787.0,32.2,62.5,8.1,6.04,29.2,101.5,69.7,147.4,Sprinkler,216.3,5.0,0.98,827758.0,66.7
Punjab,Krishna,Chilli,Kharif,9.02,844.9,24.4,73.1,8.2,7.02,29.6,127.4,56.7,105.9,Sprinkler,209.9,3.16,0.94,626301.0,64.4
Gujarat,Nashik,Pulses,Kharif,5.15,1203.6019999999999,26.7,80.9,4.899000000000001,6.83,32.0,94.2,63.3,97.9,Flood,184.2,3.32,0.73,301432.0,68.5
Tamil Nadu,Nashik,Wheat,Rabi,5.56,601.4,21.2,59.7,7.7,6.13,18.5,170.7,54.0,168.90299999999993,Sprinkler,175.6,2.2,0.76,285122.0,46.4
Tamil Nadu,Ludhiana,Rice,Kharif,8.42,634.5,23.9,72.5,6.3,6.63,25.4,105.8,64.3,91.0,Sprinkler,180.2,6.17,0.88,497499.0,38.7
Gujarat,Nalgonda,Rice,Kharif,14.43,960.7,29.7,75.5,4.9,6.66,34.9,122.0,43.0,96.2,Sprinkler,203.5,5.04,0.83,951694.0,69.1
Maharashtra,Guntur,Cotton,Kharif,0.88,463.7,28.6,68.0,7.2,7.09,20.6,47.593,73.0,122.3,Flood,234.2,6.59,0.89,70861.0,34.8
Tamil Nadu,Warangal,Groundnut,Kharif,0.92,720.8,24.9,61.0,7.5,6.66,39.2,132.0,64.6,125.7,Rainfed,156.9,3.83,0.92,57027.0,49.5
Karnataka,Krishna,Rice,Rabi,10.28,586.4,21.7,59.4,8.2,6.17,21.0,121.8,54.1,104.4,Rainfed,280.2,0.56,0.7,639170.0,57.4
Punjab,Krishna,Maize,Rabi,8.29,623.6,24.0,58.6,8.0,7.52,18.3,109.1,92.4,154.1,Rainfed,210.7,2.75,1.0,642274.0,45.9
Telangana,Indore,Pulses,Rabi,3.98,711.0,24.9,58.5,8.9,6.62,17.1,102.9,53.7,74.8,Drip,173.7,5.13,0.72,285986.0,41.7
Karnataka,Indore,Rice,Kharif,12.54,1081.8,29.8,73.0,7.4,7.35,38.0,149.0,97.10099999999997,91.3,Drip,67.7,5.61,1.0,632927.0,55.1
Karnataka,Ludhiana,Rice,Rabi,9.56,456.0,24.4,68.0,10.0,5.97,22.0,78.1,73.5,74.2,Flood,257.6,5.51,0.82,636229.0,42.4
Tamil Nadu,Warangal,Wheat,Kharif,12.68,824.8,29.6,80.2,7.3,6.77,31.8,150.2,56.7,142.8,Sprinkler,125.6,6.4,0.82,847567.0,55.3
Maharashtra,Rajkot,Maize,Rabi,12.29,427.3,24.8,71.0,9.0,6.86,23.9,141.7,81.4,144.3,Drip,240.9,9.19,0.99,1063777.0,33.0
Gujarat,Ludhiana,Groundnut,Rabi,14.46,101.3,22.4,57.6,7.3,7.55,23.0,144.4,79.4,95.2,Drip,178.9,3.76,0.98,1121592.0,30.3
Maharashtra,Nashik,Rice,Kharif,10.33,683.6,29.9,63.9,5.7,6.29,31.5,119.3,70.8,77.6,Rainfed,176.7,5.4,0.93,706021.0,46.5
Karnataka,Warangal,Wheat,Zaid,5.0,80.0,31.6,43.9,7.9,6.63,12.5,143.9,69.1,119.0,Sprinkler,139.0,6.15,0.65,309480.0,28.7
Andhra Pradesh,Guntur,Rice,Rabi,3.39,536.7,22.8,51.9,6.0,6.34,26.0,123.5,67.3,121.1,Flood,104.2,6.42,0.65,238047.0,38.3
Madhya Pradesh,Erode,Pulses,Rabi,0.85,567.3,23.6,59.1,7.4,8.01,27.8,98.3,45.3,136.3,Rainfed,253.1,2.91,0.92,56595.0,55.5
Telangana,Ludhiana,Rice,Zaid,2.44,516.6,34.2,48.1,10.0,6.48,22.9,125.7,70.7,146.1,Sprinkler,149.4,4.96,0.85,155073.0,40.6
Gujarat,Raichur,Rice,Kharif,0.74,733.2,31.5,78.9,7.4,5.92,28.1,128.2,49.2,126.2,Sprinkler,169.7,9.52,0.87,47895.0,43.0
Madhya Pradesh,Guntur,Cotton,Kharif,12.37,535.6,29.6,68.8,7.7,6.46,39.3,106.1,66.8,78.6,Flood,196.5,6.75,0.85,663991.0,48.6
Maharashtra,Ludhiana,Pulses,Kharif,3.77,608.4,27.5,70.4,5.5,5.97,38.8,96.3,79.6,125.2,Flood,107.5,6.09,0.94,243907.0,51.3
Gujarat,Rajkot,Wheat,Kharif,6.36,855.4,29.6,72.2,6.5,6.81,31.3,178.0,66.0,83.2,Flood,168.9,1.77,0.83,466032.0,58.1
Maharashtra,Ludhiana,Wheat,Zaid,11.26,453.8,30.5,36.5,9.1,6.38,15.9,93.9,60.0,82.9,Drip,228.9,4.44,0.73,823988.0,35.5
Gujarat,Erode,Sugarcane,Kharif,8.41,716.5,32.0,78.1,8.2,6.19,26.1,159.5,51.3,107.7,Drip,222.5,5.72,0.78,556994.0,46.9
Madhya Pradesh,Nalgonda,Cotton,Kharif,2.95,740.6,28.6,67.5,6.2,7.66,27.0,171.8,36.5,115.6,Flood,188.8,4.58,0.79,209199.0,52.7
Gujarat,Erode,Maize,Rabi,10.22,205.1,22.7,58.1,9.3,7.21,17.5,159.2,69.4,69.5,Sprinkler,81.3,4.33,0.71,518050.0,31.6
Maharashtra,Erode,Wheat,Zaid,4.35,255.1,34.8,57.9,8.9,8.240099999999998,18.2,174.4,54.4,135.0,Flood,93.1,2.38,0.96,271988.0,54.8
Gujarat,Rajkot,Chilli,Kharif,11.69,830.2,29.3,70.6,6.3,5.9,34.0,122.9,55.1,104.4,Sprinkler,257.3,7.44,0.73,856203.0,45.3
Karnataka,Krishna,Chilli,Zaid,5.35,327.5,29.1,55.5,7.9,6.07,11.4,144.2,43.8,98.9,Flood,300.2,9.520199999999996,0.78,424338.0,23.8
Tamil Nadu,Guntur,Wheat,Zaid,4.74,296.7,30.0,45.3,8.8,6.5,18.2,99.3,53.3,139.4,Rainfed,241.9,2.55,0.69,366311.0,54.8
Tamil Nadu,Ludhiana,Sugarcane,Rabi,1.38,670.6,27.3,65.8,8.2,7.19,32.3,119.9,68.8,89.9,Sprinkler,264.5,6.98,0.77,112068.0,50.3
Punjab,Warangal,Cotton,Kharif,10.84,854.3,29.3,66.9,5.3,7.4,24.4,128.2,31.7,78.3,Rainfed,169.0,2.99,0.81,631851.0,62.8
Madhya Pradesh,Warangal,Pulses,Rabi,13.26,511.2,27.7,65.1,9.4,7.08,28.2,117.7,63.1,130.2,Flood,101.3,3.79,0.85,797468.0,48.8
Gujarat,Nashik,Pulses,Kharif,9.57,936.3,34.3,81.7,5.6,6.61,28.2,93.2,82.8,73.3,Drip,233.9,5.95,0.69,751618.0,69.0
Andhra Pradesh,Nashik,Cotton,Zaid,9.24,80.0,31.3,44.7,7.9,6.6,26.5,90.0,53.6,94.8,Flood,208.3,9.08,0.97,668363.0,18.7
Telangana,Ludhiana,Maize,Rabi,2.12,451.6,23.9,53.0,8.8,7.11,25.7,73.7,73.0,97.3,Rainfed,213.9,4.99,0.77,133829.0,24.7
Telangana,Ludhiana,Rice,Zaid,7.8,196.0,30.5,45.6,7.1,7.37,14.2,114.3,58.9,48.0,Sprinkler,175.1,7.06,0.68,563970.0,24.9
Gujarat,Raichur,Maize,Rabi,5.19,328.0,23.1,61.7,8.2,7.5,29.0,87.1,44.7,75.2,Rainfed,136.2,3.13,0.71,309424.0,51.8
Maharashtra,Warangal,Wheat,Kharif,12.23,927.6,25.7,70.0,7.5,5.66,18.3,81.5,26.4,146.2,Flood,116.9,5.83,0.73,754952.0,58.7
Tamil Nadu,Raichur,Rice,Rabi,11.13,516.3,25.4,63.2,5.8,5.93,23.3,164.7,57.8,76.1,Drip,235.8,4.24,0.87,699420.0,46.3
Tamil Nadu,Nalgonda,Sugarcane,Kharif,6.35,990.6,26.1,60.7,6.7,7.59,26.4,103.9,59.3,99.3,Rainfed,212.6,4.97,0.66,431847.0,54.6
Andhra Pradesh,Guntur,Groundnut,Kharif,4.57,788.2,29.8,89.40399999999991,5.1,7.03,41.0,143.5,61.3,153.0,Sprinkler,328.11199999999974,8.1,0.83,341671.0,59.3
Gujarat,Guntur,Pulses,Kharif,7.87,343.5,34.1,83.2,6.5,6.19,32.9,108.5,65.3,147.7,Drip,58.4,3.24,0.93,458553.0,65.9
Telangana,Krishna,Maize,Rabi,3.95,670.5,18.599,54.2,7.0,6.92,26.9,78.5,65.8,56.6,Rainfed,145.0,3.21,0.67,238402.0,51.3
Karnataka,Indore,Wheat,Rabi,6.8,615.5,26.1,56.2,6.7,6.41,30.1,82.7,57.3,129.3,Flood,191.3,3.66,0.67,483199.0,47.5
Punjab,Ludhiana,Rice,Rabi,4.22,534.1,24.2,58.3,8.3,6.81,15.7,118.2,66.0,79.0,Rainfed,152.0,1.28,0.66,251218.0,52.3
Telangana,Erode,Rice,Kharif,2.31,679.6,26.6,74.3,6.8,7.31,34.2,139.7,97.10099999999997,80.6,Sprinkler,109.0,4.92,0.82,149737.0,44.9
Punjab,Nashik,Sugarcane,Rabi,8.88,388.0,20.4,65.5,8.5,6.5,22.1,190.6039999999999,73.4,126.7,Drip,204.9,0.5,1.0,707371.0,59.3
Punjab,Raichur,Wheat,Kharif,12.93,334.2,30.4,84.3,4.899000000000001,6.44,29.9,160.2,58.9,61.1,Drip,276.9,5.05,0.66,998986.0,33.7
Madhya Pradesh,Rajkot,Cotton,Rabi,3.61,402.1,25.2,55.1,7.2,6.76,22.3,97.7,84.1,83.4,Rainfed,197.4,5.34,0.75,203777.0,47.6
Tamil Nadu,Rajkot,Groundnut,Zaid,10.73,144.3,33.2,53.3,7.4,6.69,23.1,142.2,40.2,124.9,Flood,73.7,8.6,0.95,719753.0,34.2
Karnataka,Warangal,Sugarcane,Kharif,7.91,1097.1,29.7,78.0,6.5,6.25,25.8,121.8,47.8,122.9,Drip,216.1,7.49,0.67,539874.0,53.6
Andhra Pradesh,Rajkot,Groundnut,Kharif,8.75,483.2,23.9,68.4,6.3,6.35,33.8,155.4,60.1,74.0,Drip,160.1,9.06,0.98,637192.0,33.0
Karnataka,Erode,Chilli,Rabi,2.42,415.7,24.8,64.3,8.1,6.58,21.3,73.3,47.6,65.7,Sprinkler,170.0,1.82,0.78,162872.0,49.6
Andhra Pradesh,Nashik,Wheat,Rabi,2.32,296.4,24.6,58.7,6.9,6.73,13.1,134.7,30.3,114.9,Rainfed,204.3,7.73,0.7,133786.0,25.3
Madhya Pradesh,Ludhiana,Maize,Rabi,14.15,584.6,20.5,64.5,7.4,6.64,30.0,172.7,56.2,94.7,Sprinkler,143.6,3.86,1.0,1029301.0,44.4
Gujarat,Warangal,Maize,Rabi,5.19,582.0,24.2,47.9,9.1,5.97,29.8,140.5,63.7,126.9,Flood,308.6,7.0,0.67,382417.0,18.7
Telangana,Erode,Maize,Rabi,5.79,460.2,23.0,50.5,7.8,7.06,23.0,127.6,43.1,58.0,Flood,145.4,4.56,0.8,391141.0,39.8
Telangana,Indore,Rice,Rabi,8.77,513.1,22.7,43.7,9.0,6.84,23.4,160.1,35.1,126.5,Rainfed,163.9,4.24,0.66,535518.0,46.3
Gujarat,Erode,Groundnut,Rabi,5.88,477.5,22.3,47.6,6.3,6.85,18.7,103.4,25.6,74.1,Rainfed,122.4,3.51,0.91,256232.0,35.4
Madhya Pradesh,Nashik,Rice,Kharif,7.96,868.9,25.6,63.2,5.5,6.71,33.8,100.9,52.3,72.1,Drip,247.0,6.85,0.76,491111.0,44.9
Tamil Nadu,Guntur,Rice,Rabi,13.45,461.0,18.599,59.5,5.0,7.62,24.4,113.8,87.2,77.1,Flood,254.0,4.24,0.95,1047268.0,31.6
Telangana,Warangal,Pulses,Kharif,5.01,1203.6019999999999,28.0,66.5,8.5,7.0,41.0,126.2,97.10099999999997,61.7,Drip,127.1,3.3,0.8,280004.0,61.3
Telangana,Ludhiana,Maize,Rabi,8.23,548.4,21.9,59.1,8.4,6.99,29.0,129.3,48.9,70.0,Drip,162.3,5.73,0.72,583419.0,45.3
Tamil Nadu,Rajkot,Wheat,Kharif,4.59,1020.6,30.1,89.40399999999991,8.3,7.17,36.6,116.7,25.6,168.90299999999993,Sprinkler,135.0,4.81,0.82,299458.0,64.4
Telangana,Nashik,Chilli,Rabi,1.02,463.1,26.7,48.2,6.7,7.07,24.4,164.7,77.5,147.4,Drip,244.2,7.61,0.76,61427.0,33.4
Telangana,Rajkot,Chilli,Zaid,1.12,247.3,30.5,63.8,10.0,7.37,26.4,123.5,63.4,85.1,Flood,315.4,6.01,0.79,100179.0,42.4
Telangana,Indore,Maize,Rabi,12.0,501.8,24.2,56.1,8.3,6.13,27.1,77.5,54.3,120.7,Drip,144.6,1.9,0.72,650058.0,49.2
Andhra Pradesh,Indore,Chilli,Kharif,6.43,784.8,31.9,68.1,6.4,7.38,33.0,97.9,47.0,163.5,Flood,234.0,7.77,0.98,490588.0,46.9
Telangana,Ludhiana,Rice,Rabi,12.29,336.3,24.7,69.1,7.4,7.07,26.8,105.8,34.2,100.5,Rainfed,98.8,3.93,0.94,621214.0,51.0
Gujarat,Erode,Rice,Rabi,8.26,582.0,24.2,60.5,7.5,7.07,36.0,108.1,72.9,144.5,Rainfed,203.5,5.84,0.91,507995.0,45.5
Madhya Pradesh,Guntur,Cotton,Kharif,2.57,928.8,27.7,62.0,4.899000000000001,7.67,37.8,130.5,68.4,128.7,Rainfed,199.2,5.73,0.94,198427.0,53.6
Karnataka,Nalgonda,Rice,Kharif,8.26,813.5,33.2,82.8,7.9,6.69,36.3,147.3,76.7,137.1,Flood,208.9,3.0,0.89,489469.0,57.9
Andhra Pradesh,Guntur,Cotton,Rabi,11.32,162.8,25.6,51.0,7.1,7.05,26.9,105.9,61.1,104.0,Flood,173.3,6.31,0.85,716779.0,24.6
Tamil Nadu,Nashik,Pulses,Kharif,14.12,867.4,30.0,59.6,5.8,5.82,35.3,135.2,56.7,75.1,Flood,157.8,4.09,0.85,1082439.0,55.9
Telangana,Nalgonda,Sugarcane,Rabi,14.88,512.5,21.8,62.9,8.7,5.92,14.1,68.9,37.4,115.1,Drip,163.2,7.89,0.93,1126428.82,30.7
Madhya Pradesh,Ludhiana,Wheat,Rabi,7.67,557.1,22.6,53.0,6.9,7.21,25.3,95.9,75.9,102.6,Sprinkler,261.9,6.81,0.82,598212.0,25.1
Madhya Pradesh,Warangal,Wheat,Rabi,11.13,593.6,19.4,44.6,7.7,5.76,26.3,184.2,71.5,113.4,Flood,252.4,4.26,0.85,999011.0,40.8
Telangana,Ludhiana,Cotton,Zaid,7.61,197.1,30.2,55.9,10.0,6.83,16.2,133.3,61.6,128.1,Drip,179.2,3.94,0.71,523845.0,35.4
Madhya Pradesh,Krishna,Maize,Kharif,10.51,863.0,30.5,73.9,8.1,6.08,26.4,146.0,40.0,123.4,Drip,154.2,9.05,0.92,634708.0,46.6
Maharashtra,Warangal,Rice,Kharif,0.73,667.6,30.9,87.2,7.2,6.23,40.0,145.4,55.2,118.7,Sprinkler,141.1,4.51,0.98,57222.0,43.9
Gujarat,Erode,Cotton,Kharif,1.06,897.7,26.3,60.3,6.9,5.97,25.1,144.8,40.0,72.8,Sprinkler,128.2,5.13,0.82,78650.0,54.4
Maharashtra,Ludhiana,Pulses,Zaid,14.47,324.0,28.3,35.5,8.6,7.19,16.1,118.1,51.4,80.5,Sprinkler,235.6,5.3,0.85,1078068.0,38.9
Gujarat,Warangal,Wheat,Rabi,9.35,476.7,20.0,70.7,7.2,6.59,22.6,84.6,61.5,104.6,Rainfed,79.7,5.7,0.97,610709.0,41.4
Tamil Nadu,Krishna,Wheat,Rabi,3.11,927.4,21.9,38.5,7.1,6.73,27.8,127.2,66.6,138.1,Flood,165.8,2.21,0.9,211889.0,48.4
Telangana,Krishna,Maize,Rabi,4.81,384.9,18.599,61.5,7.4,5.61,21.5,180.2,55.5,97.8,Flood,273.1,5.73,0.79,340454.0,44.5
Karnataka,Nashik,Pulses,Rabi,7.93,296.5,24.4,52.7,6.7,7.05,26.0,108.5,46.9,107.9,Drip,158.6,5.54,0.75,593852.0,29.6
Telangana,Ludhiana,Cotton,Kharif,4.31,1114.9,30.2,78.9,6.6,7.28,31.2,83.3,47.9,116.1,Drip,181.8,4.02,0.86,305267.0,71.4
Karnataka,Nalgonda,Wheat,Rabi,12.58,346.7,28.0,46.5,8.8,5.98,26.4,155.7,59.9,59.2,Drip,238.8,5.15,0.72,888241.0,56.6
Madhya Pradesh,Raichur,Wheat,Rabi,1.19,354.8,24.0,35.5,5.4,7.33,25.9,87.8,54.3,77.4,Rainfed,233.0,4.86,0.8,72491.0,31.8
Andhra Pradesh,Guntur,Maize,Rabi,13.58,492.7,22.8,43.9,8.2,7.95,11.4,95.6,68.2,91.1,Flood,222.6,0.5,0.85,1058006.0,44.9
Gujarat,Warangal,Maize,Rabi,12.09,820.1,19.0,46.2,6.5,6.93,24.9,137.7,57.1,97.4,Rainfed,224.3,4.76,0.83,820500.0,46.4
Tamil Nadu,Raichur,Maize,Zaid,14.46,399.3,29.2,62.0,7.3,7.36,13.8,129.3,47.4,82.0,Rainfed,182.4,6.35,0.82,918356.0,40.4
Andhra Pradesh,Guntur,Cotton,Rabi,14.88,483.8,25.7,69.3,7.1,7.21,19.7,109.1,91.2,85.5,Flood,76.0,8.93,0.88,1053290.0,37.2
Karnataka,Rajkot,Sugarcane,Zaid,14.89,292.5,26.4,55.6,8.8,6.05,18.9,139.8,84.1,88.2,Sprinkler,141.6,3.08,0.79,898221.0,38.2
Tamil Nadu,Indore,Wheat,Kharif,6.35,950.3,31.7,73.7,5.7,7.69,30.9,132.9,65.9,119.9,Sprinkler,279.4,4.3,0.86,426947.0,60.0
Telangana,Krishna,Groundnut,Kharif,12.5,603.7,26.8,88.9,6.8,8.18,30.0,131.8,39.6,104.3,Drip,149.7,4.09,0.69,731823.0,56.3
Gujarat,Rajkot,Wheat,Kharif,9.0,559.0,24.5,80.4,7.5,6.74,34.8,148.0,77.0,93.9,Rainfed,91.8,6.58,0.71,601823.0,45.7
Gujarat,Erode,Cotton,Zaid,14.7,282.7,29.4,66.5,9.1,5.48,23.5,104.9,69.5,101.1,Rainfed,182.6,1.73,0.69,1126428.82,41.4
Punjab,Nalgonda,Pulses,Zaid,0.72,276.9,31.7,66.5,6.5,5.44,11.4,173.5,48.0,131.7,Sprinkler,208.7,2.64,0.95,42634.82,46.8
Punjab,Krishna,Wheat,Rabi,12.56,555.0,25.1,63.2,7.1,7.7,25.4,136.7,76.2,108.8,Flood,195.1,6.7,0.77,925370.0,34.5
Gujarat,Guntur,Maize,Kharif,4.64,935.2,30.4,81.0,6.8,6.22,26.7,60.7,54.5,109.3,Flood,132.2,7.44,0.82,292019.0,51.9
Punjab,Nalgonda,Rice,Kharif,13.33,668.0,30.6,67.5,7.4,5.66,29.8,112.1,65.8,100.7,Sprinkler,101.3,6.45,0.75,1023482.0,36.1
Maharashtra,Guntur,Rice,Kharif,11.14,628.1,27.1,55.1,8.5,5.2,30.8,90.1,55.3,87.5,Flood,190.9,5.74,0.65,876163.0,42.1
Karnataka,Raichur,Pulses,Rabi,10.9,600.2,20.3,64.6,6.9,6.48,11.4,150.9,93.0,168.90299999999993,Rainfed,46.0,6.11,0.89,559035.0,36.5
Andhra Pradesh,Guntur,Wheat,Kharif,11.31,965.0,34.0,74.7,5.9,6.29,31.6,159.7,54.1,62.1,Sprinkler,321.4,4.12,0.89,724225.0,61.1
Gujarat,Guntur,Maize,Kharif,1.55,797.9,30.6,70.7,5.5,7.25,20.9,88.8,65.5,139.3,Rainfed,304.0,6.44,0.92,113693.0,45.5
Gujarat,Warangal,Groundnut,Rabi,14.27,511.5,26.8,53.8,8.2,7.67,24.6,126.2,65.1,89.0,Flood,249.8,3.1,0.76,889648.0,50.9
Karnataka,Ludhiana,Groundnut,Rabi,4.84,278.5,27.4,68.4,7.8,7.03,22.5,111.7,54.0,122.1,Flood,251.0,5.75,0.76,309229.0,39.8
Gujarat,Rajkot,Rice,Rabi,3.94,309.1,25.4,51.0,7.8,6.6,21.4,92.0,52.4,112.9,Drip,150.3,7.64,0.92,265071.0,38.3
Andhra Pradesh,Rajkot,Rice,Kharif,9.61,656.1,32.6,63.1,7.8,6.4,25.4,181.6,61.0,138.3,Rainfed,211.4,5.67,0.89,742341.0,49.9
Andhra Pradesh,Guntur,Pulses,Kharif,5.02,948.1,24.9,81.6,5.2,7.24,25.2,74.8,17.298000000000002,102.6,Rainfed,118.4,4.19,0.69,288222.0,56.7
Telangana,Nashik,Wheat,Kharif,10.85,1203.6,27.3,69.1,7.6,7.35,41.0,122.5,46.3,57.4,Rainfed,169.4,8.28,0.86,676793.0,45.3
Andhra Pradesh,Nalgonda,Chilli,Rabi,4.79,508.3,25.1,52.6,8.9,6.28,28.4,95.2,89.0,77.8,Rainfed,170.0,9.27,0.82,330032.0,22.3
Telangana,Raichur,Pulses,Kharif,4.74,559.4,27.0,73.4,7.7,6.69,33.3,127.0,97.10099999999997,159.6,Rainfed,112.2,3.3,0.66,265421.0,44.1
Madhya Pradesh,Indore,Cotton,Kharif,0.76,843.6,33.2,75.6,6.6,6.8,29.0,47.593,45.6,92.9,Rainfed,201.1,6.05,0.71,57204.0,54.2
Maharashtra,Raichur,Chilli,Kharif,4.05,874.8,26.9,80.4,7.9,5.86,36.2,106.7,49.4,168.90299999999993,Sprinkler,182.6,4.93,0.72,296204.0,51.5
Madhya Pradesh,Nalgonda,Rice,Rabi,13.48,309.6,24.0,50.5,7.2,6.73,27.4,126.2,46.0,86.6,Drip,219.8,7.88,0.99,1072993.0,20.5
Madhya Pradesh,Nalgonda,Rice,Zaid,8.94,219.4,27.3,55.0,8.1,6.82,18.1,55.5,81.0,71.4,Drip,183.5,5.64,0.93,519347.0,18.7
Maharashtra,Rajkot,Wheat,Kharif,1.77,1013.3,31.1,70.4,5.7,5.86,26.3,181.6,54.3,142.8,Rainfed,218.7,5.82,0.86,111157.0,54.8
Andhra Pradesh,Nashik,Rice,Rabi,3.75,337.4,27.7,73.3,6.9,7.94,25.1,96.3,65.2,40.0,Rainfed,247.2,5.02,0.89,251606.0,40.6
Tamil Nadu,Raichur,Maize,Rabi,2.76,466.8,23.0,67.2,6.7,6.09,18.5,109.3,36.0,93.9,Rainfed,205.2,5.3,0.89,209374.0,37.5
Madhya Pradesh,Nashik,Wheat,Rabi,12.52,374.0,18.599,59.7,9.4,7.57,24.5,118.6,77.5,128.7,Rainfed,116.4,5.14,0.71,744970.0,29.8
Andhra Pradesh,Krishna,Maize,Kharif,11.29,1017.3,24.7,69.5,5.8,7.38,38.2,116.2,73.5,121.1,Rainfed,272.3,2.52,0.67,806958.0,74.60099999999997
Punjab,Guntur,Groundnut,Rabi,7.05,144.8,23.2,63.4,7.6,6.77,19.8,163.3,64.1,74.1,Sprinkler,149.4,5.2,0.94,438357.0,25.6
Punjab,Indore,Wheat,Kharif,12.85,795.8,30.3,67.4,8.3,6.84,27.0,98.5,48.0,87.1,Sprinkler,167.4,3.61,0.73,893471.0,61.9
Tamil Nadu,Erode,Pulses,Rabi,10.13,628.3,23.2,57.8,8.7,6.93,21.7,126.3,71.9,140.3,Rainfed,260.6,4.26,0.78,693862.0,51.5
Telangana,Warangal,Cotton,Zaid,6.6,454.0,30.0,60.3,6.9,7.67,19.1,113.8,74.3,103.6,Flood,328.11199999999974,4.66,0.75,362830.0,44.5
Madhya Pradesh,Raichur,Rice,Rabi,8.93,174.2,21.1,38.3,7.3,7.4,18.2,110.0,50.1,129.1,Sprinkler,65.9,3.03,0.84,504681.0,42.1
Gujarat,Raichur,Pulses,Kharif,2.76,1013.4,32.6,69.4,7.2,6.92,23.6,124.1,88.8,107.2,Drip,230.8,5.38,0.68,171958.0,52.1
Andhra Pradesh,Erode,Rice,Kharif,11.91,965.5,30.7,86.4,7.1,7.05,31.2,176.9,41.2,73.0,Drip,171.0,6.42,0.68,727619.0,58.6
Telangana,Nashik,Cotton,Zaid,10.11,345.7,27.0,55.0,10.0,6.62,24.9,96.6,94.5,69.0,Sprinkler,190.0,3.8,0.92,681723.0,44.0
Tamil Nadu,Erode,Pulses,Kharif,12.11,1022.4,31.9,89.40399999999991,6.1,6.92,32.7,145.3,51.9,95.3,Flood,165.6,5.79,0.85,793430.0,55.5
Telangana,Guntur,Wheat,Rabi,7.82,458.6,20.9,67.2,7.9,6.22,32.0,111.8,80.5,99.5,Rainfed,203.3,2.68,0.89,460509.0,45.7
Madhya Pradesh,Erode,Wheat,Kharif,2.44,582.0,22.6,69.9,8.3,7.31,29.9,139.7,97.10099999999997,101.9,Drip,101.2,3.48,0.79,133843.0,49.9
Andhra Pradesh,Warangal,Maize,Kharif,7.55,989.5,33.0,72.4,8.6,6.16,25.3,80.6,54.5,128.7,Drip,148.5,3.92,0.96,457237.0,58.7
Karnataka,Rajkot,Chilli,Zaid,6.03,428.1,27.7,64.5,8.4,7.57,20.7,108.9,73.7,160.3,Sprinkler,203.8,3.9,0.67,346744.0,47.1
Madhya Pradesh,Nalgonda,Sugarcane,Zaid,2.11,398.4,31.1,37.8,8.8,6.1,14.5,132.2,62.6,121.7,Flood,119.2,0.5,1.0,124124.0,32.0
Andhra Pradesh,Raichur,Rice,Zaid,10.51,411.0,30.5,59.4,5.9,5.88,28.4,155.7,32.1,90.1,Sprinkler,231.1,6.51,0.84,702019.0,36.0
Maharashtra,Erode,Chilli,Rabi,2.26,854.2,26.7,41.2,7.3,5.2,31.8,87.4,38.3,144.3,Drip,159.2,6.17,0.93,138570.0,30.1
Punjab,Erode,Pulses,Kharif,6.63,1093.9,32.5,71.7,7.0,7.05,29.3,90.2,42.9,85.6,Sprinkler,137.6,4.93,0.79,418547.0,56.5
Tamil Nadu,Indore,Cotton,Kharif,5.41,641.3,26.9,69.3,7.5,6.13,28.5,135.4,34.8,80.2,Rainfed,232.0,5.34,0.88,345616.0,44.7
Punjab,Warangal,Chilli,Rabi,10.33,638.0,24.3,64.9,6.8,6.9,37.8,108.0,56.9,134.9,Flood,80.9,4.63,0.96,585484.0,49.3
Madhya Pradesh,Ludhiana,Chilli,Rabi,5.18,572.1,21.6,69.4,9.1,5.59,19.9,94.3,69.2,104.1,Sprinkler,135.7,5.32,0.84,335676.0,42.9
Andhra Pradesh,Krishna,Wheat,Rabi,1.73,340.0,25.5,55.0,7.9,6.24,18.6,135.9,54.7,116.6,Rainfed,176.3,3.03,0.84,110174.0,36.1
Karnataka,Nashik,Groundnut,Rabi,13.9,493.3,21.4,53.3,8.8,6.02,19.4,69.6,38.5,90.9,Drip,222.8,5.54,0.66,1039090.0,31.5
Madhya Pradesh,Nalgonda,Chilli,Zaid,2.44,132.1,30.4,44.1,8.6,6.59,17.2,140.9,76.6,76.0,Rainfed,192.6,6.26,0.87,161746.0,24.7
Karnataka,Rajkot,Groundnut,Kharif,3.89,929.3,25.6,65.5,7.2,7.0,22.4,80.5,97.10099999999997,128.8,Flood,238.8,4.48,0.87,301719.0,57.5
Madhya Pradesh,Erode,Rice,Zaid,6.2,399.2,33.5,35.5,7.7,5.99,17.9,120.7,60.6,138.6,Drip,183.5,1.71,0.75,390632.0,40.2
Andhra Pradesh,Warangal,Chilli,Kharif,3.88,839.1,26.2,72.9,5.7,6.18,40.5,118.1,60.2,125.8,Sprinkler,223.0,3.37,0.97,274339.0,60.2
Karnataka,Nalgonda,Groundnut,Kharif,12.59,740.4,35.1,87.3,8.0,6.94,20.9,116.2,55.9,118.9,Drip,153.8,5.93,0.89,710815.0,58.9
Maharashtra,Erode,Maize,Kharif,8.25,708.1,31.9,75.4,7.7,7.65,26.4,80.2,58.9,85.5,Sprinkler,188.6,5.42,0.72,522222.0,52.7
Karnataka,Indore,Rice,Zaid,5.91,301.6,32.2,38.0,5.4,6.33,14.7,190.6039999999999,51.6,128.6,Drip,192.9,3.52,0.95,397856.0,31.1
Maharashtra,Krishna,Groundnut,Rabi,6.03,541.5,26.0,55.0,6.4,6.07,28.2,133.4,51.5,103.6,Flood,209.5,5.97,0.96,490223.0,36.4
Andhra Pradesh,Krishna,Pulses,Rabi,10.25,566.1,24.2,51.7,7.2,6.45,24.6,176.0,84.7,82.3,Flood,161.7,1.92,0.93,615132.0,47.7
Tamil Nadu,Raichur,Rice,Rabi,1.79,472.2,18.9,66.7,10.0,6.63,31.3,124.9,34.1,139.7,Rainfed,282.0,7.72,0.79,110771.0,29.0
Tamil Nadu,Krishna,Groundnut,Kharif,11.78,1004.4,29.2,67.6,5.9,7.3,34.5,190.6039999999999,50.2,136.9,Flood,192.1,4.37,0.81,778441.0,44.2
Karnataka,Nashik,Sugarcane,Kharif,11.63,933.1,25.1,77.9,5.5,8.240099999999998,30.2,61.9,61.1,85.6,Rainfed,218.7,0.5,0.83,700172.0,67.8
Gujarat,Erode,Rice,Kharif,12.37,738.2,27.9,66.8,6.5,6.69,37.2,141.0,77.8,103.5,Rainfed,291.6,8.82,0.89,875309.0,29.9
Gujarat,Ludhiana,Groundnut,Rabi,6.99,361.3,20.6,79.6,8.6,6.96,29.3,128.8,59.0,129.8,Rainfed,222.3,3.19,0.67,525856.0,49.0
Telangana,Rajkot,Cotton,Kharif,0.92,1088.4,31.1,73.5,7.6,7.19,32.5,117.0,24.6,117.4,Sprinkler,200.8,6.0,0.97,71611.0,73.3
Telangana,Nalgonda,Chilli,Kharif,10.59,661.5,31.0,76.3,7.7,6.38,35.8,146.2,49.1,106.5,Rainfed,108.9,1.94,0.92,603318.0,47.3
Punjab,Rajkot,Groundnut,Rabi,8.36,464.1,23.2,73.5,7.5,7.11,29.4,120.1,59.6,101.9,Rainfed,135.8,7.61,0.92,504343.0,32.4
Maharashtra,Raichur,Sugarcane,Rabi,7.97,399.2,24.4,54.1,9.1,6.8,20.8,81.8,74.0,99.2,Flood,220.6,4.13,0.65,560564.0,37.3
Tamil Nadu,Ludhiana,Maize,Kharif,12.79,590.4,31.5,53.6,5.9,7.98,26.6,164.0,61.8,119.8,Sprinkler,98.8,4.75,0.86,873885.0,43.9
Punjab,Ludhiana,Rice,Rabi,8.27,467.9,23.2,49.7,8.1,6.23,16.5,135.8,94.6,76.4,Flood,252.7,5.29,0.81,491408.0,37.3
Punjab,Guntur,Pulses,Kharif,10.57,846.8,29.5,70.9,5.3,7.28,27.6,68.4,52.2,104.9,Flood,143.8,5.84,0.81,580292.0,47.1
Karnataka,Guntur,Chilli,Kharif,13.78,950.1,30.1,60.1,6.9,7.33,34.6,120.3,73.8,123.5,Rainfed,200.4,6.91,0.97,1093028.0,37.7
Madhya Pradesh,Warangal,Wheat,Rabi,6.46,667.7,22.5,47.8,6.1,6.75,22.0,85.2,54.1,151.7,Drip,127.5,5.0,0.73,443187.0,47.8
Andhra Pradesh,Raichur,Maize,Kharif,14.22,582.0,25.6,67.9,7.9,6.94,33.2,75.4,56.2,145.3,Flood,190.9,6.22,0.74,1005620.0,52.2
Maharashtra,Erode,Rice,Zaid,6.46,372.2,29.0,41.5,8.2,5.2,13.1,112.4,31.1,149.2,Flood,211.3,5.06,0.66,465829.0,36.3
Telangana,Krishna,Chilli,Zaid,11.6,255.7,29.3,55.2,8.6,7.36,23.4,138.7,17.298000000000002,101.1,Sprinkler,139.4,5.02,0.84,866150.0,29.6
Andhra Pradesh,Guntur,Chilli,Rabi,8.38,267.0,23.5,68.7,7.2,6.37,23.1,106.2,62.3,91.8,Rainfed,261.0,2.89,0.88,587194.0,52.1
Telangana,Warangal,Pulses,Rabi,3.15,484.8,18.599,53.3,7.5,6.89,24.8,129.5,55.0,113.0,Rainfed,117.9,3.63,0.78,182403.0,46.6
Telangana,Erode,Cotton,Kharif,4.45,893.7,24.6,56.2,5.2,5.35,28.0,60.9,83.4,102.1,Flood,157.1,6.12,0.96,231071.0,44.0
Gujarat,Erode,Groundnut,Zaid,1.42,110.7,27.3,60.3,6.8,6.92,22.8,180.1,78.7,80.5,Rainfed,136.4,3.61,0.98,93799.0,45.9
Telangana,Raichur,Groundnut,Kharif,0.64,1108.0,30.8,59.8,6.4,5.99,22.6,93.6,38.2,50.7,Flood,174.0,5.8,0.76,50638.0,53.1
Gujarat,Nashik,Chilli,Kharif,7.07,736.3,26.0,73.9,7.6,5.53,34.2,111.5,24.0,110.1,Flood,264.1,4.22,0.95,601226.0,45.1
Andhra Pradesh,Guntur,Sugarcane,Kharif,3.13,1153.6,26.5,75.3,6.0,5.66,28.5,181.1,39.5,102.7,Sprinkler,133.1,5.07,0.82,203346.0,63.0
Karnataka,Erode,Sugarcane,Zaid,4.69,242.8,30.9,36.3,9.5,6.71,16.4,78.5,49.4,101.1,Sprinkler,97.0,6.99,0.89,354701.0,32.2
Gujarat,Nashik,Chilli,Kharif,13.68,717.2,29.3,66.4,7.8,6.66,31.8,100.2,49.9,129.4,Drip,128.9,6.71,0.82,844264.0,49.6
Andhra Pradesh,Ludhiana,Rice,Kharif,10.59,1043.9,34.8,85.4,6.1,5.2,27.2,110.9,36.2,82.4,Sprinkler,222.4,2.25,0.81,743032.0,74.60099999999997
Maharashtra,Indore,Cotton,Kharif,14.86,1043.2,24.7,66.2,6.4,6.81,18.9,108.8,43.8,143.2,Rainfed,121.5,5.0,0.99,750167.0,51.8
Telangana,Warangal,Groundnut,Kharif,10.16,834.4,32.1,61.3,6.1,7.23,22.7,108.0,87.4,134.9,Drip,141.6,6.05,0.71,559423.0,64.0
Madhya Pradesh,Guntur,Pulses,Zaid,7.61,582.0,28.8,56.2,8.2,7.9,16.4,126.1,79.2,113.5,Flood,123.8,5.0,0.88,479959.0,52.1
Gujarat,Raichur,Wheat,Rabi,7.6,263.3,21.7,57.7,10.0,7.22,18.4,163.8,69.8,112.4,Flood,131.3,5.89,0.88,554624.0,25.6
Madhya Pradesh,Krishna,Rice,Zaid,10.95,165.8,31.0,58.9,8.9,7.17,18.4,164.9,57.5,135.4,Sprinkler,230.5,4.31,0.7,838720.0,46.0
Tamil Nadu,Indore,Cotton,Kharif,6.58,1072.3,28.0,79.6,7.3,6.46,29.4,121.3,45.4,64.0,Flood,70.7,6.71,0.7,388777.0,41.1
Telangana,Rajkot,Chilli,Zaid,2.04,338.8,34.4,69.0,7.5,6.29,14.7,61.5,56.3,80.7,Drip,173.8,4.68,0.82,137231.0,41.8
Karnataka,Rajkot,Groundnut,Rabi,2.03,579.9,20.4,56.5,8.0,6.36,26.4,141.1,55.7,102.4,Flood,203.1,5.77,0.66,139340.0,38.6
Gujarat,Rajkot,Cotton,Rabi,13.48,308.9,25.0,70.8,8.1,6.31,26.3,86.1,40.4,107.8,Sprinkler,164.1,3.91,0.89,1053465.0,43.7
Maharashtra,Ludhiana,Wheat,Kharif,9.2,1203.6019999999999,27.5,66.5,7.4,7.11,25.4,102.3,49.2,95.4,Flood,263.3,2.59,0.7,618838.0,67.1
Karnataka,Rajkot,Wheat,Kharif,4.72,865.4,27.3,51.4,6.3,7.97,27.3,104.3,44.8,94.0,Drip,271.1,5.45,0.74,362917.0,45.2
Karnataka,Krishna,Chilli,Kharif,8.77,947.5,29.2,85.5,6.1,6.57,33.7,127.8,44.9,91.3,Drip,176.6,4.99,0.8,496471.0,59.7
Andhra Pradesh,Erode,Pulses,Zaid,10.47,80.0,35.1,68.5,8.6,7.25,21.1,126.7,59.9,148.0,Drip,234.7,6.27,0.99,785632.0,29.2
Punjab,Warangal,Cotton,Kharif,1.73,475.0,28.2,61.7,6.4,6.11,30.5,107.5,20.7,91.0,Sprinkler,328.11199999999974,2.6,0.98,153904.0,50.4
Punjab,Nashik,Wheat,Kharif,3.31,984.3,25.8,77.2,5.9,6.16,35.7,137.1,92.6,145.5,Sprinkler,205.9,6.72,0.99,263872.0,62.3
